t_s,true_tank_level_m,reported_tank_level_m,independent_level_m,true_source_level_m,true_inflow_m3_s,true_outflow_m3_s,demand_m3_s,service_shortfall_ratio,spill_volume_m3,pump_energised,pump_permitted,valve_position,requested_setpoint_m,effective_setpoint_m,supervisory_available,consequence_level,violated_invariants
0.000000,3.200000,3.203000,3.200000,6.000000,0.000000,0.000000,0.000000,0.000000,0.000000,0,0,1.000000,3.200000,3.200000,1,C0,
0.500000,3.198594,3.201000,3.190000,6.000000,0.000000,0.033747,0.033747,0.000000,0.000000,0,0,1.000000,3.200000,3.200000,1,C0,
1.000000,3.197114,3.196000,3.200000,6.000000,0.000000,0.035517,0.035517,0.000000,0.000000,0,0,1.000000,3.200000,3.200000,1,C0,
1.500000,3.195703,3.197000,3.180000,6.000000,0.000000,0.033858,0.033858,0.000000,0.000000,0,0,1.000000,3.200000,3.200000,1,C0,
2.000000,3.194323,3.184000,3.200000,6.000000,0.000000,0.033136,0.033136,0.000000,0.000000,0,0,1.000000,3.200000,3.200000,1,C0,
2.500000,3.192961,3.191000,3.200000,6.000000,0.000000,0.032678,0.032678,0.000000,0.000000,0,0,1.000000,3.200000,3.200000,1,C0,
3.000000,3.191559,3.195000,3.190000,6.000000,0.000000,0.033649,0.033649,0.000000,0.000000,0,0,1.000000,3.200000,3.200000,1,C0,
3.500000,3.190010,3.189000,3.200000,6.000000,0.000000,0.037167,0.037167,0.000000,0.000000,0,0,1.000000,3.200000,3.200000,1,C0,
4.000000,3.188432,3.177000,3.180000,6.000000,0.000000,0.037875,0.037875,0.000000,0.000000,0,0,1.000000,3.200000,3.200000,1,C0,
4.500000,3.186879,3.184000,3.190000,6.000000,0.000000,0.037288,0.037288,0.000000,0.000000,0,0,1.000000,3.200000,3.200000,1,C0,
5.000000,3.185385,3.177000,3.190000,6.000000,0.000000,0.035844,0.035844,0.000000,0.000000,0,0,1.000000,3.200000,3.200000,1,C0,
5.500000,3.183864,3.182000,3.200000,6.000000,0.000000,0.036499,0.036499,0.000000,0.000000,0,0,1.000000,3.200000,3.200000,1,C0,
6.000000,3.182396,3.183000,3.180000,6.000000,0.000000,0.035241,0.035241,0.000000,0.000000,0,0,1.000000,3.200000,3.200000,1,C0,
6.500000,3.180909,3.173000,3.200000,6.000000,0.000000,0.035679,0.035679,0.000000,0.000000,0,0,1.000000,3.200000,3.200000,1,C0,
7.000000,3.179455,3.181000,3.200000,6.000000,0.000000,0.034905,0.034905,0.000000,0.000000,0,0,1.000000,3.200000,3.200000,1,C0,
7.500000,3.177900,3.183000,3.180000,6.000000,0.000000,0.037313,0.037313,0.000000,0.000000,0,0,1.000000,3.200000,3.200000,1,C0,
8.000000,3.176555,3.164000,3.190000,6.000000,0.000000,0.032280,0.032280,0.000000,0.000000,0,0,1.000000,3.200000,3.200000,1,C0,
8.500000,3.175156,3.168000,3.170000,6.000000,0.000000,0.033576,0.033576,0.000000,0.000000,0,0,1.000000,3.200000,3.200000,1,C0,
9.000000,3.173578,3.175000,3.180000,6.000000,0.000000,0.037877,0.037877,0.000000,0.000000,0,0,1.000000,3.200000,3.200000,1,C0,
9.500000,3.172171,3.174000,3.180000,6.000000,0.000000,0.033758,0.033758,0.000000,0.000000,0,0,1.000000,3.200000,3.200000,1,C0,
10.000000,3.170598,3.163000,3.170000,6.000000,0.000000,0.037749,0.037749,0.000000,0.000000,0,0,1.000000,3.200000,3.200000,1,C0,
10.500000,3.169004,3.175000,3.160000,6.000000,0.000000,0.038273,0.038273,0.000000,0.000000,0,0,1.000000,3.200000,3.200000,1,C0,
11.000000,3.167651,3.169000,3.170000,6.000000,0.000000,0.032466,0.032466,0.000000,0.000000,0,0,1.000000,3.200000,3.200000,1,C0,
11.500000,3.166120,3.169000,3.180000,6.000000,0.000000,0.036745,0.036745,0.000000,0.000000,0,0,1.000000,3.200000,3.200000,1,C0,
12.000000,3.164758,3.168000,3.160000,6.000000,0.000000,0.032694,0.032694,0.000000,0.000000,0,0,1.000000,3.200000,3.200000,1,C0,
12.500000,3.163196,3.165000,3.180000,6.000000,0.000000,0.037485,0.037485,0.000000,0.000000,0,0,1.000000,3.200000,3.200000,1,C0,
13.000000,3.161737,3.161000,3.170000,6.000000,0.000000,0.035001,0.035001,0.000000,0.000000,0,0,1.000000,3.200000,3.200000,1,C0,
13.500000,3.160150,3.151000,3.150000,6.000000,0.000000,0.038099,0.038099,0.000000,0.000000,0,0,1.000000,3.200000,3.200000,1,C0,
14.000000,3.158800,3.161000,3.160000,6.000000,0.000000,0.032409,0.032409,0.000000,0.000000,0,0,1.000000,3.200000,3.200000,1,C0,
14.500000,3.157324,3.159000,3.170000,6.000000,0.000000,0.035407,0.035407,0.000000,0.000000,0,0,1.000000,3.200000,3.200000,1,C0,
15.000000,3.155724,3.156000,3.160000,6.000000,0.000000,0.038408,0.038408,0.000000,0.000000,0,0,1.000000,3.200000,3.200000,1,C0,
15.500000,3.154126,3.150000,3.180000,6.000000,0.000000,0.038350,0.038350,0.000000,0.000000,0,0,1.000000,3.200000,3.200000,1,C0,
16.000000,3.152598,3.152000,3.170000,6.000000,0.000000,0.036665,0.036665,0.000000,0.000000,0,0,1.000000,3.200000,3.200000,1,C0,
16.500000,3.151152,3.150000,3.150000,6.000000,0.000000,0.034714,0.034714,0.000000,0.000000,0,0,1.000000,3.200000,3.200000,1,C0,
17.000000,3.149803,3.153000,3.150000,6.000000,0.000000,0.032388,0.032388,0.000000,0.000000,0,0,1.000000,3.200000,3.200000,1,C0,
17.500000,3.148212,3.148000,3.150000,6.000000,0.000000,0.038176,0.038176,0.000000,0.000000,0,0,1.000000,3.200000,3.200000,1,C0,
18.000000,3.146660,3.140000,3.150000,6.000000,0.000000,0.037252,0.037252,0.000000,0.000000,0,0,1.000000,3.200000,3.200000,1,C0,
18.500000,3.145218,3.135000,3.150000,6.000000,0.000000,0.034610,0.034610,0.000000,0.000000,0,0,1.000000,3.200000,3.200000,1,C0,
19.000000,3.143847,3.148000,3.130000,6.000000,0.000000,0.032902,0.032902,0.000000,0.000000,0,0,1.000000,3.200000,3.200000,1,C0,
19.500000,3.142388,3.143000,3.150000,6.000000,0.000000,0.035017,0.035017,0.000000,0.000000,0,0,1.000000,3.200000,3.200000,1,C0,
20.000000,3.140856,3.137000,3.130000,6.000000,0.000000,0.036753,0.036753,0.000000,0.000000,0,0,1.000000,3.200000,3.200000,1,C0,
20.500000,3.139436,3.135000,3.150000,6.000000,0.000000,0.034083,0.034083,0.000000,0.000000,0,0,1.000000,3.200000,3.200000,1,C0,
21.000000,3.138083,3.140000,3.130000,6.000000,0.000000,0.032468,0.032468,0.000000,0.000000,0,0,1.000000,3.200000,3.200000,1,C0,
21.500000,3.136531,3.127000,3.140000,6.000000,0.000000,0.037257,0.037257,0.000000,0.000000,0,0,1.000000,3.200000,3.200000,1,C0,
22.000000,3.134981,3.137000,3.150000,6.000000,0.000000,0.037200,0.037200,0.000000,0.000000,0,0,1.000000,3.200000,3.200000,1,C0,
22.500000,3.133502,3.139000,3.140000,6.000000,0.000000,0.035484,0.035484,0.000000,0.000000,0,0,1.000000,3.200000,3.200000,1,C0,
23.000000,3.132003,3.131000,3.120000,6.000000,0.000000,0.035981,0.035981,0.000000,0.000000,0,0,1.000000,3.200000,3.200000,1,C0,
23.500000,3.130660,3.135000,3.140000,6.000000,0.000000,0.032231,0.032231,0.000000,0.000000,0,0,1.000000,3.200000,3.200000,1,C0,
24.000000,3.129095,3.120000,3.140000,6.000000,0.000000,0.037575,0.037575,0.000000,0.000000,0,0,1.000000,3.200000,3.200000,1,C0,
24.500000,3.127629,3.125000,3.130000,6.000000,0.000000,0.035177,0.035177,0.000000,0.000000,0,0,1.000000,3.200000,3.200000,1,C0,
25.000000,3.126051,3.129000,3.150000,6.000000,0.000000,0.037868,0.037868,0.000000,0.000000,0,0,1.000000,3.200000,3.200000,1,C0,
25.500000,3.124568,3.127000,3.120000,6.000000,0.000000,0.035604,0.035604,0.000000,0.000000,0,0,1.000000,3.200000,3.200000,1,C0,
26.000000,3.123086,3.119000,3.120000,6.000000,0.000000,0.035564,0.035564,0.000000,0.000000,0,0,1.000000,3.200000,3.200000,1,C0,
26.500000,3.121642,3.122000,3.130000,6.000000,0.000000,0.034656,0.034656,0.000000,0.000000,0,0,1.000000,3.200000,3.200000,1,C0,
27.000000,3.120069,3.124000,3.100000,6.000000,0.000000,0.037747,0.037747,0.000000,0.000000,0,0,1.000000,3.200000,3.200000,1,C0,
27.500000,3.118500,3.124000,3.140000,6.000000,0.000000,0.037648,0.037648,0.000000,0.000000,0,0,1.000000,3.200000,3.200000,1,C0,
28.000000,3.117155,3.124000,3.130000,6.000000,0.000000,0.032285,0.032285,0.000000,0.000000,0,0,1.000000,3.200000,3.200000,1,C0,
28.500000,3.115590,3.112000,3.110000,6.000000,0.000000,0.037555,0.037555,0.000000,0.000000,0,0,1.000000,3.200000,3.200000,1,C0,
29.000000,3.114059,3.110000,3.110000,6.000000,0.000000,0.036748,0.036748,0.000000,0.000000,0,0,1.000000,3.200000,3.200000,1,C0,
29.500000,3.112477,3.109000,3.120000,6.000000,0.000000,0.037973,0.037973,0.000000,0.000000,0,0,1.000000,3.200000,3.200000,1,C0,
30.000000,3.111017,3.124000,3.100000,6.000000,0.000000,0.035048,0.035048,0.000000,0.000000,0,0,1.000000,3.200000,3.200000,1,C0,
30.500000,3.109672,3.115000,3.090000,6.000000,0.000000,0.032261,0.032261,0.000000,0.000000,0,0,1.000000,3.200000,3.200000,1,C0,
31.000000,3.108231,3.113000,3.110000,6.000000,0.000000,0.034582,0.034582,0.000000,0.000000,0,0,1.000000,3.200000,3.200000,1,C0,
31.500000,3.106716,3.113000,3.100000,6.000000,0.000000,0.036368,0.036368,0.000000,0.000000,0,0,1.000000,3.200000,3.200000,1,C0,
32.000000,3.105324,3.102000,3.100000,6.000000,0.000000,0.033404,0.033404,0.000000,0.000000,0,0,1.000000,3.200000,3.200000,1,C0,
32.500000,3.103793,3.097000,3.100000,6.000000,0.000000,0.036747,0.036747,0.000000,0.000000,0,0,1.000000,3.200000,3.200000,1,C0,
33.000000,3.102466,3.102000,3.100000,6.000000,0.000000,0.031861,0.031861,0.000000,0.000000,0,0,1.000000,3.200000,3.200000,1,C0,
33.500000,3.100948,3.104000,3.090000,6.000000,0.000000,0.036425,0.036425,0.000000,0.000000,0,0,1.000000,3.200000,3.200000,1,C0,
34.000000,3.099346,3.099000,3.110000,6.000000,0.000000,0.038440,0.038440,0.000000,0.000000,0,0,1.000000,3.200000,3.200000,1,C0,
34.500000,3.097880,3.097000,3.100000,6.000000,0.000000,0.035189,0.035189,0.000000,0.000000,0,0,1.000000,3.200000,3.200000,1,C0,
35.000000,3.096551,3.096000,3.110000,6.000000,0.000000,0.031902,0.031902,0.000000,0.000000,0,0,1.000000,3.200000,3.200000,1,C0,
35.500000,3.095160,3.096000,3.100000,6.000000,0.000000,0.033369,0.033369,0.000000,0.000000,0,0,1.000000,3.200000,3.200000,1,C0,
36.000000,3.093727,3.093000,3.090000,6.000000,0.000000,0.034397,0.034397,0.000000,0.000000,0,0,1.000000,3.200000,3.200000,1,C0,
36.500000,3.092345,3.095000,3.090000,6.000000,0.000000,0.033169,0.033169,0.000000,0.000000,0,0,1.000000,3.200000,3.200000,1,C0,
37.000000,3.090827,3.094000,3.090000,6.000000,0.000000,0.036425,0.036425,0.000000,0.000000,0,0,1.000000,3.200000,3.200000,1,C0,
37.500000,3.089327,3.093000,3.090000,6.000000,0.000000,0.036017,0.036017,0.000000,0.000000,0,0,1.000000,3.200000,3.200000,1,C0,
38.000000,3.087999,3.093000,3.090000,6.000000,0.000000,0.031871,0.031871,0.000000,0.000000,0,0,1.000000,3.200000,3.200000,1,C0,
38.500000,3.086498,3.091000,3.070000,6.000000,0.000000,0.036026,0.036026,0.000000,0.000000,0,0,1.000000,3.200000,3.200000,1,C0,
39.000000,3.085108,3.085000,3.100000,6.000000,0.000000,0.033363,0.033363,0.000000,0.000000,0,0,1.000000,3.200000,3.200000,1,C0,
39.500000,3.083582,3.084000,3.090000,6.000000,0.000000,0.036619,0.036619,0.000000,0.000000,0,0,1.000000,3.200000,3.200000,1,C0,
40.000000,3.082072,3.080000,3.080000,6.000000,0.000000,0.036239,0.036239,0.000000,0.000000,0,0,1.000000,3.200000,3.200000,1,C0,
40.500000,3.080686,3.082000,3.080000,6.000000,0.000000,0.033259,0.033259,0.000000,0.000000,0,0,1.000000,3.200000,3.200000,1,C0,
41.000000,3.079160,3.088000,3.060000,6.000000,0.000000,0.036618,0.036618,0.000000,0.000000,0,0,1.000000,3.200000,3.200000,1,C0,
41.500000,3.077749,3.086000,3.090000,6.000000,0.000000,0.033881,0.033881,0.000000,0.000000,0,0,1.000000,3.200000,3.200000,1,C0,
42.000000,3.076371,3.069000,3.060000,6.000000,0.000000,0.033071,0.033071,0.000000,0.000000,0,0,1.000000,3.200000,3.200000,1,C0,
42.500000,3.074906,3.072000,3.090000,6.000000,0.000000,0.035150,0.035150,0.000000,0.000000,0,0,1.000000,3.200000,3.200000,1,C0,
43.000000,3.073564,3.077000,3.080000,6.000000,0.000000,0.032199,0.032199,0.000000,0.000000,0,0,1.000000,3.200000,3.200000,1,C0,
43.500000,3.072167,3.084000,3.070000,6.000000,0.000000,0.033541,0.033541,0.000000,0.000000,0,0,1.000000,3.200000,3.200000,1,C0,
44.000000,3.070624,3.070000,3.060000,6.000000,0.000000,0.037037,0.037037,0.000000,0.000000,0,0,1.000000,3.200000,3.200000,1,C0,
44.500000,3.069279,3.070000,3.060000,6.000000,0.000000,0.032266,0.032266,0.000000,0.000000,0,0,1.000000,3.200000,3.200000,1,C0,
45.000000,3.067962,3.076000,3.080000,6.000000,0.000000,0.031625,0.031625,0.000000,0.000000,0,0,1.000000,3.200000,3.200000,1,C0,
45.500000,3.066510,3.061000,3.060000,6.000000,0.000000,0.034835,0.034835,0.000000,0.000000,0,0,1.000000,3.200000,3.200000,1,C0,
46.000000,3.065192,3.070000,3.060000,6.000000,0.000000,0.031645,0.031645,0.000000,0.000000,0,0,1.000000,3.200000,3.200000,1,C0,
46.500000,3.063713,3.065000,3.070000,6.000000,0.000000,0.035491,0.035491,0.000000,0.000000,0,0,1.000000,3.200000,3.200000,1,C0,
47.000000,3.062373,3.056000,3.060000,6.000000,0.000000,0.032145,0.032145,0.000000,0.000000,0,0,1.000000,3.200000,3.200000,1,C0,
47.500000,3.060958,3.063000,3.040000,6.000000,0.000000,0.033980,0.033980,0.000000,0.000000,0,0,1.000000,3.200000,3.200000,1,C0,
48.000000,3.059613,3.059000,3.070000,6.000000,0.000000,0.032261,0.032261,0.000000,0.000000,0,0,1.000000,3.200000,3.200000,1,C0,
48.500000,3.058251,3.057000,3.090000,6.000000,0.000000,0.032700,0.032700,0.000000,0.000000,0,0,1.000000,3.200000,3.200000,1,C0,
49.000000,3.056669,3.049000,3.070000,6.000000,0.000000,0.037974,0.037974,0.000000,0.000000,0,0,1.000000,3.200000,3.200000,1,C0,
49.500000,3.055290,3.057000,3.070000,6.000000,0.000000,0.033080,0.033080,0.000000,0.000000,0,0,1.000000,3.200000,3.200000,1,C0,
50.000000,3.053845,3.060000,3.060000,6.000000,0.000000,0.034686,0.034686,0.000000,0.000000,0,0,1.000000,3.200000,3.200000,1,C0,
50.500000,3.052314,3.047000,3.060000,6.000000,0.000000,0.036741,0.036741,0.000000,0.000000,0,0,1.000000,3.200000,3.200000,1,C0,
51.000000,3.050818,3.052000,3.060000,6.000000,0.000000,0.035910,0.035910,0.000000,0.000000,0,0,1.000000,3.200000,3.200000,1,C0,
51.500000,3.049321,3.050000,3.050000,6.000000,0.000000,0.035924,0.035924,0.000000,0.000000,0,0,1.000000,3.200000,3.200000,1,C0,
52.000000,3.047741,3.043000,3.050000,6.000000,0.000000,0.037923,0.037923,0.000000,0.000000,0,0,1.000000,3.200000,3.200000,1,C0,
52.500000,3.046190,3.049000,3.050000,6.000000,0.000000,0.037214,0.037214,0.000000,0.000000,0,0,1.000000,3.200000,3.200000,1,C0,
53.000000,3.044736,3.048000,3.050000,6.000000,0.000000,0.034896,0.034896,0.000000,0.000000,0,0,1.000000,3.200000,3.200000,1,C0,
53.500000,3.043297,3.046000,3.060000,6.000000,0.000000,0.034554,0.034554,0.000000,0.000000,0,0,1.000000,3.200000,3.200000,1,C0,
54.000000,3.041889,3.032000,3.050000,6.000000,0.000000,0.033779,0.033779,0.000000,0.000000,0,0,1.000000,3.200000,3.200000,1,C0,
54.500000,3.040469,3.037000,3.040000,6.000000,0.000000,0.034091,0.034091,0.000000,0.000000,0,0,1.000000,3.200000,3.200000,1,C0,
55.000000,3.039017,3.033000,3.040000,6.000000,0.000000,0.034838,0.034838,0.000000,0.000000,0,0,1.000000,3.200000,3.200000,1,C0,
55.500000,3.037644,3.030000,3.030000,6.000000,0.000000,0.032954,0.032954,0.000000,0.000000,0,0,1.000000,3.200000,3.200000,1,C0,
56.000000,3.036124,3.032000,3.030000,6.000000,0.000000,0.036484,0.036484,0.000000,0.000000,0,0,1.000000,3.200000,3.200000,1,C0,
56.500000,3.034809,3.036000,3.020000,6.000000,0.000000,0.031548,0.031548,0.000000,0.000000,0,0,1.000000,3.200000,3.200000,1,C0,
57.000000,3.033241,3.026000,3.030000,6.000000,0.000000,0.037634,0.037634,0.000000,0.000000,0,0,1.000000,3.200000,3.200000,1,C0,
57.500000,3.031924,3.041000,3.030000,6.000000,0.000000,0.031626,0.031626,0.000000,0.000000,0,0,1.000000,3.200000,3.200000,1,C0,
58.000000,3.030397,3.035000,3.030000,6.000000,0.000000,0.036646,0.036646,0.000000,0.000000,0,0,1.000000,3.200000,3.200000,1,C0,
58.500000,3.028799,3.030000,3.020000,6.000000,0.000000,0.038345,0.038345,0.000000,0.000000,0,0,1.000000,3.200000,3.200000,1,C0,
59.000000,3.027330,3.037000,3.030000,6.000000,0.000000,0.035250,0.035250,0.000000,0.000000,0,0,1.000000,3.200000,3.200000,1,C0,
59.500000,3.025738,3.026000,3.000000,6.000000,0.000000,0.038209,0.038209,0.000000,0.000000,0,0,1.000000,3.200000,3.200000,1,C0,
60.000000,3.024341,3.020000,3.030000,6.000000,0.000000,0.033536,0.033536,0.000000,0.000000,0,0,1.000000,3.200000,3.200000,1,C0,
60.500000,3.022928,3.019000,3.020000,6.000000,0.000000,0.033912,0.033912,0.000000,0.000000,0,0,1.000000,3.200000,3.200000,1,C0,
61.000000,3.021504,3.027000,3.020000,6.000000,0.000000,0.034164,0.034164,0.000000,0.000000,0,0,1.000000,3.200000,3.200000,1,C0,
61.500000,3.019962,3.014000,3.030000,6.000000,0.000000,0.037009,0.037009,0.000000,0.000000,0,0,1.000000,3.200000,3.200000,1,C0,
62.000000,3.018496,3.016000,3.020000,6.000000,0.000000,0.035194,0.035194,0.000000,0.000000,0,0,1.000000,3.200000,3.200000,1,C0,
62.500000,3.016969,3.010000,3.010000,6.000000,0.000000,0.036646,0.036646,0.000000,0.000000,0,0,1.000000,3.200000,3.200000,1,C0,
63.000000,3.015617,3.025000,3.000000,6.000000,0.000000,0.032440,0.032440,0.000000,0.000000,0,0,1.000000,3.200000,3.200000,1,C0,
63.500000,3.014257,3.008000,3.010000,6.000000,0.000000,0.032642,0.032642,0.000000,0.000000,0,0,1.000000,3.200000,3.200000,1,C0,
64.000000,3.012923,3.012000,3.020000,6.000000,0.000000,0.032030,0.032030,0.000000,0.000000,0,0,1.000000,3.200000,3.200000,1,C0,
64.500000,3.011462,3.012000,3.010000,6.000000,0.000000,0.035061,0.035061,0.000000,0.000000,0,0,1.000000,3.200000,3.200000,1,C0,
65.000000,3.009921,3.017000,3.030000,6.000000,0.000000,0.036978,0.036978,0.000000,0.000000,0,0,1.000000,3.200000,3.200000,1,C0,
65.500000,3.008436,3.004000,3.020000,6.000000,0.000000,0.035647,0.035647,0.000000,0.000000,0,0,1.000000,3.200000,3.200000,1,C0,
66.000000,3.007061,3.007000,3.020000,6.000000,0.000000,0.033002,0.033002,0.000000,0.000000,0,0,1.000000,3.200000,3.200000,1,C0,
66.500000,3.005611,2.997000,3.020000,6.000000,0.000000,0.034796,0.034796,0.000000,0.000000,0,0,1.000000,3.200000,3.200000,1,C0,
67.000000,3.004185,3.005000,3.000000,6.000000,0.000000,0.034230,0.034230,0.000000,0.000000,0,0,1.000000,3.200000,3.200000,1,C0,
67.500000,3.002654,3.002000,3.000000,6.000000,0.000000,0.036744,0.036744,0.000000,0.000000,0,0,1.000000,3.200000,3.200000,1,C0,
68.000000,3.001162,2.994000,3.000000,6.000000,0.000000,0.035789,0.035789,0.000000,0.000000,0,0,1.000000,3.200000,3.200000,1,C0,
68.500000,2.999593,2.994000,3.020000,6.000000,0.000000,0.037669,0.037669,0.000000,0.000000,0,0,1.000000,3.200000,3.200000,1,C0,
69.000000,2.998207,2.990000,2.990000,6.000000,0.000000,0.033270,0.033270,0.000000,0.000000,0,0,1.000000,3.200000,3.200000,1,C0,
69.500000,2.996847,2.994000,3.010000,6.000000,0.000000,0.032639,0.032639,0.000000,0.000000,0,0,1.000000,3.200000,3.200000,1,C0,
70.000000,2.995329,2.994000,3.000000,6.000000,0.000000,0.036417,0.036417,0.000000,0.000000,0,0,1.000000,3.200000,3.200000,1,C0,
70.500000,2.993793,2.994000,3.010000,6.000000,0.000000,0.036862,0.036862,0.000000,0.000000,0,0,1.000000,3.200000,3.200000,1,C0,
71.000000,2.992238,2.982000,2.990000,6.000000,0.000000,0.037321,0.037321,0.000000,0.000000,0,0,1.000000,3.200000,3.200000,1,C0,
71.500000,2.990779,2.990000,3.000000,6.000000,0.000000,0.035014,0.035014,0.000000,0.000000,0,0,1.000000,3.200000,3.200000,1,C0,
72.000000,2.989244,2.983000,2.990000,6.000000,0.000000,0.036842,0.036842,0.000000,0.000000,0,0,1.000000,3.200000,3.200000,1,C0,
72.500000,2.987755,2.995000,2.990000,6.000000,0.000000,0.035734,0.035734,0.000000,0.000000,0,0,1.000000,3.200000,3.200000,1,C0,
73.000000,2.986387,2.990000,2.980000,6.000000,0.000000,0.032848,0.032848,0.000000,0.000000,0,0,1.000000,3.200000,3.200000,1,C0,
73.500000,2.985019,2.989000,3.000000,6.000000,0.000000,0.032829,0.032829,0.000000,0.000000,0,0,1.000000,3.200000,3.200000,1,C0,
74.000000,2.983633,2.983000,2.990000,6.000000,0.000000,0.033252,0.033252,0.000000,0.000000,0,0,1.000000,3.200000,3.200000,1,C0,
74.500000,2.982288,2.970000,2.980000,6.000000,0.000000,0.032295,0.032295,0.000000,0.000000,0,0,1.000000,3.200000,3.200000,1,C0,
75.000000,2.980773,2.986000,2.990000,6.000000,0.000000,0.036359,0.036359,0.000000,0.000000,0,0,1.000000,3.200000,3.200000,1,C0,
75.500000,2.979273,2.967000,2.970000,6.000000,0.000000,0.035980,0.035980,0.000000,0.000000,0,0,1.000000,3.200000,3.200000,1,C0,
76.000000,2.977697,2.984000,2.990000,6.000000,0.000000,0.037827,0.037827,0.000000,0.000000,0,0,1.000000,3.200000,3.200000,1,C0,
76.500000,2.976243,2.974000,2.970000,6.000000,0.000000,0.034905,0.034905,0.000000,0.000000,0,0,1.000000,3.200000,3.200000,1,C0,
77.000000,2.974924,2.972000,2.980000,6.000000,0.000000,0.031655,0.031655,0.000000,0.000000,0,0,1.000000,3.200000,3.200000,1,C0,
77.500000,2.973500,2.973000,2.960000,6.000000,0.000000,0.034182,0.034182,0.000000,0.000000,0,0,1.000000,3.200000,3.200000,1,C0,
78.000000,2.971974,2.973000,2.970000,6.000000,0.000000,0.036623,0.036623,0.000000,0.000000,0,0,1.000000,3.200000,3.200000,1,C0,
78.500000,2.970505,2.965000,2.970000,6.000000,0.000000,0.035240,0.035240,0.000000,0.000000,0,0,1.000000,3.200000,3.200000,1,C0,
79.000000,2.969165,2.967000,2.970000,6.000000,0.000000,0.032178,0.032178,0.000000,0.000000,0,0,1.000000,3.200000,3.200000,1,C0,
79.500000,2.967641,2.967000,2.960000,6.000000,0.000000,0.036574,0.036574,0.000000,0.000000,0,0,1.000000,3.200000,3.200000,1,C0,
80.000000,2.966039,2.968000,2.970000,6.000000,0.000000,0.038446,0.038446,0.000000,0.000000,0,0,1.000000,3.200000,3.200000,1,C0,
80.500000,2.964700,2.958000,2.950000,6.000000,0.000000,0.032139,0.032139,0.000000,0.000000,0,0,1.000000,3.200000,3.200000,1,C0,
81.000000,2.963320,2.964000,2.950000,6.000000,0.000000,0.033111,0.033111,0.000000,0.000000,0,0,1.000000,3.200000,3.200000,1,C0,
81.500000,2.961875,2.974000,2.960000,6.000000,0.000000,0.034671,0.034671,0.000000,0.000000,0,0,1.000000,3.200000,3.200000,1,C0,
82.000000,2.960452,2.955000,2.970000,6.000000,0.000000,0.034154,0.034154,0.000000,0.000000,0,0,1.000000,3.200000,3.200000,1,C0,
82.500000,2.958870,2.955000,2.960000,6.000000,0.000000,0.037984,0.037984,0.000000,0.000000,0,0,1.000000,3.200000,3.200000,1,C0,
83.000000,2.957318,2.964000,2.970000,6.000000,0.000000,0.037242,0.037242,0.000000,0.000000,0,0,1.000000,3.200000,3.200000,1,C0,
83.500000,2.955879,2.961000,2.950000,6.000000,0.000000,0.034535,0.034535,0.000000,0.000000,0,0,1.000000,3.200000,3.200000,1,C0,
84.000000,2.954293,2.951000,2.960000,6.000000,0.000000,0.038056,0.038056,0.000000,0.000000,0,0,1.000000,3.200000,3.200000,1,C0,
84.500000,2.952973,2.955000,2.940000,6.000000,0.000000,0.031695,0.031695,0.000000,0.000000,0,0,1.000000,3.200000,3.200000,1,C0,
85.000000,2.951459,2.949000,2.930000,6.000000,0.000000,0.036334,0.036334,0.000000,0.000000,0,0,1.000000,3.200000,3.200000,1,C0,
85.500000,2.949928,2.949000,2.960000,6.000000,0.000000,0.036737,0.036737,0.000000,0.000000,0,0,1.000000,3.200000,3.200000,1,C0,
86.000000,2.948363,2.949000,2.960000,6.000000,0.000000,0.037551,0.037551,0.000000,0.000000,0,0,1.000000,3.200000,3.200000,1,C0,
86.500000,2.946946,2.940000,2.950000,6.000000,0.000000,0.034029,0.034029,0.000000,0.000000,0,0,1.000000,3.200000,3.200000,1,C0,
87.000000,2.945513,2.943000,2.920000,6.000000,0.000000,0.034393,0.034393,0.000000,0.000000,0,0,1.000000,3.200000,3.200000,1,C0,
87.500000,2.944172,2.942000,2.950000,6.000000,0.000000,0.032164,0.032164,0.000000,0.000000,0,0,1.000000,3.200000,3.200000,1,C0,
88.000000,2.942678,2.940000,2.940000,6.000000,0.000000,0.035870,0.035870,0.000000,0.000000,0,0,1.000000,3.200000,3.200000,1,C0,
88.500000,2.941273,2.945000,2.930000,6.000000,0.000000,0.033720,0.033720,0.000000,0.000000,0,0,1.000000,3.200000,3.200000,1,C0,
89.000000,2.939867,2.941000,2.950000,6.000000,0.000000,0.033743,0.033743,0.000000,0.000000,0,0,1.000000,3.200000,3.200000,1,C0,
89.500000,2.938553,2.939000,2.940000,6.000000,0.000000,0.031537,0.031537,0.000000,0.000000,0,0,1.000000,3.200000,3.200000,1,C0,
90.000000,2.936981,2.932000,2.940000,6.000000,0.000000,0.037723,0.037723,0.000000,0.000000,0,0,1.000000,3.200000,3.200000,1,C0,
90.500000,2.935650,2.937000,2.940000,6.000000,0.000000,0.031942,0.031942,0.000000,0.000000,0,0,1.000000,3.200000,3.200000,1,C0,
91.000000,2.934071,2.941000,2.910000,6.000000,0.000000,0.037899,0.037899,0.000000,0.000000,0,0,1.000000,3.200000,3.200000,1,C0,
91.500000,2.932723,2.927000,2.920000,6.000000,0.000000,0.032340,0.032340,0.000000,0.000000,0,0,1.000000,3.200000,3.200000,1,C0,
92.000000,2.931400,2.927000,2.940000,6.000000,0.000000,0.031752,0.031752,0.000000,0.000000,0,0,1.000000,3.200000,3.200000,1,C0,
92.500000,2.929963,2.921000,2.970000,6.000000,0.000000,0.034507,0.034507,0.000000,0.000000,0,0,1.000000,3.200000,3.200000,1,C0,
93.000000,2.928587,2.927000,2.920000,6.000000,0.000000,0.033012,0.033012,0.000000,0.000000,0,0,1.000000,3.200000,3.200000,1,C0,
93.500000,2.927029,2.925000,2.910000,6.000000,0.000000,0.037402,0.037402,0.000000,0.000000,0,0,1.000000,3.200000,3.200000,1,C0,
94.000000,2.925586,2.930000,2.930000,6.000000,0.000000,0.034630,0.034630,0.000000,0.000000,0,0,1.000000,3.200000,3.200000,1,C0,
94.500000,2.924086,2.921000,2.920000,6.000000,0.000000,0.035986,0.035986,0.000000,0.000000,0,0,1.000000,3.200000,3.200000,1,C0,
95.000000,2.922555,2.920000,2.920000,6.000000,0.000000,0.036759,0.036759,0.000000,0.000000,0,0,1.000000,3.200000,3.200000,1,C0,
95.500000,2.921184,2.914000,2.930000,6.000000,0.000000,0.032900,0.032900,0.000000,0.000000,0,0,1.000000,3.200000,3.200000,1,C0,
96.000000,2.919581,2.927000,2.930000,6.000000,0.000000,0.038478,0.038478,0.000000,0.000000,0,0,1.000000,3.200000,3.200000,1,C0,
96.500000,2.918022,2.913000,2.930000,6.000000,0.000000,0.037418,0.037418,0.000000,0.000000,0,0,1.000000,3.200000,3.200000,1,C0,
97.000000,2.916535,2.916000,2.920000,6.000000,0.000000,0.035688,0.035688,0.000000,0.000000,0,0,1.000000,3.200000,3.200000,1,C0,
97.500000,2.915126,2.923000,2.920000,6.000000,0.000000,0.033806,0.033806,0.000000,0.000000,0,0,1.000000,3.200000,3.200000,1,C0,
98.000000,2.913544,2.920000,2.920000,6.000000,0.000000,0.037973,0.037973,0.000000,0.000000,0,0,1.000000,3.200000,3.200000,1,C0,
98.500000,2.911998,2.901000,2.920000,6.000000,0.000000,0.037106,0.037106,0.000000,0.000000,0,0,1.000000,3.200000,3.200000,1,C0,
99.000000,2.910459,2.906000,2.890000,6.000000,0.000000,0.036942,0.036942,0.000000,0.000000,0,0,1.000000,3.200000,3.200000,1,C0,
99.500000,2.909000,2.924000,2.890000,6.000000,0.000000,0.034994,0.034994,0.000000,0.000000,0,0,1.000000,3.200000,3.200000,1,C0,
100.000000,2.907645,2.902000,2.910000,6.000000,0.000000,0.032540,0.032540,0.000000,0.000000,0,0,1.000000,3.200000,3.200000,1,C0,
100.500000,2.906169,2.902000,2.910000,6.000000,0.000000,0.035409,0.035409,0.000000,0.000000,0,0,1.000000,3.200000,3.200000,1,C0,
101.000000,2.904611,2.905000,2.890000,6.000000,0.000000,0.037409,0.037409,0.000000,0.000000,0,0,1.000000,3.200000,3.200000,1,C0,
101.500000,2.903130,2.902000,2.900000,6.000000,0.000000,0.035527,0.035527,0.000000,0.000000,0,0,1.000000,3.200000,3.200000,1,C0,
102.000000,2.901545,2.901000,2.890000,6.000000,0.000000,0.038058,0.038058,0.000000,0.000000,0,0,1.000000,3.200000,3.200000,1,C0,
102.500000,2.900126,2.905000,2.890000,6.000000,0.000000,0.034052,0.034052,0.000000,0.000000,0,0,1.000000,3.200000,3.200000,1,C0,
103.000000,2.898687,2.902000,2.880000,6.000000,0.000000,0.034519,0.034519,0.000000,0.000000,0,0,1.000000,3.200000,3.200000,1,C0,
103.500000,2.897224,2.900000,2.890000,6.000000,0.000000,0.035133,0.035133,0.000000,0.000000,0,0,1.000000,3.200000,3.200000,1,C0,
104.000000,2.895655,2.895000,2.910000,6.000000,0.000000,0.037635,0.037635,0.000000,0.000000,0,0,1.000000,3.200000,3.200000,1,C0,
104.500000,2.894132,2.892000,2.890000,6.000000,0.000000,0.036558,0.036558,0.000000,0.000000,0,0,1.000000,3.200000,3.200000,1,C0,
105.000000,2.892575,2.890000,2.890000,6.000000,0.000000,0.037381,0.037381,0.000000,0.000000,0,0,1.000000,3.200000,3.200000,1,C0,
105.500000,2.891156,2.886000,2.910000,6.000000,0.000000,0.034042,0.034042,0.000000,0.000000,0,0,1.000000,3.200000,3.200000,1,C0,
106.000000,2.889715,2.880000,2.900000,6.000000,0.000000,0.034600,0.034600,0.000000,0.000000,0,0,1.000000,3.200000,3.200000,1,C0,
106.500000,2.888118,2.890000,2.890000,6.000000,0.000000,0.038307,0.038307,0.000000,0.000000,0,0,1.000000,3.200000,3.200000,1,C0,
107.000000,2.886652,2.892000,2.890000,6.000000,0.000000,0.035184,0.035184,0.000000,0.000000,0,0,1.000000,3.200000,3.200000,1,C0,
107.500000,2.885083,2.887000,2.900000,6.000000,0.000000,0.037671,0.037671,0.000000,0.000000,0,0,1.000000,3.200000,3.200000,1,C0,
108.000000,2.883528,2.881000,2.880000,6.000000,0.000000,0.037306,0.037306,0.000000,0.000000,0,0,1.000000,3.200000,3.200000,1,C0,
108.500000,2.882215,2.881000,2.890000,6.000000,0.000000,0.031519,0.031519,0.000000,0.000000,0,0,1.000000,3.200000,3.200000,1,C0,
109.000000,2.880886,2.871000,2.880000,6.000000,0.000000,0.031903,0.031903,0.000000,0.000000,0,0,1.000000,3.200000,3.200000,1,C0,
109.500000,2.879528,2.885000,2.880000,6.000000,0.000000,0.032590,0.032590,0.000000,0.000000,0,0,1.000000,3.200000,3.200000,1,C0,
110.000000,2.878109,2.876000,2.890000,6.000000,0.000000,0.034048,0.034048,0.000000,0.000000,0,0,1.000000,3.200000,3.200000,1,C0,
110.500000,2.876609,2.863000,2.880000,6.000000,0.000000,0.036011,0.036011,0.000000,0.000000,0,0,1.000000,3.200000,3.200000,1,C0,
111.000000,2.875234,2.872000,2.880000,6.000000,0.000000,0.032997,0.032997,0.000000,0.000000,0,0,1.000000,3.200000,3.200000,1,C0,
111.500000,2.873721,2.870000,2.860000,6.000000,0.000000,0.036305,0.036305,0.000000,0.000000,0,0,1.000000,3.200000,3.200000,1,C0,
112.000000,2.872117,2.882000,2.880000,6.000000,0.000000,0.038489,0.038489,0.000000,0.000000,0,0,1.000000,3.200000,3.200000,1,C0,
112.500000,2.870605,2.871000,2.870000,6.000000,0.000000,0.036301,0.036301,0.000000,0.000000,0,0,1.000000,3.200000,3.200000,1,C0,
113.000000,2.869145,2.862000,2.890000,6.000000,0.000000,0.035027,0.035027,0.000000,0.000000,0,0,1.000000,3.200000,3.200000,1,C0,
113.500000,2.867574,2.870000,2.870000,6.000000,0.000000,0.037721,0.037721,0.000000,0.000000,0,0,1.000000,3.200000,3.200000,1,C0,
114.000000,2.866132,2.869000,2.860000,6.000000,0.000000,0.034604,0.034604,0.000000,0.000000,0,0,1.000000,3.200000,3.200000,1,C0,
114.500000,2.864655,2.861000,2.860000,6.000000,0.000000,0.035456,0.035456,0.000000,0.000000,0,0,1.000000,3.200000,3.200000,1,C0,
115.000000,2.863270,2.862000,2.860000,6.000000,0.000000,0.033240,0.033240,0.000000,0.000000,0,0,1.000000,3.200000,3.200000,1,C0,
115.500000,2.861690,2.866000,2.840000,6.000000,0.000000,0.037910,0.037910,0.000000,0.000000,0,0,1.000000,3.200000,3.200000,1,C0,
116.000000,2.860109,2.859000,2.860000,6.000000,0.000000,0.037950,0.037950,0.000000,0.000000,0,0,1.000000,3.200000,3.200000,1,C0,
116.500000,2.858508,2.865000,2.870000,6.000000,0.000000,0.038416,0.038416,0.000000,0.000000,0,0,1.000000,3.200000,3.200000,1,C0,
117.000000,2.856948,2.851000,2.860000,6.000000,0.000000,0.037444,0.037444,0.000000,0.000000,0,0,1.000000,3.200000,3.200000,1,C0,
117.500000,2.855584,2.869000,2.870000,6.000000,0.000000,0.032727,0.032727,0.000000,0.000000,0,0,1.000000,3.200000,3.200000,1,C0,
118.000000,2.853990,2.852000,2.870000,6.000000,0.000000,0.038255,0.038255,0.000000,0.000000,0,0,1.000000,3.200000,3.200000,1,C0,
118.500000,2.852481,2.844000,2.870000,6.000000,0.000000,0.036225,0.036225,0.000000,0.000000,0,0,1.000000,3.200000,3.200000,1,C0,
119.000000,2.850928,2.856000,2.860000,6.000000,0.000000,0.037270,0.037270,0.000000,0.000000,0,0,1.000000,3.200000,3.200000,1,C0,
119.500000,2.849588,2.853000,2.850000,6.000000,0.000000,0.032162,0.032162,0.000000,0.000000,0,0,1.000000,3.200000,3.200000,1,C0,
120.000000,2.848146,2.846000,2.860000,6.000000,0.000000,0.034616,0.034616,0.000000,0.000000,0,0,1.000000,3.200000,3.200000,1,C0,
120.500000,2.846608,2.841000,2.840000,6.000000,0.000000,0.036900,0.036900,0.000000,0.000000,0,0,1.000000,3.200000,3.200000,1,C0,
121.000000,2.845241,2.842000,2.840000,6.000000,0.000000,0.032814,0.032814,0.000000,0.000000,0,0,1.000000,3.200000,3.200000,1,C0,
121.500000,2.843745,2.842000,2.830000,6.000000,0.000000,0.035903,0.035903,0.000000,0.000000,0,0,1.000000,3.200000,3.200000,1,C0,
122.000000,2.842186,2.843000,2.840000,6.000000,0.000000,0.037411,0.037411,0.000000,0.000000,0,0,1.000000,3.200000,3.200000,1,C0,
122.500000,2.840775,2.847000,2.850000,6.000000,0.000000,0.033862,0.033862,0.000000,0.000000,0,0,1.000000,3.200000,3.200000,1,C0,
123.000000,2.839175,2.845000,2.820000,6.000000,0.000000,0.038415,0.038415,0.000000,0.000000,0,0,1.000000,3.200000,3.200000,1,C0,
123.500000,2.837743,2.840000,2.830000,6.000000,0.000000,0.034354,0.034354,0.000000,0.000000,0,0,1.000000,3.200000,3.200000,1,C0,
124.000000,2.836205,2.836000,2.840000,6.000000,0.000000,0.036908,0.036908,0.000000,0.000000,0,0,1.000000,3.200000,3.200000,1,C0,
124.500000,2.834622,2.831000,2.840000,6.000000,0.000000,0.038001,0.038001,0.000000,0.000000,0,0,1.000000,3.200000,3.200000,1,C0,
125.000000,2.833129,2.839000,2.830000,6.000000,0.000000,0.035837,0.035837,0.000000,0.000000,0,0,1.000000,3.200000,3.200000,1,C0,
125.500000,2.831594,2.829000,2.830000,6.000000,0.000000,0.036836,0.036836,0.000000,0.000000,0,0,1.000000,3.200000,3.200000,1,C0,
126.000000,2.830060,2.841000,2.820000,6.000000,0.000000,0.036804,0.036804,0.000000,0.000000,0,0,1.000000,3.200000,3.200000,1,C0,
126.500000,2.828733,2.823000,2.810000,6.000000,0.000000,0.031855,0.031855,0.000000,0.000000,0,0,1.000000,3.200000,3.200000,1,C0,
127.000000,2.827193,2.825000,2.840000,6.000000,0.000000,0.036971,0.036971,0.000000,0.000000,0,0,1.000000,3.200000,3.200000,1,C0,
127.500000,2.825676,2.829000,2.830000,6.000000,0.000000,0.036404,0.036404,0.000000,0.000000,0,0,1.000000,3.200000,3.200000,1,C0,
128.000000,2.824308,2.823000,2.820000,6.000000,0.000000,0.032815,0.032815,0.000000,0.000000,0,0,1.000000,3.200000,3.200000,1,C0,
128.500000,2.822881,2.821000,2.820000,6.000000,0.000000,0.034252,0.034252,0.000000,0.000000,0,0,1.000000,3.200000,3.200000,1,C0,
129.000000,2.821553,2.815000,2.820000,6.000000,0.000000,0.031871,0.031871,0.000000,0.000000,0,0,1.000000,3.200000,3.200000,1,C0,
129.500000,2.820082,2.821000,2.830000,6.000000,0.000000,0.035313,0.035313,0.000000,0.000000,0,0,1.000000,3.200000,3.200000,1,C0,
130.000000,2.818621,2.814000,2.800000,6.000000,0.000000,0.035051,0.035051,0.000000,0.000000,0,0,1.000000,3.200000,3.200000,1,C0,
130.500000,2.817124,2.816000,2.820000,6.000000,0.000000,0.035948,0.035948,0.000000,0.000000,0,0,1.000000,3.200000,3.200000,1,C0,
131.000000,2.815746,2.821000,2.820000,6.000000,0.000000,0.033053,0.033053,0.000000,0.000000,0,0,1.000000,3.200000,3.200000,1,C0,
131.500000,2.814284,2.819000,2.810000,6.000000,0.000000,0.035098,0.035098,0.000000,0.000000,0,0,1.000000,3.200000,3.200000,1,C0,
132.000000,2.812716,2.805000,2.820000,6.000000,0.000000,0.037624,0.037624,0.000000,0.000000,0,0,1.000000,3.200000,3.200000,1,C0,
132.500000,2.811175,2.815000,2.810000,6.000000,0.000000,0.036984,0.036984,0.000000,0.000000,0,0,1.000000,3.200000,3.200000,1,C0,
133.000000,2.809622,2.804000,2.810000,6.000000,0.000000,0.037271,0.037271,0.000000,0.000000,0,0,1.000000,3.200000,3.200000,1,C0,
133.500000,2.808110,2.804000,2.820000,6.000000,0.000000,0.036306,0.036306,0.000000,0.000000,0,0,1.000000,3.200000,3.200000,1,C0,
134.000000,2.806671,2.802000,2.810000,6.000000,0.000000,0.034539,0.034539,0.000000,0.000000,0,0,1.000000,3.200000,3.200000,1,C0,
134.500000,2.805305,2.802000,2.800000,6.000000,0.000000,0.032762,0.032762,0.000000,0.000000,0,0,1.000000,3.200000,3.200000,1,C0,
135.000000,2.803933,2.807000,2.800000,6.000000,0.000000,0.032942,0.032942,0.000000,0.000000,0,0,1.000000,3.200000,3.200000,1,C0,
135.500000,2.802474,2.801000,2.820000,6.000000,0.000000,0.035010,0.035010,0.000000,0.000000,0,0,1.000000,3.200000,3.200000,1,C0,
136.000000,2.800922,2.799000,2.800000,6.000000,0.000000,0.037242,0.037242,0.000000,0.000000,1,1,1.000000,3.200000,3.200000,1,C0,
136.500000,2.804064,2.804000,2.800000,6.000000,0.113818,0.038414,0.038414,0.000000,0.000000,1,1,1.000000,3.200000,3.200000,1,C0,
137.000000,2.807228,2.813000,2.810000,6.000000,0.113721,0.037798,0.037798,0.000000,0.000000,1,1,1.000000,3.200000,3.200000,1,C0,
137.500000,2.810476,2.816000,2.820000,6.000000,0.113624,0.035664,0.035664,0.000000,0.000000,1,1,1.000000,3.200000,3.200000,1,C0,
138.000000,2.813892,2.819000,2.810000,6.000000,0.113524,0.031538,0.031538,0.000000,0.000000,1,1,1.000000,3.200000,3.200000,1,C0,
138.500000,2.817162,2.817000,2.820000,6.000000,0.113419,0.034941,0.034941,0.000000,0.000000,1,1,1.000000,3.200000,3.200000,1,C0,
139.000000,2.820500,2.824000,2.820000,6.000000,0.113318,0.033208,0.033208,0.000000,0.000000,1,1,1.000000,3.200000,3.200000,1,C0,
139.500000,2.823887,2.827000,2.820000,6.000000,0.113215,0.031917,0.031917,0.000000,0.000000,1,1,1.000000,3.200000,3.200000,1,C0,
140.000000,2.827059,2.820000,2.830000,6.000000,0.113111,0.036980,0.036980,0.000000,0.000000,1,1,1.000000,3.200000,3.200000,1,C0,
140.500000,2.830249,2.829000,2.830000,6.000000,0.113014,0.036459,0.036459,0.000000,0.000000,1,1,1.000000,3.200000,3.200000,1,C0,
141.000000,2.833478,2.833000,2.830000,6.000000,0.112915,0.035429,0.035429,0.000000,0.000000,1,1,1.000000,3.200000,3.200000,1,C0,
141.500000,2.836815,2.841000,2.840000,6.000000,0.112816,0.032727,0.032727,0.000000,0.000000,1,1,1.000000,3.200000,3.200000,1,C0,
142.000000,2.840167,2.839000,2.840000,6.000000,0.112713,0.032257,0.032257,0.000000,0.000000,1,1,1.000000,3.200000,3.200000,1,C0,
142.500000,2.843338,2.853000,2.850000,6.000000,0.112610,0.036513,0.036513,0.000000,0.000000,1,1,1.000000,3.200000,3.200000,1,C0,
143.000000,2.846438,2.853000,2.850000,6.000000,0.112513,0.038110,0.038110,0.000000,0.000000,1,1,1.000000,3.200000,3.200000,1,C0,
143.500000,2.849727,2.853000,2.840000,6.000000,0.112417,0.033485,0.033485,0.000000,0.000000,1,1,1.000000,3.200000,3.200000,1,C0,
144.000000,2.853007,2.856000,2.860000,6.000000,0.112316,0.033592,0.033592,0.000000,0.000000,1,1,1.000000,3.200000,3.200000,1,C0,
144.500000,2.856153,2.850000,2.850000,6.000000,0.112215,0.036724,0.036724,0.000000,0.000000,1,1,1.000000,3.200000,3.200000,1,C0,
145.000000,2.859294,2.859000,2.860000,6.000000,0.112118,0.036711,0.036711,0.000000,0.000000,1,1,1.000000,3.200000,3.200000,1,C0,
145.500000,2.862587,2.863000,2.870000,6.000000,0.112022,0.033004,0.033004,0.000000,0.000000,1,1,1.000000,3.200000,3.200000,1,C0,
146.000000,2.865777,2.868000,2.870000,6.000000,0.111920,0.035346,0.035346,0.000000,0.000000,1,1,1.000000,3.200000,3.200000,1,C0,
146.500000,2.868919,2.860000,2.850000,6.000000,0.111822,0.036427,0.036427,0.000000,0.000000,1,1,1.000000,3.200000,3.200000,1,C0,
147.000000,2.872086,2.867000,2.850000,6.000000,0.111726,0.035727,0.035727,0.000000,0.000000,1,1,1.000000,3.200000,3.200000,1,C0,
147.500000,2.875213,2.876000,2.870000,6.000000,0.111628,0.036571,0.036571,0.000000,0.000000,1,1,1.000000,3.200000,3.200000,1,C0,
148.000000,2.878538,2.872000,2.890000,6.000000,0.111532,0.031733,0.031733,0.000000,0.000000,1,1,1.000000,3.200000,3.200000,1,C0,
148.500000,2.881825,2.879000,2.890000,6.000000,0.111430,0.032547,0.032547,0.000000,0.000000,1,1,1.000000,3.200000,3.200000,1,C0,
149.000000,2.884936,2.878000,2.880000,6.000000,0.111328,0.036662,0.036662,0.000000,0.000000,1,1,1.000000,3.200000,3.200000,1,C0,
149.500000,2.888092,2.888000,2.880000,6.000000,0.111233,0.035487,0.035487,0.000000,0.000000,1,1,1.000000,3.200000,3.200000,1,C0,
150.000000,2.891392,2.886000,2.890000,6.000000,0.111136,0.031925,0.031925,0.000000,0.000000,1,1,1.000000,3.200000,3.200000,1,C0,
150.500000,2.894626,2.892000,2.880000,6.000000,0.111034,0.033422,0.033422,0.000000,0.000000,1,1,1.000000,3.200000,3.200000,1,C0,
151.000000,2.897728,2.901000,2.900000,6.000000,0.110935,0.036485,0.036485,0.000000,0.000000,1,1,1.000000,3.200000,3.200000,1,C0,
151.500000,2.900766,2.900000,2.900000,6.000000,0.110839,0.037938,0.037938,0.000000,0.000000,1,1,1.000000,3.200000,3.200000,1,C0,
152.000000,2.904061,2.904000,2.910000,6.000000,0.110746,0.031656,0.031656,0.000000,0.000000,1,1,1.000000,3.200000,3.200000,1,C0,
152.500000,2.907313,2.909000,2.910000,6.000000,0.110644,0.032607,0.032607,0.000000,0.000000,1,1,1.000000,3.200000,3.200000,1,C0,
153.000000,2.910468,2.909000,2.910000,6.000000,0.110544,0.034809,0.034809,0.000000,0.000000,1,1,1.000000,3.200000,3.200000,1,C0,
153.500000,2.913498,2.917000,2.920000,6.000000,0.110447,0.037722,0.037722,0.000000,0.000000,1,1,1.000000,3.200000,3.200000,1,C0,
154.000000,2.916686,2.913000,2.900000,6.000000,0.110354,0.033844,0.033844,0.000000,0.000000,1,1,1.000000,3.200000,3.200000,1,C0,
154.500000,2.919887,2.920000,2.910000,6.000000,0.110256,0.033436,0.033436,0.000000,0.000000,1,1,1.000000,3.200000,3.200000,1,C0,
155.000000,2.923013,2.927000,2.920000,6.000000,0.110157,0.035136,0.035136,0.000000,0.000000,1,1,1.000000,3.200000,3.200000,1,C0,
155.500000,2.926232,2.931000,2.900000,6.000000,0.110061,0.032804,0.032804,0.000000,0.000000,1,1,1.000000,3.200000,3.200000,1,C0,
156.000000,2.929423,2.926000,2.930000,6.000000,0.109962,0.033375,0.033375,0.000000,0.000000,1,1,1.000000,3.200000,3.200000,1,C0,
156.500000,2.932559,2.935000,2.940000,6.000000,0.109864,0.034618,0.034618,0.000000,0.000000,1,1,1.000000,3.200000,3.200000,1,C0,
157.000000,2.935680,2.938000,2.930000,6.000000,0.109767,0.034855,0.034855,0.000000,0.000000,1,1,1.000000,3.200000,3.200000,1,C0,
157.500000,2.938834,2.939000,2.950000,6.000000,0.109671,0.033970,0.033970,0.000000,0.000000,1,1,1.000000,3.200000,3.200000,1,C0,
158.000000,2.941984,2.938000,2.970000,6.000000,0.109574,0.033983,0.033983,0.000000,0.000000,1,1,1.000000,3.200000,3.200000,1,C0,
158.500000,2.945167,2.946000,2.940000,6.000000,0.109477,0.033077,0.033077,0.000000,0.000000,1,1,1.000000,3.200000,3.200000,1,C0,
159.000000,2.948370,2.947000,2.950000,6.000000,0.109379,0.032512,0.032512,0.000000,0.000000,1,1,1.000000,3.200000,3.200000,1,C0,
159.500000,2.951453,2.946000,2.980000,6.000000,0.109281,0.035299,0.035299,0.000000,0.000000,1,1,1.000000,3.200000,3.200000,1,C0,
160.000000,2.954517,2.946000,2.960000,6.000000,0.109186,0.035636,0.035636,0.000000,0.000000,1,1,1.000000,3.200000,3.200000,1,C0,
160.500000,2.957661,2.957000,2.970000,6.000000,0.109092,0.033633,0.033633,0.000000,0.000000,1,1,1.000000,3.200000,3.200000,1,C0,
161.000000,2.960619,2.961000,2.950000,6.000000,0.108995,0.038009,0.038009,0.000000,0.000000,1,1,1.000000,3.200000,3.200000,1,C0,
161.500000,2.963800,2.967000,2.960000,6.000000,0.108904,0.032560,0.032560,0.000000,0.000000,1,1,1.000000,3.200000,3.200000,1,C0,
162.000000,2.966780,2.964000,2.970000,6.000000,0.108806,0.037295,0.037295,0.000000,0.000000,1,1,1.000000,3.200000,3.200000,1,C0,
162.500000,2.969756,2.969000,2.960000,6.000000,0.108714,0.037291,0.037291,0.000000,0.000000,1,1,1.000000,3.200000,3.200000,1,C0,
163.000000,2.972794,2.992000,2.990000,6.000000,0.108623,0.035694,0.035694,0.000000,0.000000,1,1,1.000000,3.200000,3.200000,1,C0,
163.500000,2.975733,2.982000,2.980000,6.000000,0.108529,0.038000,0.038000,0.000000,0.000000,1,1,1.000000,3.200000,3.200000,1,C0,
164.000000,2.978764,2.981000,2.990000,6.000000,0.108439,0.035685,0.035685,0.000000,0.000000,1,1,1.000000,3.200000,3.200000,1,C0,
164.500000,2.981793,2.984000,3.000000,6.000000,0.108346,0.035659,0.035659,0.000000,0.000000,1,1,1.000000,3.200000,3.200000,1,C0,
165.000000,2.984963,2.976000,3.000000,6.000000,0.108253,0.032162,0.032162,0.000000,0.000000,1,1,1.000000,3.200000,3.200000,1,C0,
165.500000,2.988098,2.986000,3.000000,6.000000,0.108155,0.032927,0.032927,0.000000,0.000000,1,1,1.000000,3.200000,3.200000,1,C0,
166.000000,2.991150,2.997000,2.990000,6.000000,0.108059,0.034801,0.034801,0.000000,0.000000,1,1,1.000000,3.200000,3.200000,1,C0,
166.500000,2.994313,2.993000,2.980000,6.000000,0.107965,0.032056,0.032056,0.000000,0.000000,1,1,1.000000,3.200000,3.200000,1,C0,
167.000000,2.997376,2.993000,3.020000,6.000000,0.107867,0.034351,0.034351,0.000000,0.000000,1,1,1.000000,3.200000,3.200000,1,C0,
167.500000,3.000434,3.003000,2.990000,6.000000,0.107773,0.034384,0.034384,0.000000,0.000000,1,1,1.000000,3.200000,3.200000,1,C0,
168.000000,3.003583,3.001000,2.990000,6.000000,0.107679,0.032111,0.032111,0.000000,0.000000,1,1,1.000000,3.200000,3.200000,1,C0,
168.500000,3.006585,3.008000,3.010000,6.000000,0.107582,0.035543,0.035543,0.000000,0.000000,1,1,1.000000,3.200000,3.200000,1,C0,
169.000000,3.009561,3.008000,3.010000,6.000000,0.107490,0.036047,0.036047,0.000000,0.000000,1,1,1.000000,3.200000,3.200000,1,C0,
169.500000,3.012700,3.007000,3.030000,6.000000,0.107398,0.032064,0.032064,0.000000,0.000000,1,1,1.000000,3.200000,3.200000,1,C0,
170.000000,3.015811,3.017000,3.020000,6.000000,0.107302,0.032642,0.032642,0.000000,0.000000,1,1,1.000000,3.200000,3.200000,1,C0,
170.500000,3.018729,3.013000,3.010000,6.000000,0.107206,0.037175,0.037175,0.000000,0.000000,1,1,1.000000,3.200000,3.200000,1,C0,
171.000000,3.021591,3.017000,3.010000,6.000000,0.107116,0.038417,0.038417,0.000000,0.000000,1,1,1.000000,3.200000,3.200000,1,C0,
171.500000,3.024597,3.024000,3.020000,6.000000,0.107028,0.034906,0.034906,0.000000,0.000000,1,1,1.000000,3.200000,3.200000,1,C0,
172.000000,3.027573,3.038000,3.020000,6.000000,0.106935,0.035508,0.035508,0.000000,0.000000,1,1,1.000000,3.200000,3.200000,1,C0,
172.500000,3.030571,3.035000,3.050000,6.000000,0.106844,0.034897,0.034897,0.000000,0.000000,1,1,1.000000,3.200000,3.200000,1,C0,
173.000000,3.033593,3.042000,3.030000,6.000000,0.106752,0.034201,0.034201,0.000000,0.000000,1,1,1.000000,3.200000,3.200000,1,C0,
173.500000,3.036457,3.047000,3.040000,6.000000,0.106659,0.037943,0.037943,0.000000,0.000000,1,1,1.000000,3.200000,3.200000,1,C0,
174.000000,3.039479,3.040000,3.050000,6.000000,0.106571,0.034030,0.034030,0.000000,0.000000,1,1,1.000000,3.200000,3.200000,1,C0,
174.500000,3.042506,3.055000,3.030000,6.000000,0.106478,0.033841,0.033841,0.000000,0.000000,1,1,1.000000,3.200000,3.200000,1,C0,
175.000000,3.045423,3.046000,3.050000,6.000000,0.106384,0.036364,0.036364,0.000000,0.000000,1,1,1.000000,3.200000,3.200000,1,C0,
175.500000,3.048527,3.036000,3.050000,6.000000,0.106295,0.031798,0.031798,0.000000,0.000000,1,1,1.000000,3.200000,3.200000,1,C0,
176.000000,3.051628,3.051000,3.050000,6.000000,0.106199,0.031773,0.031773,0.000000,0.000000,1,1,1.000000,3.200000,3.200000,1,C0,
176.500000,3.054573,3.053000,3.050000,6.000000,0.106104,0.035438,0.035438,0.000000,0.000000,1,1,1.000000,3.200000,3.200000,1,C0,
177.000000,3.057475,3.062000,3.050000,6.000000,0.106013,0.036359,0.036359,0.000000,0.000000,1,1,1.000000,3.200000,3.200000,1,C0,
177.500000,3.060466,3.054000,3.080000,6.000000,0.105924,0.034137,0.034137,0.000000,0.000000,1,1,1.000000,3.200000,3.200000,1,C0,
178.000000,3.063444,3.057000,3.070000,6.000000,0.105832,0.034370,0.034370,0.000000,0.000000,1,1,1.000000,3.200000,3.200000,1,C0,
178.500000,3.066359,3.055000,3.070000,6.000000,0.105740,0.035785,0.035785,0.000000,0.000000,1,1,1.000000,3.200000,3.200000,1,C0,
179.000000,3.069229,3.073000,3.060000,6.000000,0.105651,0.036767,0.036767,0.000000,0.000000,1,1,1.000000,3.200000,3.200000,1,C0,
179.500000,3.072299,3.074000,3.070000,6.000000,0.105562,0.031880,0.031880,0.000000,0.000000,1,1,1.000000,3.200000,3.200000,1,C0,
180.000000,3.075312,3.074000,3.070000,6.000000,0.105468,0.033146,0.033146,0.000000,0.000000,1,1,1.000000,4.800000,3.225000,1,C1,INV-004
180.500000,3.078370,3.083000,3.080000,6.000000,0.105375,0.031990,0.031990,0.000000,0.000000,1,1,1.000000,4.800000,3.250000,1,C0,
181.000000,3.081390,3.075000,3.090000,6.000000,0.105281,0.032795,0.032795,0.000000,0.000000,1,1,1.000000,4.800000,3.275000,1,C0,
181.500000,3.084192,3.087000,3.090000,6.000000,0.105188,0.037940,0.037940,0.000000,0.000000,1,1,1.000000,4.800000,3.300000,1,C0,
182.000000,3.087195,3.085000,3.090000,6.000000,0.105102,0.033022,0.033022,0.000000,0.000000,1,1,1.000000,4.800000,3.325000,1,C0,
182.500000,3.090109,3.097000,3.090000,6.000000,0.105009,0.035087,0.035087,0.000000,0.000000,1,1,1.000000,4.800000,3.350000,1,C0,
183.000000,3.092887,3.094000,3.080000,6.000000,0.104920,0.038242,0.038242,0.000000,0.000000,1,1,1.000000,4.800000,3.375000,1,C0,
183.500000,3.095746,3.106000,3.110000,6.000000,0.104834,0.036213,0.036213,0.000000,0.000000,1,1,1.000000,4.800000,3.400000,1,C0,
184.000000,3.098586,3.089000,3.100000,6.000000,0.104746,0.036585,0.036585,0.000000,0.000000,1,1,1.000000,4.800000,3.425000,1,C0,
184.500000,3.101418,3.107000,3.110000,6.000000,0.104659,0.036706,0.036706,0.000000,0.000000,1,1,1.000000,4.800000,3.450000,1,C0,
185.000000,3.104200,3.110000,3.080000,6.000000,0.104572,0.037790,0.037790,0.000000,0.000000,1,1,1.000000,4.800000,3.475000,1,C0,
185.500000,3.107097,3.102000,3.130000,6.000000,0.104486,0.034969,0.034969,0.000000,0.000000,1,1,1.000000,4.800000,3.500000,1,C0,
186.000000,3.109910,3.115000,3.100000,6.000000,0.104397,0.036878,0.036878,0.000000,0.000000,1,1,1.000000,4.800000,3.525000,1,C0,
186.500000,3.112784,3.114000,3.110000,6.000000,0.104310,0.035347,0.035347,0.000000,0.000000,1,1,1.000000,4.800000,3.550000,1,C0,
187.000000,3.115685,3.110000,3.120000,6.000000,0.104222,0.034585,0.034585,0.000000,0.000000,1,1,1.000000,4.800000,3.575000,1,C0,
187.500000,3.118636,3.112000,3.120000,6.000000,0.104133,0.033325,0.033325,0.000000,0.000000,1,1,1.000000,4.800000,3.600000,1,C0,
188.000000,3.121380,3.117000,3.130000,6.000000,0.104042,0.038182,0.038182,0.000000,0.000000,1,1,1.000000,4.800000,3.600000,1,C0,
188.500000,3.124182,3.131000,3.110000,6.000000,0.103958,0.036712,0.036712,0.000000,0.000000,1,1,1.000000,4.800000,3.600000,1,C0,
189.000000,3.126994,3.124000,3.120000,6.000000,0.103871,0.036380,0.036380,0.000000,0.000000,1,1,1.000000,4.800000,3.600000,1,C0,
189.500000,3.129990,3.128000,3.130000,6.000000,0.103785,0.031882,0.031882,0.000000,0.000000,1,1,1.000000,4.800000,3.600000,1,C0,
190.000000,3.132745,3.139000,3.130000,6.000000,0.103693,0.037556,0.037556,0.000000,0.000000,1,1,1.000000,4.800000,3.600000,1,C0,
190.500000,3.135644,3.130000,3.130000,6.000000,0.103608,0.034031,0.034031,0.000000,0.000000,1,1,1.000000,4.800000,3.600000,1,C0,
191.000000,3.138412,3.135000,3.150000,6.000000,0.103519,0.037109,0.037109,0.000000,0.000000,1,1,1.000000,4.800000,3.600000,1,C0,
191.500000,3.141192,3.139000,3.130000,6.000000,0.103433,0.036702,0.036702,0.000000,0.000000,1,1,1.000000,4.800000,3.600000,1,C0,
192.000000,3.144180,3.137000,3.140000,6.000000,0.103348,0.031640,0.031640,0.000000,0.000000,1,1,1.000000,4.800000,3.600000,1,C0,
192.500000,3.146888,3.146000,3.140000,6.000000,0.103256,0.038264,0.038264,0.000000,0.000000,1,1,1.000000,4.800000,3.600000,1,C0,
193.000000,3.149684,3.146000,3.150000,6.000000,0.103173,0.036071,0.036071,0.000000,0.000000,1,1,1.000000,4.800000,3.600000,1,C0,
193.500000,3.152415,3.145000,3.140000,6.000000,0.103087,0.037533,0.037533,0.000000,0.000000,1,1,1.000000,4.800000,3.600000,1,C0,
194.000000,3.155321,3.142000,3.160000,6.000000,0.103003,0.033256,0.033256,0.000000,0.000000,1,1,1.000000,4.800000,3.600000,1,C0,
194.500000,3.158014,3.160000,3.160000,6.000000,0.102913,0.038299,0.038299,0.000000,0.000000,1,1,1.000000,4.800000,3.600000,1,C0,
195.000000,3.160935,3.162000,3.160000,6.000000,0.102830,0.032720,0.032720,0.000000,0.000000,1,1,1.000000,4.800000,3.600000,1,C0,
195.500000,3.163901,3.169000,3.150000,6.000000,0.102740,0.031557,0.031557,0.000000,0.000000,1,1,1.000000,4.800000,3.600000,1,C0,
196.000000,3.166718,3.163000,3.170000,6.000000,0.102649,0.035034,0.035034,0.000000,0.000000,1,1,1.000000,4.800000,3.600000,1,C0,
196.500000,3.169513,3.174000,3.190000,6.000000,0.102563,0.035489,0.035489,0.000000,0.000000,1,1,1.000000,4.800000,3.600000,1,C0,
197.000000,3.172263,3.176000,3.170000,6.000000,0.102477,0.036463,0.036463,0.000000,0.000000,1,1,1.000000,4.800000,3.600000,1,C0,
197.500000,3.175006,3.169000,3.170000,6.000000,0.102392,0.036573,0.036573,0.000000,0.000000,1,1,1.000000,4.800000,3.600000,1,C0,
198.000000,3.177871,3.173000,3.170000,6.000000,0.102308,0.033555,0.033555,0.000000,0.000000,1,1,1.000000,4.800000,3.600000,1,C0,
198.500000,3.180645,3.180000,3.180000,6.000000,0.102219,0.035630,0.035630,0.000000,0.000000,1,1,1.000000,4.800000,3.600000,1,C0,
199.000000,3.183538,3.194000,3.170000,6.000000,0.102134,0.032712,0.032712,0.000000,0.000000,1,1,1.000000,4.800000,3.600000,1,C0,
199.500000,3.186433,3.183000,3.190000,6.000000,0.102045,0.032565,0.032565,0.000000,0.000000,1,1,1.000000,4.800000,3.600000,1,C0,
200.000000,3.189110,3.192000,3.180000,6.000000,0.101956,0.037688,0.037688,0.000000,0.000000,1,1,1.000000,4.800000,3.600000,1,C0,
200.500000,3.191918,3.181000,3.200000,6.000000,0.101874,0.034481,0.034481,0.000000,0.000000,1,1,1.000000,4.800000,3.600000,1,C0,
201.000000,3.194577,3.194000,3.200000,6.000000,0.101787,0.037980,0.037980,0.000000,0.000000,1,1,1.000000,4.800000,3.600000,1,C0,
201.500000,3.197339,3.194000,3.190000,6.000000,0.101705,0.035418,0.035418,0.000000,0.000000,1,1,1.000000,4.800000,3.600000,1,C0,
202.000000,3.199987,3.204000,3.200000,6.000000,0.101620,0.038069,0.038069,0.000000,0.000000,1,1,1.000000,4.800000,3.600000,1,C0,
202.500000,3.202826,3.205000,3.210000,6.000000,0.101539,0.033395,0.033395,0.000000,0.000000,1,1,1.000000,4.800000,3.600000,1,C0,
203.000000,3.205574,3.202000,3.210000,6.000000,0.101451,0.035511,0.035511,0.000000,0.000000,1,1,1.000000,4.800000,3.600000,1,C0,
203.500000,3.208385,3.207000,3.210000,6.000000,0.101367,0.033895,0.033895,0.000000,0.000000,1,1,1.000000,4.800000,3.600000,1,C0,
204.000000,3.211246,3.211000,3.220000,6.000000,0.101280,0.032623,0.032623,0.000000,0.000000,1,1,1.000000,4.800000,3.600000,1,C0,
204.500000,3.213892,3.209000,3.200000,6.000000,0.101192,0.037681,0.037681,0.000000,0.000000,1,1,1.000000,4.800000,3.600000,1,C0,
205.000000,3.216661,3.224000,3.210000,6.000000,0.101111,0.034658,0.034658,0.000000,0.000000,1,1,1.000000,4.800000,3.600000,1,C0,
205.500000,3.219485,3.214000,3.210000,6.000000,0.101026,0.033257,0.033257,0.000000,0.000000,1,1,1.000000,4.800000,3.600000,1,C0,
206.000000,3.222264,3.217000,3.230000,6.000000,0.100939,0.034240,0.034240,0.000000,0.000000,1,1,1.000000,4.800000,3.600000,1,C0,
206.500000,3.225026,3.220000,3.220000,6.000000,0.100853,0.034554,0.034554,0.000000,0.000000,1,1,1.000000,4.800000,3.600000,1,C0,
207.000000,3.227755,3.220000,3.210000,6.000000,0.100768,0.035282,0.035282,0.000000,0.000000,1,1,1.000000,4.800000,3.600000,1,C0,
207.500000,3.230372,3.232000,3.220000,6.000000,0.100684,0.037870,0.037870,0.000000,0.000000,1,1,1.000000,4.800000,3.600000,1,C0,
208.000000,3.233181,3.233000,3.230000,6.000000,0.100604,0.033198,0.033198,0.000000,0.000000,1,1,1.000000,4.800000,3.600000,1,C0,
208.500000,3.235808,3.233000,3.240000,6.000000,0.100518,0.037460,0.037460,0.000000,0.000000,1,1,1.000000,4.800000,3.600000,1,C0,
209.000000,3.238610,3.238000,3.250000,6.000000,0.100437,0.033185,0.033185,0.000000,0.000000,1,1,1.000000,4.800000,3.600000,1,C0,
209.500000,3.241464,3.247000,3.250000,6.000000,0.100350,0.031874,0.031874,0.000000,0.000000,1,1,1.000000,4.800000,3.600000,1,C0,
210.000000,3.244094,3.246000,3.230000,6.000000,0.100263,0.037147,0.037147,0.000000,0.000000,1,1,1.000000,4.800000,3.600000,1,C0,
210.500000,3.246826,3.247000,3.250000,6.000000,0.100182,0.034612,0.034612,0.000000,0.000000,1,1,1.000000,4.800000,3.600000,1,C0,
211.000000,3.249452,3.244000,3.250000,6.000000,0.100098,0.037075,0.037075,0.000000,0.000000,1,1,1.000000,4.800000,3.600000,1,C0,
211.500000,3.252278,3.244000,3.260000,6.000000,0.100017,0.032191,0.032191,0.000000,0.000000,1,1,1.000000,4.800000,3.600000,1,C0,
212.000000,3.255038,3.245000,3.250000,6.000000,0.099930,0.033689,0.033689,0.000000,0.000000,1,1,1.000000,4.800000,3.600000,1,C0,
212.500000,3.257788,3.263000,3.270000,6.000000,0.099845,0.033842,0.033842,0.000000,0.000000,1,1,1.000000,4.800000,3.600000,1,C0,
213.000000,3.260528,3.271000,3.260000,6.000000,0.099760,0.034008,0.034008,0.000000,0.000000,1,1,1.000000,4.800000,3.600000,1,C0,
213.500000,3.263276,3.259000,3.260000,6.000000,0.099676,0.033712,0.033712,0.000000,0.000000,1,1,1.000000,4.800000,3.600000,1,C0,
214.000000,3.265969,3.264000,3.260000,6.000000,0.099592,0.034964,0.034964,0.000000,0.000000,1,1,1.000000,4.800000,3.600000,1,C0,
214.500000,3.268793,3.267000,3.250000,6.000000,0.099509,0.031735,0.031735,0.000000,0.000000,1,1,1.000000,4.800000,3.600000,1,C0,
215.000000,3.271344,3.277000,3.270000,6.000000,0.099422,0.038191,0.038191,0.000000,0.000000,1,1,1.000000,4.800000,3.600000,1,C0,
215.500000,3.274120,3.268000,3.290000,6.000000,0.099343,0.032709,0.032709,0.000000,0.000000,1,1,1.000000,4.800000,3.600000,1,C0,
216.000000,3.276939,3.274000,3.290000,6.000000,0.099258,0.031607,0.031607,0.000000,0.000000,1,1,1.000000,4.800000,3.600000,1,C0,
216.500000,3.279635,3.272000,3.270000,6.000000,0.099171,0.034474,0.034474,0.000000,0.000000,1,1,1.000000,4.800000,3.600000,1,C0,
217.000000,3.282336,3.280000,3.290000,6.000000,0.099088,0.034271,0.034271,0.000000,0.000000,1,1,1.000000,4.800000,3.600000,1,C0,
217.500000,3.284857,3.280000,3.280000,6.000000,0.099005,0.038489,0.038489,0.000000,0.000000,1,1,1.000000,4.800000,3.600000,1,C0,
218.000000,3.287648,3.285000,3.290000,6.000000,0.098927,0.031949,0.031949,0.000000,0.000000,1,1,1.000000,4.800000,3.600000,1,C0,
218.500000,3.290437,3.293000,3.290000,6.000000,0.098842,0.031898,0.031898,0.000000,0.000000,1,1,1.000000,4.800000,3.600000,1,C0,
219.000000,3.293167,3.305000,3.300000,6.000000,0.098756,0.033234,0.033234,0.000000,0.000000,1,1,1.000000,4.800000,3.600000,1,C0,
219.500000,3.295811,3.292000,3.280000,6.000000,0.098672,0.035212,0.035212,0.000000,0.000000,1,1,1.000000,4.800000,3.600000,1,C0,
220.000000,3.298451,3.298000,3.280000,6.000000,0.098590,0.035247,0.035247,0.000000,0.000000,1,1,1.000000,4.800000,3.600000,1,C0,
220.500000,3.300975,3.307000,3.320000,6.000000,0.098509,0.037918,0.037918,0.000000,0.000000,1,1,1.000000,4.800000,3.600000,1,C0,
221.000000,3.303610,3.296000,3.310000,6.000000,0.098432,0.035214,0.035214,0.000000,0.000000,1,1,1.000000,4.800000,3.600000,1,C0,
221.500000,3.306370,3.300000,3.290000,6.000000,0.098350,0.032091,0.032091,0.000000,0.000000,1,1,1.000000,4.800000,3.600000,1,C0,
222.000000,3.308973,3.307000,3.300000,6.000000,0.098266,0.035810,0.035810,0.000000,0.000000,1,1,1.000000,4.800000,3.600000,1,C0,
222.500000,3.311532,3.302000,3.320000,6.000000,0.098185,0.036758,0.036758,0.000000,0.000000,1,1,1.000000,4.800000,3.600000,1,C0,
223.000000,3.314043,3.303000,3.310000,6.000000,0.098107,0.037839,0.037839,0.000000,0.000000,1,1,1.000000,4.800000,3.600000,1,C0,
223.500000,3.316705,3.318000,3.280000,6.000000,0.098029,0.034159,0.034159,0.000000,0.000000,1,1,1.000000,4.800000,3.600000,1,C0,
224.000000,3.319282,3.316000,3.310000,6.000000,0.097948,0.036097,0.036097,0.000000,0.000000,1,1,1.000000,4.800000,3.600000,1,C0,
224.500000,3.321919,3.328000,3.340000,6.000000,0.097868,0.034566,0.034566,0.000000,0.000000,1,1,1.000000,4.800000,3.600000,1,C0,
225.000000,3.324656,3.330000,3.340000,6.000000,0.097787,0.032097,0.032097,0.000000,0.000000,1,1,1.000000,4.800000,3.600000,1,C0,
225.500000,3.327393,3.322000,3.330000,6.000000,0.097703,0.032027,0.032027,0.000000,0.000000,1,1,1.000000,4.800000,3.600000,1,C0,
226.000000,3.329972,3.336000,3.340000,6.000000,0.097619,0.035716,0.035716,0.000000,0.000000,1,1,1.000000,4.800000,3.600000,1,C0,
226.500000,3.332554,3.331000,3.320000,6.000000,0.097539,0.035574,0.035574,0.000000,0.000000,1,1,1.000000,4.800000,3.600000,1,C0,
227.000000,3.335167,3.336000,3.340000,6.000000,0.097460,0.034742,0.034742,0.000000,0.000000,1,1,1.000000,4.800000,3.600000,1,C0,
227.500000,3.337773,3.348000,3.350000,6.000000,0.097379,0.034843,0.034843,0.000000,0.000000,1,1,1.000000,4.800000,3.600000,1,C0,
228.000000,3.340247,3.335000,3.350000,6.000000,0.097299,0.037920,0.037920,0.000000,0.000000,1,1,1.000000,4.800000,3.600000,1,C0,
228.500000,3.342978,3.342000,3.350000,6.000000,0.097223,0.031693,0.031693,0.000000,0.000000,1,1,1.000000,4.800000,3.600000,1,C0,
229.000000,3.345642,3.354000,3.360000,6.000000,0.097139,0.033199,0.033199,0.000000,0.000000,1,1,1.000000,4.800000,3.600000,1,C0,
229.500000,3.348324,3.345000,3.350000,6.000000,0.097057,0.032687,0.032687,0.000000,0.000000,1,1,1.000000,4.800000,3.600000,1,C0,
230.000000,3.350782,3.345000,3.340000,6.000000,0.096975,0.037983,0.037983,0.000000,0.000000,1,1,1.000000,4.800000,3.600000,1,C0,
230.500000,3.353456,3.351000,3.380000,6.000000,0.096899,0.032713,0.032713,0.000000,0.000000,1,1,1.000000,4.800000,3.600000,1,C0,
231.000000,3.356160,3.350000,3.350000,6.000000,0.096817,0.031917,0.031917,0.000000,0.000000,1,1,1.000000,4.800000,3.600000,1,C0,
231.500000,3.358651,3.367000,3.370000,6.000000,0.096734,0.036949,0.036949,0.000000,0.000000,1,1,1.000000,4.800000,3.600000,1,C0,
232.000000,3.361343,3.363000,3.360000,6.000000,0.096657,0.032069,0.032069,0.000000,0.000000,1,1,1.000000,4.800000,3.600000,1,C0,
232.500000,3.363867,3.351000,3.370000,6.000000,0.096574,0.035995,0.035995,0.000000,0.000000,1,1,1.000000,4.800000,3.600000,1,C0,
233.000000,3.366499,3.361000,3.360000,6.000000,0.096496,0.033319,0.033319,0.000000,0.000000,1,1,1.000000,4.800000,3.600000,1,C0,
233.500000,3.368959,3.371000,3.360000,6.000000,0.096415,0.037386,0.037386,0.000000,0.000000,1,1,1.000000,4.800000,3.600000,1,C0,
234.000000,3.371594,3.369000,3.390000,6.000000,0.096340,0.033083,0.033083,0.000000,0.000000,1,1,1.000000,4.800000,3.600000,1,C0,
234.500000,3.374091,3.380000,3.370000,6.000000,0.096259,0.036331,0.036331,0.000000,0.000000,1,1,1.000000,4.800000,3.600000,1,C0,
235.000000,3.376726,3.370000,3.390000,6.000000,0.096182,0.032942,0.032942,0.000000,0.000000,1,1,1.000000,4.800000,3.600000,1,C0,
235.500000,3.379142,3.380000,3.370000,6.000000,0.096101,0.038131,0.038131,0.000000,0.000000,1,1,1.000000,4.800000,3.600000,1,C0,
236.000000,3.381645,3.387000,3.390000,6.000000,0.096026,0.035952,0.035952,0.000000,0.000000,1,1,1.000000,4.800000,3.600000,1,C0,
236.500000,3.384067,3.381000,3.390000,6.000000,0.095949,0.037813,0.037813,0.000000,0.000000,1,1,1.000000,4.800000,3.600000,1,C0,
237.000000,3.386706,3.383000,3.390000,6.000000,0.095875,0.032541,0.032541,0.000000,0.000000,1,1,1.000000,4.800000,3.600000,1,C0,
237.500000,3.389165,3.392000,3.390000,6.000000,0.095794,0.036785,0.036785,0.000000,0.000000,1,1,1.000000,4.800000,3.600000,1,C0,
238.000000,3.391730,3.395000,3.380000,6.000000,0.095718,0.034164,0.034164,0.000000,0.000000,1,1,1.000000,4.800000,3.600000,1,C0,
238.500000,3.394369,3.395000,3.390000,6.000000,0.095639,0.032299,0.032299,0.000000,0.000000,1,1,1.000000,4.800000,3.600000,1,C0,
239.000000,3.396971,3.404000,3.400000,6.000000,0.095558,0.033095,0.033095,0.000000,0.000000,1,1,1.000000,4.800000,3.600000,1,C0,
239.500000,3.399487,3.398000,3.390000,6.000000,0.095478,0.035096,0.035096,0.000000,0.000000,1,1,1.000000,4.800000,3.600000,1,C0,
240.000000,3.402029,3.403000,3.380000,6.000000,0.095400,0.034398,0.034398,0.000000,0.000000,1,1,1.000000,4.800000,3.600000,1,C0,
240.500000,3.404478,3.409000,3.400000,6.000000,0.095322,0.036546,0.036546,0.000000,0.000000,1,1,1.000000,4.800000,3.600000,1,C0,
241.000000,3.406944,3.394000,3.410000,6.000000,0.095247,0.036051,0.036051,0.000000,0.000000,1,1,1.000000,4.800000,3.600000,1,C0,
241.500000,3.409333,3.405000,3.420000,6.000000,0.095171,0.037844,0.037844,0.000000,0.000000,1,1,1.000000,4.800000,3.600000,1,C0,
242.000000,3.411840,3.404000,3.440000,6.000000,0.095097,0.034940,0.034940,0.000000,0.000000,1,1,1.000000,4.800000,3.600000,1,C0,
242.500000,3.414400,3.420000,3.420000,6.000000,0.095020,0.033579,0.033579,0.000000,0.000000,1,1,1.000000,4.800000,3.600000,1,C0,
243.000000,3.416815,3.413000,3.410000,6.000000,0.094942,0.036987,0.036987,0.000000,0.000000,1,1,1.000000,4.800000,3.600000,1,C0,
243.500000,3.419278,3.421000,3.440000,6.000000,0.094867,0.035739,0.035739,0.000000,0.000000,1,1,1.000000,4.800000,3.600000,1,C0,
244.000000,3.421736,3.422000,3.420000,6.000000,0.094791,0.035801,0.035801,0.000000,0.000000,1,1,1.000000,4.800000,3.600000,1,C0,
244.500000,3.424316,3.427000,3.440000,6.000000,0.094716,0.032793,0.032793,0.000000,0.000000,1,1,1.000000,4.800000,3.600000,1,C0,
245.000000,3.426687,3.428000,3.440000,6.000000,0.094636,0.037729,0.037729,0.000000,0.000000,1,1,1.000000,4.800000,3.600000,1,C0,
245.500000,3.429122,3.426000,3.420000,6.000000,0.094563,0.036121,0.036121,0.000000,0.000000,1,1,1.000000,4.800000,3.600000,1,C0,
246.000000,3.431683,3.436000,3.430000,6.000000,0.094489,0.033032,0.033032,0.000000,0.000000,1,1,1.000000,4.800000,3.600000,1,C0,
246.500000,3.434115,3.431000,3.440000,6.000000,0.094410,0.036044,0.036044,0.000000,0.000000,1,1,1.000000,4.800000,3.600000,1,C0,
247.000000,3.436480,3.432000,3.440000,6.000000,0.094335,0.037569,0.037569,0.000000,0.000000,1,1,1.000000,4.800000,3.600000,1,C0,
247.500000,3.439028,3.440000,3.430000,6.000000,0.094262,0.033127,0.033127,0.000000,0.000000,1,1,1.000000,4.800000,3.600000,1,C0,
248.000000,3.441410,3.429000,3.440000,6.000000,0.094184,0.037000,0.037000,0.000000,0.000000,1,1,1.000000,4.800000,3.600000,1,C0,
248.500000,3.444006,3.443000,3.450000,6.000000,0.094110,0.031805,0.031805,0.000000,0.000000,1,1,1.000000,4.800000,3.600000,1,C0,
249.000000,3.446451,3.445000,3.450000,6.000000,0.094031,0.035356,0.035356,0.000000,0.000000,1,1,1.000000,4.800000,3.600000,1,C0,
249.500000,3.448981,3.452000,3.470000,6.000000,0.093955,0.033236,0.033236,0.000000,0.000000,1,1,1.000000,4.800000,3.600000,1,C0,
250.000000,3.451327,3.449000,3.450000,6.000000,0.093878,0.037580,0.037580,0.000000,0.000000,1,1,1.000000,4.800000,3.600000,1,C0,
250.500000,3.453902,3.446000,3.460000,6.000000,0.093805,0.031999,0.031999,0.000000,0.000000,1,1,1.000000,4.800000,3.600000,1,C0,
251.000000,3.456204,3.456000,3.450000,6.000000,0.093726,0.038473,0.038473,0.000000,0.000000,1,1,1.000000,4.800000,3.600000,1,C0,
251.500000,3.458716,3.455000,3.450000,6.000000,0.093655,0.033362,0.033362,0.000000,0.000000,1,1,1.000000,4.800000,3.600000,1,C0,
252.000000,3.461295,3.463000,3.470000,6.000000,0.093578,0.031686,0.031686,0.000000,0.000000,1,1,1.000000,4.800000,3.600000,1,C0,
252.500000,3.463738,3.461000,3.460000,6.000000,0.093499,0.034871,0.034871,0.000000,0.000000,1,1,1.000000,4.800000,3.600000,1,C0,
253.000000,3.466275,3.469000,3.470000,6.000000,0.093423,0.032528,0.032528,0.000000,0.000000,1,1,1.000000,4.800000,3.600000,1,C0,
253.500000,3.468792,3.467000,3.470000,6.000000,0.093345,0.032942,0.032942,0.000000,0.000000,1,1,1.000000,4.800000,3.600000,1,C0,
254.000000,3.471164,3.466000,3.470000,6.000000,0.093268,0.036350,0.036350,0.000000,0.000000,1,1,1.000000,4.800000,3.600000,1,C0,
254.500000,3.473593,3.474000,3.470000,6.000000,0.093195,0.034901,0.034901,0.000000,0.000000,1,1,1.000000,4.800000,3.600000,1,C0,
255.000000,3.475953,3.484000,3.450000,6.000000,0.093120,0.036477,0.036477,0.000000,0.000000,1,1,1.000000,4.800000,3.600000,1,C0,
255.500000,3.478415,3.479000,3.460000,6.000000,0.093048,0.033969,0.033969,0.000000,0.000000,1,1,1.000000,4.800000,3.600000,1,C0,
256.000000,3.480713,3.481000,3.470000,6.000000,0.092972,0.037817,0.037817,0.000000,0.000000,1,1,1.000000,4.800000,3.600000,1,C0,
256.500000,3.483227,3.488000,3.500000,6.000000,0.092901,0.032562,0.032562,0.000000,0.000000,1,1,1.000000,4.800000,3.600000,1,C0,
257.000000,3.485524,3.474000,3.480000,6.000000,0.092824,0.037697,0.037697,0.000000,0.000000,1,1,1.000000,4.800000,3.600000,1,C0,
257.500000,3.488000,3.491000,3.480000,6.000000,0.092753,0.033316,0.033316,0.000000,0.000000,1,1,1.000000,4.800000,3.600000,1,C0,
258.000000,3.490396,3.492000,3.490000,6.000000,0.092677,0.035183,0.035183,0.000000,0.000000,1,1,1.000000,4.800000,3.600000,1,C0,
258.500000,3.492904,3.492000,3.480000,6.000000,0.092603,0.032410,0.032410,0.000000,0.000000,1,1,1.000000,4.800000,3.600000,1,C0,
259.000000,3.495416,3.488000,3.490000,6.000000,0.092526,0.032236,0.032236,0.000000,0.000000,1,1,1.000000,4.800000,3.600000,1,C0,
259.500000,3.497682,3.496000,3.520000,6.000000,0.092449,0.038067,0.038067,0.000000,0.000000,1,1,1.000000,4.800000,3.600000,1,C0,
260.000000,3.500139,3.504000,3.500000,6.000000,0.092379,0.033405,0.033405,0.000000,0.000000,1,1,1.000000,4.800000,3.600000,1,C0,
260.500000,3.502407,3.498000,3.510000,6.000000,0.092303,0.037883,0.037883,0.000000,0.000000,1,1,1.000000,4.800000,3.600000,1,C0,
261.000000,3.504932,3.502000,3.500000,6.000000,0.092234,0.031615,0.031615,0.000000,0.000000,1,1,1.000000,4.800000,3.600000,1,C0,
261.500000,3.507239,3.505000,3.500000,6.000000,0.092156,0.036796,0.036796,0.000000,0.000000,1,1,1.000000,4.800000,3.600000,1,C0,
262.000000,3.509537,3.515000,3.510000,6.000000,0.092085,0.036928,0.036928,0.000000,0.000000,1,1,1.000000,4.800000,3.600000,1,C0,
262.500000,3.511880,3.515000,3.530000,6.000000,0.092014,0.035787,0.035787,0.000000,0.000000,1,1,1.000000,4.800000,3.600000,1,C0,
263.000000,3.514169,3.513000,3.500000,6.000000,0.091942,0.037005,0.037005,0.000000,0.000000,1,1,1.000000,4.800000,3.600000,1,C0,
263.500000,3.516609,3.519000,3.530000,6.000000,0.091872,0.033307,0.033307,0.000000,0.000000,1,1,1.000000,4.800000,3.600000,1,C0,
264.000000,3.519101,3.525000,3.540000,6.000000,0.091797,0.031994,0.031994,0.000000,0.000000,1,1,1.000000,4.800000,3.600000,1,C0,
264.500000,3.521349,3.522000,3.530000,6.000000,0.091720,0.037776,0.037776,0.000000,0.000000,1,1,1.000000,4.800000,3.600000,1,C0,
265.000000,3.523784,3.528000,3.510000,6.000000,0.091651,0.033210,0.033210,0.000000,0.000000,1,1,1.000000,4.800000,3.600000,1,C0,
265.500000,3.526121,3.534000,3.530000,6.000000,0.091576,0.035485,0.035485,0.000000,0.000000,1,1,1.000000,4.800000,3.600000,1,C0,
266.000000,3.528410,3.532000,3.520000,6.000000,0.091504,0.036576,0.036576,0.000000,0.000000,1,1,1.000000,4.800000,3.600000,1,C0,
266.500000,3.530700,3.526000,3.540000,6.000000,0.091434,0.036464,0.036464,0.000000,0.000000,1,1,1.000000,4.800000,3.600000,1,C0,
267.000000,3.532988,3.527000,3.530000,6.000000,0.091363,0.036452,0.036452,0.000000,0.000000,1,1,1.000000,4.800000,3.600000,1,C0,
267.500000,3.535328,3.535000,3.550000,6.000000,0.091293,0.035135,0.035135,0.000000,0.000000,1,1,1.000000,4.800000,3.600000,1,C0,
268.000000,3.537597,3.532000,3.540000,6.000000,0.091221,0.036761,0.036761,0.000000,0.000000,1,1,1.000000,4.800000,3.600000,1,C0,
268.500000,3.539858,3.539000,3.530000,6.000000,0.091151,0.036885,0.036885,0.000000,0.000000,1,1,1.000000,4.800000,3.600000,1,C0,
269.000000,3.542105,3.537000,3.550000,6.000000,0.091081,0.037145,0.037145,0.000000,0.000000,1,1,1.000000,4.800000,3.600000,1,C0,
269.500000,3.544392,3.546000,3.550000,6.000000,0.091012,0.036146,0.036146,0.000000,0.000000,1,1,1.000000,4.800000,3.600000,1,C0,
270.000000,3.546725,3.544000,3.540000,6.000000,0.090942,0.034950,0.034950,0.000000,0.000000,1,1,1.000000,4.800000,3.600000,1,C0,
270.500000,3.549018,3.548000,3.550000,6.000000,0.090870,0.035834,0.035834,0.000000,0.000000,1,1,1.000000,4.800000,3.600000,1,C0,
271.000000,3.551416,3.562000,3.540000,6.000000,0.090799,0.033229,0.033229,0.000000,0.000000,1,1,1.000000,4.800000,3.600000,1,C0,
271.500000,3.553741,3.550000,3.560000,6.000000,0.090726,0.034928,0.034928,0.000000,0.000000,1,1,1.000000,4.800000,3.600000,1,C0,
272.000000,3.556192,3.552000,3.550000,6.000000,0.090654,0.031842,0.031842,0.000000,0.000000,1,1,1.000000,4.800000,3.600000,1,C0,
272.500000,3.558512,3.553000,3.560000,6.000000,0.090579,0.034885,0.034885,0.000000,0.000000,1,1,1.000000,4.800000,3.600000,1,C0,
273.000000,3.560695,3.559000,3.560000,6.000000,0.090507,0.038118,0.038118,0.000000,0.000000,1,1,1.000000,4.800000,3.600000,1,C0,
273.500000,3.563013,3.558000,3.550000,6.000000,0.090440,0.034807,0.034807,0.000000,0.000000,1,1,1.000000,4.800000,3.600000,1,C0,
274.000000,3.565297,3.561000,3.570000,6.000000,0.090369,0.035564,0.035564,0.000000,0.000000,1,1,1.000000,4.800000,3.600000,1,C0,
274.500000,3.567578,3.563000,3.560000,6.000000,0.090299,0.035546,0.035546,0.000000,0.000000,1,1,1.000000,4.800000,3.600000,1,C0,
275.000000,3.569771,3.568000,3.560000,6.000000,0.090228,0.037601,0.037601,0.000000,0.000000,1,1,1.000000,4.800000,3.600000,1,C0,
275.500000,3.572039,3.569000,3.570000,6.000000,0.090161,0.035734,0.035734,0.000000,0.000000,1,1,1.000000,4.800000,3.600000,1,C0,
276.000000,3.574201,3.575000,3.580000,6.000000,0.090091,0.038194,0.038194,0.000000,0.000000,1,1,1.000000,4.800000,3.600000,1,C0,
276.500000,3.576537,3.570000,3.580000,6.000000,0.090025,0.033962,0.033962,0.000000,0.000000,1,1,1.000000,4.800000,3.600000,1,C0,
277.000000,3.578726,3.582000,3.580000,6.000000,0.089953,0.037427,0.037427,0.000000,0.000000,1,1,1.000000,4.800000,3.600000,1,C0,
277.500000,3.581089,3.588000,3.570000,6.000000,0.089885,0.033158,0.033158,0.000000,0.000000,1,1,1.000000,4.800000,3.600000,1,C0,
278.000000,3.583422,3.586000,3.580000,6.000000,0.089813,0.033819,0.033819,0.000000,0.000000,1,1,1.000000,4.800000,3.600000,1,C0,
278.500000,3.585682,3.585000,3.570000,6.000000,0.089741,0.035503,0.035503,0.000000,0.000000,1,1,1.000000,4.800000,3.600000,1,C0,
279.000000,3.588018,3.585000,3.590000,6.000000,0.089671,0.033613,0.033613,0.000000,0.000000,1,1,1.000000,4.800000,3.600000,1,C0,
279.500000,3.590369,3.595000,3.590000,6.000000,0.089599,0.033189,0.033189,0.000000,0.000000,1,1,1.000000,4.800000,3.600000,1,C0,
280.000000,3.592741,3.600000,3.610000,6.000000,0.089527,0.032578,0.032578,0.000000,0.000000,1,1,1.000000,4.800000,3.600000,1,C0,
280.500000,3.595025,3.596000,3.590000,6.000000,0.089454,0.034637,0.034637,0.000000,0.000000,1,1,1.000000,4.800000,3.600000,1,C0,
281.000000,3.597404,3.593000,3.600000,6.000000,0.089384,0.032300,0.032300,0.000000,0.000000,1,1,1.000000,4.800000,3.600000,1,C0,
281.500000,3.599559,3.600000,3.610000,6.000000,0.089311,0.037583,0.037583,0.000000,0.000000,1,1,1.000000,4.800000,3.600000,1,C0,
282.000000,3.601791,3.590000,3.620000,6.000000,0.089244,0.035687,0.035687,0.000000,0.000000,1,1,1.000000,4.800000,3.600000,1,C0,
282.500000,3.604157,3.603000,3.600000,6.000000,0.089176,0.032377,0.032377,0.000000,0.000000,1,1,1.000000,4.800000,3.600000,1,C0,
283.000000,3.606495,3.606000,3.620000,6.000000,0.089103,0.032991,0.032991,0.000000,0.000000,1,1,1.000000,4.800000,3.600000,1,C0,
283.500000,3.608729,3.607000,3.600000,6.000000,0.089031,0.035417,0.035417,0.000000,0.000000,1,1,1.000000,4.800000,3.600000,1,C0,
284.000000,3.611048,3.612000,3.600000,6.000000,0.088962,0.033321,0.033321,0.000000,0.000000,1,1,1.000000,4.800000,3.600000,1,C0,
284.500000,3.613195,3.616000,3.610000,6.000000,0.088891,0.037360,0.037360,0.000000,0.000000,1,1,1.000000,4.800000,3.600000,1,C0,
285.000000,3.615334,3.622000,3.620000,6.000000,0.088825,0.037484,0.037484,0.000000,0.000000,1,1,1.000000,4.800000,3.600000,1,C0,
285.500000,3.617433,3.616000,3.620000,6.000000,0.088759,0.038381,0.038381,0.000000,0.000000,1,1,1.000000,4.800000,3.600000,1,C0,
286.000000,3.619741,3.615000,3.630000,6.000000,0.088694,0.033307,0.033307,0.000000,0.000000,1,1,1.000000,4.800000,3.600000,1,C0,
286.500000,3.622097,3.632000,3.640000,6.000000,0.088623,0.032068,0.032068,0.000000,0.000000,1,1,1.000000,4.800000,3.600000,1,C0,
287.000000,3.624382,3.631000,3.620000,6.000000,0.088551,0.033714,0.033714,0.000000,0.000000,1,1,1.000000,4.800000,3.600000,1,C0,
287.500000,3.626565,3.621000,3.620000,6.000000,0.088481,0.036089,0.036089,0.000000,0.000000,1,1,1.000000,4.800000,3.600000,1,C0,
288.000000,3.628686,3.626000,3.620000,6.000000,0.088413,0.037514,0.037514,0.000000,0.000000,1,1,1.000000,4.800000,3.600000,1,C0,
288.500000,3.630833,3.639000,3.620000,6.000000,0.088348,0.036819,0.036819,0.000000,0.000000,1,1,1.000000,4.800000,3.600000,1,C0,
289.000000,3.632919,3.626000,3.640000,6.000000,0.088282,0.038232,0.038232,0.000000,0.000000,1,1,1.000000,4.800000,3.600000,1,C0,
289.500000,3.635228,3.640000,3.630000,6.000000,0.088218,0.032793,0.032793,0.000000,0.000000,1,1,1.000000,4.800000,3.600000,1,C0,
290.000000,3.637379,3.643000,3.630000,6.000000,0.088147,0.036515,0.036515,0.000000,0.000000,1,1,1.000000,4.800000,3.600000,1,C0,
290.500000,3.639667,3.635000,3.630000,6.000000,0.088081,0.033183,0.033183,0.000000,0.000000,1,1,1.000000,4.800000,3.600000,1,C0,
291.000000,3.641844,3.652000,3.650000,6.000000,0.088010,0.035760,0.035760,0.000000,0.000000,1,1,1.000000,4.800000,3.600000,1,C0,
291.500000,3.643904,3.641000,3.650000,6.000000,0.087943,0.038487,0.038487,0.000000,0.000000,1,1,1.000000,4.800000,3.600000,1,C0,
292.000000,3.645981,3.648000,3.640000,6.000000,0.087880,0.038048,0.038048,0.000000,0.000000,1,1,1.000000,4.800000,3.600000,1,C0,
292.500000,3.648134,3.644000,3.650000,6.000000,0.087816,0.036149,0.036149,0.000000,0.000000,1,1,1.000000,4.800000,3.600000,1,C0,
293.000000,3.650241,3.644000,3.660000,6.000000,0.087750,0.037162,0.037162,0.000000,0.000000,1,1,1.000000,4.800000,3.600000,1,C0,
293.500000,3.652450,3.647000,3.660000,6.000000,0.087685,0.034690,0.034690,0.000000,0.000000,1,1,1.000000,4.800000,3.600000,1,C0,
294.000000,3.654596,3.650000,3.660000,6.000000,0.087617,0.036110,0.036110,0.000000,0.000000,1,1,1.000000,4.800000,3.600000,1,C0,
294.500000,3.656718,3.662000,3.640000,6.000000,0.087551,0.036617,0.036617,0.000000,0.000000,1,1,1.000000,4.800000,3.600000,1,C0,
295.000000,3.658890,3.658000,3.670000,6.000000,0.087486,0.035368,0.035368,0.000000,0.000000,1,1,1.000000,4.800000,3.600000,1,C0,
295.500000,3.661217,3.654000,3.660000,6.000000,0.087419,0.031564,0.031564,0.000000,0.000000,1,1,1.000000,4.800000,3.600000,1,C0,
296.000000,3.663333,3.663000,3.670000,6.000000,0.087347,0.036547,0.036547,0.000000,0.000000,1,1,1.000000,4.800000,3.600000,1,C0,
296.500000,3.665383,3.657000,3.660000,6.000000,0.087282,0.038100,0.038100,0.000000,0.000000,1,1,1.000000,4.800000,3.600000,1,C0,
297.000000,3.667620,3.666000,3.660000,6.000000,0.087219,0.033528,0.033528,0.000000,0.000000,1,1,1.000000,4.800000,3.600000,1,C0,
297.500000,3.669826,3.668000,3.660000,6.000000,0.087150,0.034194,0.034194,0.000000,0.000000,1,1,1.000000,4.800000,3.600000,1,C0,
298.000000,3.672099,3.680000,3.670000,6.000000,0.087082,0.032532,0.032532,0.000000,0.000000,1,1,1.000000,4.800000,3.600000,1,C0,
298.500000,3.674154,3.680000,3.670000,6.000000,0.087012,0.037695,0.037695,0.000000,0.000000,1,1,1.000000,4.800000,3.600000,1,C0,
299.000000,3.676274,3.672000,3.660000,6.000000,0.086949,0.036065,0.036065,0.000000,0.000000,1,1,1.000000,4.800000,3.600000,1,C0,
299.500000,3.678386,3.672000,3.660000,6.000000,0.086884,0.036205,0.036205,0.000000,0.000000,1,1,1.000000,4.800000,3.600000,1,C0,
300.000000,3.680454,3.685000,3.710000,6.000000,0.086819,0.037184,0.037184,0.000000,0.000000,1,1,1.000000,4.800000,3.600000,1,C0,
300.500000,3.682569,3.680000,3.690000,6.000000,0.086755,0.035995,0.035995,0.000000,0.000000,1,1,1.000000,4.800000,3.600000,1,C0,
301.000000,3.684730,3.681000,3.680000,6.000000,0.086690,0.034826,0.034826,0.000000,0.000000,1,1,1.000000,4.800000,3.600000,1,C0,
301.500000,3.686865,3.685000,3.690000,6.000000,0.086624,0.035393,0.035393,0.000000,0.000000,1,1,1.000000,4.800000,3.600000,1,C0,
302.000000,3.689087,3.681000,3.680000,6.000000,0.086558,0.033219,0.033219,0.000000,0.000000,1,1,1.000000,4.800000,3.600000,1,C0,
302.500000,3.691295,3.697000,3.680000,6.000000,0.086490,0.033502,0.033502,0.000000,0.000000,1,1,1.000000,4.800000,3.600000,1,C0,
303.000000,3.693292,3.702000,3.690000,6.000000,0.086422,0.038499,0.038499,0.000000,0.000000,1,1,1.000000,4.800000,3.600000,1,C0,
303.500000,3.695322,3.703000,3.700000,6.000000,0.086360,0.037634,0.037634,0.000000,0.000000,1,1,1.000000,4.800000,3.600000,1,C0,
304.000000,3.697506,3.703000,3.710000,6.000000,0.086298,0.033874,0.033874,0.000000,0.000000,1,1,1.000000,4.800000,3.600000,1,C0,
304.500000,3.699544,3.698000,3.700000,6.000000,0.086231,0.037315,0.037315,0.000000,0.000000,1,1,1.000000,4.800000,3.600000,1,C0,
305.000000,3.701544,3.701000,3.690000,6.000000,0.086168,0.038190,0.038190,0.000000,0.000000,1,1,1.000000,4.800000,3.600000,1,C1,
305.500000,3.703549,3.704000,3.700000,6.000000,0.086106,0.037973,0.037973,0.000000,0.000000,1,1,1.000000,4.800000,3.600000,1,C1,
306.000000,3.705821,3.704000,3.700000,6.000000,0.086045,0.031514,0.031514,0.000000,0.000000,1,1,1.000000,4.800000,3.600000,1,C1,
306.500000,3.707808,3.714000,3.710000,6.000000,0.085975,0.038289,0.038289,0.000000,0.000000,1,1,1.000000,4.800000,3.600000,1,C1,
307.000000,3.709996,3.707000,3.710000,6.000000,0.085914,0.033397,0.033397,0.000000,0.000000,1,1,1.000000,4.800000,3.600000,1,C1,
307.500000,3.712202,3.713000,3.710000,6.000000,0.085846,0.032919,0.032919,0.000000,0.000000,1,1,1.000000,4.800000,3.600000,1,C1,
308.000000,3.714234,3.718000,3.730000,6.000000,0.085778,0.037000,0.037000,0.000000,0.000000,1,1,1.000000,4.800000,3.600000,1,C1,
308.500000,3.716269,3.718000,3.700000,6.000000,0.085716,0.036873,0.036873,0.000000,0.000000,1,1,1.000000,4.800000,3.600000,1,C1,
309.000000,3.718462,3.719000,3.730000,6.000000,0.085653,0.033017,0.033017,0.000000,0.000000,1,1,1.000000,4.800000,3.600000,1,C1,
309.500000,3.720593,3.713000,3.710000,6.000000,0.085586,0.034457,0.034457,0.000000,0.000000,1,1,1.000000,4.800000,3.600000,1,C1,
310.000000,3.722719,3.718000,3.720000,6.000000,0.085520,0.034487,0.034487,0.000000,0.000000,1,1,1.000000,4.800000,3.600000,1,C1,
310.500000,3.724710,3.720000,3.740000,6.000000,0.085455,0.037674,0.037674,0.000000,0.000000,1,1,1.000000,4.800000,3.600000,1,C1,
311.000000,3.726936,3.725000,3.740000,6.000000,0.085394,0.031957,0.031957,0.000000,0.000000,1,1,1.000000,4.800000,3.600000,1,C1,
311.500000,3.728941,3.732000,3.750000,6.000000,0.085325,0.037211,0.037211,0.000000,0.000000,1,1,1.000000,4.800000,3.600000,1,C1,
312.000000,3.731139,3.747000,3.740000,6.000000,0.085263,0.032525,0.032525,0.000000,0.000000,1,1,1.000000,4.800000,3.600000,1,C1,
312.500000,3.733145,3.731000,3.750000,6.000000,0.085196,0.037034,0.037034,0.000000,0.000000,1,1,1.000000,4.800000,3.600000,1,C1,
313.000000,3.735148,3.732000,3.770000,6.000000,0.085134,0.037064,0.037064,0.000000,0.000000,1,1,1.000000,4.800000,3.600000,1,C1,
313.500000,3.737220,3.738000,3.720000,6.000000,0.085072,0.035347,0.035347,0.000000,0.000000,1,1,1.000000,4.800000,3.600000,1,C1,
314.000000,3.739421,3.736000,3.740000,6.000000,0.085009,0.032179,0.032179,0.000000,0.000000,1,1,1.000000,4.800000,3.600000,1,C1,
314.500000,3.741502,3.742000,3.750000,6.000000,0.084941,0.035018,0.035018,0.000000,0.000000,1,1,1.000000,4.800000,3.600000,1,C1,
315.000000,3.743685,3.739000,3.730000,6.000000,0.084877,0.032481,0.032481,0.000000,0.000000,1,1,1.000000,4.800000,3.600000,1,C1,
315.500000,3.745736,3.731000,3.740000,6.000000,0.084810,0.035577,0.035577,0.000000,0.000000,1,1,1.000000,4.800000,3.600000,1,C1,
316.000000,3.747917,3.750000,3.750000,6.000000,0.084747,0.032403,0.032403,0.000000,0.000000,1,1,1.000000,4.800000,3.600000,1,C1,
316.500000,3.750008,3.749000,3.750000,6.000000,0.084679,0.034497,0.034497,0.000000,0.000000,1,1,1.000000,4.800000,3.600000,1,C1,
317.000000,3.752136,3.751000,3.740000,6.000000,0.084615,0.033551,0.033551,0.000000,0.000000,1,1,1.000000,4.800000,3.600000,1,C1,
317.500000,3.754102,3.744000,3.760000,6.000000,0.084550,0.037371,0.037371,0.000000,0.000000,1,1,1.000000,4.800000,3.600000,1,C1,
318.000000,3.756137,3.754000,3.760000,6.000000,0.084489,0.035642,0.035642,0.000000,0.000000,1,1,1.000000,4.800000,3.600000,1,C1,
318.500000,3.758183,3.756000,3.760000,6.000000,0.084427,0.035317,0.035317,0.000000,0.000000,1,1,1.000000,4.800000,3.600000,1,C1,
319.000000,3.760191,3.755000,3.740000,6.000000,0.084364,0.036180,0.036180,0.000000,0.000000,1,1,1.000000,4.800000,3.600000,1,C1,
319.500000,3.762118,3.756000,3.740000,6.000000,0.084302,0.038048,0.038048,0.000000,0.000000,1,1,1.000000,4.800000,3.600000,1,C1,
320.000000,3.764247,3.763000,3.760000,6.000000,0.084243,0.033136,0.033136,0.000000,0.000000,1,1,1.000000,4.800000,3.600000,1,C1,
320.500000,3.766261,3.759000,3.780000,6.000000,0.084177,0.035846,0.035846,0.000000,0.000000,1,1,1.000000,4.800000,3.600000,1,C1,
321.000000,3.768288,3.768000,3.770000,6.000000,0.084115,0.035484,0.035484,0.000000,0.000000,1,1,1.000000,4.800000,3.600000,1,C1,
321.500000,3.770410,3.771000,3.760000,6.000000,0.084053,0.033102,0.033102,0.000000,0.000000,1,1,1.000000,4.800000,3.600000,1,C1,
322.000000,3.772315,3.774000,3.770000,6.000000,0.083987,0.038285,0.038285,0.000000,0.000000,1,1,1.000000,4.800000,3.600000,1,C1,
322.500000,3.774462,3.772000,3.770000,6.000000,0.083929,0.032394,0.032394,0.000000,0.000000,1,1,1.000000,4.800000,3.600000,1,C1,
323.000000,3.776545,3.769000,3.760000,6.000000,0.083863,0.033868,0.033868,0.000000,0.000000,1,1,1.000000,4.800000,3.600000,1,C1,
323.500000,3.778622,3.771000,3.790000,6.000000,0.083799,0.033948,0.033948,0.000000,0.000000,1,1,1.000000,4.800000,3.600000,1,C1,
324.000000,3.780788,3.781000,3.770000,6.000000,0.083735,0.031747,0.031747,0.000000,0.000000,1,1,1.000000,4.800000,3.600000,1,C1,
324.500000,3.782881,3.786000,3.770000,6.000000,0.083668,0.033451,0.033451,0.000000,0.000000,1,1,1.000000,4.800000,3.600000,1,C1,
325.000000,3.784797,3.792000,3.790000,6.000000,0.083604,0.037614,0.037614,0.000000,0.000000,1,1,1.000000,4.800000,3.600000,1,C1,
325.500000,3.786755,3.795000,3.780000,6.000000,0.083545,0.036558,0.036558,0.000000,0.000000,1,1,1.000000,4.800000,3.600000,1,C1,
326.000000,3.788692,3.794000,3.780000,6.000000,0.083484,0.036996,0.036996,0.000000,0.000000,1,1,1.000000,4.800000,3.600000,1,C1,
326.500000,3.790638,3.788000,3.790000,6.000000,0.083425,0.036724,0.036724,0.000000,0.000000,1,1,1.000000,4.800000,3.600000,1,C1,
327.000000,3.792571,3.790000,3.780000,6.000000,0.083365,0.036956,0.036956,0.000000,0.000000,1,1,1.000000,4.800000,3.600000,1,C1,
327.500000,3.794683,3.794000,3.790000,6.000000,0.083305,0.032632,0.032632,0.000000,0.000000,1,1,1.000000,4.800000,3.600000,1,C1,
328.000000,3.796739,3.793000,3.820000,6.000000,0.083241,0.033882,0.033882,0.000000,0.000000,1,1,1.000000,4.800000,3.600000,1,C1,
328.500000,3.798620,3.801000,3.810000,6.000000,0.083177,0.038033,0.038033,0.000000,0.000000,1,1,1.000000,4.800000,3.600000,1,C1,
329.000000,3.800510,3.803000,3.790000,6.000000,0.083119,0.037764,0.037764,0.000000,0.000000,1,1,1.000000,4.800000,3.600000,1,C1,
329.500000,3.802502,3.814000,3.800000,6.000000,0.083061,0.035257,0.035257,0.000000,0.000000,1,1,1.000000,4.800000,3.600000,1,C1,
330.000000,3.804481,3.808000,3.820000,6.000000,0.083000,0.035507,0.035507,0.000000,0.000000,1,1,1.000000,4.800000,3.600000,1,C1,
330.500000,3.806518,3.802000,3.800000,6.000000,0.082939,0.034049,0.034049,0.000000,0.000000,1,1,1.000000,4.800000,3.600000,1,C1,
331.000000,3.808644,3.809000,3.800000,6.000000,0.082876,0.031851,0.031851,0.000000,0.000000,1,1,1.000000,4.800000,3.600000,1,C1,
331.500000,3.810542,3.807000,3.830000,6.000000,0.082811,0.037262,0.037262,0.000000,0.000000,1,1,1.000000,4.800000,3.600000,1,C1,
332.000000,3.812401,3.808000,3.810000,6.000000,0.082753,0.038128,0.038128,0.000000,0.000000,1,1,1.000000,4.800000,3.600000,1,C1,
332.500000,3.814390,3.813000,3.820000,6.000000,0.082695,0.034971,0.034971,0.000000,0.000000,1,1,1.000000,4.800000,3.600000,1,C1,
333.000000,3.816331,3.809000,3.810000,6.000000,0.082634,0.036040,0.036040,0.000000,0.000000,1,1,1.000000,4.800000,3.600000,1,C1,
333.500000,3.818192,3.816000,3.830000,6.000000,0.082574,0.037926,0.037926,0.000000,0.000000,1,1,1.000000,4.800000,3.600000,1,C1,
334.000000,3.820300,3.816000,3.820000,6.000000,0.082517,0.031907,0.031907,0.000000,0.000000,1,1,1.000000,4.800000,3.600000,1,C1,
334.500000,3.822409,3.819000,3.820000,6.000000,0.082452,0.031850,0.031850,0.000000,0.000000,1,1,1.000000,4.800000,3.600000,1,C1,
335.000000,3.824339,3.826000,3.820000,6.000000,0.082387,0.036062,0.036062,0.000000,0.000000,1,1,1.000000,4.800000,3.600000,1,C1,
335.500000,3.826360,3.835000,3.820000,6.000000,0.082328,0.033818,0.033818,0.000000,0.000000,1,1,1.000000,4.800000,3.600000,1,C1,
336.000000,3.828465,3.823000,3.830000,6.000000,0.082266,0.031754,0.031754,0.000000,0.000000,1,1,1.000000,4.800000,3.600000,1,C1,
336.500000,3.830533,3.834000,3.830000,6.000000,0.082201,0.032573,0.032573,0.000000,0.000000,1,1,1.000000,4.800000,3.600000,1,C1,
337.000000,3.832506,3.836000,3.840000,6.000000,0.082137,0.034781,0.034781,0.000000,0.000000,1,1,1.000000,4.800000,3.600000,1,C1,
337.500000,3.834482,3.836000,3.850000,6.000000,0.082077,0.034646,0.034646,0.000000,0.000000,1,1,1.000000,4.800000,3.600000,1,C1,
338.000000,3.836476,3.839000,3.820000,6.000000,0.082016,0.034166,0.034166,0.000000,0.000000,1,1,1.000000,4.800000,3.600000,1,C1,
338.500000,3.838294,3.832000,3.850000,6.000000,0.081955,0.038325,0.038325,0.000000,0.000000,1,1,1.000000,4.800000,3.600000,1,C1,
339.000000,3.840284,3.836000,3.840000,6.000000,0.081899,0.034142,0.034142,0.000000,0.000000,1,1,1.000000,4.800000,3.600000,1,C1,
339.500000,3.842257,3.849000,3.840000,6.000000,0.081837,0.034471,0.034471,0.000000,0.000000,1,1,1.000000,4.800000,3.600000,1,C1,
340.000000,3.844186,3.837000,3.840000,6.000000,0.081777,0.035490,0.035490,0.000000,0.000000,1,1,1.000000,4.800000,3.600000,1,C1,
340.500000,3.846006,3.843000,3.840000,6.000000,0.081717,0.038038,0.038038,0.000000,0.000000,1,1,1.000000,4.800000,3.600000,1,C1,
341.000000,3.847873,3.848000,3.850000,6.000000,0.081661,0.036841,0.036841,0.000000,0.000000,1,1,1.000000,4.800000,3.600000,1,C1,
341.500000,3.849944,3.850000,3.850000,6.000000,0.081604,0.031908,0.031908,0.000000,0.000000,1,1,1.000000,4.800000,3.600000,1,C1,
342.000000,3.851874,3.849000,3.860000,6.000000,0.081540,0.035226,0.035226,0.000000,0.000000,1,1,1.000000,4.800000,3.600000,1,C1,
342.500000,3.853669,3.860000,3.860000,6.000000,0.081481,0.038399,0.038399,0.000000,0.000000,1,1,1.000000,4.800000,3.600000,1,C1,
343.000000,3.855632,3.861000,3.840000,6.000000,0.081426,0.034313,0.034313,0.000000,0.000000,1,1,1.000000,4.800000,3.600000,1,C1,
343.500000,3.857489,3.859000,3.870000,6.000000,0.081365,0.036793,0.036793,0.000000,0.000000,1,1,1.000000,4.800000,3.600000,1,C1,
344.000000,3.859433,3.865000,3.860000,6.000000,0.081308,0.034649,0.034649,0.000000,0.000000,1,1,1.000000,4.800000,3.600000,1,C1,
344.500000,3.861434,3.865000,3.870000,6.000000,0.081248,0.033227,0.033227,0.000000,0.000000,1,1,1.000000,4.800000,3.600000,1,C1,
345.000000,3.863328,3.853000,3.860000,6.000000,0.081187,0.035744,0.035744,0.000000,0.000000,1,1,1.000000,4.800000,3.600000,1,C1,
345.500000,3.865183,3.872000,3.880000,6.000000,0.081128,0.036604,0.036604,0.000000,0.000000,1,1,1.000000,4.800000,3.600000,1,C1,
346.000000,3.867029,3.867000,3.890000,6.000000,0.081071,0.036768,0.036768,0.000000,0.000000,1,1,1.000000,4.800000,3.600000,1,C1,
346.500000,3.869061,3.869000,3.870000,6.000000,0.081015,0.032235,0.032235,0.000000,0.000000,1,1,1.000000,4.800000,3.600000,1,C1,
347.000000,3.870965,3.863000,3.880000,6.000000,0.080952,0.035248,0.035248,0.000000,0.000000,1,1,1.000000,4.800000,3.600000,1,C1,
347.500000,3.873003,3.875000,3.870000,6.000000,0.080893,0.031999,0.031999,0.000000,0.000000,1,1,1.000000,4.800000,3.600000,1,C1,
348.000000,3.875033,3.879000,3.860000,6.000000,0.080831,0.032094,0.032094,0.000000,0.000000,1,1,1.000000,4.800000,3.600000,1,C1,
348.500000,3.876967,3.878000,3.870000,6.000000,0.080768,0.034363,0.034363,0.000000,0.000000,1,1,1.000000,4.800000,3.600000,1,C1,
349.000000,3.879014,3.891000,3.880000,6.000000,0.080709,0.031582,0.031582,0.000000,0.000000,1,1,1.000000,4.800000,3.600000,1,C1,
349.500000,3.881023,3.874000,3.890000,6.000000,0.080646,0.032426,0.032426,0.000000,0.000000,1,1,1.000000,4.800000,3.600000,1,C1,
350.000000,3.882861,3.883000,3.890000,6.000000,0.080584,0.036468,0.036468,0.000000,0.000000,1,1,1.000000,4.800000,3.600000,1,C1,
350.500000,3.884821,3.881000,3.870000,6.000000,0.080527,0.033497,0.033497,0.000000,0.000000,1,1,1.000000,4.800000,3.600000,1,C1,
351.000000,3.886764,3.893000,3.890000,6.000000,0.080467,0.033825,0.033825,0.000000,0.000000,1,1,1.000000,4.800000,3.600000,1,C1,
351.500000,3.888678,3.892000,3.900000,6.000000,0.080407,0.034479,0.034479,0.000000,0.000000,1,1,1.000000,4.800000,3.600000,1,C1,
352.000000,3.890647,3.894000,3.900000,6.000000,0.080348,0.033081,0.033081,0.000000,0.000000,1,1,1.000000,4.800000,3.600000,1,C1,
352.500000,3.892423,3.886000,3.890000,6.000000,0.080288,0.037682,0.037682,0.000000,0.000000,1,1,1.000000,4.800000,3.600000,1,C1,
353.000000,3.894424,3.892000,3.900000,6.000000,0.080233,0.032193,0.032193,0.000000,0.000000,1,1,1.000000,4.800000,3.600000,1,C1,
353.500000,3.896265,3.898000,3.870000,6.000000,0.080172,0.035986,0.035986,0.000000,0.000000,1,1,1.000000,4.800000,3.600000,1,C1,
354.000000,3.898275,3.898000,3.890000,6.000000,0.080115,0.031887,0.031887,0.000000,0.000000,1,1,1.000000,4.800000,3.600000,1,C1,
354.500000,3.900171,3.890000,3.910000,6.000000,0.080053,0.034546,0.034546,0.000000,0.000000,1,1,1.000000,4.800000,3.600000,1,C1,
355.000000,3.901917,3.894000,3.900000,6.000000,0.079995,0.038082,0.038082,0.000000,0.000000,1,1,1.000000,4.800000,3.600000,1,C1,
355.500000,3.903728,3.898000,3.910000,6.000000,0.079941,0.036480,0.036480,0.000000,0.000000,1,1,1.000000,4.800000,3.600000,1,C1,
356.000000,3.905593,3.900000,3.910000,6.000000,0.079885,0.035133,0.035133,0.000000,0.000000,1,1,1.000000,4.800000,3.600000,1,C1,
356.500000,3.907329,3.904000,3.900000,6.000000,0.079828,0.038160,0.038160,0.000000,0.000000,1,1,1.000000,4.800000,3.600000,1,C1,
357.000000,3.909076,3.909000,3.890000,6.000000,0.079774,0.037834,0.037834,0.000000,0.000000,1,1,1.000000,4.800000,3.600000,1,C1,
357.500000,3.910813,3.919000,3.910000,6.000000,0.079721,0.038050,0.038050,0.000000,0.000000,1,1,1.000000,4.800000,3.600000,1,C1,
358.000000,3.912728,3.905000,3.900000,6.000000,0.079667,0.033706,0.033706,0.000000,0.000000,1,1,1.000000,4.800000,3.600000,1,C1,
358.500000,3.914516,3.916000,3.910000,6.000000,0.079608,0.036689,0.036689,0.000000,0.000000,1,1,1.000000,4.800000,3.600000,1,C1,
359.000000,3.916471,3.913000,3.910000,6.000000,0.079553,0.032632,0.032632,0.000000,0.000000,1,1,1.000000,4.800000,3.600000,1,C1,
359.500000,3.918258,3.926000,3.910000,6.000000,0.079493,0.036598,0.036598,0.000000,0.000000,1,1,1.000000,4.800000,3.600000,1,C1,
360.000000,3.920190,3.919000,3.940000,6.000000,0.079438,0.033069,0.033069,0.000000,0.000000,1,1,1.000000,4.800000,3.600000,1,C1,
360.500000,3.921912,3.928000,3.930000,6.000000,0.079379,0.038058,0.038058,0.000000,0.000000,1,1,1.000000,4.800000,3.600000,1,C1,
361.000000,3.923673,3.918000,3.910000,6.000000,0.079326,0.037059,0.037059,0.000000,0.000000,1,1,1.000000,4.800000,3.600000,1,C1,
361.500000,3.925485,3.930000,3.950000,6.000000,0.079272,0.035801,0.035801,0.000000,0.000000,1,1,1.000000,4.800000,3.600000,1,C1,
362.000000,3.927431,3.921000,3.920000,6.000000,0.079216,0.032502,0.032502,0.000000,0.000000,1,1,1.000000,4.800000,3.600000,1,C1,
362.500000,3.929185,3.930000,3.920000,6.000000,0.079156,0.037060,0.037060,0.000000,0.000000,1,1,1.000000,4.800000,3.600000,1,C1,
363.000000,3.931092,3.917000,3.930000,6.000000,0.079102,0.033334,0.033334,0.000000,0.000000,1,1,1.000000,4.800000,3.600000,1,C1,
363.500000,3.932958,3.928000,3.930000,6.000000,0.079043,0.034265,0.034265,0.000000,0.000000,1,1,1.000000,4.800000,3.600000,1,C1,
364.000000,3.934820,3.939000,3.930000,6.000000,0.078986,0.034285,0.034285,0.000000,0.000000,1,1,1.000000,4.800000,3.600000,1,C1,
364.500000,3.936739,3.942000,3.930000,6.000000,0.078929,0.032880,0.032880,0.000000,0.000000,1,1,1.000000,4.800000,3.600000,1,C1,
365.000000,3.938559,3.942000,3.920000,6.000000,0.078870,0.035193,0.035193,0.000000,0.000000,1,1,1.000000,4.800000,3.600000,1,C1,
365.500000,3.940302,3.935000,3.940000,6.000000,0.078814,0.036970,0.036970,0.000000,0.000000,1,1,1.000000,4.800000,3.600000,1,C1,
366.000000,3.942121,3.947000,3.950000,6.000000,0.078760,0.035104,0.035104,0.000000,0.000000,1,1,1.000000,4.800000,3.600000,1,C1,
366.500000,3.943974,3.934000,3.950000,6.000000,0.078704,0.034233,0.034233,0.000000,0.000000,1,1,1.000000,4.800000,3.600000,1,C1,
367.000000,3.945698,3.941000,3.960000,6.000000,0.078647,0.037284,0.037284,0.000000,0.000000,1,1,1.000000,4.800000,3.600000,1,C1,
367.500000,3.947460,3.952000,3.960000,6.000000,0.078594,0.036290,0.036290,0.000000,0.000000,1,1,1.000000,4.800000,3.600000,1,C1,
368.000000,3.949276,3.939000,3.960000,6.000000,0.078540,0.034963,0.034963,0.000000,0.000000,1,1,1.000000,4.800000,3.600000,1,C1,
368.500000,3.950991,3.951000,3.950000,6.000000,0.078484,0.037320,0.037320,0.000000,0.000000,1,1,1.000000,4.800000,3.600000,1,C1,
369.000000,3.952864,3.946000,3.950000,6.000000,0.078431,0.033492,0.033492,0.000000,0.000000,1,1,1.000000,4.800000,3.600000,1,C1,
369.500000,3.954627,3.954000,3.950000,6.000000,0.078373,0.036067,0.036067,0.000000,0.000000,1,1,1.000000,4.800000,3.600000,1,C1,
370.000000,3.956530,3.963000,3.960000,6.000000,0.078319,0.032641,0.032641,0.000000,0.000000,1,1,1.000000,4.800000,3.600000,1,C1,
370.500000,3.958443,3.958000,3.980000,6.000000,0.078261,0.032343,0.032343,0.000000,0.000000,1,1,1.000000,4.800000,3.600000,1,C1,
371.000000,3.960249,3.955000,3.970000,6.000000,0.078202,0.034866,0.034866,0.000000,0.000000,1,1,1.000000,4.800000,3.600000,1,C1,
371.500000,3.962059,3.968000,3.960000,6.000000,0.078146,0.034704,0.034704,0.000000,0.000000,1,1,1.000000,4.800000,3.600000,1,C1,
372.000000,3.963727,3.966000,3.960000,6.000000,0.078090,0.038064,0.038064,0.000000,0.000000,1,1,1.000000,4.800000,3.600000,1,C1,
372.500000,3.965630,3.961000,3.960000,6.000000,0.078039,0.032349,0.032349,0.000000,0.000000,1,1,1.000000,4.800000,3.600000,1,C1,
373.000000,3.967488,3.966000,3.970000,6.000000,0.077981,0.033398,0.033398,0.000000,0.000000,1,1,1.000000,4.800000,3.600000,1,C1,
373.500000,3.969150,3.973000,3.960000,6.000000,0.077923,0.038039,0.038039,0.000000,0.000000,1,1,1.000000,4.800000,3.600000,1,C1,
374.000000,3.970955,3.974000,3.970000,6.000000,0.077872,0.034554,0.034554,0.000000,0.000000,1,1,1.000000,4.800000,3.600000,1,C1,
374.500000,3.972752,3.977000,3.970000,6.000000,0.077817,0.034677,0.034677,0.000000,0.000000,1,1,1.000000,4.800000,3.600000,1,C1,
375.000000,3.974644,3.976000,3.950000,6.000000,0.077761,0.032361,0.032361,0.000000,0.000000,1,1,1.000000,4.800000,3.600000,1,C1,
375.500000,3.976358,3.976000,3.960000,6.000000,0.077703,0.036572,0.036572,0.000000,0.000000,1,1,1.000000,4.800000,3.600000,1,C1,
376.000000,3.978120,3.974000,3.990000,6.000000,0.077651,0.035358,0.035358,0.000000,0.000000,1,1,1.000000,4.800000,3.600000,1,C1,
376.500000,3.979814,3.983000,3.990000,6.000000,0.077596,0.036946,0.036946,0.000000,0.000000,1,1,1.000000,4.800000,3.600000,1,C1,
377.000000,3.981568,3.972000,3.990000,6.000000,0.077544,0.035442,0.035442,0.000000,0.000000,1,1,1.000000,4.800000,3.600000,1,C1,
377.500000,3.983409,3.973000,3.990000,6.000000,0.077490,0.033306,0.033306,0.000000,0.000000,1,1,1.000000,4.800000,3.600000,1,C1,
378.000000,3.985034,3.987000,3.990000,6.000000,0.077434,0.038422,0.038422,0.000000,0.000000,1,1,1.000000,4.800000,3.600000,1,C1,
378.500000,3.986794,3.982000,3.970000,6.000000,0.077384,0.035161,0.035161,0.000000,0.000000,1,1,1.000000,4.800000,3.600000,1,C1,
379.000000,3.988665,3.990000,3.980000,6.000000,0.077329,0.032421,0.032421,0.000000,0.000000,1,1,1.000000,4.800000,3.600000,1,C1,
379.500000,3.990544,3.996000,3.980000,6.000000,0.077272,0.032171,0.032171,0.000000,0.000000,1,1,1.000000,4.800000,3.600000,1,C1,
380.000000,3.992251,3.993000,4.010000,6.000000,0.077214,0.036249,0.036249,0.000000,0.000000,1,1,1.000000,4.800000,3.600000,1,C1,
380.500000,3.994008,3.989000,3.990000,6.000000,0.077162,0.034982,0.034982,0.000000,0.000000,1,1,1.000000,4.800000,3.600000,1,C1,
381.000000,3.995715,3.986000,4.010000,6.000000,0.077107,0.036142,0.036142,0.000000,0.000000,1,1,1.000000,4.800000,3.600000,1,C1,
381.500000,3.997563,3.991000,3.990000,6.000000,0.077055,0.032703,0.032703,0.000000,0.000000,1,1,1.000000,4.800000,3.600000,1,C1,
382.000000,3.999277,4.000000,3.980000,6.000000,0.076998,0.035876,0.035876,0.000000,0.000000,0,0,1.000000,4.800000,3.600000,1,C1,
382.500000,3.997745,3.994000,4.020000,6.000000,0.000000,0.036748,0.036748,0.000000,0.000000,0,0,1.000000,4.800000,3.600000,1,C1,
383.000000,3.996385,3.994000,4.000000,6.000000,0.000000,0.032662,0.032662,0.000000,0.000000,0,0,1.000000,4.800000,3.600000,1,C1,
383.500000,3.994876,3.996000,3.990000,6.000000,0.000000,0.036196,0.036196,0.000000,0.000000,0,0,1.000000,4.800000,3.600000,1,C1,
384.000000,3.993319,3.997000,4.010000,6.000000,0.000000,0.037380,0.037380,0.000000,0.000000,0,0,1.000000,4.800000,3.600000,1,C1,
384.500000,3.991835,3.995000,3.990000,6.000000,0.000000,0.035617,0.035617,0.000000,0.000000,0,0,1.000000,4.800000,3.600000,1,C1,
385.000000,3.990287,3.998000,3.990000,6.000000,0.000000,0.037150,0.037150,0.000000,0.000000,0,0,1.000000,4.800000,3.600000,1,C1,
385.500000,3.988757,3.981000,3.990000,6.000000,0.000000,0.036726,0.036726,0.000000,0.000000,0,0,1.000000,4.800000,3.600000,1,C1,
386.000000,3.987423,3.981000,3.970000,6.000000,0.000000,0.032006,0.032006,0.000000,0.000000,0,0,1.000000,4.800000,3.600000,1,C1,
386.500000,3.985973,3.989000,3.970000,6.000000,0.000000,0.034799,0.034799,0.000000,0.000000,0,0,1.000000,4.800000,3.600000,1,C1,
387.000000,3.984526,3.991000,3.980000,6.000000,0.000000,0.034735,0.034735,0.000000,0.000000,0,0,1.000000,4.800000,3.600000,1,C1,
387.500000,3.983090,3.982000,3.990000,6.000000,0.000000,0.034457,0.034457,0.000000,0.000000,0,0,1.000000,4.800000,3.600000,1,C1,
388.000000,3.981776,3.981000,3.980000,6.000000,0.000000,0.031536,0.031536,0.000000,0.000000,0,0,1.000000,4.800000,3.600000,1,C1,
388.500000,3.980182,3.989000,3.970000,6.000000,0.000000,0.038262,0.038262,0.000000,0.000000,0,0,1.000000,4.800000,3.600000,1,C1,
389.000000,3.978642,3.977000,3.980000,6.000000,0.000000,0.036958,0.036958,0.000000,0.000000,0,0,1.000000,4.800000,3.600000,1,C1,
389.500000,3.977293,3.977000,3.980000,6.000000,0.000000,0.032376,0.032376,0.000000,0.000000,0,0,1.000000,4.800000,3.600000,1,C1,
390.000000,3.975862,3.982000,3.960000,6.000000,0.000000,0.034343,0.034343,0.000000,0.000000,0,0,1.000000,4.800000,3.600000,1,C1,
390.500000,3.974526,3.975000,3.980000,6.000000,0.000000,0.032060,0.032060,0.000000,0.000000,0,0,1.000000,4.800000,3.600000,1,C1,
391.000000,3.973012,3.990000,3.980000,6.000000,0.000000,0.036351,0.036351,0.000000,0.000000,0,0,1.000000,4.800000,3.600000,1,C1,
391.500000,3.971697,3.973000,3.980000,6.000000,0.000000,0.031558,0.031558,0.000000,0.000000,0,0,1.000000,4.800000,3.600000,1,C1,
392.000000,3.970214,3.972000,3.950000,6.000000,0.000000,0.035577,0.035577,0.000000,0.000000,0,0,1.000000,4.800000,3.600000,1,C1,
392.500000,3.968761,3.966000,3.970000,6.000000,0.000000,0.034872,0.034872,0.000000,0.000000,0,0,1.000000,4.800000,3.600000,1,C1,
393.000000,3.967233,3.965000,3.960000,6.000000,0.000000,0.036678,0.036678,0.000000,0.000000,0,0,1.000000,4.800000,3.600000,1,C1,
393.500000,3.965741,3.960000,3.960000,6.000000,0.000000,0.035805,0.035805,0.000000,0.000000,0,0,1.000000,4.800000,3.600000,1,C1,
394.000000,3.964423,3.958000,3.960000,6.000000,0.000000,0.031632,0.031632,0.000000,0.000000,0,0,1.000000,4.800000,3.600000,1,C1,
394.500000,3.962884,3.955000,3.970000,6.000000,0.000000,0.036933,0.036933,0.000000,0.000000,0,0,1.000000,4.800000,3.600000,1,C1,
395.000000,3.961452,3.962000,3.980000,6.000000,0.000000,0.034373,0.034373,0.000000,0.000000,0,0,1.000000,4.800000,3.600000,1,C1,
395.500000,3.959909,3.968000,3.940000,6.000000,0.000000,0.037041,0.037041,0.000000,0.000000,0,0,1.000000,4.800000,3.600000,1,C1,
396.000000,3.958350,3.954000,3.960000,6.000000,0.000000,0.037396,0.037396,0.000000,0.000000,0,0,1.000000,4.800000,3.600000,1,C1,
396.500000,3.956886,3.958000,3.970000,6.000000,0.000000,0.035144,0.035144,0.000000,0.000000,0,0,1.000000,4.800000,3.600000,1,C1,
397.000000,3.955533,3.950000,3.950000,6.000000,0.000000,0.032484,0.032484,0.000000,0.000000,0,0,1.000000,4.800000,3.600000,1,C1,
397.500000,3.954032,3.953000,3.950000,6.000000,0.000000,0.036017,0.036017,0.000000,0.000000,0,0,1.000000,4.800000,3.600000,1,C1,
398.000000,3.952562,3.957000,3.960000,6.000000,0.000000,0.035284,0.035284,0.000000,0.000000,0,0,1.000000,4.800000,3.600000,1,C1,
398.500000,3.950978,3.946000,3.960000,6.000000,0.000000,0.038015,0.038015,0.000000,0.000000,0,0,1.000000,4.800000,3.600000,1,C1,
399.000000,3.949438,3.943000,3.950000,6.000000,0.000000,0.036955,0.036955,0.000000,0.000000,0,0,1.000000,4.800000,3.600000,1,C1,
399.500000,3.947924,3.942000,3.930000,6.000000,0.000000,0.036327,0.036327,0.000000,0.000000,0,0,1.000000,4.800000,3.600000,1,C1,
400.000000,3.946548,3.952000,3.950000,6.000000,0.000000,0.033037,0.033037,0.000000,0.000000,0,0,1.000000,4.800000,3.600000,1,C1,
400.500000,3.944964,3.949000,3.940000,6.000000,0.000000,0.038022,0.038022,0.000000,0.000000,0,0,1.000000,4.800000,3.600000,1,C1,
401.000000,3.943615,3.941000,3.930000,6.000000,0.000000,0.032363,0.032363,0.000000,0.000000,0,0,1.000000,4.800000,3.600000,1,C1,
401.500000,3.942119,3.940000,3.940000,6.000000,0.000000,0.035908,0.035908,0.000000,0.000000,0,0,1.000000,4.800000,3.600000,1,C1,
402.000000,3.940762,3.941000,3.950000,6.000000,0.000000,0.032576,0.032576,0.000000,0.000000,0,0,1.000000,4.800000,3.600000,1,C1,
402.500000,3.939415,3.947000,3.950000,6.000000,0.000000,0.032311,0.032311,0.000000,0.000000,0,0,1.000000,4.800000,3.600000,1,C1,
403.000000,3.937881,3.939000,3.930000,6.000000,0.000000,0.036821,0.036821,0.000000,0.000000,0,0,1.000000,4.800000,3.600000,1,C1,
403.500000,3.936498,3.938000,3.940000,6.000000,0.000000,0.033192,0.033192,0.000000,0.000000,0,0,1.000000,4.800000,3.600000,1,C1,
404.000000,3.934896,3.938000,3.950000,6.000000,0.000000,0.038440,0.038440,0.000000,0.000000,0,0,1.000000,4.800000,3.600000,1,C1,
404.500000,3.933373,3.934000,3.930000,6.000000,0.000000,0.036565,0.036565,0.000000,0.000000,0,0,1.000000,4.800000,3.600000,1,C1,
405.000000,3.931884,3.932000,3.940000,6.000000,0.000000,0.035728,0.035728,0.000000,0.000000,0,0,1.000000,4.800000,3.600000,1,C1,
405.500000,3.930519,3.926000,3.930000,6.000000,0.000000,0.032772,0.032772,0.000000,0.000000,0,0,1.000000,4.800000,3.600000,1,C1,
406.000000,3.929180,3.930000,3.940000,6.000000,0.000000,0.032139,0.032139,0.000000,0.000000,0,0,1.000000,4.800000,3.600000,1,C1,
406.500000,3.927598,3.931000,3.930000,6.000000,0.000000,0.037951,0.037951,0.000000,0.000000,0,0,1.000000,4.800000,3.600000,1,C1,
407.000000,3.926281,3.929000,3.920000,6.000000,0.000000,0.031609,0.031609,0.000000,0.000000,0,0,1.000000,4.800000,3.600000,1,C1,
407.500000,3.924811,3.929000,3.920000,6.000000,0.000000,0.035276,0.035276,0.000000,0.000000,0,0,1.000000,4.800000,3.600000,1,C1,
408.000000,3.923252,3.915000,3.920000,6.000000,0.000000,0.037432,0.037432,0.000000,0.000000,0,0,1.000000,4.800000,3.600000,1,C1,
408.500000,3.921660,3.922000,3.920000,6.000000,0.000000,0.038200,0.038200,0.000000,0.000000,0,0,1.000000,4.800000,3.600000,1,C1,
409.000000,3.920104,3.919000,3.920000,6.000000,0.000000,0.037357,0.037357,0.000000,0.000000,0,0,1.000000,4.800000,3.600000,1,C1,
409.500000,3.918767,3.921000,3.930000,6.000000,0.000000,0.032087,0.032087,0.000000,0.000000,0,0,1.000000,4.800000,3.600000,1,C1,
410.000000,3.917430,3.916000,3.910000,6.000000,0.000000,0.032084,0.032084,0.000000,0.000000,0,0,1.000000,4.800000,3.600000,1,C1,
410.500000,3.915845,3.917000,3.930000,6.000000,0.000000,0.038030,0.038030,0.000000,0.000000,0,0,1.000000,4.800000,3.600000,1,C1,
411.000000,3.914503,3.914000,3.910000,6.000000,0.000000,0.032223,0.032223,0.000000,0.000000,0,0,1.000000,4.800000,3.600000,1,C1,
411.500000,3.913067,3.911000,3.910000,6.000000,0.000000,0.034446,0.034446,0.000000,0.000000,0,0,1.000000,4.800000,3.600000,1,C1,
412.000000,3.911509,3.910000,3.910000,6.000000,0.000000,0.037397,0.037397,0.000000,0.000000,0,0,1.000000,4.800000,3.600000,1,C1,
412.500000,3.909955,3.908000,3.910000,6.000000,0.000000,0.037287,0.037287,0.000000,0.000000,0,0,1.000000,4.800000,3.600000,1,C1,
413.000000,3.908562,3.897000,3.920000,6.000000,0.000000,0.033450,0.033450,0.000000,0.000000,0,0,1.000000,4.800000,3.600000,1,C1,
413.500000,3.907227,3.917000,3.910000,6.000000,0.000000,0.032038,0.032038,0.000000,0.000000,0,0,1.000000,4.800000,3.600000,1,C1,
414.000000,3.905865,3.904000,3.930000,6.000000,0.000000,0.032694,0.032694,0.000000,0.000000,0,0,1.000000,4.800000,3.600000,1,C1,
414.500000,3.904443,3.909000,3.920000,6.000000,0.000000,0.034111,0.034111,0.000000,0.000000,0,0,1.000000,4.800000,3.600000,1,C1,
415.000000,3.903069,3.907000,3.890000,6.000000,0.000000,0.032983,0.032983,0.000000,0.000000,0,0,1.000000,4.800000,3.600000,1,C1,
415.500000,3.901706,3.892000,3.890000,6.000000,0.000000,0.032712,0.032712,0.000000,0.000000,0,0,1.000000,4.800000,3.600000,1,C1,
416.000000,3.900126,3.905000,3.920000,6.000000,0.000000,0.037928,0.037928,0.000000,0.000000,0,0,1.000000,4.800000,3.600000,1,C1,
416.500000,3.898796,3.900000,3.890000,6.000000,0.000000,0.031915,0.031915,0.000000,0.000000,0,0,1.000000,4.800000,3.600000,1,C1,
417.000000,3.897402,3.899000,3.900000,6.000000,0.000000,0.033464,0.033464,0.000000,0.000000,0,0,1.000000,4.800000,3.600000,1,C1,
417.500000,3.895925,3.891000,3.910000,6.000000,0.000000,0.035447,0.035447,0.000000,0.000000,0,0,1.000000,4.800000,3.600000,1,C1,
418.000000,3.894610,3.898000,3.890000,6.000000,0.000000,0.031556,0.031556,0.000000,0.000000,0,0,1.000000,4.800000,3.600000,1,C1,
418.500000,3.893123,3.895000,3.900000,6.000000,0.000000,0.035676,0.035676,0.000000,0.000000,0,0,1.000000,4.800000,3.600000,1,C1,
419.000000,3.891809,3.895000,3.880000,6.000000,0.000000,0.031554,0.031554,0.000000,0.000000,0,0,1.000000,4.800000,3.600000,1,C1,
419.500000,3.890412,3.888000,3.900000,6.000000,0.000000,0.033528,0.033528,0.000000,0.000000,0,0,1.000000,4.800000,3.600000,1,C1,
420.000000,3.889031,3.894000,3.870000,6.000000,0.000000,0.033130,0.033130,0.000000,0.000000,0,0,1.000000,4.800000,3.600000,1,C1,
420.500000,3.887716,3.883000,3.890000,6.000000,0.000000,0.031574,0.031574,0.000000,0.000000,0,0,1.000000,4.800000,3.600000,1,C1,
421.000000,3.886164,3.891000,3.890000,6.000000,0.000000,0.037244,0.037244,0.000000,0.000000,0,0,1.000000,4.800000,3.600000,1,C1,
421.500000,3.884797,3.888000,3.890000,6.000000,0.000000,0.032796,0.032796,0.000000,0.000000,0,0,1.000000,4.800000,3.600000,1,C1,
422.000000,3.883439,3.882000,3.890000,6.000000,0.000000,0.032599,0.032599,0.000000,0.000000,0,0,1.000000,4.800000,3.600000,1,C1,
422.500000,3.881931,3.890000,3.880000,6.000000,0.000000,0.036180,0.036180,0.000000,0.000000,0,0,1.000000,4.800000,3.600000,1,C1,
423.000000,3.880593,3.880000,3.870000,6.000000,0.000000,0.032133,0.032133,0.000000,0.000000,0,0,1.000000,4.800000,3.600000,1,C1,
423.500000,3.879233,3.875000,3.890000,6.000000,0.000000,0.032621,0.032621,0.000000,0.000000,0,0,1.000000,4.800000,3.600000,1,C1,
424.000000,3.877790,3.874000,3.880000,6.000000,0.000000,0.034647,0.034647,0.000000,0.000000,0,0,1.000000,4.800000,3.600000,1,C1,
424.500000,3.876257,3.862000,3.860000,6.000000,0.000000,0.036776,0.036776,0.000000,0.000000,0,0,1.000000,4.800000,3.600000,1,C1,
425.000000,3.874863,3.875000,3.870000,6.000000,0.000000,0.033472,0.033472,0.000000,0.000000,0,0,1.000000,4.800000,3.600000,1,C1,
425.500000,3.873421,3.874000,3.890000,6.000000,0.000000,0.034611,0.034611,0.000000,0.000000,0,0,1.000000,4.800000,3.600000,1,C1,
426.000000,3.872064,3.874000,3.880000,6.000000,0.000000,0.032568,0.032568,0.000000,0.000000,0,0,1.000000,4.800000,3.600000,1,C1,
426.500000,3.870491,3.863000,3.850000,6.000000,0.000000,0.037747,0.037747,0.000000,0.000000,0,0,1.000000,4.800000,3.600000,1,C1,
427.000000,3.869067,3.868000,3.880000,6.000000,0.000000,0.034174,0.034174,0.000000,0.000000,0,0,1.000000,4.800000,3.600000,1,C1,
427.500000,3.867500,3.868000,3.880000,6.000000,0.000000,0.037618,0.037618,0.000000,0.000000,0,0,1.000000,4.800000,3.600000,1,C1,
428.000000,3.865976,3.858000,3.880000,6.000000,0.000000,0.036560,0.036560,0.000000,0.000000,0,0,1.000000,4.800000,3.600000,1,C1,
428.500000,3.864407,3.858000,3.840000,6.000000,0.000000,0.037663,0.037663,0.000000,0.000000,0,0,1.000000,4.800000,3.600000,1,C1,
429.000000,3.863085,3.859000,3.860000,6.000000,0.000000,0.031726,0.031726,0.000000,0.000000,0,0,1.000000,4.800000,3.600000,1,C1,
429.500000,3.861745,3.864000,3.870000,6.000000,0.000000,0.032169,0.032169,0.000000,0.000000,0,0,1.000000,4.800000,3.600000,1,C1,
430.000000,3.860308,3.869000,3.870000,6.000000,0.000000,0.034478,0.034478,0.000000,0.000000,0,0,1.000000,4.800000,3.600000,1,C1,
430.500000,3.858968,3.851000,3.860000,6.000000,0.000000,0.032151,0.032151,0.000000,0.000000,0,0,1.000000,4.800000,3.600000,1,C1,
431.000000,3.857425,3.865000,3.860000,6.000000,0.000000,0.037043,0.037043,0.000000,0.000000,0,0,1.000000,4.800000,3.600000,1,C1,
431.500000,3.855936,3.853000,3.840000,6.000000,0.000000,0.035739,0.035739,0.000000,0.000000,0,0,1.000000,4.800000,3.600000,1,C1,
432.000000,3.854405,3.852000,3.860000,6.000000,0.000000,0.036728,0.036728,0.000000,0.000000,0,0,1.000000,4.800000,3.600000,1,C1,
432.500000,3.853006,3.852000,3.850000,6.000000,0.000000,0.033578,0.033578,0.000000,0.000000,0,0,1.000000,4.800000,3.600000,1,C1,
433.000000,3.851409,3.854000,3.850000,6.000000,0.000000,0.038330,0.038330,0.000000,0.000000,0,0,1.000000,4.800000,3.600000,1,C1,
433.500000,3.849939,3.847000,3.850000,6.000000,0.000000,0.035286,0.035286,0.000000,0.000000,0,0,1.000000,4.800000,3.600000,1,C1,
434.000000,3.848578,3.851000,3.860000,6.000000,0.000000,0.032655,0.032655,0.000000,0.000000,0,0,1.000000,4.800000,3.600000,1,C1,
434.500000,3.847063,3.849000,3.850000,6.000000,0.000000,0.036381,0.036381,0.000000,0.000000,0,0,1.000000,4.800000,3.600000,1,C1,
435.000000,3.845568,3.856000,3.860000,6.000000,0.000000,0.035878,0.035878,0.000000,0.000000,0,0,1.000000,4.800000,3.600000,1,C1,
435.500000,3.844163,3.849000,3.860000,6.000000,0.000000,0.033705,0.033705,0.000000,0.000000,0,0,1.000000,4.800000,3.600000,1,C1,
436.000000,3.842643,3.851000,3.840000,6.000000,0.000000,0.036484,0.036484,0.000000,0.000000,0,0,1.000000,4.800000,3.600000,1,C1,
436.500000,3.841220,3.838000,3.830000,6.000000,0.000000,0.034143,0.034143,0.000000,0.000000,0,0,1.000000,4.800000,3.600000,1,C1,
437.000000,3.839881,3.835000,3.840000,6.000000,0.000000,0.032146,0.032146,0.000000,0.000000,0,0,1.000000,4.800000,3.600000,1,C1,
437.500000,3.838503,3.837000,3.830000,6.000000,0.000000,0.033083,0.033083,0.000000,0.000000,0,0,1.000000,4.800000,3.600000,1,C1,
438.000000,3.837101,3.837000,3.830000,6.000000,0.000000,0.033643,0.033643,0.000000,0.000000,0,0,1.000000,4.800000,3.600000,1,C1,
438.500000,3.835708,3.843000,3.840000,6.000000,0.000000,0.033438,0.033438,0.000000,0.000000,0,0,1.000000,4.800000,3.600000,1,C1,
439.000000,3.834322,3.832000,3.830000,6.000000,0.000000,0.033249,0.033249,0.000000,0.000000,0,0,1.000000,4.800000,3.600000,1,C1,
439.500000,3.832956,3.829000,3.830000,6.000000,0.000000,0.032782,0.032782,0.000000,0.000000,0,0,1.000000,4.800000,3.600000,1,C1,
440.000000,3.831618,3.817000,3.830000,6.000000,0.000000,0.032107,0.032107,0.000000,0.000000,0,0,1.000000,4.800000,3.600000,1,C1,
440.500000,3.830277,3.837000,3.840000,6.000000,0.000000,0.032183,0.032183,0.000000,0.000000,0,0,1.000000,4.800000,3.600000,1,C1,
441.000000,3.828685,3.824000,3.820000,6.000000,0.000000,0.038210,0.038210,0.000000,0.000000,0,0,1.000000,4.800000,3.600000,1,C1,
441.500000,3.827306,3.839000,3.820000,6.000000,0.000000,0.033106,0.033106,0.000000,0.000000,0,0,1.000000,4.800000,3.600000,1,C1,
442.000000,3.825960,3.816000,3.830000,6.000000,0.000000,0.032301,0.032301,0.000000,0.000000,0,0,1.000000,4.800000,3.600000,1,C1,
442.500000,3.824631,3.817000,3.820000,6.000000,0.000000,0.031894,0.031894,0.000000,0.000000,0,0,1.000000,4.800000,3.600000,1,C1,
443.000000,3.823112,3.822000,3.850000,6.000000,0.000000,0.036455,0.036455,0.000000,0.000000,0,0,1.000000,4.800000,3.600000,1,C1,
443.500000,3.821673,3.822000,3.830000,6.000000,0.000000,0.034544,0.034544,0.000000,0.000000,0,0,1.000000,4.800000,3.600000,1,C1,
444.000000,3.820346,3.818000,3.800000,6.000000,0.000000,0.031843,0.031843,0.000000,0.000000,0,0,1.000000,4.800000,3.600000,1,C1,
444.500000,3.818765,3.819000,3.810000,6.000000,0.000000,0.037937,0.037937,0.000000,0.000000,0,0,1.000000,4.800000,3.600000,1,C1,
445.000000,3.817419,3.820000,3.820000,6.000000,0.000000,0.032319,0.032319,0.000000,0.000000,0,0,1.000000,4.800000,3.600000,1,C1,
445.500000,3.815948,3.817000,3.800000,6.000000,0.000000,0.035295,0.035295,0.000000,0.000000,0,0,1.000000,4.800000,3.600000,1,C1,
446.000000,3.814430,3.822000,3.810000,6.000000,0.000000,0.036429,0.036429,0.000000,0.000000,0,0,1.000000,4.800000,3.600000,1,C1,
446.500000,3.813112,3.815000,3.810000,6.000000,0.000000,0.031627,0.031627,0.000000,0.000000,0,0,1.000000,4.800000,3.600000,1,C1,
447.000000,3.811703,3.806000,3.810000,6.000000,0.000000,0.033827,0.033827,0.000000,0.000000,0,0,1.000000,4.800000,3.600000,1,C1,
447.500000,3.810387,3.809000,3.810000,6.000000,0.000000,0.031591,0.031591,0.000000,0.000000,0,0,1.000000,4.800000,3.600000,1,C1,
448.000000,3.808896,3.812000,3.800000,6.000000,0.000000,0.035774,0.035774,0.000000,0.000000,0,0,1.000000,4.800000,3.600000,1,C1,
448.500000,3.807545,3.804000,3.810000,6.000000,0.000000,0.032416,0.032416,0.000000,0.000000,0,0,1.000000,4.800000,3.600000,1,C1,
449.000000,3.806089,3.803000,3.800000,6.000000,0.000000,0.034958,0.034958,0.000000,0.000000,0,0,1.000000,4.800000,3.600000,1,C1,
449.500000,3.804551,3.795000,3.810000,6.000000,0.000000,0.036901,0.036901,0.000000,0.000000,0,0,1.000000,4.800000,3.600000,1,C1,
450.000000,3.803097,3.802000,3.820000,6.000000,0.000000,0.034894,0.034894,0.000000,0.000000,0,0,1.000000,4.800000,3.600000,1,C1,
450.500000,3.801573,3.799000,3.800000,6.000000,0.000000,0.036596,0.036596,0.000000,0.000000,0,0,1.000000,4.800000,3.600000,1,C1,
451.000000,3.800256,3.799000,3.810000,6.000000,0.000000,0.031607,0.031607,0.000000,0.000000,0,0,1.000000,4.800000,3.600000,1,C1,
451.500000,3.798654,3.796000,3.810000,6.000000,0.000000,0.038447,0.038447,0.000000,0.000000,0,0,1.000000,4.800000,3.600000,1,C1,
452.000000,3.797108,3.798000,3.800000,6.000000,0.000000,0.037100,0.037100,0.000000,0.000000,0,0,1.000000,4.800000,3.600000,1,C1,
452.500000,3.795578,3.778000,3.810000,6.000000,0.000000,0.036715,0.036715,0.000000,0.000000,0,0,1.000000,4.800000,3.600000,1,C1,
453.000000,3.794005,3.806000,3.790000,6.000000,0.000000,0.037755,0.037755,0.000000,0.000000,0,0,1.000000,4.800000,3.600000,1,C1,
453.500000,3.792510,3.803000,3.800000,6.000000,0.000000,0.035870,0.035870,0.000000,0.000000,0,0,1.000000,4.800000,3.600000,1,C1,
454.000000,3.791007,3.791000,3.770000,6.000000,0.000000,0.036073,0.036073,0.000000,0.000000,0,0,1.000000,4.800000,3.600000,1,C1,
454.500000,3.789582,3.786000,3.790000,6.000000,0.000000,0.034216,0.034216,0.000000,0.000000,0,0,1.000000,4.800000,3.600000,1,C1,
455.000000,3.788224,3.789000,3.800000,6.000000,0.000000,0.032574,0.032574,0.000000,0.000000,0,0,1.000000,4.800000,3.600000,1,C1,
455.500000,3.786717,3.784000,3.780000,6.000000,0.000000,0.036169,0.036169,0.000000,0.000000,0,0,1.000000,4.800000,3.600000,1,C1,
456.000000,3.785379,3.792000,3.780000,6.000000,0.000000,0.032116,0.032116,0.000000,0.000000,0,0,1.000000,4.800000,3.600000,1,C1,
456.500000,3.783969,3.791000,3.790000,6.000000,0.000000,0.033846,0.033846,0.000000,0.000000,0,0,1.000000,4.800000,3.600000,1,C1,
457.000000,3.782616,3.784000,3.780000,6.000000,0.000000,0.032471,0.032471,0.000000,0.000000,0,0,1.000000,4.800000,3.600000,1,C1,
457.500000,3.781186,3.785000,3.760000,6.000000,0.000000,0.034320,0.034320,0.000000,0.000000,0,0,1.000000,4.800000,3.600000,1,C1,
458.000000,3.779648,3.774000,3.770000,6.000000,0.000000,0.036911,0.036911,0.000000,0.000000,0,0,1.000000,4.800000,3.600000,1,C1,
458.500000,3.778111,3.782000,3.760000,6.000000,0.000000,0.036884,0.036884,0.000000,0.000000,0,0,1.000000,4.800000,3.600000,1,C1,
459.000000,3.776577,3.772000,3.770000,6.000000,0.000000,0.036814,0.036814,0.000000,0.000000,0,0,1.000000,4.800000,3.600000,1,C1,
459.500000,3.775216,3.780000,3.770000,6.000000,0.000000,0.032665,0.032665,0.000000,0.000000,0,0,1.000000,4.800000,3.600000,1,C1,
460.000000,3.773778,3.776000,3.780000,6.000000,0.000000,0.034506,0.034506,0.000000,0.000000,0,0,1.000000,4.800000,3.600000,1,C1,
460.500000,3.772329,3.774000,3.780000,6.000000,0.000000,0.034791,0.034791,0.000000,0.000000,0,0,1.000000,4.800000,3.600000,1,C1,
461.000000,3.770991,3.770000,3.780000,6.000000,0.000000,0.032117,0.032117,0.000000,0.000000,0,0,1.000000,4.800000,3.600000,1,C1,
461.500000,3.769505,3.772000,3.790000,6.000000,0.000000,0.035643,0.035643,0.000000,0.000000,0,0,1.000000,4.800000,3.600000,1,C1,
462.000000,3.768031,3.765000,3.790000,6.000000,0.000000,0.035387,0.035387,0.000000,0.000000,0,0,1.000000,4.800000,3.600000,1,C1,
462.500000,3.766439,3.767000,3.770000,6.000000,0.000000,0.038203,0.038203,0.000000,0.000000,0,0,1.000000,4.800000,3.600000,1,C1,
463.000000,3.764977,3.773000,3.770000,6.000000,0.000000,0.035088,0.035088,0.000000,0.000000,0,0,1.000000,4.800000,3.600000,1,C1,
463.500000,3.763484,3.769000,3.760000,6.000000,0.000000,0.035842,0.035842,0.000000,0.000000,0,0,1.000000,4.800000,3.600000,1,C1,
464.000000,3.762128,3.763000,3.740000,6.000000,0.000000,0.032545,0.032545,0.000000,0.000000,0,0,1.000000,4.800000,3.600000,1,C1,
464.500000,3.760529,3.768000,3.760000,6.000000,0.000000,0.038362,0.038362,0.000000,0.000000,0,0,1.000000,4.800000,3.600000,1,C1,
465.000000,3.758984,3.766000,3.760000,6.000000,0.000000,0.037082,0.037082,0.000000,0.000000,0,0,1.000000,4.800000,3.600000,1,C1,
465.500000,3.757666,3.757000,3.760000,6.000000,0.000000,0.031634,0.031634,0.000000,0.000000,0,0,1.000000,4.800000,3.600000,1,C1,
466.000000,3.756094,3.754000,3.760000,6.000000,0.000000,0.037722,0.037722,0.000000,0.000000,0,0,1.000000,4.800000,3.600000,1,C1,
466.500000,3.754503,3.753000,3.770000,6.000000,0.000000,0.038185,0.038185,0.000000,0.000000,0,0,1.000000,4.800000,3.600000,1,C1,
467.000000,3.753181,3.750000,3.740000,6.000000,0.000000,0.031744,0.031744,0.000000,0.000000,0,0,1.000000,4.800000,3.600000,1,C1,
467.500000,3.751640,3.751000,3.740000,6.000000,0.000000,0.036968,0.036968,0.000000,0.000000,0,0,1.000000,4.800000,3.600000,1,C1,
468.000000,3.750095,3.744000,3.740000,6.000000,0.000000,0.037093,0.037093,0.000000,0.000000,0,0,1.000000,4.800000,3.600000,1,C1,
468.500000,3.748645,3.755000,3.770000,6.000000,0.000000,0.034796,0.034796,0.000000,0.000000,0,0,1.000000,4.800000,3.600000,1,C1,
469.000000,3.747261,3.745000,3.760000,6.000000,0.000000,0.033208,0.033208,0.000000,0.000000,0,0,1.000000,4.800000,3.600000,1,C1,
469.500000,3.745690,3.750000,3.750000,6.000000,0.000000,0.037703,0.037703,0.000000,0.000000,0,0,1.000000,4.800000,3.600000,1,C1,
470.000000,3.744256,3.745000,3.730000,6.000000,0.000000,0.034416,0.034416,0.000000,0.000000,0,0,1.000000,4.800000,3.600000,1,C1,
470.500000,3.742773,3.755000,3.760000,6.000000,0.000000,0.035599,0.035599,0.000000,0.000000,0,0,1.000000,4.800000,3.600000,1,C1,
471.000000,3.741316,3.745000,3.730000,6.000000,0.000000,0.034976,0.034976,0.000000,0.000000,0,0,1.000000,4.800000,3.600000,1,C1,
471.500000,3.739814,3.748000,3.730000,6.000000,0.000000,0.036052,0.036052,0.000000,0.000000,0,0,1.000000,4.800000,3.600000,1,C1,
472.000000,3.738447,3.732000,3.740000,6.000000,0.000000,0.032811,0.032811,0.000000,0.000000,0,0,1.000000,4.800000,3.600000,1,C1,
472.500000,3.736920,3.736000,3.740000,6.000000,0.000000,0.036633,0.036633,0.000000,0.000000,0,0,1.000000,4.800000,3.600000,1,C1,
473.000000,3.735590,3.733000,3.740000,6.000000,0.000000,0.031934,0.031934,0.000000,0.000000,0,0,1.000000,4.800000,3.600000,1,C1,
473.500000,3.734032,3.730000,3.730000,6.000000,0.000000,0.037373,0.037373,0.000000,0.000000,0,0,1.000000,4.800000,3.600000,1,C1,
474.000000,3.732504,3.740000,3.730000,6.000000,0.000000,0.036684,0.036684,0.000000,0.000000,0,0,1.000000,4.800000,3.600000,1,C1,
474.500000,3.730985,3.735000,3.750000,6.000000,0.000000,0.036445,0.036445,0.000000,0.000000,0,0,1.000000,4.800000,3.600000,1,C1,
475.000000,3.729423,3.723000,3.750000,6.000000,0.000000,0.037492,0.037492,0.000000,0.000000,0,0,1.000000,4.800000,3.600000,1,C1,
475.500000,3.727866,3.724000,3.720000,6.000000,0.000000,0.037382,0.037382,0.000000,0.000000,0,0,1.000000,4.800000,3.600000,1,C1,
476.000000,3.726320,3.731000,3.730000,6.000000,0.000000,0.037094,0.037094,0.000000,0.000000,0,0,1.000000,4.800000,3.600000,1,C1,
476.500000,3.724995,3.721000,3.720000,6.000000,0.000000,0.031807,0.031807,0.000000,0.000000,0,0,1.000000,4.800000,3.600000,1,C1,
477.000000,3.723419,3.722000,3.740000,6.000000,0.000000,0.037819,0.037819,0.000000,0.000000,0,0,1.000000,4.800000,3.600000,1,C1,
477.500000,3.721978,3.724000,3.730000,6.000000,0.000000,0.034590,0.034590,0.000000,0.000000,0,0,1.000000,4.800000,3.600000,1,C1,
478.000000,3.720425,3.723000,3.710000,6.000000,0.000000,0.037267,0.037267,0.000000,0.000000,0,0,1.000000,4.800000,3.600000,1,C1,
478.500000,3.718993,3.717000,3.710000,6.000000,0.000000,0.034356,0.034356,0.000000,0.000000,0,0,1.000000,4.800000,3.600000,1,C1,
479.000000,3.717615,3.714000,3.730000,6.000000,0.000000,0.033071,0.033071,0.000000,0.000000,0,0,1.000000,4.800000,3.600000,1,C1,
479.500000,3.716281,3.713000,3.710000,6.000000,0.000000,0.032014,0.032014,0.000000,0.000000,0,0,1.000000,4.800000,3.600000,1,C1,
480.000000,3.714717,3.722000,3.700000,6.000000,0.000000,0.037556,0.037556,0.000000,0.000000,0,0,1.000000,4.800000,3.600000,1,C1,
480.500000,3.713112,3.708000,3.710000,6.000000,0.000000,0.038499,0.038499,0.000000,0.000000,0,0,1.000000,4.800000,3.600000,1,C1,
481.000000,3.711705,3.701000,3.710000,6.000000,0.000000,0.033778,0.033778,0.000000,0.000000,0,0,1.000000,4.800000,3.600000,1,C1,
481.500000,3.710347,3.712000,3.710000,6.000000,0.000000,0.032603,0.032603,0.000000,0.000000,0,0,1.000000,4.800000,3.600000,1,C1,
482.000000,3.708920,3.719000,3.690000,6.000000,0.000000,0.034244,0.034244,0.000000,0.000000,0,0,1.000000,4.800000,3.600000,1,C1,
482.500000,3.707408,3.709000,3.710000,6.000000,0.000000,0.036287,0.036287,0.000000,0.000000,0,0,1.000000,4.800000,3.600000,1,C1,
483.000000,3.705839,3.707000,3.710000,6.000000,0.000000,0.037652,0.037652,0.000000,0.000000,0,0,1.000000,4.800000,3.600000,1,C1,
483.500000,3.704335,3.705000,3.700000,6.000000,0.000000,0.036103,0.036103,0.000000,0.000000,0,0,1.000000,4.800000,3.600000,1,C1,
484.000000,3.702890,3.711000,3.700000,6.000000,0.000000,0.034683,0.034683,0.000000,0.000000,0,0,1.000000,4.800000,3.600000,1,C1,
484.500000,3.701431,3.698000,3.690000,6.000000,0.000000,0.035014,0.035014,0.000000,0.000000,0,0,1.000000,4.800000,3.600000,1,C1,
485.000000,3.700012,3.698000,3.680000,6.000000,0.000000,0.034057,0.034057,0.000000,0.000000,0,0,1.000000,4.800000,3.600000,1,C1,
485.500000,3.698520,3.700000,3.730000,6.000000,0.000000,0.035806,0.035806,0.000000,0.000000,0,0,1.000000,4.800000,3.600000,1,C0,
486.000000,3.697021,3.689000,3.700000,6.000000,0.000000,0.035973,0.035973,0.000000,0.000000,0,0,1.000000,4.800000,3.600000,1,C0,
486.500000,3.695639,3.698000,3.710000,6.000000,0.000000,0.033153,0.033153,0.000000,0.000000,0,0,1.000000,4.800000,3.600000,1,C0,
487.000000,3.694165,3.686000,3.700000,6.000000,0.000000,0.035389,0.035389,0.000000,0.000000,0,0,1.000000,4.800000,3.600000,1,C0,
487.500000,3.692591,3.700000,3.700000,6.000000,0.000000,0.037763,0.037763,0.000000,0.000000,0,0,1.000000,4.800000,3.600000,1,C0,
488.000000,3.691047,3.689000,3.710000,6.000000,0.000000,0.037063,0.037063,0.000000,0.000000,0,0,1.000000,4.800000,3.600000,1,C0,
488.500000,3.689605,3.690000,3.700000,6.000000,0.000000,0.034605,0.034605,0.000000,0.000000,0,0,1.000000,4.800000,3.600000,1,C0,
489.000000,3.688125,3.688000,3.690000,6.000000,0.000000,0.035528,0.035528,0.000000,0.000000,0,0,1.000000,4.800000,3.600000,1,C0,
489.500000,3.686575,3.689000,3.700000,6.000000,0.000000,0.037189,0.037189,0.000000,0.000000,0,0,1.000000,4.800000,3.600000,1,C0,
490.000000,3.685078,3.682000,3.680000,6.000000,0.000000,0.035932,0.035932,0.000000,0.000000,0,0,1.000000,4.800000,3.600000,1,C0,
490.500000,3.683744,3.685000,3.680000,6.000000,0.000000,0.032016,0.032016,0.000000,0.000000,0,0,1.000000,4.800000,3.600000,1,C0,
491.000000,3.682179,3.680000,3.670000,6.000000,0.000000,0.037578,0.037578,0.000000,0.000000,0,0,1.000000,4.800000,3.600000,1,C0,
491.500000,3.680756,3.683000,3.700000,6.000000,0.000000,0.034146,0.034146,0.000000,0.000000,0,0,1.000000,4.800000,3.600000,1,C0,
492.000000,3.679304,3.678000,3.680000,6.000000,0.000000,0.034834,0.034834,0.000000,0.000000,0,0,1.000000,4.800000,3.600000,1,C0,
492.500000,3.677719,3.673000,3.660000,6.000000,0.000000,0.038043,0.038043,0.000000,0.000000,0,0,1.000000,4.800000,3.600000,1,C0,
493.000000,3.676119,3.669000,3.710000,6.000000,0.000000,0.038409,0.038409,0.000000,0.000000,0,0,1.000000,4.800000,3.600000,1,C0,
493.500000,3.674627,3.680000,3.670000,6.000000,0.000000,0.035809,0.035809,0.000000,0.000000,0,0,1.000000,4.800000,3.600000,1,C0,
494.000000,3.673132,3.677000,3.680000,6.000000,0.000000,0.035883,0.035883,0.000000,0.000000,0,0,1.000000,4.800000,3.600000,1,C0,
494.500000,3.671623,3.672000,3.680000,6.000000,0.000000,0.036214,0.036214,0.000000,0.000000,0,0,1.000000,4.800000,3.600000,1,C0,
495.000000,3.670140,3.667000,3.680000,6.000000,0.000000,0.035593,0.035593,0.000000,0.000000,0,0,1.000000,4.800000,3.600000,1,C0,
495.500000,3.668643,3.673000,3.670000,6.000000,0.000000,0.035929,0.035929,0.000000,0.000000,0,0,1.000000,4.800000,3.600000,1,C0,
496.000000,3.667110,3.662000,3.660000,6.000000,0.000000,0.036783,0.036783,0.000000,0.000000,0,0,1.000000,4.800000,3.600000,1,C0,
496.500000,3.665713,3.664000,3.690000,6.000000,0.000000,0.033523,0.033523,0.000000,0.000000,0,0,1.000000,4.800000,3.600000,1,C0,
497.000000,3.664364,3.662000,3.670000,6.000000,0.000000,0.032371,0.032371,0.000000,0.000000,0,0,1.000000,4.800000,3.600000,1,C0,
497.500000,3.662889,3.666000,3.660000,6.000000,0.000000,0.035407,0.035407,0.000000,0.000000,0,0,1.000000,4.800000,3.600000,1,C0,
498.000000,3.661414,3.661000,3.650000,6.000000,0.000000,0.035397,0.035397,0.000000,0.000000,0,0,1.000000,4.800000,3.600000,1,C0,
498.500000,3.660017,3.660000,3.650000,6.000000,0.000000,0.033524,0.033524,0.000000,0.000000,0,0,1.000000,4.800000,3.600000,1,C0,
499.000000,3.658691,3.649000,3.650000,6.000000,0.000000,0.031832,0.031832,0.000000,0.000000,0,0,1.000000,4.800000,3.600000,1,C0,
499.500000,3.657323,3.656000,3.670000,6.000000,0.000000,0.032842,0.032842,0.000000,0.000000,0,0,1.000000,4.800000,3.600000,1,C0,
500.000000,3.655743,3.662000,3.660000,6.000000,0.000000,0.037921,0.037921,0.000000,0.000000,0,0,1.000000,4.800000,3.600000,1,C0,
500.500000,3.654335,3.658000,3.660000,6.000000,0.000000,0.033782,0.033782,0.000000,0.000000,0,0,1.000000,4.800000,3.600000,1,C0,
501.000000,3.652882,3.656000,3.650000,6.000000,0.000000,0.034880,0.034880,0.000000,0.000000,0,0,1.000000,4.800000,3.600000,1,C0,
501.500000,3.651375,3.646000,3.660000,6.000000,0.000000,0.036155,0.036155,0.000000,0.000000,0,0,1.000000,4.800000,3.600000,1,C0,
502.000000,3.650009,3.652000,3.660000,6.000000,0.000000,0.032792,0.032792,0.000000,0.000000,0,0,1.000000,4.800000,3.600000,1,C0,
502.500000,3.648692,3.640000,3.660000,6.000000,0.000000,0.031614,0.031614,0.000000,0.000000,0,0,1.000000,4.800000,3.600000,1,C0,
503.000000,3.647345,3.647000,3.660000,6.000000,0.000000,0.032332,0.032332,0.000000,0.000000,0,0,1.000000,4.800000,3.600000,1,C0,
503.500000,3.645976,3.644000,3.640000,6.000000,0.000000,0.032837,0.032837,0.000000,0.000000,0,0,1.000000,4.800000,3.600000,1,C0,
504.000000,3.644641,3.635000,3.640000,6.000000,0.000000,0.032047,0.032047,0.000000,0.000000,0,0,1.000000,4.800000,3.600000,1,C0,
504.500000,3.643325,3.642000,3.640000,6.000000,0.000000,0.031595,0.031595,0.000000,0.000000,0,0,1.000000,4.800000,3.600000,1,C0,
505.000000,3.641950,3.639000,3.630000,6.000000,0.000000,0.032982,0.032982,0.000000,0.000000,0,0,1.000000,4.800000,3.600000,1,C0,
505.500000,3.640470,3.641000,3.650000,6.000000,0.000000,0.035525,0.035525,0.000000,0.000000,0,0,1.000000,4.800000,3.600000,1,C0,
506.000000,3.638935,3.640000,3.640000,6.000000,0.000000,0.036841,0.036841,0.000000,0.000000,0,0,1.000000,4.800000,3.600000,1,C0,
506.500000,3.637440,3.639000,3.630000,6.000000,0.000000,0.035887,0.035887,0.000000,0.000000,0,0,1.000000,4.800000,3.600000,1,C0,
507.000000,3.636112,3.640000,3.640000,6.000000,0.000000,0.031859,0.031859,0.000000,0.000000,0,0,1.000000,4.800000,3.600000,1,C0,
507.500000,3.634687,3.636000,3.630000,6.000000,0.000000,0.034209,0.034209,0.000000,0.000000,0,0,1.000000,4.800000,3.600000,1,C0,
508.000000,3.633303,3.625000,3.650000,6.000000,0.000000,0.033219,0.033219,0.000000,0.000000,0,0,1.000000,4.800000,3.600000,1,C0,
508.500000,3.631914,3.631000,3.630000,6.000000,0.000000,0.033321,0.033321,0.000000,0.000000,0,0,1.000000,4.800000,3.600000,1,C0,
509.000000,3.630338,3.634000,3.620000,6.000000,0.000000,0.037829,0.037829,0.000000,0.000000,0,0,1.000000,4.800000,3.600000,1,C0,
509.500000,3.628940,3.632000,3.630000,6.000000,0.000000,0.033569,0.033569,0.000000,0.000000,0,0,1.000000,4.800000,3.600000,1,C0,
510.000000,3.627346,3.630000,3.620000,6.000000,0.000000,0.038249,0.038249,0.000000,0.000000,0,0,1.000000,4.800000,3.600000,1,C0,
510.500000,3.625921,3.626000,3.640000,6.000000,0.000000,0.034199,0.034199,0.000000,0.000000,0,0,1.000000,4.800000,3.600000,1,C0,
511.000000,3.624403,3.626000,3.630000,6.000000,0.000000,0.036437,0.036437,0.000000,0.000000,0,0,1.000000,4.800000,3.600000,1,C0,
511.500000,3.622811,3.627000,3.620000,6.000000,0.000000,0.038203,0.038203,0.000000,0.000000,0,0,1.000000,4.800000,3.600000,1,C0,
512.000000,3.621497,3.623000,3.620000,6.000000,0.000000,0.031528,0.031528,0.000000,0.000000,0,0,1.000000,4.800000,3.600000,1,C0,
512.500000,3.620111,3.622000,3.640000,6.000000,0.000000,0.033272,0.033272,0.000000,0.000000,0,0,1.000000,4.800000,3.600000,1,C0,
513.000000,3.618689,3.616000,3.630000,6.000000,0.000000,0.034134,0.034134,0.000000,0.000000,0,0,1.000000,4.800000,3.600000,1,C0,
513.500000,3.617320,3.607000,3.610000,6.000000,0.000000,0.032857,0.032857,0.000000,0.000000,0,0,1.000000,4.800000,3.600000,1,C0,
514.000000,3.615757,3.611000,3.610000,6.000000,0.000000,0.037499,0.037499,0.000000,0.000000,0,0,1.000000,4.800000,3.600000,1,C0,
514.500000,3.614249,3.621000,3.610000,6.000000,0.000000,0.036185,0.036185,0.000000,0.000000,0,0,1.000000,4.800000,3.600000,1,C0,
515.000000,3.612869,3.614000,3.610000,6.000000,0.000000,0.033133,0.033133,0.000000,0.000000,0,0,1.000000,4.800000,3.600000,1,C0,
515.500000,3.611331,3.598000,3.630000,6.000000,0.000000,0.036911,0.036911,0.000000,0.000000,0,0,1.000000,4.800000,3.600000,1,C0,
516.000000,3.609735,3.607000,3.610000,6.000000,0.000000,0.038308,0.038308,0.000000,0.000000,0,0,1.000000,4.800000,3.600000,1,C0,
516.500000,3.608351,3.616000,3.620000,6.000000,0.000000,0.033214,0.033214,0.000000,0.000000,0,0,1.000000,4.800000,3.600000,1,C0,
517.000000,3.606747,3.592000,3.600000,6.000000,0.000000,0.038486,0.038486,0.000000,0.000000,0,0,1.000000,4.800000,3.600000,1,C0,
517.500000,3.605152,3.609000,3.590000,6.000000,0.000000,0.038297,0.038297,0.000000,0.000000,0,0,1.000000,4.800000,3.600000,1,C0,
518.000000,3.603641,3.595000,3.600000,6.000000,0.000000,0.036252,0.036252,0.000000,0.000000,0,0,1.000000,4.800000,3.600000,1,C0,
518.500000,3.602062,3.609000,3.600000,6.000000,0.000000,0.037909,0.037909,0.000000,0.000000,0,0,1.000000,4.800000,3.600000,1,C0,
519.000000,3.600706,3.604000,3.610000,6.000000,0.000000,0.032523,0.032523,0.000000,0.000000,0,0,1.000000,4.800000,3.600000,1,C0,
519.500000,3.599121,3.607000,3.600000,6.000000,0.000000,0.038057,0.038057,0.000000,0.000000,0,0,1.000000,4.800000,3.600000,1,C0,
520.000000,3.597791,3.589000,3.600000,6.000000,0.000000,0.031911,0.031911,0.000000,0.000000,0,0,1.000000,4.800000,3.600000,1,C0,
520.500000,3.596259,3.593000,3.610000,6.000000,0.000000,0.036775,0.036775,0.000000,0.000000,0,0,1.000000,4.800000,3.600000,1,C0,
521.000000,3.594859,3.597000,3.590000,6.000000,0.000000,0.033586,0.033586,0.000000,0.000000,0,0,1.000000,4.800000,3.600000,1,C0,
521.500000,3.593496,3.592000,3.600000,6.000000,0.000000,0.032721,0.032721,0.000000,0.000000,0,0,1.000000,4.800000,3.600000,1,C0,
522.000000,3.591929,3.602000,3.590000,6.000000,0.000000,0.037604,0.037604,0.000000,0.000000,0,0,1.000000,4.800000,3.600000,1,C0,
522.500000,3.590473,3.588000,3.600000,6.000000,0.000000,0.034936,0.034936,0.000000,0.000000,0,0,1.000000,4.800000,3.600000,1,C0,
523.000000,3.589140,3.589000,3.570000,6.000000,0.000000,0.031990,0.031990,0.000000,0.000000,0,0,1.000000,4.800000,3.600000,1,C0,
523.500000,3.587544,3.592000,3.590000,6.000000,0.000000,0.038326,0.038326,0.000000,0.000000,0,0,1.000000,4.800000,3.600000,1,C0,
524.000000,3.586142,3.588000,3.590000,6.000000,0.000000,0.033647,0.033647,0.000000,0.000000,0,0,1.000000,4.800000,3.600000,1,C0,
524.500000,3.584549,3.590000,3.590000,6.000000,0.000000,0.038226,0.038226,0.000000,0.000000,0,0,1.000000,4.800000,3.600000,1,C0,
525.000000,3.583136,3.580000,3.570000,6.000000,0.000000,0.033903,0.033903,0.000000,0.000000,0,0,1.000000,4.800000,3.600000,1,C0,
525.500000,3.581540,3.579000,3.560000,6.000000,0.000000,0.038309,0.038309,0.000000,0.000000,0,0,1.000000,4.800000,3.600000,1,C0,
526.000000,3.579963,3.577000,3.580000,6.000000,0.000000,0.037844,0.037844,0.000000,0.000000,0,0,1.000000,4.800000,3.600000,1,C0,
526.500000,3.578611,3.568000,3.580000,6.000000,0.000000,0.032448,0.032448,0.000000,0.000000,0,0,1.000000,4.800000,3.600000,1,C0,
527.000000,3.577206,3.581000,3.580000,6.000000,0.000000,0.033717,0.033717,0.000000,0.000000,0,0,1.000000,4.800000,3.600000,1,C0,
527.500000,3.575818,3.572000,3.590000,6.000000,0.000000,0.033314,0.033314,0.000000,0.000000,0,0,1.000000,4.800000,3.600000,1,C0,
528.000000,3.574471,3.575000,3.570000,6.000000,0.000000,0.032342,0.032342,0.000000,0.000000,0,0,1.000000,4.800000,3.600000,1,C0,
528.500000,3.573088,3.577000,3.570000,6.000000,0.000000,0.033178,0.033178,0.000000,0.000000,0,0,1.000000,4.800000,3.600000,1,C0,
529.000000,3.571624,3.573000,3.570000,6.000000,0.000000,0.035143,0.035143,0.000000,0.000000,0,0,1.000000,4.800000,3.600000,1,C0,
529.500000,3.570304,3.573000,3.560000,6.000000,0.000000,0.031668,0.031668,0.000000,0.000000,0,0,1.000000,4.800000,3.600000,1,C0,
530.000000,3.568762,3.567000,3.560000,6.000000,0.000000,0.037025,0.037025,0.000000,0.000000,0,0,1.000000,4.800000,3.600000,1,C0,
530.500000,3.567287,3.557000,3.580000,6.000000,0.000000,0.035402,0.035402,0.000000,0.000000,0,0,1.000000,4.800000,3.600000,1,C0,
531.000000,3.565811,3.568000,3.560000,6.000000,0.000000,0.035407,0.035407,0.000000,0.000000,0,0,1.000000,4.800000,3.600000,1,C0,
531.500000,3.564484,3.557000,3.580000,6.000000,0.000000,0.031867,0.031867,0.000000,0.000000,0,0,1.000000,4.800000,3.600000,1,C0,
532.000000,3.563027,3.566000,3.570000,6.000000,0.000000,0.034965,0.034965,0.000000,0.000000,0,0,1.000000,4.800000,3.600000,1,C0,
532.500000,3.561668,3.565000,3.550000,6.000000,0.000000,0.032602,0.032602,0.000000,0.000000,0,0,1.000000,4.800000,3.600000,1,C0,
533.000000,3.560099,3.558000,3.580000,6.000000,0.000000,0.037662,0.037662,0.000000,0.000000,0,0,1.000000,4.800000,3.600000,1,C0,
533.500000,3.558687,3.557000,3.570000,6.000000,0.000000,0.033899,0.033899,0.000000,0.000000,0,0,1.000000,4.800000,3.600000,1,C0,
534.000000,3.557339,3.553000,3.560000,6.000000,0.000000,0.032339,0.032339,0.000000,0.000000,0,0,1.000000,4.800000,3.600000,1,C0,
534.500000,3.555847,3.552000,3.540000,6.000000,0.000000,0.035806,0.035806,0.000000,0.000000,0,0,1.000000,4.800000,3.600000,1,C0,
535.000000,3.554303,3.553000,3.570000,6.000000,0.000000,0.037068,0.037068,0.000000,0.000000,0,0,1.000000,4.800000,3.600000,1,C0,
535.500000,3.552887,3.550000,3.530000,6.000000,0.000000,0.033976,0.033976,0.000000,0.000000,0,0,1.000000,4.800000,3.600000,1,C0,
536.000000,3.551283,3.558000,3.540000,6.000000,0.000000,0.038495,0.038495,0.000000,0.000000,0,0,1.000000,4.800000,3.600000,1,C0,
536.500000,3.549809,3.551000,3.560000,6.000000,0.000000,0.035377,0.035377,0.000000,0.000000,0,0,1.000000,4.800000,3.600000,1,C0,
537.000000,3.548436,3.553000,3.550000,6.000000,0.000000,0.032966,0.032966,0.000000,0.000000,0,0,1.000000,4.800000,3.600000,1,C0,
537.500000,3.546934,3.551000,3.540000,6.000000,0.000000,0.036040,0.036040,0.000000,0.000000,0,0,1.000000,4.800000,3.600000,1,C0,
538.000000,3.545546,3.549000,3.560000,6.000000,0.000000,0.033306,0.033306,0.000000,0.000000,0,0,1.000000,4.800000,3.600000,1,C0,
538.500000,3.544065,3.542000,3.530000,6.000000,0.000000,0.035558,0.035558,0.000000,0.000000,0,0,1.000000,4.800000,3.600000,1,C0,
539.000000,3.542612,3.546000,3.540000,6.000000,0.000000,0.034863,0.034863,0.000000,0.000000,0,0,1.000000,4.800000,3.600000,1,C0,
539.500000,3.541027,3.545000,3.540000,6.000000,0.000000,0.038026,0.038026,0.000000,0.000000,0,0,1.000000,4.800000,3.600000,1,C0,
540.000000,3.539498,3.537000,3.540000,6.000000,0.000000,0.036713,0.036713,0.000000,0.000000,0,0,1.000000,4.800000,3.600000,1,C0,
540.500000,3.537996,3.538000,3.530000,6.000000,0.000000,0.036034,0.036034,0.000000,0.000000,0,0,1.000000,4.800000,3.600000,1,C0,
541.000000,3.536458,3.538000,3.520000,6.000000,0.000000,0.036929,0.036929,0.000000,0.000000,0,0,1.000000,4.800000,3.600000,1,C0,
541.500000,3.535101,3.531000,3.540000,6.000000,0.000000,0.032570,0.032570,0.000000,0.000000,0,0,1.000000,4.800000,3.600000,1,C0,
542.000000,3.533658,3.535000,3.520000,6.000000,0.000000,0.034632,0.034632,0.000000,0.000000,0,0,1.000000,4.800000,3.600000,1,C0,
542.500000,3.532176,3.526000,3.540000,6.000000,0.000000,0.035554,0.035554,0.000000,0.000000,0,0,1.000000,4.800000,3.600000,1,C0,
543.000000,3.530841,3.529000,3.520000,6.000000,0.000000,0.032038,0.032038,0.000000,0.000000,0,0,1.000000,4.800000,3.600000,1,C0,
543.500000,3.529304,3.531000,3.530000,6.000000,0.000000,0.036890,0.036890,0.000000,0.000000,0,0,1.000000,4.800000,3.600000,1,C0,
544.000000,3.527871,3.527000,3.530000,6.000000,0.000000,0.034401,0.034401,0.000000,0.000000,0,0,1.000000,4.800000,3.600000,1,C0,
544.500000,3.526443,3.522000,3.520000,6.000000,0.000000,0.034272,0.034272,0.000000,0.000000,0,0,1.000000,4.800000,3.600000,1,C0,
545.000000,3.525106,3.519000,3.520000,6.000000,0.000000,0.032074,0.032074,0.000000,0.000000,0,0,1.000000,4.800000,3.600000,1,C0,
545.500000,3.523542,3.524000,3.510000,6.000000,0.000000,0.037542,0.037542,0.000000,0.000000,0,0,1.000000,4.800000,3.600000,1,C0,
546.000000,3.522084,3.526000,3.520000,6.000000,0.000000,0.034986,0.034986,0.000000,0.000000,0,0,1.000000,4.800000,3.600000,1,C0,
546.500000,3.520557,3.525000,3.520000,6.000000,0.000000,0.036655,0.036655,0.000000,0.000000,0,0,1.000000,4.800000,3.600000,1,C0,
547.000000,3.519158,3.525000,3.530000,6.000000,0.000000,0.033586,0.033586,0.000000,0.000000,0,0,1.000000,4.800000,3.600000,1,C0,
547.500000,3.517588,3.515000,3.510000,6.000000,0.000000,0.037678,0.037678,0.000000,0.000000,0,0,1.000000,4.800000,3.600000,1,C0,
548.000000,3.516218,3.515000,3.520000,6.000000,0.000000,0.032880,0.032880,0.000000,0.000000,0,0,1.000000,4.800000,3.600000,1,C0,
548.500000,3.514769,3.514000,3.510000,6.000000,0.000000,0.034761,0.034761,0.000000,0.000000,0,0,1.000000,4.800000,3.600000,1,C0,
549.000000,3.513410,3.513000,3.520000,6.000000,0.000000,0.032622,0.032622,0.000000,0.000000,0,0,1.000000,4.800000,3.600000,1,C0,
549.500000,3.511960,3.521000,3.500000,6.000000,0.000000,0.034794,0.034794,0.000000,0.000000,0,0,1.000000,4.800000,3.600000,1,C0,
550.000000,3.510369,3.508000,3.530000,6.000000,0.000000,0.038193,0.038193,0.000000,0.000000,0,0,1.000000,4.800000,3.600000,1,C0,
550.500000,3.508935,3.509000,3.510000,6.000000,0.000000,0.034415,0.034415,0.000000,0.000000,0,0,1.000000,4.800000,3.600000,1,C0,
551.000000,3.507583,3.509000,3.510000,6.000000,0.000000,0.032440,0.032440,0.000000,0.000000,0,0,1.000000,4.800000,3.600000,1,C0,
551.500000,3.506064,3.508000,3.510000,6.000000,0.000000,0.036473,0.036473,0.000000,0.000000,0,0,1.000000,4.800000,3.600000,1,C0,
552.000000,3.504694,3.498000,3.510000,6.000000,0.000000,0.032877,0.032877,0.000000,0.000000,0,0,1.000000,4.800000,3.600000,1,C0,
552.500000,3.503097,3.511000,3.500000,6.000000,0.000000,0.038317,0.038317,0.000000,0.000000,0,0,1.000000,4.800000,3.600000,1,C0,
553.000000,3.501658,3.499000,3.500000,6.000000,0.000000,0.034532,0.034532,0.000000,0.000000,0,0,1.000000,4.800000,3.600000,1,C0,
553.500000,3.500241,3.495000,3.490000,6.000000,0.000000,0.034021,0.034021,0.000000,0.000000,0,0,1.000000,4.800000,3.600000,1,C0,
554.000000,3.498695,3.491000,3.490000,6.000000,0.000000,0.037104,0.037104,0.000000,0.000000,0,0,1.000000,4.800000,3.600000,1,C0,
554.500000,3.497112,3.496000,3.490000,6.000000,0.000000,0.037978,0.037978,0.000000,0.000000,0,0,1.000000,4.800000,3.600000,1,C0,
555.000000,3.495579,3.493000,3.490000,6.000000,0.000000,0.036798,0.036798,0.000000,0.000000,0,0,1.000000,4.800000,3.600000,1,C0,
555.500000,3.494016,3.491000,3.480000,6.000000,0.000000,0.037519,0.037519,0.000000,0.000000,0,0,1.000000,4.800000,3.600000,1,C0,
556.000000,3.492651,3.488000,3.490000,6.000000,0.000000,0.032760,0.032760,0.000000,0.000000,0,0,1.000000,4.800000,3.600000,1,C0,
556.500000,3.491288,3.495000,3.490000,6.000000,0.000000,0.032708,0.032708,0.000000,0.000000,0,0,1.000000,4.800000,3.600000,1,C0,
557.000000,3.489782,3.493000,3.500000,6.000000,0.000000,0.036140,0.036140,0.000000,0.000000,0,0,1.000000,4.800000,3.600000,1,C0,
557.500000,3.488197,3.483000,3.490000,6.000000,0.000000,0.038046,0.038046,0.000000,0.000000,0,0,1.000000,4.800000,3.600000,1,C0,
558.000000,3.486779,3.491000,3.470000,6.000000,0.000000,0.034035,0.034035,0.000000,0.000000,0,0,1.000000,4.800000,3.600000,1,C0,
558.500000,3.485235,3.479000,3.500000,6.000000,0.000000,0.037047,0.037047,0.000000,0.000000,0,0,1.000000,4.800000,3.600000,1,C0,
559.000000,3.483881,3.479000,3.490000,6.000000,0.000000,0.032500,0.032500,0.000000,0.000000,0,0,1.000000,4.800000,3.600000,1,C0,
559.500000,3.482531,3.480000,3.470000,6.000000,0.000000,0.032404,0.032404,0.000000,0.000000,0,0,1.000000,4.800000,3.600000,1,C0,
560.000000,3.481026,3.476000,3.470000,6.000000,0.000000,0.036109,0.036109,0.000000,0.000000,0,0,1.000000,4.800000,3.600000,1,C0,
560.500000,3.479499,3.486000,3.480000,6.000000,0.000000,0.036645,0.036645,0.000000,0.000000,0,0,1.000000,4.800000,3.600000,1,C0,
561.000000,3.478128,3.482000,3.460000,6.000000,0.000000,0.032919,0.032919,0.000000,0.000000,0,0,1.000000,4.800000,3.600000,1,C0,
561.500000,3.476793,3.480000,3.470000,6.000000,0.000000,0.032036,0.032036,0.000000,0.000000,0,0,1.000000,4.800000,3.600000,1,C0,
562.000000,3.475367,3.473000,3.480000,6.000000,0.000000,0.034221,0.034221,0.000000,0.000000,0,0,1.000000,4.800000,3.600000,1,C0,
562.500000,3.473796,3.471000,3.470000,6.000000,0.000000,0.037709,0.037709,0.000000,0.000000,0,0,1.000000,4.800000,3.600000,1,C0,
563.000000,3.472389,3.467000,3.460000,6.000000,0.000000,0.033760,0.033760,0.000000,0.000000,0,0,1.000000,4.800000,3.600000,1,C0,
563.500000,3.470804,3.471000,3.480000,6.000000,0.000000,0.038053,0.038053,0.000000,0.000000,0,0,1.000000,4.800000,3.600000,1,C0,
564.000000,3.469254,3.476000,3.470000,6.000000,0.000000,0.037195,0.037195,0.000000,0.000000,0,0,1.000000,4.800000,3.600000,1,C0,
564.500000,3.467746,3.472000,3.470000,6.000000,0.000000,0.036181,0.036181,0.000000,0.000000,0,0,1.000000,4.800000,3.600000,1,C0,
565.000000,3.466193,3.462000,3.460000,6.000000,0.000000,0.037279,0.037279,0.000000,0.000000,0,0,1.000000,4.800000,3.600000,1,C0,
565.500000,3.464657,3.460000,3.480000,6.000000,0.000000,0.036868,0.036868,0.000000,0.000000,0,0,1.000000,4.800000,3.600000,1,C0,
566.000000,3.463077,3.467000,3.480000,6.000000,0.000000,0.037924,0.037924,0.000000,0.000000,0,0,1.000000,4.800000,3.600000,1,C0,
566.500000,3.461691,3.458000,3.480000,6.000000,0.000000,0.033256,0.033256,0.000000,0.000000,0,0,1.000000,4.800000,3.600000,1,C0,
567.000000,3.460123,3.464000,3.450000,6.000000,0.000000,0.037625,0.037625,0.000000,0.000000,0,0,1.000000,4.800000,3.600000,1,C0,
567.500000,3.458614,3.458000,3.460000,6.000000,0.000000,0.036226,0.036226,0.000000,0.000000,0,0,1.000000,4.800000,3.600000,1,C0,
568.000000,3.457265,3.460000,3.480000,6.000000,0.000000,0.032374,0.032374,0.000000,0.000000,0,0,1.000000,4.800000,3.600000,1,C0,
568.500000,3.455864,3.455000,3.460000,6.000000,0.000000,0.033623,0.033623,0.000000,0.000000,0,0,1.000000,4.800000,3.600000,1,C0,
569.000000,3.454468,3.452000,3.460000,6.000000,0.000000,0.033516,0.033516,0.000000,0.000000,0,0,1.000000,4.800000,3.600000,1,C0,
569.500000,3.453095,3.452000,3.440000,6.000000,0.000000,0.032937,0.032937,0.000000,0.000000,0,0,1.000000,4.800000,3.600000,1,C0,
570.000000,3.451725,3.465000,3.450000,6.000000,0.000000,0.032896,0.032896,0.000000,0.000000,0,0,1.000000,4.800000,3.600000,1,C0,
570.500000,3.450286,3.443000,3.450000,6.000000,0.000000,0.034520,0.034520,0.000000,0.000000,0,0,1.000000,4.800000,3.600000,1,C0,
571.000000,3.448766,3.450000,3.440000,6.000000,0.000000,0.036482,0.036482,0.000000,0.000000,0,0,1.000000,4.800000,3.600000,1,C0,
571.500000,3.447193,3.443000,3.470000,6.000000,0.000000,0.037751,0.037751,0.000000,0.000000,0,0,1.000000,4.800000,3.600000,1,C0,
572.000000,3.445702,3.449000,3.440000,6.000000,0.000000,0.035799,0.035799,0.000000,0.000000,0,0,1.000000,4.800000,3.600000,1,C0,
572.500000,3.444234,3.442000,3.440000,6.000000,0.000000,0.035232,0.035232,0.000000,0.000000,0,0,1.000000,4.800000,3.600000,1,C0,
573.000000,3.442717,3.445000,3.440000,6.000000,0.000000,0.036409,0.036409,0.000000,0.000000,0,0,1.000000,4.800000,3.600000,1,C0,
573.500000,3.441189,3.444000,3.450000,6.000000,0.000000,0.036662,0.036662,0.000000,0.000000,0,0,1.000000,4.800000,3.600000,1,C0,
574.000000,3.439630,3.441000,3.450000,6.000000,0.000000,0.037405,0.037405,0.000000,0.000000,0,0,1.000000,4.800000,3.600000,1,C0,
574.500000,3.438282,3.431000,3.440000,6.000000,0.000000,0.032366,0.032366,0.000000,0.000000,0,0,1.000000,4.800000,3.600000,1,C0,
575.000000,3.436801,3.440000,3.420000,6.000000,0.000000,0.035532,0.035532,0.000000,0.000000,0,0,1.000000,4.800000,3.600000,1,C0,
575.500000,3.435409,3.427000,3.450000,6.000000,0.000000,0.033416,0.033416,0.000000,0.000000,0,0,1.000000,4.800000,3.600000,1,C0,
576.000000,3.433977,3.442000,3.430000,6.000000,0.000000,0.034367,0.034367,0.000000,0.000000,0,0,1.000000,4.800000,3.600000,1,C0,
576.500000,3.432598,3.428000,3.440000,6.000000,0.000000,0.033092,0.033092,0.000000,0.000000,0,0,1.000000,4.800000,3.600000,1,C0,
577.000000,3.431120,3.431000,3.430000,6.000000,0.000000,0.035486,0.035486,0.000000,0.000000,0,0,1.000000,4.800000,3.600000,1,C0,
577.500000,3.429579,3.426000,3.440000,6.000000,0.000000,0.036974,0.036974,0.000000,0.000000,0,0,1.000000,4.800000,3.600000,1,C0,
578.000000,3.428001,3.426000,3.420000,6.000000,0.000000,0.037880,0.037880,0.000000,0.000000,0,0,1.000000,4.800000,3.600000,1,C0,
578.500000,3.426470,3.428000,3.410000,6.000000,0.000000,0.036730,0.036730,0.000000,0.000000,0,0,1.000000,4.800000,3.600000,1,C0,
579.000000,3.425116,3.432000,3.420000,6.000000,0.000000,0.032497,0.032497,0.000000,0.000000,0,0,1.000000,4.800000,3.600000,1,C0,
579.500000,3.423518,3.420000,3.410000,6.000000,0.000000,0.038351,0.038351,0.000000,0.000000,0,0,1.000000,4.800000,3.600000,1,C0,
580.000000,3.421971,3.417000,3.430000,6.000000,0.000000,0.037133,0.037133,0.000000,0.000000,0,0,1.000000,4.800000,3.600000,1,C0,
580.500000,3.420649,3.414000,3.410000,6.000000,0.000000,0.031723,0.031723,0.000000,0.000000,0,0,1.000000,4.800000,3.600000,1,C0,
581.000000,3.419137,3.424000,3.420000,6.000000,0.000000,0.036286,0.036286,0.000000,0.000000,0,0,1.000000,4.800000,3.600000,1,C0,
581.500000,3.417625,3.423000,3.420000,6.000000,0.000000,0.036287,0.036287,0.000000,0.000000,0,0,1.000000,4.800000,3.600000,1,C0,
582.000000,3.416192,3.422000,3.410000,6.000000,0.000000,0.034411,0.034411,0.000000,0.000000,0,0,1.000000,4.800000,3.600000,1,C0,
582.500000,3.414747,3.411000,3.410000,6.000000,0.000000,0.034662,0.034662,0.000000,0.000000,0,0,1.000000,4.800000,3.600000,1,C0,
583.000000,3.413246,3.414000,3.400000,6.000000,0.000000,0.036041,0.036041,0.000000,0.000000,0,0,1.000000,4.800000,3.600000,1,C0,
583.500000,3.411872,3.412000,3.410000,6.000000,0.000000,0.032968,0.032968,0.000000,0.000000,0,0,1.000000,4.800000,3.600000,1,C0,
584.000000,3.410396,3.404000,3.400000,6.000000,0.000000,0.035429,0.035429,0.000000,0.000000,0,0,1.000000,4.800000,3.600000,1,C0,
584.500000,3.408881,3.412000,3.430000,6.000000,0.000000,0.036350,0.036350,0.000000,0.000000,0,0,1.000000,4.800000,3.600000,1,C0,
585.000000,3.407318,3.410000,3.400000,6.000000,0.000000,0.037515,0.037515,0.000000,0.000000,0,0,1.000000,4.800000,3.600000,1,C0,
585.500000,3.405992,3.410000,3.410000,6.000000,0.000000,0.031823,0.031823,0.000000,0.000000,0,0,1.000000,4.800000,3.600000,1,C0,
586.000000,3.404488,3.401000,3.380000,6.000000,0.000000,0.036110,0.036110,0.000000,0.000000,0,0,1.000000,4.800000,3.600000,1,C0,
586.500000,3.403097,3.403000,3.390000,6.000000,0.000000,0.033371,0.033371,0.000000,0.000000,0,0,1.000000,4.800000,3.600000,1,C0,
587.000000,3.401614,3.397000,3.390000,6.000000,0.000000,0.035594,0.035594,0.000000,0.000000,0,0,1.000000,4.800000,3.600000,1,C0,
587.500000,3.400270,3.401000,3.400000,6.000000,0.000000,0.032258,0.032258,0.000000,0.000000,0,0,1.000000,4.800000,3.600000,1,C0,
588.000000,3.398953,3.396000,3.400000,6.000000,0.000000,0.031603,0.031603,0.000000,0.000000,0,0,1.000000,4.800000,3.600000,1,C0,
588.500000,3.397599,3.395000,3.410000,6.000000,0.000000,0.032512,0.032512,0.000000,0.000000,0,0,1.000000,4.800000,3.600000,1,C0,
589.000000,3.396161,3.398000,3.380000,6.000000,0.000000,0.034512,0.034512,0.000000,0.000000,0,0,1.000000,4.800000,3.600000,1,C0,
589.500000,3.394723,3.394000,3.400000,6.000000,0.000000,0.034494,0.034494,0.000000,0.000000,0,0,1.000000,4.800000,3.600000,1,C0,
590.000000,3.393214,3.388000,3.390000,6.000000,0.000000,0.036215,0.036215,0.000000,0.000000,0,0,1.000000,4.800000,3.600000,1,C0,
590.500000,3.391879,3.384000,3.390000,6.000000,0.000000,0.032040,0.032040,0.000000,0.000000,0,0,1.000000,4.800000,3.600000,1,C0,
591.000000,3.390444,3.396000,3.380000,6.000000,0.000000,0.034447,0.034447,0.000000,0.000000,0,0,1.000000,4.800000,3.600000,1,C0,
591.500000,3.388903,3.391000,3.390000,6.000000,0.000000,0.036974,0.036974,0.000000,0.000000,0,0,1.000000,4.800000,3.600000,1,C0,
592.000000,3.387394,3.384000,3.400000,6.000000,0.000000,0.036235,0.036235,0.000000,0.000000,0,0,1.000000,4.800000,3.600000,1,C0,
592.500000,3.385817,3.397000,3.390000,6.000000,0.000000,0.037831,0.037831,0.000000,0.000000,0,0,1.000000,4.800000,3.600000,1,C0,
593.000000,3.384431,3.387000,3.390000,6.000000,0.000000,0.033270,0.033270,0.000000,0.000000,0,0,1.000000,4.800000,3.600000,1,C0,
593.500000,3.382924,3.385000,3.380000,6.000000,0.000000,0.036175,0.036175,0.000000,0.000000,0,0,1.000000,4.800000,3.600000,1,C0,
594.000000,3.381352,3.380000,3.380000,6.000000,0.000000,0.037723,0.037723,0.000000,0.000000,0,0,1.000000,4.800000,3.600000,1,C0,
594.500000,3.379906,3.387000,3.370000,6.000000,0.000000,0.034702,0.034702,0.000000,0.000000,0,0,1.000000,4.800000,3.600000,1,C0,
595.000000,3.378544,3.379000,3.360000,6.000000,0.000000,0.032696,0.032696,0.000000,0.000000,0,0,1.000000,4.800000,3.600000,1,C0,
595.500000,3.377128,3.383000,3.370000,6.000000,0.000000,0.033981,0.033981,0.000000,0.000000,0,0,1.000000,4.800000,3.600000,1,C0,
596.000000,3.375675,3.376000,3.410000,6.000000,0.000000,0.034872,0.034872,0.000000,0.000000,0,0,1.000000,4.800000,3.600000,1,C0,
596.500000,3.374253,3.369000,3.370000,6.000000,0.000000,0.034115,0.034115,0.000000,0.000000,0,0,1.000000,4.800000,3.600000,1,C0,
597.000000,3.372878,3.370000,3.370000,6.000000,0.000000,0.033021,0.033021,0.000000,0.000000,0,0,1.000000,4.800000,3.600000,1,C0,
597.500000,3.371320,3.373000,3.370000,6.000000,0.000000,0.037392,0.037392,0.000000,0.000000,0,0,1.000000,4.800000,3.600000,1,C0,
598.000000,3.369777,3.380000,3.370000,6.000000,0.000000,0.037016,0.037016,0.000000,0.000000,0,0,1.000000,4.800000,3.600000,1,C0,
598.500000,3.368436,3.370000,3.370000,6.000000,0.000000,0.032182,0.032182,0.000000,0.000000,0,0,1.000000,4.800000,3.600000,1,C0,
599.000000,3.367116,3.370000,3.350000,6.000000,0.000000,0.031688,0.031688,0.000000,0.000000,0,0,1.000000,4.800000,3.600000,1,C0,
599.500000,3.365780,3.360000,3.380000,6.000000,0.000000,0.032068,0.032068,0.000000,0.000000,0,0,1.000000,4.800000,3.600000,1,C0,
600.000000,3.364194,3.360000,3.360000,6.000000,0.000000,0.038063,0.038063,0.000000,0.000000,0,0,1.000000,4.800000,3.600000,1,C0,
600.500000,3.362677,3.368000,3.360000,6.000000,0.000000,0.036393,0.036393,0.000000,0.000000,0,0,1.000000,4.800000,3.600000,1,C0,
601.000000,3.361214,3.361000,3.350000,6.000000,0.000000,0.035130,0.035130,0.000000,0.000000,0,0,1.000000,4.800000,3.600000,1,C0,
601.500000,3.359760,3.358000,3.360000,6.000000,0.000000,0.034899,0.034899,0.000000,0.000000,0,0,1.000000,4.800000,3.600000,1,C0,
602.000000,3.358275,3.359000,3.360000,6.000000,0.000000,0.035627,0.035627,0.000000,0.000000,0,0,1.000000,4.800000,3.600000,1,C0,
602.500000,3.356899,3.353000,3.360000,6.000000,0.000000,0.033033,0.033033,0.000000,0.000000,0,0,1.000000,4.800000,3.600000,1,C0,
603.000000,3.355354,3.360000,3.340000,6.000000,0.000000,0.037079,0.037079,0.000000,0.000000,0,0,1.000000,4.800000,3.600000,1,C0,
603.500000,3.353990,3.353000,3.360000,6.000000,0.000000,0.032734,0.032734,0.000000,0.000000,0,0,1.000000,4.800000,3.600000,1,C0,
604.000000,3.352412,3.352000,3.360000,6.000000,0.000000,0.037874,0.037874,0.000000,0.000000,0,0,1.000000,4.800000,3.600000,1,C0,
604.500000,3.350914,3.351000,3.360000,6.000000,0.000000,0.035959,0.035959,0.000000,0.000000,0,0,1.000000,4.800000,3.600000,1,C0,
605.000000,3.349472,3.356000,3.350000,6.000000,0.000000,0.034596,0.034596,0.000000,0.000000,0,0,1.000000,4.800000,3.600000,1,C0,
605.500000,3.347993,3.343000,3.360000,6.000000,0.000000,0.035494,0.035494,0.000000,0.000000,0,0,1.000000,4.800000,3.600000,1,C0,
606.000000,3.346612,3.352000,3.360000,6.000000,0.000000,0.033147,0.033147,0.000000,0.000000,0,0,1.000000,4.800000,3.600000,1,C0,
606.500000,3.345067,3.355000,3.350000,6.000000,0.000000,0.037087,0.037087,0.000000,0.000000,0,0,1.000000,4.800000,3.600000,1,C0,
607.000000,3.343499,3.347000,3.330000,6.000000,0.000000,0.037629,0.037629,0.000000,0.000000,0,0,1.000000,4.800000,3.600000,1,C0,
607.500000,3.342147,3.342000,3.320000,6.000000,0.000000,0.032446,0.032446,0.000000,0.000000,0,0,1.000000,4.800000,3.600000,1,C0,
608.000000,3.340657,3.340000,3.340000,6.000000,0.000000,0.035758,0.035758,0.000000,0.000000,0,0,1.000000,4.800000,3.600000,1,C0,
608.500000,3.339213,3.338000,3.350000,6.000000,0.000000,0.034650,0.034650,0.000000,0.000000,0,0,1.000000,4.800000,3.600000,1,C0,
609.000000,3.337773,3.342000,3.350000,6.000000,0.000000,0.034557,0.034557,0.000000,0.000000,0,0,1.000000,4.800000,3.600000,1,C0,
609.500000,3.336301,3.336000,3.330000,6.000000,0.000000,0.035327,0.035327,0.000000,0.000000,0,0,1.000000,4.800000,3.600000,1,C0,
610.000000,3.334836,3.336000,3.320000,6.000000,0.000000,0.035178,0.035178,0.000000,0.000000,0,0,1.000000,4.800000,3.600000,1,C0,
610.500000,3.333269,3.332000,3.330000,6.000000,0.000000,0.037586,0.037586,0.000000,0.000000,0,0,1.000000,4.800000,3.600000,1,C0,
611.000000,3.331674,3.331000,3.330000,6.000000,0.000000,0.038299,0.038299,0.000000,0.000000,0,0,1.000000,4.800000,3.600000,1,C0,
611.500000,3.330354,3.334000,3.330000,6.000000,0.000000,0.031673,0.031673,0.000000,0.000000,0,0,1.000000,4.800000,3.600000,1,C0,
612.000000,3.328884,3.334000,3.320000,6.000000,0.000000,0.035268,0.035268,0.000000,0.000000,0,0,1.000000,4.800000,3.600000,1,C0,
612.500000,3.327405,3.330000,3.330000,6.000000,0.000000,0.035515,0.035515,0.000000,0.000000,0,0,1.000000,4.800000,3.600000,1,C0,
613.000000,3.326002,3.323000,3.330000,6.000000,0.000000,0.033662,0.033662,0.000000,0.000000,0,0,1.000000,4.800000,3.600000,1,C0,
613.500000,3.324545,3.329000,3.340000,6.000000,0.000000,0.034977,0.034977,0.000000,0.000000,0,0,1.000000,4.800000,3.600000,1,C0,
614.000000,3.323153,3.320000,3.320000,6.000000,0.000000,0.033391,0.033391,0.000000,0.000000,0,0,1.000000,4.800000,3.600000,1,C0,
614.500000,3.321780,3.318000,3.310000,6.000000,0.000000,0.032956,0.032956,0.000000,0.000000,0,0,1.000000,4.800000,3.600000,1,C0,
615.000000,3.320326,3.320000,3.300000,6.000000,0.000000,0.034895,0.034895,0.000000,0.000000,0,0,1.000000,4.800000,3.600000,1,C0,
615.500000,3.318794,3.316000,3.320000,6.000000,0.000000,0.036766,0.036766,0.000000,0.000000,0,0,1.000000,4.800000,3.600000,1,C0,
616.000000,3.317388,3.313000,3.320000,6.000000,0.000000,0.033764,0.033764,0.000000,0.000000,0,0,1.000000,4.800000,3.600000,1,C0,
616.500000,3.315789,3.316000,3.300000,6.000000,0.000000,0.038377,0.038377,0.000000,0.000000,0,0,1.000000,4.800000,3.600000,1,C0,
617.000000,3.314292,3.312000,3.310000,6.000000,0.000000,0.035926,0.035926,0.000000,0.000000,0,0,1.000000,4.800000,3.600000,1,C0,
617.500000,3.312786,3.310000,3.320000,6.000000,0.000000,0.036129,0.036129,0.000000,0.000000,0,0,1.000000,4.800000,3.600000,1,C0,
618.000000,3.311191,3.314000,3.310000,6.000000,0.000000,0.038283,0.038283,0.000000,0.000000,0,0,1.000000,4.800000,3.600000,1,C0,
618.500000,3.309680,3.315000,3.310000,6.000000,0.000000,0.036258,0.036258,0.000000,0.000000,0,0,1.000000,4.800000,3.600000,1,C0,
619.000000,3.308179,3.306000,3.310000,6.000000,0.000000,0.036039,0.036039,0.000000,0.000000,0,0,1.000000,4.800000,3.600000,1,C0,
619.500000,3.306731,3.309000,3.290000,6.000000,0.000000,0.034753,0.034753,0.000000,0.000000,0,0,1.000000,4.800000,3.600000,1,C0,
620.000000,3.305345,3.315000,3.290000,6.000000,0.000000,0.033249,0.033249,0.000000,0.000000,0,0,1.000000,4.800000,3.600000,1,C0,
620.500000,3.303784,3.304000,3.310000,6.000000,0.000000,0.037471,0.037471,0.000000,0.000000,0,0,1.000000,4.800000,3.600000,1,C0,
621.000000,3.302454,3.299000,3.310000,6.000000,0.000000,0.031924,0.031924,0.000000,0.000000,0,0,1.000000,4.800000,3.600000,1,C0,
621.500000,3.301006,3.302000,3.290000,6.000000,0.000000,0.034741,0.034741,0.000000,0.000000,0,0,1.000000,4.800000,3.600000,1,C0,
622.000000,3.299468,3.299000,3.320000,6.000000,0.000000,0.036915,0.036915,0.000000,0.000000,0,0,1.000000,4.800000,3.600000,1,C0,
622.500000,3.298033,3.301000,3.300000,6.000000,0.000000,0.034446,0.034446,0.000000,0.000000,0,0,1.000000,4.800000,3.600000,1,C0,
623.000000,3.296640,3.299000,3.290000,6.000000,0.000000,0.033429,0.033429,0.000000,0.000000,0,0,1.000000,4.800000,3.600000,1,C0,
623.500000,3.295117,3.296000,3.280000,6.000000,0.000000,0.036555,0.036555,0.000000,0.000000,0,0,1.000000,4.800000,3.600000,1,C0,
624.000000,3.293524,3.283000,3.290000,6.000000,0.000000,0.038242,0.038242,0.000000,0.000000,0,0,1.000000,4.800000,3.600000,1,C0,
624.500000,3.292150,3.292000,3.300000,6.000000,0.000000,0.032976,0.032976,0.000000,0.000000,0,0,1.000000,4.800000,3.600000,1,C0,
625.000000,3.290777,3.285000,3.290000,6.000000,0.000000,0.032936,0.032936,0.000000,0.000000,0,0,1.000000,4.800000,3.600000,1,C0,
625.500000,3.289217,3.290000,3.270000,6.000000,0.000000,0.037454,0.037454,0.000000,0.000000,0,0,1.000000,4.800000,3.600000,1,C0,
626.000000,3.287722,3.294000,3.290000,6.000000,0.000000,0.035866,0.035866,0.000000,0.000000,0,0,1.000000,4.800000,3.600000,1,C0,
626.500000,3.286143,3.288000,3.300000,6.000000,0.000000,0.037907,0.037907,0.000000,0.000000,0,0,1.000000,4.800000,3.600000,1,C0,
627.000000,3.284759,3.284000,3.280000,6.000000,0.000000,0.033207,0.033207,0.000000,0.000000,0,0,1.000000,4.800000,3.600000,1,C0,
627.500000,3.283433,3.293000,3.280000,6.000000,0.000000,0.031829,0.031829,0.000000,0.000000,0,0,1.000000,4.800000,3.600000,1,C0,
628.000000,3.282060,3.278000,3.270000,6.000000,0.000000,0.032941,0.032941,0.000000,0.000000,0,0,1.000000,4.800000,3.600000,1,C0,
628.500000,3.280709,3.274000,3.280000,6.000000,0.000000,0.032447,0.032447,0.000000,0.000000,0,0,1.000000,4.800000,3.600000,1,C0,
629.000000,3.279113,3.283000,3.280000,6.000000,0.000000,0.038283,0.038283,0.000000,0.000000,0,0,1.000000,4.800000,3.600000,1,C0,
629.500000,3.277590,3.279000,3.290000,6.000000,0.000000,0.036568,0.036568,0.000000,0.000000,0,0,1.000000,4.800000,3.600000,1,C0,
630.000000,3.276171,3.278000,3.280000,6.000000,0.000000,0.034060,0.034060,0.000000,0.000000,0,0,1.000000,4.800000,3.600000,1,C0,
630.500000,3.274658,3.278000,3.270000,6.000000,0.000000,0.036297,0.036297,0.000000,0.000000,0,0,1.000000,4.800000,3.600000,1,C0,
631.000000,3.273227,3.278000,3.290000,6.000000,0.000000,0.034337,0.034337,0.000000,0.000000,0,0,1.000000,4.800000,3.600000,1,C0,
631.500000,3.271847,3.264000,3.270000,6.000000,0.000000,0.033121,0.033121,0.000000,0.000000,0,0,1.000000,4.800000,3.600000,1,C0,
632.000000,3.270382,3.270000,3.270000,6.000000,0.000000,0.035162,0.035162,0.000000,0.000000,0,0,1.000000,4.800000,3.600000,1,C0,
632.500000,3.268819,3.269000,3.260000,6.000000,0.000000,0.037510,0.037510,0.000000,0.000000,0,0,1.000000,4.800000,3.600000,1,C0,
633.000000,3.267413,3.270000,3.270000,6.000000,0.000000,0.033763,0.033763,0.000000,0.000000,0,0,1.000000,4.800000,3.600000,1,C0,
633.500000,3.265830,3.264000,3.260000,6.000000,0.000000,0.037979,0.037979,0.000000,0.000000,0,0,1.000000,4.800000,3.600000,1,C0,
634.000000,3.264428,3.264000,3.260000,6.000000,0.000000,0.033663,0.033663,0.000000,0.000000,0,0,1.000000,4.800000,3.600000,1,C0,
634.500000,3.263096,3.265000,3.280000,6.000000,0.000000,0.031965,0.031965,0.000000,0.000000,0,0,1.000000,4.800000,3.600000,1,C0,
635.000000,3.261710,3.263000,3.270000,6.000000,0.000000,0.033265,0.033265,0.000000,0.000000,0,0,1.000000,4.800000,3.600000,1,C0,
635.500000,3.260368,3.254000,3.260000,6.000000,0.000000,0.032199,0.032199,0.000000,0.000000,0,0,1.000000,4.800000,3.600000,1,C0,
636.000000,3.258827,3.265000,3.230000,6.000000,0.000000,0.036984,0.036984,0.000000,0.000000,0,0,1.000000,4.800000,3.600000,1,C0,
636.500000,3.257351,3.265000,3.270000,6.000000,0.000000,0.035419,0.035419,0.000000,0.000000,0,0,1.000000,4.800000,3.600000,1,C0,
637.000000,3.255838,3.256000,3.260000,6.000000,0.000000,0.036314,0.036314,0.000000,0.000000,0,0,1.000000,4.800000,3.600000,1,C0,
637.500000,3.254359,3.255000,3.250000,6.000000,0.000000,0.035509,0.035509,0.000000,0.000000,0,0,1.000000,4.800000,3.600000,1,C0,
638.000000,3.252784,3.251000,3.250000,6.000000,0.000000,0.037802,0.037802,0.000000,0.000000,0,0,1.000000,4.800000,3.600000,1,C0,
638.500000,3.251258,3.252000,3.250000,6.000000,0.000000,0.036617,0.036617,0.000000,0.000000,0,0,1.000000,4.800000,3.600000,1,C0,
639.000000,3.249837,3.243000,3.240000,6.000000,0.000000,0.034091,0.034091,0.000000,0.000000,0,0,1.000000,4.800000,3.600000,1,C0,
639.500000,3.248348,3.244000,3.260000,6.000000,0.000000,0.035741,0.035741,0.000000,0.000000,0,0,1.000000,4.800000,3.600000,1,C0,
640.000000,3.246893,3.242000,3.250000,6.000000,0.000000,0.034919,0.034919,0.000000,0.000000,0,0,1.000000,4.800000,3.600000,1,C0,
640.500000,3.245304,3.241000,3.250000,6.000000,0.000000,0.038137,0.038137,0.000000,0.000000,0,0,1.000000,4.800000,3.600000,1,C0,
641.000000,3.243799,3.255000,3.230000,6.000000,0.000000,0.036118,0.036118,0.000000,0.000000,0,0,1.000000,4.800000,3.600000,1,C0,
641.500000,3.242232,3.236000,3.260000,6.000000,0.000000,0.037615,0.037615,0.000000,0.000000,0,0,1.000000,4.800000,3.600000,1,C0,
642.000000,3.240840,3.240000,3.240000,6.000000,0.000000,0.033413,0.033413,0.000000,0.000000,0,0,1.000000,4.800000,3.600000,1,C0,
642.500000,3.239507,3.237000,3.230000,6.000000,0.000000,0.031989,0.031989,0.000000,0.000000,0,0,1.000000,4.800000,3.600000,1,C0,
643.000000,3.237990,3.248000,3.250000,6.000000,0.000000,0.036406,0.036406,0.000000,0.000000,0,0,1.000000,4.800000,3.600000,1,C0,
643.500000,3.236595,3.239000,3.220000,6.000000,0.000000,0.033491,0.033491,0.000000,0.000000,0,0,1.000000,4.800000,3.600000,1,C0,
644.000000,3.235163,3.232000,3.250000,6.000000,0.000000,0.034346,0.034346,0.000000,0.000000,0,0,1.000000,4.800000,3.600000,1,C0,
644.500000,3.233763,3.236000,3.230000,6.000000,0.000000,0.033616,0.033616,0.000000,0.000000,0,0,1.000000,4.800000,3.600000,1,C0,
645.000000,3.232346,3.225000,3.230000,6.000000,0.000000,0.033997,0.033997,0.000000,0.000000,0,0,1.000000,4.800000,3.600000,1,C0,
645.500000,3.230940,3.231000,3.230000,6.000000,0.000000,0.033759,0.033759,0.000000,0.000000,0,0,1.000000,4.800000,3.600000,1,C0,
646.000000,3.229411,3.226000,3.210000,6.000000,0.000000,0.036698,0.036698,0.000000,0.000000,0,0,1.000000,4.800000,3.600000,1,C0,
646.500000,3.227862,3.229000,3.230000,6.000000,0.000000,0.037156,0.037156,0.000000,0.000000,0,0,1.000000,4.800000,3.600000,1,C0,
647.000000,3.226353,3.228000,3.240000,6.000000,0.000000,0.036222,0.036222,0.000000,0.000000,0,0,1.000000,4.800000,3.600000,1,C0,
647.500000,3.224910,3.224000,3.230000,6.000000,0.000000,0.034628,0.034628,0.000000,0.000000,0,0,1.000000,4.800000,3.600000,1,C0,
648.000000,3.223552,3.223000,3.230000,6.000000,0.000000,0.032607,0.032607,0.000000,0.000000,0,0,1.000000,4.800000,3.600000,1,C0,
648.500000,3.222008,3.224000,3.210000,6.000000,0.000000,0.037060,0.037060,0.000000,0.000000,0,0,1.000000,4.800000,3.600000,1,C0,
649.000000,3.220429,3.219000,3.220000,6.000000,0.000000,0.037875,0.037875,0.000000,0.000000,0,0,1.000000,4.800000,3.600000,1,C0,
649.500000,3.219020,3.222000,3.210000,6.000000,0.000000,0.033827,0.033827,0.000000,0.000000,0,0,1.000000,4.800000,3.600000,1,C0,
650.000000,3.217651,3.216000,3.240000,6.000000,0.000000,0.032853,0.032853,0.000000,0.000000,0,0,1.000000,4.800000,3.600000,1,C0,
650.500000,3.216170,3.222000,3.220000,6.000000,0.000000,0.035546,0.035546,0.000000,0.000000,0,0,1.000000,4.800000,3.600000,1,C0,
651.000000,3.214614,3.220000,3.210000,6.000000,0.000000,0.037348,0.037348,0.000000,0.000000,0,0,1.000000,4.800000,3.600000,1,C0,
651.500000,3.213197,3.223000,3.220000,6.000000,0.000000,0.034006,0.034006,0.000000,0.000000,0,0,1.000000,4.800000,3.600000,1,C0,
652.000000,3.211603,3.218000,3.210000,6.000000,0.000000,0.038247,0.038247,0.000000,0.000000,0,0,1.000000,4.800000,3.600000,1,C0,
652.500000,3.210285,3.212000,3.200000,6.000000,0.000000,0.031649,0.031649,0.000000,0.000000,0,0,1.000000,4.800000,3.600000,1,C0,
653.000000,3.208751,3.205000,3.210000,6.000000,0.000000,0.036810,0.036810,0.000000,0.000000,0,0,1.000000,4.800000,3.600000,1,C0,
653.500000,3.207308,3.204000,3.220000,6.000000,0.000000,0.034619,0.034619,0.000000,0.000000,0,0,1.000000,4.800000,3.600000,1,C0,
654.000000,3.205990,3.203000,3.210000,6.000000,0.000000,0.031648,0.031648,0.000000,0.000000,0,0,1.000000,4.800000,3.600000,1,C0,
654.500000,3.204576,3.190000,3.200000,6.000000,0.000000,0.033927,0.033927,0.000000,0.000000,0,0,1.000000,4.800000,3.600000,1,C0,
655.000000,3.203124,3.194000,3.210000,6.000000,0.000000,0.034840,0.034840,0.000000,0.000000,1,1,1.000000,4.800000,3.600000,1,C0,
655.500000,3.205780,3.209000,3.210000,6.000000,0.101442,0.037710,0.037710,0.000000,0.000000,1,1,1.000000,4.800000,3.600000,1,C0,
656.000000,3.208421,3.223000,3.210000,6.000000,0.101361,0.037977,0.037977,0.000000,0.000000,1,1,1.000000,4.800000,3.600000,1,C0,
656.500000,3.211280,3.218000,3.210000,6.000000,0.101279,0.032659,0.032659,0.000000,0.000000,1,1,1.000000,4.800000,3.600000,1,C0,
657.000000,3.213935,3.216000,3.210000,6.000000,0.101191,0.037469,0.037469,0.000000,0.000000,1,1,1.000000,4.800000,3.600000,1,C0,
657.500000,3.216749,3.221000,3.210000,6.000000,0.101110,0.033589,0.033589,0.000000,0.000000,1,1,1.000000,4.800000,3.600000,1,C0,
658.000000,3.219379,3.219000,3.220000,6.000000,0.101023,0.037898,0.037898,0.000000,0.000000,1,1,1.000000,4.800000,3.600000,1,C0,
658.500000,3.222229,3.215000,3.220000,6.000000,0.100942,0.032542,0.032542,0.000000,0.000000,1,1,1.000000,4.800000,3.600000,1,C0,
659.000000,3.224907,3.221000,3.220000,6.000000,0.100854,0.036571,0.036571,0.000000,0.000000,1,1,1.000000,4.800000,3.600000,1,C0,
659.500000,3.227697,3.226000,3.240000,6.000000,0.100772,0.033807,0.033807,0.000000,0.000000,1,1,1.000000,4.800000,3.600000,1,C0,
660.000000,3.230466,3.226000,3.240000,6.000000,0.100686,0.034237,0.034237,0.000000,0.000000,1,1,1.000000,4.800000,3.600000,1,C0,
660.500000,3.233316,3.240000,3.230000,6.000000,0.100601,0.032199,0.032199,0.000000,0.000000,1,1,1.000000,4.800000,3.600000,1,C0,
661.000000,3.236083,3.229000,3.230000,6.000000,0.100513,0.034119,0.034119,0.000000,0.000000,1,1,1.000000,4.800000,3.600000,1,C0,
661.500000,3.238734,3.236000,3.250000,6.000000,0.100428,0.036794,0.036794,0.000000,0.000000,1,1,1.000000,4.800000,3.600000,1,C0,
662.000000,3.241315,3.244000,3.240000,6.000000,0.100347,0.038405,0.038405,0.000000,0.000000,1,1,1.000000,4.800000,3.600000,1,C0,
662.500000,3.244147,3.238000,3.230000,6.000000,0.100267,0.032309,0.032309,0.000000,0.000000,1,1,1.000000,4.800000,3.600000,1,C0,
663.000000,3.247004,3.242000,3.250000,6.000000,0.100180,0.031599,0.031599,0.000000,0.000000,1,1,1.000000,4.800000,3.600000,1,C0,
663.500000,3.249747,3.252000,3.260000,6.000000,0.100092,0.034253,0.034253,0.000000,0.000000,1,1,1.000000,4.800000,3.600000,1,C0,
664.000000,3.252484,3.250000,3.250000,6.000000,0.100008,0.034334,0.034334,0.000000,0.000000,1,1,1.000000,4.800000,3.600000,1,C0,
664.500000,3.255252,3.249000,3.270000,6.000000,0.099924,0.033493,0.033493,0.000000,0.000000,1,1,1.000000,4.800000,3.600000,1,C0,
665.000000,3.257868,3.256000,3.240000,6.000000,0.099838,0.037038,0.037038,0.000000,0.000000,1,1,1.000000,4.800000,3.600000,1,C0,
665.500000,3.260656,3.258000,3.250000,6.000000,0.099758,0.032847,0.032847,0.000000,0.000000,1,1,1.000000,4.800000,3.600000,1,C0,
666.000000,3.263239,3.268000,3.290000,6.000000,0.099672,0.037682,0.037682,0.000000,0.000000,1,1,1.000000,4.800000,3.600000,1,C0,
666.500000,3.265924,3.266000,3.280000,6.000000,0.099593,0.035163,0.035163,0.000000,0.000000,1,1,1.000000,4.800000,3.600000,1,C0,
667.000000,3.268495,3.269000,3.280000,6.000000,0.099510,0.037801,0.037801,0.000000,0.000000,1,1,1.000000,4.800000,3.600000,1,C0,
667.500000,3.271074,3.275000,3.260000,6.000000,0.099431,0.037544,0.037544,0.000000,0.000000,1,1,1.000000,4.800000,3.600000,1,C0,
668.000000,3.273786,3.274000,3.280000,6.000000,0.099352,0.034246,0.034246,0.000000,0.000000,1,1,1.000000,4.800000,3.600000,1,C0,
668.500000,3.276330,3.266000,3.280000,6.000000,0.099268,0.038231,0.038231,0.000000,0.000000,1,1,1.000000,4.800000,3.600000,1,C0,
669.000000,3.278982,3.275000,3.280000,6.000000,0.099190,0.035546,0.035546,0.000000,0.000000,1,1,1.000000,4.800000,3.600000,1,C0,
669.500000,3.281705,3.277000,3.280000,6.000000,0.099108,0.033753,0.033753,0.000000,0.000000,1,1,1.000000,4.800000,3.600000,1,C0,
670.000000,3.284288,3.294000,3.280000,6.000000,0.099024,0.037015,0.037015,0.000000,0.000000,1,1,1.000000,4.800000,3.600000,1,C0,
670.500000,3.286954,3.283000,3.300000,6.000000,0.098945,0.034970,0.034970,0.000000,0.000000,1,1,1.000000,4.800000,3.600000,1,C0,
671.000000,3.289538,3.302000,3.300000,6.000000,0.098863,0.036852,0.036852,0.000000,0.000000,1,1,1.000000,4.800000,3.600000,1,C0,
671.500000,3.292098,3.287000,3.280000,6.000000,0.098783,0.037340,0.037340,0.000000,0.000000,1,1,1.000000,4.800000,3.600000,1,C0,
672.000000,3.294609,3.300000,3.290000,6.000000,0.098705,0.038435,0.038435,0.000000,0.000000,1,1,1.000000,4.800000,3.600000,1,C0,
672.500000,3.297377,3.296000,3.300000,6.000000,0.098627,0.032209,0.032209,0.000000,0.000000,1,1,1.000000,4.800000,3.600000,1,C0,
673.000000,3.299962,3.301000,3.320000,6.000000,0.098542,0.036501,0.036501,0.000000,0.000000,1,1,1.000000,4.800000,3.600000,1,C0,
673.500000,3.302582,3.299000,3.300000,6.000000,0.098463,0.035573,0.035573,0.000000,0.000000,1,1,1.000000,4.800000,3.600000,1,C0,
674.000000,3.305180,3.297000,3.320000,6.000000,0.098382,0.036033,0.036033,0.000000,0.000000,1,1,1.000000,4.800000,3.600000,1,C0,
674.500000,3.307807,3.317000,3.300000,6.000000,0.098302,0.035252,0.035252,0.000000,0.000000,1,1,1.000000,4.800000,3.600000,1,C0,
675.000000,3.310399,3.320000,3.300000,6.000000,0.098221,0.036020,0.036020,0.000000,0.000000,1,1,1.000000,4.800000,3.600000,1,C0,
675.500000,3.313045,3.309000,3.290000,6.000000,0.098142,0.034630,0.034630,0.000000,0.000000,1,1,1.000000,4.800000,3.600000,1,C0,
676.000000,3.315702,3.327000,3.320000,6.000000,0.098060,0.034300,0.034300,0.000000,0.000000,1,1,1.000000,4.800000,3.600000,1,C0,
676.500000,3.318265,3.312000,3.310000,6.000000,0.097978,0.036452,0.036452,0.000000,0.000000,1,1,1.000000,4.800000,3.600000,1,C0,
677.000000,3.320925,3.324000,3.330000,6.000000,0.097900,0.034066,0.034066,0.000000,0.000000,1,1,1.000000,4.800000,3.600000,1,C0,
677.500000,3.323418,3.319000,3.320000,6.000000,0.097818,0.037992,0.037992,0.000000,0.000000,1,1,1.000000,4.800000,3.600000,1,C0,
678.000000,3.325987,3.323000,3.320000,6.000000,0.097741,0.036085,0.036085,0.000000,0.000000,1,1,1.000000,4.800000,3.600000,1,C0,
678.500000,3.328677,3.328000,3.330000,6.000000,0.097662,0.033089,0.033089,0.000000,0.000000,1,1,1.000000,4.800000,3.600000,1,C0,
679.000000,3.331154,3.326000,3.330000,6.000000,0.097579,0.038133,0.038133,0.000000,0.000000,1,1,1.000000,4.800000,3.600000,1,C0,
679.500000,3.333709,3.335000,3.330000,6.000000,0.097503,0.036178,0.036178,0.000000,0.000000,1,1,1.000000,4.800000,3.600000,1,C0,
680.000000,3.336203,3.333000,3.340000,6.000000,0.097424,0.037576,0.037576,0.000000,0.000000,1,1,1.000000,4.800000,3.600000,1,C0,
680.500000,3.338934,3.331000,3.330000,6.000000,0.097348,0.031803,0.031803,0.000000,0.000000,1,1,1.000000,4.800000,3.600000,1,C0,
681.000000,3.341484,3.344000,3.350000,6.000000,0.097264,0.036066,0.036066,0.000000,0.000000,1,1,1.000000,4.800000,3.600000,1,C0,
681.500000,3.344101,3.339000,3.350000,6.000000,0.097185,0.034371,0.034371,0.000000,0.000000,1,1,1.000000,4.800000,3.600000,1,C0,
682.000000,3.346564,3.341000,3.350000,6.000000,0.097105,0.037989,0.037989,0.000000,0.000000,1,1,1.000000,4.800000,3.600000,1,C0,
682.500000,3.349237,3.350000,3.360000,6.000000,0.097029,0.032890,0.032890,0.000000,0.000000,1,1,1.000000,4.800000,3.600000,1,C0,
683.000000,3.351819,3.348000,3.350000,6.000000,0.096947,0.034978,0.034978,0.000000,0.000000,1,1,1.000000,4.800000,3.600000,1,C0,
683.500000,3.354341,3.354000,3.350000,6.000000,0.096867,0.036330,0.036330,0.000000,0.000000,1,1,1.000000,4.800000,3.600000,1,C0,
684.000000,3.356777,3.363000,3.350000,6.000000,0.096789,0.038333,0.038333,0.000000,0.000000,1,1,1.000000,4.800000,3.600000,1,C0,
684.500000,3.359304,3.361000,3.370000,6.000000,0.096715,0.036059,0.036059,0.000000,0.000000,1,1,1.000000,4.800000,3.600000,1,C0,
685.000000,3.361904,3.354000,3.370000,6.000000,0.096637,0.034241,0.034241,0.000000,0.000000,1,1,1.000000,4.800000,3.600000,1,C0,
685.500000,3.364561,3.374000,3.370000,6.000000,0.096557,0.032800,0.032800,0.000000,0.000000,1,1,1.000000,4.800000,3.600000,1,C0,
686.000000,3.367122,3.368000,3.370000,6.000000,0.096475,0.034997,0.034997,0.000000,0.000000,1,1,1.000000,4.800000,3.600000,1,C0,
686.500000,3.369595,3.365000,3.380000,6.000000,0.096396,0.037062,0.037062,0.000000,0.000000,1,1,1.000000,4.800000,3.600000,1,C0,
687.000000,3.372113,3.378000,3.380000,6.000000,0.096320,0.035888,0.035888,0.000000,0.000000,1,1,1.000000,4.800000,3.600000,1,C0,
687.500000,3.374656,3.373000,3.390000,6.000000,0.096243,0.035201,0.035201,0.000000,0.000000,1,1,1.000000,4.800000,3.600000,1,C0,
688.000000,3.377232,3.374000,3.370000,6.000000,0.096164,0.034336,0.034336,0.000000,0.000000,1,1,1.000000,4.800000,3.600000,1,C0,
688.500000,3.379844,3.374000,3.390000,6.000000,0.096085,0.033409,0.033409,0.000000,0.000000,1,1,1.000000,4.800000,3.600000,1,C0,
689.000000,3.382457,3.384000,3.380000,6.000000,0.096005,0.033283,0.033283,0.000000,0.000000,1,1,1.000000,4.800000,3.600000,1,C0,
689.500000,3.385125,3.387000,3.390000,6.000000,0.095924,0.031888,0.031888,0.000000,0.000000,1,1,1.000000,4.800000,3.600000,1,C0,
690.000000,3.387575,3.385000,3.400000,6.000000,0.095842,0.037052,0.037052,0.000000,0.000000,1,1,1.000000,4.800000,3.600000,1,C0,
690.500000,3.390081,3.386000,3.390000,6.000000,0.095767,0.035622,0.035622,0.000000,0.000000,1,1,1.000000,4.800000,3.600000,1,C0,
691.000000,3.392656,3.392000,3.380000,6.000000,0.095690,0.033894,0.033894,0.000000,0.000000,1,1,1.000000,4.800000,3.600000,1,C0,
691.500000,3.395125,3.400000,3.420000,6.000000,0.095611,0.036355,0.036355,0.000000,0.000000,1,1,1.000000,4.800000,3.600000,1,C0,
692.000000,3.397729,3.406000,3.400000,6.000000,0.095535,0.033042,0.033042,0.000000,0.000000,1,1,1.000000,4.800000,3.600000,1,C0,
692.500000,3.400279,3.406000,3.420000,6.000000,0.095455,0.034239,0.034239,0.000000,0.000000,1,1,1.000000,4.800000,3.600000,1,C0,
693.000000,3.402826,3.407000,3.390000,6.000000,0.095376,0.034262,0.034262,0.000000,0.000000,1,1,1.000000,4.800000,3.600000,1,C0,
693.500000,3.405275,3.405000,3.410000,6.000000,0.095298,0.036514,0.036514,0.000000,0.000000,1,1,1.000000,4.800000,3.600000,1,C0,
694.000000,3.407714,3.410000,3.410000,6.000000,0.095222,0.036684,0.036684,0.000000,0.000000,1,1,1.000000,4.800000,3.600000,1,C0,
694.500000,3.410230,3.413000,3.410000,6.000000,0.095147,0.034754,0.034754,0.000000,0.000000,1,1,1.000000,4.800000,3.600000,1,C0,
695.000000,3.412833,3.411000,3.420000,6.000000,0.095070,0.032597,0.032597,0.000000,0.000000,1,1,1.000000,4.800000,3.600000,1,C0,
695.500000,3.415268,3.424000,3.420000,6.000000,0.094990,0.036564,0.036564,0.000000,0.000000,1,1,1.000000,4.800000,3.600000,1,C0,
696.000000,3.417864,3.416000,3.410000,6.000000,0.094915,0.032596,0.032596,0.000000,0.000000,1,1,1.000000,4.800000,3.600000,1,C0,
696.500000,3.420375,3.428000,3.410000,6.000000,0.094835,0.034571,0.034571,0.000000,0.000000,1,1,1.000000,4.800000,3.600000,1,C0,
697.000000,3.422909,3.422000,3.430000,6.000000,0.094758,0.033949,0.033949,0.000000,0.000000,1,1,1.000000,4.800000,3.600000,1,C0,
697.500000,3.425324,3.424000,3.420000,6.000000,0.094680,0.036732,0.036732,0.000000,0.000000,1,1,1.000000,4.800000,3.600000,1,C0,
698.000000,3.427736,3.424000,3.430000,6.000000,0.094605,0.036718,0.036718,0.000000,0.000000,1,1,1.000000,4.800000,3.600000,1,C0,
698.500000,3.430273,3.436000,3.420000,6.000000,0.094531,0.033637,0.033637,0.000000,0.000000,1,1,1.000000,4.800000,3.600000,1,C0,
699.000000,3.432636,3.429000,3.440000,6.000000,0.094453,0.037746,0.037746,0.000000,0.000000,1,1,1.000000,4.800000,3.600000,1,C0,
699.500000,3.435203,3.440000,3.440000,6.000000,0.094380,0.032765,0.032765,0.000000,0.000000,1,1,1.000000,4.800000,3.600000,1,C0,
700.000000,3.437613,3.431000,3.440000,6.000000,0.094301,0.036474,0.036474,0.000000,0.000000,1,1,1.000000,4.800000,3.600000,1,C0,
700.500000,3.440141,3.444000,3.440000,6.000000,0.094227,0.033545,0.033545,0.000000,0.000000,1,1,1.000000,4.800000,3.600000,1,C0,
701.000000,3.442741,3.440000,3.450000,6.000000,0.094150,0.031760,0.031760,0.000000,0.000000,1,1,1.000000,4.800000,3.600000,1,C0,
701.500000,3.445340,3.440000,3.450000,6.000000,0.094070,0.031686,0.031686,0.000000,0.000000,1,1,1.000000,4.800000,3.600000,1,C0,
702.000000,3.447756,3.452000,3.460000,6.000000,0.093990,0.035998,0.035998,0.000000,0.000000,1,1,1.000000,4.800000,3.600000,1,C0,
702.500000,3.450114,3.448000,3.450000,6.000000,0.093915,0.037320,0.037320,0.000000,0.000000,1,1,1.000000,4.800000,3.600000,1,C0,
703.000000,3.452438,3.458000,3.460000,6.000000,0.093843,0.038072,0.038072,0.000000,0.000000,1,1,1.000000,4.800000,3.600000,1,C0,
703.500000,3.454777,3.454000,3.430000,6.000000,0.093771,0.037640,0.037640,0.000000,0.000000,1,1,1.000000,4.800000,3.600000,1,C0,
704.000000,3.457096,3.454000,3.450000,6.000000,0.093699,0.038031,0.038031,0.000000,0.000000,1,1,1.000000,4.800000,3.600000,1,C0,
704.500000,3.459450,3.460000,3.460000,6.000000,0.093628,0.037148,0.037148,0.000000,0.000000,1,1,1.000000,4.800000,3.600000,1,C0,
705.000000,3.461749,3.456000,3.480000,6.000000,0.093555,0.038380,0.038380,0.000000,0.000000,1,1,1.000000,4.800000,3.600000,1,C0,
705.500000,3.464086,3.458000,3.480000,6.000000,0.093485,0.037401,0.037401,0.000000,0.000000,1,1,1.000000,4.800000,3.600000,1,C0,
706.000000,3.466553,3.466000,3.470000,6.000000,0.093413,0.034189,0.034189,0.000000,0.000000,1,1,1.000000,4.800000,3.600000,1,C0,
706.500000,3.469082,3.466000,3.470000,6.000000,0.093337,0.032640,0.032640,0.000000,0.000000,1,1,1.000000,4.800000,3.600000,1,C0,
707.000000,3.471484,3.461000,3.480000,6.000000,0.093259,0.035606,0.035606,0.000000,0.000000,1,1,1.000000,4.800000,3.600000,1,C0,
707.500000,3.473882,3.471000,3.480000,6.000000,0.093185,0.035648,0.035648,0.000000,0.000000,1,1,1.000000,4.800000,3.600000,1,C0,
708.000000,3.476406,3.476000,3.490000,6.000000,0.093111,0.032540,0.032540,0.000000,0.000000,1,1,1.000000,4.800000,3.600000,1,C0,
708.500000,3.478782,3.476000,3.490000,6.000000,0.093034,0.036007,0.036007,0.000000,0.000000,1,1,1.000000,4.800000,3.600000,1,C0,
709.000000,3.481118,3.485000,3.490000,6.000000,0.092961,0.036885,0.036885,0.000000,0.000000,1,1,1.000000,4.800000,3.600000,1,C0,
709.500000,3.483621,3.484000,3.500000,6.000000,0.092889,0.032830,0.032830,0.000000,0.000000,1,1,1.000000,4.800000,3.600000,1,C0,
710.000000,3.486145,3.480000,3.500000,6.000000,0.092812,0.032233,0.032233,0.000000,0.000000,1,1,1.000000,4.800000,3.600000,1,C0,
710.500000,3.488603,3.482000,3.490000,6.000000,0.092734,0.033745,0.033745,0.000000,0.000000,1,1,1.000000,4.800000,3.600000,1,C0,
711.000000,3.491010,3.487000,3.480000,6.000000,0.092658,0.034871,0.034871,0.000000,0.000000,1,1,1.000000,4.800000,3.600000,1,C0,
711.500000,3.493523,3.499000,3.470000,6.000000,0.092584,0.032288,0.032288,0.000000,0.000000,1,1,1.000000,4.800000,3.600000,1,C0,
712.000000,3.495792,3.502000,3.490000,6.000000,0.092507,0.038048,0.038048,0.000000,0.000000,1,1,1.000000,4.800000,3.600000,1,C0,
712.500000,3.498081,3.487000,3.490000,6.000000,0.092437,0.037489,0.037489,0.000000,0.000000,1,1,1.000000,4.800000,3.600000,1,C0,
713.000000,3.500351,3.494000,3.480000,6.000000,0.092367,0.037900,0.037900,0.000000,0.000000,1,1,1.000000,4.800000,3.600000,1,C0,
713.500000,3.502769,3.498000,3.510000,6.000000,0.092297,0.034248,0.034248,0.000000,0.000000,1,1,1.000000,4.800000,3.600000,1,C0,
714.000000,3.505244,3.504000,3.510000,6.000000,0.092222,0.032829,0.032829,0.000000,0.000000,1,1,1.000000,4.800000,3.600000,1,C0,
714.500000,3.507570,3.510000,3.510000,6.000000,0.092146,0.036336,0.036336,0.000000,0.000000,1,1,1.000000,4.800000,3.600000,1,C0,
715.000000,3.510042,3.512000,3.530000,6.000000,0.092075,0.032732,0.032732,0.000000,0.000000,1,1,1.000000,4.800000,3.600000,1,C0,
715.500000,3.512407,3.516000,3.510000,6.000000,0.091999,0.035251,0.035251,0.000000,0.000000,1,1,1.000000,4.800000,3.600000,1,C0,
716.000000,3.514772,3.511000,3.480000,6.000000,0.091926,0.035164,0.035164,0.000000,0.000000,1,1,1.000000,4.800000,3.600000,1,C0,
716.500000,3.517179,3.518000,3.500000,6.000000,0.091853,0.034073,0.034073,0.000000,0.000000,1,1,1.000000,4.800000,3.600000,1,C0,
717.000000,3.519615,3.527000,3.530000,6.000000,0.091779,0.033312,0.033312,0.000000,0.000000,1,1,1.000000,4.800000,3.600000,1,C0,
717.500000,3.522055,3.520000,3.520000,6.000000,0.091704,0.033153,0.033153,0.000000,0.000000,1,1,1.000000,4.800000,3.600000,1,C0,
718.000000,3.524305,3.530000,3.530000,6.000000,0.091629,0.037624,0.037624,0.000000,0.000000,1,1,1.000000,4.800000,3.600000,1,C0,
718.500000,3.526735,3.525000,3.520000,6.000000,0.091560,0.033245,0.033245,0.000000,0.000000,1,1,1.000000,4.800000,3.600000,1,C0,
719.000000,3.529120,3.531000,3.520000,6.000000,0.091485,0.034252,0.034252,0.000000,0.000000,1,1,1.000000,4.800000,3.600000,1,C0,
719.500000,3.531588,3.532000,3.530000,6.000000,0.091412,0.032170,0.032170,0.000000,0.000000,1,1,1.000000,4.800000,3.600000,1,C0,
720.000000,3.533907,3.540000,3.540000,6.000000,0.091336,0.035696,0.035696,0.000000,0.000000,1,1,1.000000,4.800000,3.600000,1,C0,
720.500000,3.536273,3.546000,3.530000,6.000000,0.091264,0.034463,0.034463,0.000000,0.000000,1,1,1.000000,4.800000,3.600000,1,C0,
721.000000,3.538627,3.535000,3.550000,6.000000,0.091192,0.034692,0.034692,0.000000,0.000000,1,1,1.000000,4.800000,3.600000,1,C0,
721.500000,3.540944,3.548000,3.550000,6.000000,0.091119,0.035513,0.035513,0.000000,0.000000,1,1,1.000000,4.800000,3.600000,1,C0,
722.000000,3.543346,3.544000,3.560000,6.000000,0.091048,0.033406,0.033406,0.000000,0.000000,1,1,1.000000,4.800000,3.600000,1,C0,
722.500000,3.545729,3.557000,3.560000,6.000000,0.090974,0.033780,0.033780,0.000000,0.000000,1,1,1.000000,4.800000,3.600000,1,C0,
723.000000,3.547973,3.550000,3.560000,6.000000,0.090901,0.037057,0.037057,0.000000,0.000000,1,1,1.000000,4.800000,3.600000,1,C0,
723.500000,3.550218,3.549000,3.550000,6.000000,0.090832,0.036943,0.036943,0.000000,0.000000,1,1,1.000000,4.800000,3.600000,1,C0,
724.000000,3.552410,3.554000,3.550000,6.000000,0.090763,0.038165,0.038165,0.000000,0.000000,1,1,1.000000,4.800000,3.600000,1,C0,
724.500000,3.554779,3.555000,3.560000,6.000000,0.090695,0.033829,0.033829,0.000000,0.000000,1,1,1.000000,4.800000,3.600000,1,C0,
725.000000,3.557228,3.562000,3.560000,6.000000,0.090622,0.031835,0.031835,0.000000,0.000000,1,1,1.000000,4.800000,3.600000,1,C0,
725.500000,3.559666,3.566000,3.550000,6.000000,0.090547,0.032037,0.032037,0.000000,0.000000,1,1,1.000000,4.800000,3.600000,1,C0,
726.000000,3.561968,3.564000,3.570000,6.000000,0.090472,0.035225,0.035225,0.000000,0.000000,1,1,1.000000,4.800000,3.600000,1,C0,
726.500000,3.564221,3.566000,3.560000,6.000000,0.090401,0.036342,0.036342,0.000000,0.000000,1,1,1.000000,4.800000,3.600000,1,C0,
727.000000,3.566516,3.561000,3.570000,6.000000,0.090332,0.035235,0.035235,0.000000,0.000000,1,1,1.000000,4.800000,3.600000,1,C0,
727.500000,3.568852,3.566000,3.560000,6.000000,0.090261,0.034203,0.034203,0.000000,0.000000,1,1,1.000000,4.800000,3.600000,1,C0,
728.000000,3.571197,3.564000,3.570000,6.000000,0.090189,0.033917,0.033917,0.000000,0.000000,1,1,1.000000,4.800000,3.600000,1,C0,
728.500000,3.573406,3.573000,3.570000,6.000000,0.090117,0.037104,0.037104,0.000000,0.000000,1,1,1.000000,4.800000,3.600000,1,C0,
729.000000,3.575565,3.576000,3.570000,6.000000,0.090049,0.038237,0.038237,0.000000,0.000000,1,1,1.000000,4.800000,3.600000,1,C0,
729.500000,3.577871,3.575000,3.570000,6.000000,0.089983,0.034632,0.034632,0.000000,0.000000,1,1,1.000000,4.800000,3.600000,1,C0,
730.000000,3.580123,3.591000,3.570000,6.000000,0.089912,0.035858,0.035858,0.000000,0.000000,1,1,1.000000,4.800000,3.600000,1,C0,
730.500000,3.582266,3.584000,3.590000,6.000000,0.089842,0.038404,0.038404,0.000000,0.000000,1,1,1.000000,4.800000,3.600000,1,C0,
731.000000,3.584643,3.587000,3.600000,6.000000,0.089776,0.032728,0.032728,0.000000,0.000000,1,1,1.000000,4.800000,3.600000,1,C0,
731.500000,3.586820,3.585000,3.600000,6.000000,0.089703,0.037471,0.037471,0.000000,0.000000,1,1,1.000000,4.800000,3.600000,1,C0,
732.000000,3.589099,3.582000,3.590000,6.000000,0.089636,0.034931,0.034931,0.000000,0.000000,1,1,1.000000,4.800000,3.600000,1,C0,
732.500000,3.591399,3.589000,3.600000,6.000000,0.089566,0.034373,0.034373,0.000000,0.000000,1,1,1.000000,4.800000,3.600000,1,C0,
733.000000,3.593715,3.595000,3.600000,6.000000,0.089495,0.033914,0.033914,0.000000,0.000000,1,1,1.000000,4.800000,3.600000,1,C0,
733.500000,3.596018,3.595000,3.590000,6.000000,0.089424,0.034148,0.034148,0.000000,0.000000,1,1,1.000000,4.800000,3.600000,1,C0,
734.000000,3.598252,3.599000,3.580000,6.000000,0.089353,0.035740,0.035740,0.000000,0.000000,1,1,1.000000,4.800000,3.600000,1,C0,
734.500000,3.600606,3.608000,3.610000,6.000000,0.089285,0.032774,0.032774,0.000000,0.000000,1,1,1.000000,4.800000,3.600000,1,C0,
735.000000,3.602948,3.604000,3.610000,6.000000,0.089212,0.033012,0.033012,0.000000,0.000000,1,1,1.000000,4.800000,3.600000,1,C0,
735.500000,3.605314,3.603000,3.600000,6.000000,0.089140,0.032349,0.032349,0.000000,0.000000,1,1,1.000000,4.800000,3.600000,1,C0,
736.000000,3.607683,3.609000,3.590000,6.000000,0.089067,0.032218,0.032218,0.000000,0.000000,1,1,1.000000,4.800000,3.600000,1,C0,
736.500000,3.610041,3.610000,3.610000,6.000000,0.088994,0.032399,0.032399,0.000000,0.000000,1,1,1.000000,4.800000,3.600000,1,C0,
737.000000,3.612368,3.609000,3.600000,6.000000,0.088922,0.033084,0.033084,0.000000,0.000000,1,1,1.000000,4.800000,3.600000,1,C0,
737.500000,3.614480,3.609000,3.620000,6.000000,0.088850,0.038168,0.038168,0.000000,0.000000,1,1,1.000000,4.800000,3.600000,1,C0,
738.000000,3.616611,3.618000,3.620000,6.000000,0.088785,0.037629,0.037629,0.000000,0.000000,1,1,1.000000,4.800000,3.600000,1,C0,
738.500000,3.618837,3.608000,3.610000,6.000000,0.088720,0.035302,0.035302,0.000000,0.000000,1,1,1.000000,4.800000,3.600000,1,C0,
739.000000,3.621173,3.624000,3.620000,6.000000,0.088651,0.032583,0.032583,0.000000,0.000000,1,1,1.000000,4.800000,3.600000,1,C0,
739.500000,3.623473,3.620000,3.610000,6.000000,0.088579,0.033377,0.033377,0.000000,0.000000,1,1,1.000000,4.800000,3.600000,1,C0,
740.000000,3.625587,3.630000,3.630000,6.000000,0.088509,0.037768,0.037768,0.000000,0.000000,1,1,1.000000,4.800000,3.600000,1,C0,
740.500000,3.627802,3.631000,3.650000,6.000000,0.088443,0.035284,0.035284,0.000000,0.000000,1,1,1.000000,4.800000,3.600000,1,C0,
741.000000,3.629943,3.626000,3.630000,6.000000,0.088375,0.037005,0.037005,0.000000,0.000000,1,1,1.000000,4.800000,3.600000,1,C0,
741.500000,3.632072,3.640000,3.630000,6.000000,0.088309,0.037209,0.037209,0.000000,0.000000,1,1,1.000000,4.800000,3.600000,1,C0,
742.000000,3.634356,3.637000,3.640000,6.000000,0.088244,0.033432,0.033432,0.000000,0.000000,1,1,1.000000,4.800000,3.600000,1,C0,
742.500000,3.636534,3.637000,3.640000,6.000000,0.088174,0.035892,0.035892,0.000000,0.000000,1,1,1.000000,4.800000,3.600000,1,C0,
743.000000,3.638836,3.638000,3.620000,6.000000,0.088107,0.032869,0.032869,0.000000,0.000000,1,1,1.000000,4.800000,3.600000,1,C0,
743.500000,3.640953,3.632000,3.660000,6.000000,0.088036,0.037225,0.037225,0.000000,0.000000,1,1,1.000000,4.800000,3.600000,1,C0,
744.000000,3.643110,3.644000,3.630000,6.000000,0.087971,0.036192,0.036192,0.000000,0.000000,1,1,1.000000,4.800000,3.600000,1,C0,
744.500000,3.645443,3.643000,3.640000,6.000000,0.087904,0.031913,0.031913,0.000000,0.000000,1,1,1.000000,4.800000,3.600000,1,C0,
745.000000,3.647597,3.645000,3.640000,6.000000,0.087833,0.036131,0.036131,0.000000,0.000000,1,1,1.000000,4.800000,3.600000,1,C0,
745.500000,3.649710,3.648000,3.650000,6.000000,0.087766,0.037073,0.037073,0.000000,0.000000,1,1,1.000000,4.800000,3.600000,1,C0,
746.000000,3.652026,3.653000,3.670000,6.000000,0.087701,0.032101,0.032101,0.000000,0.000000,1,1,1.000000,4.800000,3.600000,1,C0,
746.500000,3.654278,3.656000,3.650000,6.000000,0.087630,0.033596,0.033596,0.000000,0.000000,1,1,1.000000,4.800000,3.600000,1,C0,
747.000000,3.656384,3.665000,3.650000,6.000000,0.087561,0.037003,0.037003,0.000000,0.000000,1,1,1.000000,4.800000,3.600000,1,C0,
747.500000,3.658612,3.664000,3.670000,6.000000,0.087496,0.034022,0.034022,0.000000,0.000000,1,1,1.000000,4.800000,3.600000,1,C0,
748.000000,3.660858,3.663000,3.660000,6.000000,0.087427,0.033537,0.033537,0.000000,0.000000,1,1,1.000000,4.800000,3.600000,1,C0,
748.500000,3.663099,3.660000,3.670000,6.000000,0.087358,0.033561,0.033561,0.000000,0.000000,1,1,1.000000,4.800000,3.600000,1,C0,
749.000000,3.665409,3.658000,3.650000,6.000000,0.087289,0.031854,0.031854,0.000000,0.000000,1,1,1.000000,4.800000,3.600000,1,C0,
749.500000,3.667456,3.675000,3.670000,6.000000,0.087218,0.038093,0.038093,0.000000,0.000000,1,1,1.000000,4.800000,3.600000,1,C0,
750.000000,3.669721,3.655000,3.690000,6.000000,0.087155,0.032803,0.032803,0.000000,0.000000,1,1,1.000000,4.800000,3.600000,1,C0,
750.500000,3.671901,3.662000,3.680000,6.000000,0.087086,0.034751,0.034751,0.000000,0.000000,1,1,1.000000,4.800000,3.600000,1,C0,
751.000000,3.674202,3.669000,3.660000,6.000000,0.087018,0.031798,0.031798,0.000000,0.000000,1,1,1.000000,4.800000,3.600000,1,C0,
751.500000,3.676408,3.679000,3.660000,6.000000,0.086948,0.034005,0.034005,0.000000,0.000000,1,1,1.000000,4.800000,3.600000,1,C0,
752.000000,3.678456,3.675000,3.660000,6.000000,0.086880,0.037722,0.037722,0.000000,0.000000,1,1,1.000000,4.800000,3.600000,1,C0,
752.500000,3.680635,3.677000,3.690000,6.000000,0.086817,0.034524,0.034524,0.000000,0.000000,1,1,1.000000,4.800000,3.600000,1,C0,
753.000000,3.682731,3.677000,3.690000,6.000000,0.086750,0.036452,0.036452,0.000000,0.000000,1,1,1.000000,4.800000,3.600000,1,C0,
753.500000,3.684922,3.671000,3.680000,6.000000,0.086685,0.034099,0.034099,0.000000,0.000000,1,1,1.000000,4.800000,3.600000,1,C0,
754.000000,3.687129,3.677000,3.700000,6.000000,0.086618,0.033641,0.033641,0.000000,0.000000,1,1,1.000000,4.800000,3.600000,1,C0,
754.500000,3.689280,3.684000,3.690000,6.000000,0.086550,0.034945,0.034945,0.000000,0.000000,1,1,1.000000,4.800000,3.600000,1,C0,
755.000000,3.691358,3.694000,3.690000,6.000000,0.086484,0.036611,0.036611,0.000000,0.000000,1,1,1.000000,4.800000,3.600000,1,C0,
755.500000,3.693515,3.691000,3.680000,6.000000,0.086420,0.034646,0.034646,0.000000,0.000000,1,1,1.000000,4.800000,3.600000,1,C0,
756.000000,3.695639,3.695000,3.700000,6.000000,0.086353,0.035384,0.035384,0.000000,0.000000,1,1,1.000000,4.800000,3.600000,1,C0,
756.500000,3.697888,3.703000,3.710000,6.000000,0.086288,0.032312,0.032312,0.000000,0.000000,1,1,1.000000,4.800000,3.600000,1,C0,
757.000000,3.700099,3.696000,3.720000,6.000000,0.086219,0.033150,0.033150,0.000000,0.000000,1,1,1.000000,4.800000,3.600000,1,C1,
757.500000,3.702162,3.698000,3.690000,6.000000,0.086151,0.036636,0.036636,0.000000,0.000000,1,1,1.000000,4.800000,3.600000,1,C1,
758.000000,3.704175,3.711000,3.700000,6.000000,0.086087,0.037776,0.037776,0.000000,0.000000,1,1,1.000000,4.800000,3.600000,1,C1,
758.500000,3.706389,3.709000,3.710000,6.000000,0.086025,0.032878,0.032878,0.000000,0.000000,1,1,1.000000,4.800000,3.600000,1,C1,
759.000000,3.708385,3.711000,3.740000,6.000000,0.085957,0.038055,0.038055,0.000000,0.000000,1,1,1.000000,4.800000,3.600000,1,C1,
759.500000,3.710562,3.700000,3.710000,6.000000,0.085896,0.033656,0.033656,0.000000,0.000000,1,1,1.000000,4.800000,3.600000,1,C1,
760.000000,3.712762,3.720000,3.710000,6.000000,0.085829,0.033025,0.033025,0.000000,0.000000,1,1,1.000000,4.800000,3.600000,1,C1,
760.500000,3.714845,3.713000,3.720000,6.000000,0.085761,0.035776,0.035776,0.000000,0.000000,1,1,1.000000,4.800000,3.600000,1,C1,
761.000000,3.716893,3.722000,3.720000,6.000000,0.085697,0.036532,0.036532,0.000000,0.000000,1,1,1.000000,4.800000,3.600000,1,C1,
761.500000,3.719101,3.720000,3.710000,6.000000,0.085634,0.032644,0.032644,0.000000,0.000000,1,1,1.000000,4.800000,3.600000,1,C1,
762.000000,3.721251,3.729000,3.740000,6.000000,0.085566,0.033962,0.033962,0.000000,0.000000,1,1,1.000000,4.800000,3.600000,1,C1,
762.500000,3.723350,3.715000,3.710000,6.000000,0.085500,0.035125,0.035125,0.000000,0.000000,1,1,1.000000,4.800000,3.600000,1,C1,
763.000000,3.725595,3.725000,3.740000,6.000000,0.085435,0.031561,0.031561,0.000000,0.000000,1,1,1.000000,4.800000,3.600000,1,C1,
763.500000,3.727720,3.724000,3.730000,6.000000,0.085366,0.034363,0.034363,0.000000,0.000000,1,1,1.000000,4.800000,3.600000,1,C1,
764.000000,3.729932,3.726000,3.720000,6.000000,0.085301,0.032232,0.032232,0.000000,0.000000,1,1,1.000000,4.800000,3.600000,1,C1,
764.500000,3.732161,3.733000,3.740000,6.000000,0.085233,0.031735,0.031735,0.000000,0.000000,1,1,1.000000,4.800000,3.600000,1,C1,
765.000000,3.734330,3.741000,3.710000,6.000000,0.085164,0.033109,0.033109,0.000000,0.000000,1,1,1.000000,4.800000,3.600000,1,C1,
765.500000,3.736326,3.740000,3.730000,6.000000,0.085098,0.037189,0.037189,0.000000,0.000000,1,1,1.000000,4.800000,3.600000,1,C1,
766.000000,3.738427,3.738000,3.740000,6.000000,0.085036,0.034597,0.034597,0.000000,0.000000,1,1,1.000000,4.800000,3.600000,1,C1,
766.500000,3.740456,3.745000,3.750000,6.000000,0.084971,0.036287,0.036287,0.000000,0.000000,1,1,1.000000,4.800000,3.600000,1,C1,
767.000000,3.742458,3.741000,3.720000,6.000000,0.084909,0.036865,0.036865,0.000000,0.000000,1,1,1.000000,4.800000,3.600000,1,C1,
767.500000,3.744634,3.738000,3.740000,6.000000,0.084847,0.032614,0.032614,0.000000,0.000000,1,1,1.000000,4.800000,3.600000,1,C1,
768.000000,3.746789,3.754000,3.730000,6.000000,0.084780,0.033057,0.033057,0.000000,0.000000,1,1,1.000000,4.800000,3.600000,1,C1,
768.500000,3.748950,3.751000,3.760000,6.000000,0.084714,0.032860,0.032860,0.000000,0.000000,1,1,1.000000,4.800000,3.600000,1,C1,
769.000000,3.751122,3.755000,3.760000,6.000000,0.084648,0.032520,0.032520,0.000000,0.000000,1,1,1.000000,4.800000,3.600000,1,C1,
769.500000,3.753070,3.757000,3.770000,6.000000,0.084581,0.037813,0.037813,0.000000,0.000000,1,1,1.000000,4.800000,3.600000,1,C1,
770.000000,3.755247,3.760000,3.760000,6.000000,0.084521,0.032293,0.032293,0.000000,0.000000,1,1,1.000000,4.800000,3.600000,1,C1,
770.500000,3.757337,3.757000,3.760000,6.000000,0.084454,0.034273,0.034273,0.000000,0.000000,1,1,1.000000,4.800000,3.600000,1,C1,
771.000000,3.759273,3.764000,3.750000,6.000000,0.084390,0.037928,0.037928,0.000000,0.000000,1,1,1.000000,4.800000,3.600000,1,C1,
771.500000,3.761447,3.766000,3.750000,6.000000,0.084330,0.032167,0.032167,0.000000,0.000000,1,1,1.000000,4.800000,3.600000,1,C1,
772.000000,3.763579,3.757000,3.750000,6.000000,0.084263,0.033095,0.033095,0.000000,0.000000,1,1,1.000000,4.800000,3.600000,1,C1,
772.500000,3.765768,3.762000,3.750000,6.000000,0.084198,0.031653,0.031653,0.000000,0.000000,1,1,1.000000,4.800000,3.600000,1,C1,
773.000000,3.767772,3.766000,3.760000,6.000000,0.084130,0.036031,0.036031,0.000000,0.000000,1,1,1.000000,4.800000,3.600000,1,C1,
773.500000,3.769958,3.772000,3.770000,6.000000,0.084069,0.031607,0.031607,0.000000,0.000000,1,1,1.000000,4.800000,3.600000,1,C1,
774.000000,3.772056,3.770000,3.770000,6.000000,0.084001,0.033652,0.033652,0.000000,0.000000,1,1,1.000000,4.800000,3.600000,1,C1,
774.500000,3.774076,3.771000,3.780000,6.000000,0.083937,0.035467,0.035467,0.000000,0.000000,1,1,1.000000,4.800000,3.600000,1,C1,
775.000000,3.776173,3.772000,3.770000,6.000000,0.083875,0.033548,0.033548,0.000000,0.000000,1,1,1.000000,4.800000,3.600000,1,C1,
775.500000,3.778121,3.773000,3.780000,6.000000,0.083810,0.037059,0.037059,0.000000,0.000000,1,1,1.000000,4.800000,3.600000,1,C1,
776.000000,3.780221,3.777000,3.790000,6.000000,0.083750,0.033345,0.033345,0.000000,0.000000,1,1,1.000000,4.800000,3.600000,1,C1,
776.500000,3.782362,3.781000,3.790000,6.000000,0.083686,0.032300,0.032300,0.000000,0.000000,1,1,1.000000,4.800000,3.600000,1,C1,
777.000000,3.784426,3.782000,3.790000,6.000000,0.083620,0.034068,0.034068,0.000000,0.000000,1,1,1.000000,4.800000,3.600000,1,C1,
777.500000,3.786477,3.789000,3.780000,6.000000,0.083556,0.034342,0.034342,0.000000,0.000000,1,1,1.000000,4.800000,3.600000,1,C1,
778.000000,3.788622,3.788000,3.810000,6.000000,0.083493,0.032020,0.032020,0.000000,0.000000,1,1,1.000000,4.800000,3.600000,1,C1,
778.500000,3.790558,3.785000,3.800000,6.000000,0.083427,0.036950,0.036950,0.000000,0.000000,1,1,1.000000,4.800000,3.600000,1,C1,
779.000000,3.792598,3.795000,3.800000,6.000000,0.083367,0.034417,0.034417,0.000000,0.000000,1,1,1.000000,4.800000,3.600000,1,C1,
779.500000,3.794643,3.801000,3.820000,6.000000,0.083305,0.034226,0.034226,0.000000,0.000000,1,1,1.000000,4.800000,3.600000,1,C1,
780.000000,3.796662,3.803000,3.800000,6.000000,0.083242,0.034772,0.034772,0.000000,0.000000,1,1,1.000000,4.800000,3.600000,1,C1,
780.500000,3.798640,3.800000,3.790000,6.000000,0.083180,0.035727,0.035727,0.000000,0.000000,1,1,1.000000,4.800000,3.600000,1,C1,
781.000000,3.800604,3.799000,3.790000,6.000000,0.083119,0.035981,0.035981,0.000000,0.000000,1,1,1.000000,4.800000,3.600000,1,C1,
781.500000,3.802707,3.803000,3.800000,6.000000,0.083058,0.032582,0.032582,0.000000,0.000000,1,1,1.000000,4.800000,3.600000,1,C1,
782.000000,3.804796,3.805000,3.810000,6.000000,0.082994,0.032858,0.032858,0.000000,0.000000,1,1,1.000000,4.800000,3.600000,1,C1,
782.500000,3.806867,3.804000,3.810000,6.000000,0.082929,0.033212,0.033212,0.000000,0.000000,1,1,1.000000,4.800000,3.600000,1,C1,
783.000000,3.808732,3.808000,3.820000,6.000000,0.082866,0.038105,0.038105,0.000000,0.000000,1,1,1.000000,4.800000,3.600000,1,C1,
783.500000,3.810758,3.812000,3.810000,6.000000,0.082808,0.034200,0.034200,0.000000,0.000000,1,1,1.000000,4.800000,3.600000,1,C1,
784.000000,3.812702,3.816000,3.810000,6.000000,0.082746,0.036079,0.036079,0.000000,0.000000,1,1,1.000000,4.800000,3.600000,1,C1,
784.500000,3.814821,3.818000,3.810000,6.000000,0.082686,0.031833,0.031833,0.000000,0.000000,1,1,1.000000,4.800000,3.600000,1,C1,
785.000000,3.816731,3.818000,3.810000,6.000000,0.082621,0.036785,0.036785,0.000000,0.000000,1,1,1.000000,4.800000,3.600000,1,C1,
785.500000,3.818730,3.821000,3.830000,6.000000,0.082562,0.034573,0.034573,0.000000,0.000000,1,1,1.000000,4.800000,3.600000,1,C1,
786.000000,3.820743,3.828000,3.820000,6.000000,0.082501,0.034192,0.034192,0.000000,0.000000,1,1,1.000000,4.800000,3.600000,1,C1,
786.500000,3.822640,3.829000,3.830000,6.000000,0.082439,0.036911,0.036911,0.000000,0.000000,1,1,1.000000,4.800000,3.600000,1,C1,
787.000000,3.824627,3.831000,3.820000,6.000000,0.082380,0.034691,0.034691,0.000000,0.000000,1,1,1.000000,4.800000,3.600000,1,C1,
787.500000,3.826456,3.825000,3.830000,6.000000,0.082319,0.038435,0.038435,0.000000,0.000000,1,1,1.000000,4.800000,3.600000,1,C1,
788.000000,3.828297,3.823000,3.820000,6.000000,0.082263,0.038067,0.038067,0.000000,0.000000,1,1,1.000000,4.800000,3.600000,1,C1,
788.500000,3.830193,3.826000,3.830000,6.000000,0.082206,0.036700,0.036700,0.000000,0.000000,1,1,1.000000,4.800000,3.600000,1,C1,
789.000000,3.832104,3.830000,3.830000,6.000000,0.082148,0.036283,0.036283,0.000000,0.000000,1,1,1.000000,4.800000,3.600000,1,C1,
789.500000,3.833959,3.833000,3.830000,6.000000,0.082089,0.037572,0.037572,0.000000,0.000000,1,1,1.000000,4.800000,3.600000,1,C1,
790.000000,3.835859,3.837000,3.850000,6.000000,0.082032,0.036430,0.036430,0.000000,0.000000,1,1,1.000000,4.800000,3.600000,1,C1,
790.500000,3.837683,3.833000,3.820000,6.000000,0.081974,0.038217,0.038217,0.000000,0.000000,1,1,1.000000,4.800000,3.600000,1,C1,
791.000000,3.839587,3.832000,3.840000,6.000000,0.081917,0.036213,0.036213,0.000000,0.000000,1,1,1.000000,4.800000,3.600000,1,C1,
791.500000,3.841618,3.839000,3.840000,6.000000,0.081859,0.033102,0.033102,0.000000,0.000000,1,1,1.000000,4.800000,3.600000,1,C1,
792.000000,3.843515,3.840000,3.830000,6.000000,0.081796,0.036281,0.036281,0.000000,0.000000,1,1,1.000000,4.800000,3.600000,1,C1,
792.500000,3.845563,3.841000,3.850000,6.000000,0.081738,0.032586,0.032586,0.000000,0.000000,1,1,1.000000,4.800000,3.600000,1,C1,
793.000000,3.847386,3.852000,3.850000,6.000000,0.081675,0.037911,0.037911,0.000000,0.000000,1,1,1.000000,4.800000,3.600000,1,C1,
793.500000,3.849465,3.841000,3.830000,6.000000,0.081619,0.031745,0.031745,0.000000,0.000000,1,1,1.000000,4.800000,3.600000,1,C1,
794.000000,3.851270,3.857000,3.850000,6.000000,0.081555,0.038227,0.038227,0.000000,0.000000,1,1,1.000000,4.800000,3.600000,1,C1,
794.500000,3.853263,3.857000,3.860000,6.000000,0.081499,0.033666,0.033666,0.000000,0.000000,1,1,1.000000,4.800000,3.600000,1,C1,
795.000000,3.855316,3.855000,3.840000,6.000000,0.081438,0.032165,0.032165,0.000000,0.000000,1,1,1.000000,4.800000,3.600000,1,C1,
795.500000,3.857207,3.858000,3.860000,6.000000,0.081375,0.035982,0.035982,0.000000,0.000000,1,1,1.000000,4.800000,3.600000,1,C1,
796.000000,3.859192,3.857000,3.870000,6.000000,0.081317,0.033695,0.033695,0.000000,0.000000,1,1,1.000000,4.800000,3.600000,1,C1,
796.500000,3.861079,3.864000,3.850000,6.000000,0.081256,0.035969,0.035969,0.000000,0.000000,1,1,1.000000,4.800000,3.600000,1,C1,
797.000000,3.863023,3.856000,3.860000,6.000000,0.081198,0.034530,0.034530,0.000000,0.000000,1,1,1.000000,4.800000,3.600000,1,C1,
797.500000,3.864969,3.872000,3.850000,6.000000,0.081138,0.034425,0.034425,0.000000,0.000000,1,1,1.000000,4.800000,3.600000,1,C1,
798.000000,3.866898,3.869000,3.870000,6.000000,0.081078,0.034781,0.034781,0.000000,0.000000,1,1,1.000000,4.800000,3.600000,1,C1,
798.500000,3.868817,3.875000,3.870000,6.000000,0.081019,0.034973,0.034973,0.000000,0.000000,1,1,1.000000,4.800000,3.600000,1,C1,
799.000000,3.870783,3.870000,3.870000,6.000000,0.080959,0.033776,0.033776,0.000000,0.000000,1,1,1.000000,4.800000,3.600000,1,C1,
799.500000,3.872707,3.873000,3.880000,6.000000,0.080899,0.034714,0.034714,0.000000,0.000000,1,1,1.000000,4.800000,3.600000,1,C1,
800.000000,3.874484,3.873000,3.870000,6.000000,0.080840,0.038211,0.038211,0.000000,0.000000,1,1,1.000000,4.800000,3.600000,1,C1,
800.500000,3.876257,3.876000,3.880000,6.000000,0.080785,0.038219,0.038219,0.000000,0.000000,1,1,1.000000,4.800000,3.600000,1,C1,
801.000000,3.878296,3.873000,3.870000,6.000000,0.080731,0.031797,0.031797,0.000000,0.000000,1,1,1.000000,4.800000,3.600000,1,C1,
801.500000,3.880173,3.880000,3.880000,6.000000,0.080668,0.035615,0.035615,0.000000,0.000000,1,1,1.000000,4.800000,3.600000,1,C1,
802.000000,3.882152,3.877000,3.880000,6.000000,0.080610,0.033123,0.033123,0.000000,0.000000,1,1,1.000000,4.800000,3.600000,1,C1,
802.500000,3.884133,3.889000,3.880000,6.000000,0.080549,0.032993,0.032993,0.000000,0.000000,1,1,1.000000,4.800000,3.600000,1,C1,
803.000000,3.886150,3.882000,3.890000,6.000000,0.080488,0.032094,0.032094,0.000000,0.000000,1,1,1.000000,4.800000,3.600000,1,C1,
803.500000,3.887929,3.891000,3.880000,6.000000,0.080426,0.037720,0.037720,0.000000,0.000000,1,1,1.000000,4.800000,3.600000,1,C1,
804.000000,3.889683,3.887000,3.880000,6.000000,0.080371,0.038274,0.038274,0.000000,0.000000,1,1,1.000000,4.800000,3.600000,1,C1,
804.500000,3.891569,3.894000,3.900000,6.000000,0.080317,0.035068,0.035068,0.000000,0.000000,1,1,1.000000,4.800000,3.600000,1,C1,
805.000000,3.893523,3.887000,3.900000,6.000000,0.080259,0.033357,0.033357,0.000000,0.000000,1,1,1.000000,4.800000,3.600000,1,C1,
805.500000,3.895407,3.889000,3.890000,6.000000,0.080199,0.034971,0.034971,0.000000,0.000000,1,1,1.000000,4.800000,3.600000,1,C1,
806.000000,3.897308,3.900000,3.880000,6.000000,0.080141,0.034530,0.034530,0.000000,0.000000,1,1,1.000000,4.800000,3.600000,1,C1,
806.500000,3.899130,3.895000,3.890000,6.000000,0.080083,0.036363,0.036363,0.000000,0.000000,1,1,1.000000,4.800000,3.600000,1,C1,
807.000000,3.901136,3.901000,3.890000,6.000000,0.080027,0.031883,0.031883,0.000000,0.000000,1,1,1.000000,4.800000,3.600000,1,C1,
807.500000,3.902879,3.908000,3.890000,6.000000,0.079965,0.038117,0.038117,0.000000,0.000000,1,1,1.000000,4.800000,3.600000,1,C1,
808.000000,3.904730,3.898000,3.890000,6.000000,0.079911,0.035491,0.035491,0.000000,0.000000,1,1,1.000000,4.800000,3.600000,1,C1,
808.500000,3.906736,3.913000,3.900000,6.000000,0.079854,0.031720,0.031720,0.000000,0.000000,1,1,1.000000,4.800000,3.600000,1,C1,
809.000000,3.908682,3.910000,3.900000,6.000000,0.079793,0.033079,0.033079,0.000000,0.000000,1,1,1.000000,4.800000,3.600000,1,C1,
809.500000,3.910459,3.909000,3.920000,6.000000,0.079733,0.037087,0.037087,0.000000,0.000000,1,1,1.000000,4.800000,3.600000,1,C1,
810.000000,3.912334,3.910000,3.920000,6.000000,0.079678,0.034681,0.034681,0.000000,0.000000,1,1,1.000000,4.800000,3.600000,1,C1,
810.500000,3.914145,3.919000,3.910000,6.000000,0.079620,0.036146,0.036146,0.000000,0.000000,1,1,1.000000,4.800000,3.600000,1,C1,
811.000000,3.915963,3.920000,3.910000,6.000000,0.079565,0.035939,0.035939,0.000000,0.000000,1,1,1.000000,4.800000,3.600000,1,C1,
811.500000,3.917911,3.925000,3.910000,6.000000,0.079509,0.032754,0.032754,0.000000,0.000000,1,1,1.000000,4.800000,3.600000,1,C1,
812.000000,3.919896,3.931000,3.920000,6.000000,0.079449,0.031817,0.031817,0.000000,0.000000,1,1,1.000000,4.800000,3.600000,1,C1,
812.500000,3.921868,3.920000,3.920000,6.000000,0.079388,0.032058,0.032058,0.000000,0.000000,1,1,1.000000,4.800000,3.600000,1,C1,
813.000000,3.923843,3.924000,3.930000,6.000000,0.079327,0.031932,0.031932,0.000000,0.000000,1,1,1.000000,4.800000,3.600000,1,C1,
813.500000,3.925601,3.932000,3.930000,6.000000,0.079266,0.037061,0.037061,0.000000,0.000000,1,1,1.000000,4.800000,3.600000,1,C1,
814.000000,3.927317,3.931000,3.910000,6.000000,0.079212,0.038036,0.038036,0.000000,0.000000,1,1,1.000000,4.800000,3.600000,1,C1,
814.500000,3.929097,3.919000,3.920000,6.000000,0.079159,0.036444,0.036444,0.000000,0.000000,1,1,1.000000,4.800000,3.600000,1,C1,
815.000000,3.930929,3.935000,3.940000,6.000000,0.079105,0.035129,0.035129,0.000000,0.000000,1,1,1.000000,4.800000,3.600000,1,C1,
815.500000,3.932786,3.927000,3.920000,6.000000,0.079048,0.034497,0.034497,0.000000,0.000000,1,1,1.000000,4.800000,3.600000,1,C1,
816.000000,3.934654,3.930000,3.940000,6.000000,0.078991,0.034151,0.034151,0.000000,0.000000,1,1,1.000000,4.800000,3.600000,1,C1,
816.500000,3.936387,3.947000,3.950000,6.000000,0.078934,0.037343,0.037343,0.000000,0.000000,1,1,1.000000,4.800000,3.600000,1,C1,
817.000000,3.938257,3.948000,3.920000,6.000000,0.078880,0.033987,0.033987,0.000000,0.000000,1,1,1.000000,4.800000,3.600000,1,C1,
817.500000,3.940139,3.938000,3.950000,6.000000,0.078823,0.033653,0.033653,0.000000,0.000000,1,1,1.000000,4.800000,3.600000,1,C1,
818.000000,3.941820,3.936000,3.920000,6.000000,0.078765,0.038442,0.038442,0.000000,0.000000,1,1,1.000000,4.800000,3.600000,1,C1,
818.500000,3.943682,3.944000,3.930000,6.000000,0.078713,0.034020,0.034020,0.000000,0.000000,1,1,1.000000,4.800000,3.600000,1,C1,
819.000000,3.945621,3.957000,3.950000,6.000000,0.078656,0.032118,0.032118,0.000000,0.000000,1,1,1.000000,4.800000,3.600000,1,C1,
819.500000,3.947474,3.955000,3.950000,6.000000,0.078596,0.034117,0.034117,0.000000,0.000000,1,1,1.000000,4.800000,3.600000,1,C1,
820.000000,3.949363,3.954000,3.950000,6.000000,0.078539,0.033207,0.033207,0.000000,0.000000,1,1,1.000000,4.800000,3.600000,1,C1,
820.500000,3.951234,3.951000,3.950000,6.000000,0.078481,0.033566,0.033566,0.000000,0.000000,1,1,1.000000,4.800000,3.600000,1,C1,
821.000000,3.952982,3.959000,3.960000,6.000000,0.078424,0.036489,0.036489,0.000000,0.000000,1,1,1.000000,4.800000,3.600000,1,C1,
821.500000,3.954697,3.953000,3.960000,6.000000,0.078370,0.037215,0.037215,0.000000,0.000000,1,1,1.000000,4.800000,3.600000,1,C1,
822.000000,3.956459,3.963000,3.960000,6.000000,0.078317,0.036016,0.036016,0.000000,0.000000,1,1,1.000000,4.800000,3.600000,1,C1,
822.500000,3.958405,3.958000,3.970000,6.000000,0.078263,0.031560,0.031560,0.000000,0.000000,1,1,1.000000,4.800000,3.600000,1,C1,
823.000000,3.960335,3.957000,3.960000,6.000000,0.078203,0.031885,0.031885,0.000000,0.000000,1,1,1.000000,4.800000,3.600000,1,C1,
823.500000,3.962172,3.962000,3.950000,6.000000,0.078144,0.034047,0.034047,0.000000,0.000000,1,1,1.000000,4.800000,3.600000,1,C1,
824.000000,3.963973,3.973000,3.980000,6.000000,0.078087,0.034877,0.034877,0.000000,0.000000,1,1,1.000000,4.800000,3.600000,1,C1,
824.500000,3.965660,3.968000,3.970000,6.000000,0.078032,0.037532,0.037532,0.000000,0.000000,1,1,1.000000,4.800000,3.600000,1,C1,
825.000000,3.967373,3.965000,3.960000,6.000000,0.077980,0.036875,0.036875,0.000000,0.000000,1,1,1.000000,4.800000,3.600000,1,C1,
825.500000,3.969283,3.966000,3.970000,6.000000,0.077927,0.032078,0.032078,0.000000,0.000000,1,1,1.000000,4.800000,3.600000,1,C1,
826.000000,3.971103,3.973000,3.980000,6.000000,0.077868,0.034195,0.034195,0.000000,0.000000,1,1,1.000000,4.800000,3.600000,1,C1,
826.500000,3.972948,3.972000,3.970000,6.000000,0.077812,0.033533,0.033533,0.000000,0.000000,1,1,1.000000,4.800000,3.600000,1,C1,
827.000000,3.974636,3.980000,3.970000,6.000000,0.077755,0.037247,0.037247,0.000000,0.000000,1,1,1.000000,4.800000,3.600000,1,C1,
827.500000,3.976526,3.976000,3.990000,6.000000,0.077704,0.032331,0.032331,0.000000,0.000000,1,1,1.000000,4.800000,3.600000,1,C1,
828.000000,3.978248,3.984000,3.990000,6.000000,0.077645,0.036330,0.036330,0.000000,0.000000,1,1,1.000000,4.800000,3.600000,1,C1,
828.500000,3.980155,3.987000,3.990000,6.000000,0.077592,0.031827,0.031827,0.000000,0.000000,1,1,1.000000,4.800000,3.600000,1,C1,
829.000000,3.981987,3.986000,3.980000,6.000000,0.077534,0.033549,0.033549,0.000000,0.000000,1,1,1.000000,4.800000,3.600000,1,C1,
829.500000,3.983637,3.979000,3.980000,6.000000,0.077477,0.037897,0.037897,0.000000,0.000000,1,1,1.000000,4.800000,3.600000,1,C1,
830.000000,3.985475,3.987000,4.000000,6.000000,0.077427,0.033293,0.033293,0.000000,0.000000,1,1,1.000000,4.800000,3.600000,1,C1,
830.500000,3.987335,3.989000,4.000000,6.000000,0.077370,0.032733,0.032733,0.000000,0.000000,1,1,1.000000,4.800000,3.600000,1,C1,
831.000000,3.989112,3.982000,3.970000,6.000000,0.077313,0.034660,0.034660,0.000000,0.000000,1,1,1.000000,4.800000,3.600000,1,C1,
831.500000,3.990740,3.999000,3.990000,6.000000,0.077258,0.038205,0.038205,0.000000,0.000000,1,1,1.000000,4.800000,3.600000,1,C1,
832.000000,3.992465,3.995000,3.990000,6.000000,0.077208,0.035800,0.035800,0.000000,0.000000,1,1,1.000000,4.800000,3.600000,1,C1,
832.500000,3.994323,4.001000,3.990000,6.000000,0.077155,0.032576,0.032576,0.000000,0.000000,1,1,1.000000,4.800000,3.600000,1,C1,
833.000000,3.996218,3.998000,4.000000,6.000000,0.077098,0.031613,0.031613,0.000000,0.000000,1,1,1.000000,4.800000,3.600000,1,C1,
833.500000,3.997992,4.001000,3.980000,6.000000,0.077039,0.034457,0.034457,0.000000,0.000000,1,1,1.000000,4.800000,3.600000,1,C1,
834.000000,3.999803,4.002000,4.000000,6.000000,0.076985,0.033514,0.033514,0.000000,0.000000,0,0,1.000000,4.800000,3.600000,1,C1,
834.500000,3.998213,3.995000,3.990000,6.000000,0.000000,0.038160,0.038160,0.000000,0.000000,0,0,1.000000,4.800000,3.600000,1,C1,
835.000000,3.996659,3.997000,4.010000,6.000000,0.000000,0.037307,0.037307,0.000000,0.000000,0,0,1.000000,4.800000,3.600000,1,C1,
835.500000,3.995168,4.003000,4.010000,6.000000,0.000000,0.035783,0.035783,0.000000,0.000000,0,0,1.000000,4.800000,3.600000,1,C1,
836.000000,3.993851,3.996000,4.000000,6.000000,0.000000,0.031604,0.031604,0.000000,0.000000,0,0,1.000000,4.800000,3.600000,1,C1,
836.500000,3.992338,3.998000,3.990000,6.000000,0.000000,0.036312,0.036312,0.000000,0.000000,0,0,1.000000,4.800000,3.600000,1,C1,
837.000000,3.990916,3.999000,3.970000,6.000000,0.000000,0.034137,0.034137,0.000000,0.000000,0,0,1.000000,4.800000,3.600000,1,C1,
837.500000,3.989560,3.989000,3.990000,6.000000,0.000000,0.032536,0.032536,0.000000,0.000000,0,0,1.000000,4.800000,3.600000,1,C1,
838.000000,3.988247,3.991000,3.990000,6.000000,0.000000,0.031519,0.031519,0.000000,0.000000,0,0,1.000000,4.800000,3.600000,1,C1,
838.500000,3.986715,3.981000,3.970000,6.000000,0.000000,0.036751,0.036751,0.000000,0.000000,0,0,1.000000,4.800000,3.600000,1,C1,
839.000000,3.985113,3.987000,3.990000,6.000000,0.000000,0.038460,0.038460,0.000000,0.000000,0,0,1.000000,4.800000,3.600000,1,C1,
839.500000,3.983630,3.985000,3.990000,6.000000,0.000000,0.035587,0.035587,0.000000,0.000000,0,0,1.000000,4.800000,3.600000,1,C1,
840.000000,3.982145,3.975000,3.990000,6.000000,0.000000,0.035648,0.035648,0.000000,0.000000,0,0,1.000000,4.800000,3.600000,1,C1,
840.500000,3.980821,3.976000,3.980000,6.000000,0.000000,0.031768,0.031768,0.000000,0.000000,0,0,1.000000,4.800000,3.600000,1,C1,
841.000000,3.979482,3.985000,3.980000,6.000000,0.000000,0.032140,0.032140,0.000000,0.000000,0,0,1.000000,4.800000,3.600000,1,C1,
841.500000,3.977959,3.978000,3.990000,6.000000,0.000000,0.036544,0.036544,0.000000,0.000000,0,0,1.000000,4.800000,3.600000,1,C1,
842.000000,3.976555,3.978000,3.970000,6.000000,0.000000,0.033698,0.033698,0.000000,0.000000,0,0,1.000000,4.800000,3.600000,1,C1,
842.500000,3.974995,3.980000,3.960000,6.000000,0.000000,0.037447,0.037447,0.000000,0.000000,0,0,1.000000,4.800000,3.600000,1,C1,
843.000000,3.973473,3.972000,3.990000,6.000000,0.000000,0.036532,0.036532,0.000000,0.000000,0,0,1.000000,4.800000,3.600000,1,C1,
843.500000,3.972087,3.973000,3.960000,6.000000,0.000000,0.033246,0.033246,0.000000,0.000000,0,0,1.000000,4.800000,3.600000,1,C1,
844.000000,3.970555,3.969000,3.980000,6.000000,0.000000,0.036790,0.036790,0.000000,0.000000,0,0,1.000000,4.800000,3.600000,1,C1,
844.500000,3.969042,3.972000,3.960000,6.000000,0.000000,0.036304,0.036304,0.000000,0.000000,0,0,1.000000,4.800000,3.600000,1,C1,
845.000000,3.967568,3.969000,3.980000,6.000000,0.000000,0.035372,0.035372,0.000000,0.000000,0,0,1.000000,4.800000,3.600000,1,C1,
845.500000,3.966198,3.975000,3.960000,6.000000,0.000000,0.032877,0.032877,0.000000,0.000000,0,0,1.000000,4.800000,3.600000,1,C1,
846.000000,3.964852,3.961000,3.950000,6.000000,0.000000,0.032307,0.032307,0.000000,0.000000,0,0,1.000000,4.800000,3.600000,1,C1,
846.500000,3.963270,3.962000,3.990000,6.000000,0.000000,0.037969,0.037969,0.000000,0.000000,0,0,1.000000,4.800000,3.600000,1,C1,
847.000000,3.961702,3.962000,3.950000,6.000000,0.000000,0.037638,0.037638,0.000000,0.000000,0,0,1.000000,4.800000,3.600000,1,C1,
847.500000,3.960386,3.955000,3.950000,6.000000,0.000000,0.031585,0.031585,0.000000,0.000000,0,0,1.000000,4.800000,3.600000,1,C1,
848.000000,3.959010,3.965000,3.970000,6.000000,0.000000,0.033009,0.033009,0.000000,0.000000,0,0,1.000000,4.800000,3.600000,1,C1,
848.500000,3.957474,3.958000,3.960000,6.000000,0.000000,0.036865,0.036865,0.000000,0.000000,0,0,1.000000,4.800000,3.600000,1,C1,
849.000000,3.955930,3.956000,3.960000,6.000000,0.000000,0.037053,0.037053,0.000000,0.000000,0,0,1.000000,4.800000,3.600000,1,C1,
849.500000,3.954515,3.949000,3.960000,6.000000,0.000000,0.033969,0.033969,0.000000,0.000000,0,0,1.000000,4.800000,3.600000,1,C1,
850.000000,3.953141,3.954000,3.950000,6.000000,0.000000,0.032977,0.032977,0.000000,0.000000,0,0,1.000000,4.800000,3.600000,1,C1,
850.500000,3.951650,3.948000,3.950000,6.000000,0.000000,0.035796,0.035796,0.000000,0.000000,0,0,1.000000,4.800000,3.600000,1,C1,
851.000000,3.950194,3.943000,3.940000,6.000000,0.000000,0.034942,0.034942,0.000000,0.000000,0,0,1.000000,4.800000,3.600000,1,C1,
851.500000,3.948733,3.947000,3.940000,6.000000,0.000000,0.035046,0.035046,0.000000,0.000000,0,0,1.000000,4.800000,3.600000,1,C1,
852.000000,3.947333,3.950000,3.960000,6.000000,0.000000,0.033603,0.033603,0.000000,0.000000,0,0,1.000000,4.800000,3.600000,1,C1,
852.500000,3.945961,3.945000,3.950000,6.000000,0.000000,0.032942,0.032942,0.000000,0.000000,0,0,1.000000,4.800000,3.600000,1,C1,
853.000000,3.944437,3.942000,3.950000,6.000000,0.000000,0.036565,0.036565,0.000000,0.000000,0,0,1.000000,4.800000,3.600000,1,C1,
853.500000,3.943035,3.948000,3.930000,6.000000,0.000000,0.033656,0.033656,0.000000,0.000000,0,0,1.000000,4.800000,3.600000,1,C1,
854.000000,3.941537,3.947000,3.950000,6.000000,0.000000,0.035956,0.035956,0.000000,0.000000,0,0,1.000000,4.800000,3.600000,1,C1,
854.500000,3.940037,3.939000,3.940000,6.000000,0.000000,0.035994,0.035994,0.000000,0.000000,0,0,1.000000,4.800000,3.600000,1,C1,
855.000000,3.938622,3.931000,3.930000,6.000000,0.000000,0.033961,0.033961,0.000000,0.000000,0,0,1.000000,4.800000,3.600000,1,C1,
855.500000,3.937300,3.929000,3.930000,6.000000,0.000000,0.031718,0.031718,0.000000,0.000000,0,0,1.000000,4.800000,3.600000,1,C1,
856.000000,3.935852,3.936000,3.930000,6.000000,0.000000,0.034762,0.034762,0.000000,0.000000,0,0,1.000000,4.800000,3.600000,1,C1,
856.500000,3.934462,3.936000,3.940000,6.000000,0.000000,0.033356,0.033356,0.000000,0.000000,0,0,1.000000,4.800000,3.600000,1,C1,
857.000000,3.932919,3.935000,3.940000,6.000000,0.000000,0.037032,0.037032,0.000000,0.000000,0,0,1.000000,4.800000,3.600000,1,C1,
857.500000,3.931329,3.936000,3.940000,6.000000,0.000000,0.038160,0.038160,0.000000,0.000000,0,0,1.000000,4.800000,3.600000,1,C1,
858.000000,3.929818,3.932000,3.930000,6.000000,0.000000,0.036254,0.036254,0.000000,0.000000,0,0,1.000000,4.800000,3.600000,1,C1,
858.500000,3.928232,3.917000,3.930000,6.000000,0.000000,0.038084,0.038084,0.000000,0.000000,0,0,1.000000,4.800000,3.600000,1,C1,
859.000000,3.926839,3.929000,3.920000,6.000000,0.000000,0.033409,0.033409,0.000000,0.000000,0,0,1.000000,4.800000,3.600000,1,C1,
859.500000,3.925346,3.924000,3.930000,6.000000,0.000000,0.035846,0.035846,0.000000,0.000000,0,0,1.000000,4.800000,3.600000,1,C1,
860.000000,3.923844,3.921000,3.920000,6.000000,0.000000,0.036034,0.036034,0.000000,0.000000,0,0,1.000000,4.800000,3.600000,1,C1,
860.500000,3.922451,3.924000,3.920000,6.000000,0.000000,0.033454,0.033454,0.000000,0.000000,0,0,1.000000,4.800000,3.600000,1,C1,
861.000000,3.920945,3.922000,3.920000,6.000000,0.000000,0.036139,0.036139,0.000000,0.000000,0,0,1.000000,4.800000,3.600000,1,C1,
861.500000,3.919447,3.924000,3.920000,6.000000,0.000000,0.035949,0.035949,0.000000,0.000000,0,0,1.000000,4.800000,3.600000,1,C1,
862.000000,3.918096,3.919000,3.910000,6.000000,0.000000,0.032433,0.032433,0.000000,0.000000,0,0,1.000000,4.800000,3.600000,1,C1,
862.500000,3.916500,3.915000,3.910000,6.000000,0.000000,0.038298,0.038298,0.000000,0.000000,0,0,1.000000,4.800000,3.600000,1,C1,
863.000000,3.914961,3.904000,3.900000,6.000000,0.000000,0.036922,0.036922,0.000000,0.000000,0,0,1.000000,4.800000,3.600000,1,C1,
863.500000,3.913620,3.909000,3.910000,6.000000,0.000000,0.032196,0.032196,0.000000,0.000000,0,0,1.000000,4.800000,3.600000,1,C1,
864.000000,3.912181,3.911000,3.910000,6.000000,0.000000,0.034524,0.034524,0.000000,0.000000,0,0,1.000000,4.800000,3.600000,1,C1,
864.500000,3.910731,3.917000,3.910000,6.000000,0.000000,0.034819,0.034819,0.000000,0.000000,0,0,1.000000,4.800000,3.600000,1,C1,
865.000000,3.909171,3.918000,3.900000,6.000000,0.000000,0.037424,0.037424,0.000000,0.000000,0,0,1.000000,4.800000,3.600000,1,C1,
865.500000,3.907823,3.906000,3.920000,6.000000,0.000000,0.032363,0.032363,0.000000,0.000000,0,0,1.000000,4.800000,3.600000,1,C1,
866.000000,3.906222,3.911000,3.890000,6.000000,0.000000,0.038415,0.038415,0.000000,0.000000,0,0,1.000000,4.800000,3.600000,1,C1,
866.500000,3.904849,3.905000,3.900000,6.000000,0.000000,0.032961,0.032961,0.000000,0.000000,0,0,1.000000,4.800000,3.600000,1,C1,
867.000000,3.903442,3.903000,3.900000,6.000000,0.000000,0.033752,0.033752,0.000000,0.000000,0,0,1.000000,4.800000,3.600000,1,C1,
867.500000,3.902079,3.905000,3.910000,6.000000,0.000000,0.032719,0.032719,0.000000,0.000000,0,0,1.000000,4.800000,3.600000,1,C1,
868.000000,3.900564,3.897000,3.890000,6.000000,0.000000,0.036364,0.036364,0.000000,0.000000,0,0,1.000000,4.800000,3.600000,1,C1,
868.500000,3.899023,3.889000,3.890000,6.000000,0.000000,0.036983,0.036983,0.000000,0.000000,0,0,1.000000,4.800000,3.600000,1,C1,
869.000000,3.897499,3.900000,3.910000,6.000000,0.000000,0.036586,0.036586,0.000000,0.000000,0,0,1.000000,4.800000,3.600000,1,C1,
869.500000,3.896063,3.894000,3.900000,6.000000,0.000000,0.034464,0.034464,0.000000,0.000000,0,0,1.000000,4.800000,3.600000,1,C1,
870.000000,3.894565,3.886000,3.900000,6.000000,0.000000,0.035938,0.035938,0.000000,0.000000,0,0,1.000000,4.800000,3.600000,1,C1,
870.500000,3.893171,3.893000,3.890000,6.000000,0.000000,0.033458,0.033458,0.000000,0.000000,0,0,1.000000,4.800000,3.600000,1,C1,
871.000000,3.891768,3.893000,3.880000,6.000000,0.000000,0.033683,0.033683,0.000000,0.000000,0,0,1.000000,4.800000,3.600000,1,C1,
871.500000,3.890291,3.895000,3.880000,6.000000,0.000000,0.035443,0.035443,0.000000,0.000000,0,0,1.000000,4.800000,3.600000,1,C1,
872.000000,3.888758,3.888000,3.890000,6.000000,0.000000,0.036798,0.036798,0.000000,0.000000,0,0,1.000000,4.800000,3.600000,1,C1,
872.500000,3.887404,3.882000,3.910000,6.000000,0.000000,0.032482,0.032482,0.000000,0.000000,0,0,1.000000,4.800000,3.600000,1,C1,
873.000000,3.885979,3.885000,3.890000,6.000000,0.000000,0.034195,0.034195,0.000000,0.000000,0,0,1.000000,4.800000,3.600000,1,C1,
873.500000,3.884411,3.881000,3.890000,6.000000,0.000000,0.037628,0.037628,0.000000,0.000000,0,0,1.000000,4.800000,3.600000,1,C1,
874.000000,3.882877,3.893000,3.870000,6.000000,0.000000,0.036822,0.036822,0.000000,0.000000,0,0,1.000000,4.800000,3.600000,1,C1,
874.500000,3.881563,3.886000,3.880000,6.000000,0.000000,0.031551,0.031551,0.000000,0.000000,0,0,1.000000,4.800000,3.600000,1,C1,
875.000000,3.880007,3.878000,3.880000,6.000000,0.000000,0.037341,0.037341,0.000000,0.000000,0,0,1.000000,4.800000,3.600000,1,C1,
875.500000,3.878412,3.868000,3.880000,6.000000,0.000000,0.038272,0.038272,0.000000,0.000000,0,0,1.000000,4.800000,3.600000,1,C1,
876.000000,3.877063,3.869000,3.880000,6.000000,0.000000,0.032386,0.032386,0.000000,0.000000,0,0,1.000000,4.800000,3.600000,1,C1,
876.500000,3.875523,3.869000,3.880000,6.000000,0.000000,0.036945,0.036945,0.000000,0.000000,0,0,1.000000,4.800000,3.600000,1,C1,
877.000000,3.874105,3.869000,3.870000,6.000000,0.000000,0.034029,0.034029,0.000000,0.000000,0,0,1.000000,4.800000,3.600000,1,C1,
877.500000,3.872648,3.873000,3.860000,6.000000,0.000000,0.034973,0.034973,0.000000,0.000000,0,0,1.000000,4.800000,3.600000,1,C1,
878.000000,3.871136,3.868000,3.890000,6.000000,0.000000,0.036305,0.036305,0.000000,0.000000,0,0,1.000000,4.800000,3.600000,1,C1,
878.500000,3.869625,3.871000,3.890000,6.000000,0.000000,0.036251,0.036251,0.000000,0.000000,0,0,1.000000,4.800000,3.600000,1,C1,
879.000000,3.868158,3.866000,3.850000,6.000000,0.000000,0.035215,0.035215,0.000000,0.000000,0,0,1.000000,4.800000,3.600000,1,C1,
879.500000,3.866587,3.871000,3.870000,6.000000,0.000000,0.037693,0.037693,0.000000,0.000000,0,0,1.000000,4.800000,3.600000,1,C1,
880.000000,3.865244,3.869000,3.860000,6.000000,0.000000,0.032237,0.032237,0.000000,0.000000,0,0,1.000000,4.800000,3.600000,1,C1,
880.500000,3.863912,3.868000,3.880000,6.000000,0.000000,0.031975,0.031975,0.000000,0.000000,0,0,1.000000,4.800000,3.600000,1,C1,
881.000000,3.862505,3.858000,3.870000,6.000000,0.000000,0.033754,0.033754,0.000000,0.000000,0,0,1.000000,4.800000,3.600000,1,C1,
881.500000,3.861186,3.872000,3.860000,6.000000,0.000000,0.031673,0.031673,0.000000,0.000000,0,0,1.000000,4.800000,3.600000,1,C1,
882.000000,3.859651,3.858000,3.850000,6.000000,0.000000,0.036843,0.036843,0.000000,0.000000,0,0,1.000000,4.800000,3.600000,1,C1,
882.500000,3.858214,3.856000,3.860000,6.000000,0.000000,0.034468,0.034468,0.000000,0.000000,0,0,1.000000,4.800000,3.600000,1,C1,
883.000000,3.856627,3.857000,3.860000,6.000000,0.000000,0.038095,0.038095,0.000000,0.000000,0,0,1.000000,4.800000,3.600000,1,C1,
883.500000,3.855068,3.855000,3.860000,6.000000,0.000000,0.037423,0.037423,0.000000,0.000000,0,0,1.000000,4.800000,3.600000,1,C1,
884.000000,3.853574,3.855000,3.860000,6.000000,0.000000,0.035846,0.035846,0.000000,0.000000,0,0,1.000000,4.800000,3.600000,1,C1,
884.500000,3.852092,3.849000,3.860000,6.000000,0.000000,0.035572,0.035572,0.000000,0.000000,0,0,1.000000,4.800000,3.600000,1,C1,
885.000000,3.850491,3.848000,3.850000,6.000000,0.000000,0.038435,0.038435,0.000000,0.000000,0,0,1.000000,4.800000,3.600000,1,C1,
885.500000,3.849106,3.857000,3.850000,6.000000,0.000000,0.033227,0.033227,0.000000,0.000000,0,0,1.000000,4.800000,3.600000,1,C1,
886.000000,3.847720,3.846000,3.830000,6.000000,0.000000,0.033267,0.033267,0.000000,0.000000,0,0,1.000000,4.800000,3.600000,1,C1,
886.500000,3.846185,3.847000,3.860000,6.000000,0.000000,0.036840,0.036840,0.000000,0.000000,0,0,1.000000,4.800000,3.600000,1,C1,
887.000000,3.844778,3.845000,3.860000,6.000000,0.000000,0.033758,0.033758,0.000000,0.000000,0,0,1.000000,4.800000,3.600000,1,C1,
887.500000,3.843278,3.839000,3.840000,6.000000,0.000000,0.036018,0.036018,0.000000,0.000000,0,0,1.000000,4.800000,3.600000,1,C1,
888.000000,3.841947,3.846000,3.860000,6.000000,0.000000,0.031940,0.031940,0.000000,0.000000,0,0,1.000000,4.800000,3.600000,1,C1,
888.500000,3.840493,3.837000,3.830000,6.000000,0.000000,0.034901,0.034901,0.000000,0.000000,0,0,1.000000,4.800000,3.600000,1,C1,
889.000000,3.839028,3.831000,3.850000,6.000000,0.000000,0.035160,0.035160,0.000000,0.000000,0,0,1.000000,4.800000,3.600000,1,C1,
889.500000,3.837669,3.838000,3.830000,6.000000,0.000000,0.032618,0.032618,0.000000,0.000000,0,0,1.000000,4.800000,3.600000,1,C1,
890.000000,3.836199,3.835000,3.810000,6.000000,0.000000,0.035279,0.035279,0.000000,0.000000,0,0,1.000000,4.800000,3.600000,1,C1,
890.500000,3.834749,3.832000,3.820000,6.000000,0.000000,0.034798,0.034798,0.000000,0.000000,0,0,1.000000,4.800000,3.600000,1,C1,
891.000000,3.833367,3.843000,3.840000,6.000000,0.000000,0.033152,0.033152,0.000000,0.000000,0,0,1.000000,4.800000,3.600000,1,C1,
891.500000,3.831987,3.827000,3.830000,6.000000,0.000000,0.033119,0.033119,0.000000,0.000000,0,0,1.000000,4.800000,3.600000,1,C1,
892.000000,3.830416,3.831000,3.830000,6.000000,0.000000,0.037715,0.037715,0.000000,0.000000,0,0,1.000000,4.800000,3.600000,1,C1,
892.500000,3.828950,3.827000,3.830000,6.000000,0.000000,0.035179,0.035179,0.000000,0.000000,0,0,1.000000,4.800000,3.600000,1,C1,
893.000000,3.827432,3.829000,3.840000,6.000000,0.000000,0.036435,0.036435,0.000000,0.000000,0,0,1.000000,4.800000,3.600000,1,C1,
893.500000,3.826042,3.822000,3.830000,6.000000,0.000000,0.033369,0.033369,0.000000,0.000000,0,0,1.000000,4.800000,3.600000,1,C1,
894.000000,3.824520,3.820000,3.820000,6.000000,0.000000,0.036518,0.036518,0.000000,0.000000,0,0,1.000000,4.800000,3.600000,1,C1,
894.500000,3.823158,3.815000,3.810000,6.000000,0.000000,0.032678,0.032678,0.000000,0.000000,0,0,1.000000,4.800000,3.600000,1,C1,
895.000000,3.821617,3.815000,3.850000,6.000000,0.000000,0.036989,0.036989,0.000000,0.000000,0,0,1.000000,4.800000,3.600000,1,C1,
895.500000,3.820156,3.817000,3.830000,6.000000,0.000000,0.035066,0.035066,0.000000,0.000000,0,0,1.000000,4.800000,3.600000,1,C1,
896.000000,3.818603,3.820000,3.830000,6.000000,0.000000,0.037283,0.037283,0.000000,0.000000,0,0,1.000000,4.800000,3.600000,1,C1,
896.500000,3.817235,3.816000,3.810000,6.000000,0.000000,0.032817,0.032817,0.000000,0.000000,0,0,1.000000,4.800000,3.600000,1,C1,
897.000000,3.815748,3.818000,3.810000,6.000000,0.000000,0.035702,0.035702,0.000000,0.000000,0,0,1.000000,4.800000,3.600000,1,C1,
897.500000,3.814359,3.823000,3.800000,6.000000,0.000000,0.033330,0.033330,0.000000,0.000000,0,0,1.000000,4.800000,3.600000,1,C1,
898.000000,3.813035,3.819000,3.810000,6.000000,0.000000,0.031771,0.031771,0.000000,0.000000,0,0,1.000000,4.800000,3.600000,1,C1,
898.500000,3.811608,3.806000,3.810000,6.000000,0.000000,0.034247,0.034247,0.000000,0.000000,0,0,1.000000,4.800000,3.600000,1,C1,
899.000000,3.810241,3.818000,3.820000,6.000000,0.000000,0.032819,0.032819,0.000000,0.000000,0,0,1.000000,4.800000,3.600000,1,C1,
899.500000,3.808868,3.811000,3.810000,6.000000,0.000000,0.032952,0.032952,0.000000,0.000000,0,0,1.000000,4.800000,3.600000,1,C1,
900.000000,3.807389,3.800000,3.820000,6.000000,0.000000,0.035502,0.035502,0.000000,0.000000,0,0,1.000000,4.800000,3.600000,1,C1,
900.500000,3.806015,3.807000,3.800000,6.000000,0.000000,0.032975,0.032975,0.000000,0.000000,0,0,1.000000,4.800000,3.600000,1,C1,
901.000000,3.804447,3.808000,3.810000,6.000000,0.000000,0.037627,0.037627,0.000000,0.000000,0,0,1.000000,4.800000,3.600000,1,C1,
901.500000,3.802980,3.803000,3.790000,6.000000,0.000000,0.035191,0.035191,0.000000,0.000000,0,0,1.000000,4.800000,3.600000,1,C1,
902.000000,3.801536,3.796000,3.800000,6.000000,0.000000,0.034666,0.034666,0.000000,0.000000,0,0,1.000000,4.800000,3.600000,1,C1,
902.500000,3.800187,3.814000,3.800000,6.000000,0.000000,0.032369,0.032369,0.000000,0.000000,0,0,1.000000,4.800000,3.600000,1,C1,
903.000000,3.798722,3.800000,3.800000,6.000000,0.000000,0.035168,0.035168,0.000000,0.000000,0,0,1.000000,4.800000,3.600000,1,C1,
903.500000,3.797203,3.802000,3.810000,6.000000,0.000000,0.036457,0.036457,0.000000,0.000000,0,0,1.000000,4.800000,3.600000,1,C1,
904.000000,3.795649,3.802000,3.800000,6.000000,0.000000,0.037304,0.037304,0.000000,0.000000,0,0,1.000000,4.800000,3.600000,1,C1,
904.500000,3.794300,3.793000,3.800000,6.000000,0.000000,0.032363,0.032363,0.000000,0.000000,0,0,1.000000,4.800000,3.600000,1,C1,
905.000000,3.792841,3.788000,3.780000,6.000000,0.000000,0.035014,0.035014,0.000000,0.000000,0,0,1.000000,4.800000,3.600000,1,C1,
905.500000,3.791301,3.792000,3.790000,6.000000,0.000000,0.036976,0.036976,0.000000,0.000000,0,0,1.000000,4.800000,3.600000,1,C1,
906.000000,3.789701,3.788000,3.780000,6.000000,0.000000,0.038389,0.038389,0.000000,0.000000,0,0,1.000000,4.800000,3.600000,1,C1,
906.500000,3.788280,3.779000,3.780000,6.000000,0.000000,0.034109,0.034109,0.000000,0.000000,0,0,1.000000,4.800000,3.600000,1,C1,
907.000000,3.786875,3.784000,3.780000,6.000000,0.000000,0.033720,0.033720,0.000000,0.000000,0,0,1.000000,4.800000,3.600000,1,C1,
907.500000,3.785306,3.783000,3.820000,6.000000,0.000000,0.037656,0.037656,0.000000,0.000000,0,0,1.000000,4.800000,3.600000,1,C1,
908.000000,3.783833,3.789000,3.780000,6.000000,0.000000,0.035350,0.035350,0.000000,0.000000,0,0,1.000000,4.800000,3.600000,1,C1,
908.500000,3.782312,3.777000,3.800000,6.000000,0.000000,0.036508,0.036508,0.000000,0.000000,0,0,1.000000,4.800000,3.600000,1,C1,
909.000000,3.780883,3.787000,3.810000,6.000000,0.000000,0.034297,0.034297,0.000000,0.000000,0,0,1.000000,4.800000,3.600000,1,C1,
909.500000,3.779286,3.783000,3.780000,6.000000,0.000000,0.038315,0.038315,0.000000,0.000000,0,0,1.000000,4.800000,3.600000,1,C1,
910.000000,3.777880,3.781000,3.780000,6.000000,0.000000,0.033739,0.033739,0.000000,0.000000,0,0,1.000000,4.800000,3.600000,1,C1,
910.500000,3.776526,3.782000,3.770000,6.000000,0.000000,0.032500,0.032500,0.000000,0.000000,0,0,1.000000,4.800000,3.600000,1,C1,
911.000000,3.775140,3.776000,3.760000,6.000000,0.000000,0.033277,0.033277,0.000000,0.000000,0,0,1.000000,4.800000,3.600000,1,C1,
911.500000,3.773684,3.770000,3.760000,6.000000,0.000000,0.034923,0.034923,0.000000,0.000000,0,0,1.000000,4.800000,3.600000,1,C1,
912.000000,3.772306,3.770000,3.760000,6.000000,0.000000,0.033093,0.033093,0.000000,0.000000,0,0,1.000000,4.800000,3.600000,1,C1,
912.500000,3.770974,3.766000,3.770000,6.000000,0.000000,0.031967,0.031967,0.000000,0.000000,0,0,1.000000,4.800000,3.600000,1,C1,
913.000000,3.769421,3.765000,3.750000,6.000000,0.000000,0.037265,0.037265,0.000000,0.000000,0,0,1.000000,4.800000,3.600000,1,C1,
913.500000,3.767844,3.767000,3.790000,6.000000,0.000000,0.037843,0.037843,0.000000,0.000000,0,0,1.000000,4.800000,3.600000,1,C1,
914.000000,3.766465,3.763000,3.750000,6.000000,0.000000,0.033101,0.033101,0.000000,0.000000,0,0,1.000000,4.800000,3.600000,1,C1,
914.500000,3.764957,3.763000,3.760000,6.000000,0.000000,0.036193,0.036193,0.000000,0.000000,0,0,1.000000,4.800000,3.600000,1,C1,
915.000000,3.763461,3.764000,3.760000,6.000000,0.000000,0.035904,0.035904,0.000000,0.000000,0,0,1.000000,4.800000,3.600000,1,C1,
915.500000,3.762090,3.769000,3.780000,6.000000,0.000000,0.032908,0.032908,0.000000,0.000000,0,0,1.000000,4.800000,3.600000,1,C1,
916.000000,3.760650,3.761000,3.780000,6.000000,0.000000,0.034549,0.034549,0.000000,0.000000,0,0,1.000000,4.800000,3.600000,1,C1,
916.500000,3.759102,3.761000,3.750000,6.000000,0.000000,0.037153,0.037153,0.000000,0.000000,0,0,1.000000,4.800000,3.600000,1,C1,
917.000000,3.757667,3.750000,3.750000,6.000000,0.000000,0.034455,0.034455,0.000000,0.000000,0,0,1.000000,4.800000,3.600000,1,C1,
917.500000,3.756350,3.752000,3.750000,6.000000,0.000000,0.031585,0.031585,0.000000,0.000000,0,0,1.000000,4.800000,3.600000,1,C1,
918.000000,3.754976,3.756000,3.740000,6.000000,0.000000,0.032987,0.032987,0.000000,0.000000,0,0,1.000000,4.800000,3.600000,1,C1,
918.500000,3.753388,3.755000,3.750000,6.000000,0.000000,0.038120,0.038120,0.000000,0.000000,0,0,1.000000,4.800000,3.600000,1,C1,
919.000000,3.751973,3.748000,3.770000,6.000000,0.000000,0.033960,0.033960,0.000000,0.000000,0,0,1.000000,4.800000,3.600000,1,C1,
919.500000,3.750601,3.747000,3.740000,6.000000,0.000000,0.032931,0.032931,0.000000,0.000000,0,0,1.000000,4.800000,3.600000,1,C1,
920.000000,3.749272,3.747000,3.750000,6.000000,0.000000,0.031882,0.031882,0.000000,0.000000,0,0,1.000000,4.800000,3.600000,1,C1,
920.500000,3.747899,3.758000,3.740000,6.000000,0.000000,0.032962,0.032962,0.000000,0.000000,0,0,1.000000,4.800000,3.600000,1,C1,
921.000000,3.746409,3.747000,3.750000,6.000000,0.000000,0.035762,0.035762,0.000000,0.000000,0,0,1.000000,4.800000,3.600000,1,C1,
921.500000,3.745068,3.745000,3.760000,6.000000,0.000000,0.032184,0.032184,0.000000,0.000000,0,0,1.000000,4.800000,3.600000,1,C1,
922.000000,3.743572,3.744000,3.750000,6.000000,0.000000,0.035899,0.035899,0.000000,0.000000,0,0,1.000000,4.800000,3.600000,1,C1,
922.500000,3.742092,3.739000,3.740000,6.000000,0.000000,0.035516,0.035516,0.000000,0.000000,0,0,1.000000,4.800000,3.600000,1,C1,
923.000000,3.740555,3.755000,3.740000,6.000000,0.000000,0.036881,0.036881,0.000000,0.000000,0,0,1.000000,4.800000,3.600000,1,C1,
923.500000,3.739204,3.740000,3.750000,6.000000,0.000000,0.032437,0.032437,0.000000,0.000000,0,0,1.000000,4.800000,3.600000,1,C1,
924.000000,3.737702,3.734000,3.760000,6.000000,0.000000,0.036054,0.036054,0.000000,0.000000,0,0,1.000000,4.800000,3.600000,1,C1,
924.500000,3.736172,3.742000,3.740000,6.000000,0.000000,0.036714,0.036714,0.000000,0.000000,0,0,1.000000,4.800000,3.600000,1,C1,
925.000000,3.734682,3.723000,3.740000,6.000000,0.000000,0.035749,0.035749,0.000000,0.000000,0,0,1.000000,4.800000,3.600000,1,C1,
925.500000,3.733282,3.726000,3.720000,6.000000,0.000000,0.033601,0.033601,0.000000,0.000000,0,0,1.000000,4.800000,3.600000,1,C1,
926.000000,3.731734,3.734000,3.730000,6.000000,0.000000,0.037146,0.037146,0.000000,0.000000,0,0,1.000000,4.800000,3.600000,1,C1,
926.500000,3.730158,3.720000,3.760000,6.000000,0.000000,0.037844,0.037844,0.000000,0.000000,0,0,1.000000,4.800000,3.600000,1,C1,
927.000000,3.728834,3.728000,3.750000,6.000000,0.000000,0.031755,0.031755,0.000000,0.000000,0,0,1.000000,4.800000,3.600000,1,C1,
927.500000,3.727444,3.734000,3.730000,6.000000,0.000000,0.033362,0.033362,0.000000,0.000000,0,0,1.000000,4.800000,3.600000,1,C1,
928.000000,3.725905,3.731000,3.730000,6.000000,0.000000,0.036954,0.036954,0.000000,0.000000,0,0,1.000000,4.800000,3.600000,1,C1,
928.500000,3.724551,3.715000,3.730000,6.000000,0.000000,0.032491,0.032491,0.000000,0.000000,0,0,1.000000,4.800000,3.600000,1,C1,
929.000000,3.723134,3.718000,3.740000,6.000000,0.000000,0.033993,0.033993,0.000000,0.000000,0,0,1.000000,4.800000,3.600000,1,C1,
929.500000,3.721796,3.724000,3.720000,6.000000,0.000000,0.032120,0.032120,0.000000,0.000000,0,0,1.000000,4.800000,3.600000,1,C1,
930.000000,3.720276,3.719000,3.730000,6.000000,0.000000,0.036476,0.036476,0.000000,0.000000,0,0,1.000000,4.800000,3.600000,1,C1,
930.500000,3.718942,3.718000,3.710000,6.000000,0.000000,0.032020,0.032020,0.000000,0.000000,0,0,1.000000,4.800000,3.600000,1,C1,
931.000000,3.717355,3.730000,3.710000,6.000000,0.000000,0.038095,0.038095,0.000000,0.000000,0,0,1.000000,4.800000,3.600000,1,C1,
931.500000,3.715756,3.717000,3.700000,6.000000,0.000000,0.038375,0.038375,0.000000,0.000000,0,0,1.000000,4.800000,3.600000,1,C1,
932.000000,3.714327,3.707000,3.710000,6.000000,0.000000,0.034296,0.034296,0.000000,0.000000,0,0,1.000000,4.800000,3.600000,1,C1,
932.500000,3.712795,3.706000,3.730000,6.000000,0.000000,0.036755,0.036755,0.000000,0.000000,0,0,1.000000,4.800000,3.600000,1,C1,
933.000000,3.711253,3.717000,3.700000,6.000000,0.000000,0.037008,0.037008,0.000000,0.000000,0,0,1.000000,4.800000,3.600000,1,C1,
933.500000,3.709697,3.710000,3.690000,6.000000,0.000000,0.037354,0.037354,0.000000,0.000000,0,0,1.000000,4.800000,3.600000,1,C1,
934.000000,3.708293,3.701000,3.700000,6.000000,0.000000,0.033705,0.033705,0.000000,0.000000,0,0,1.000000,4.800000,3.600000,1,C1,
934.500000,3.706737,3.702000,3.700000,6.000000,0.000000,0.037342,0.037342,0.000000,0.000000,0,0,1.000000,4.800000,3.600000,1,C1,
935.000000,3.705185,3.705000,3.700000,6.000000,0.000000,0.037244,0.037244,0.000000,0.000000,0,0,1.000000,4.800000,3.600000,1,C1,
935.500000,3.703747,3.701000,3.690000,6.000000,0.000000,0.034501,0.034501,0.000000,0.000000,0,0,1.000000,4.800000,3.600000,1,C1,
936.000000,3.702336,3.700000,3.710000,6.000000,0.000000,0.033883,0.033883,0.000000,0.000000,0,0,1.000000,4.800000,3.600000,1,C1,
936.500000,3.700812,3.706000,3.700000,6.000000,0.000000,0.036571,0.036571,0.000000,0.000000,0,0,1.000000,4.800000,3.600000,1,C1,
937.000000,3.699317,3.705000,3.690000,6.000000,0.000000,0.035873,0.035873,0.000000,0.000000,0,0,1.000000,4.800000,3.600000,1,C0,
937.500000,3.697867,3.689000,3.700000,6.000000,0.000000,0.034813,0.034813,0.000000,0.000000,0,0,1.000000,4.800000,3.600000,1,C0,
938.000000,3.696298,3.702000,3.720000,6.000000,0.000000,0.037650,0.037650,0.000000,0.000000,0,0,1.000000,4.800000,3.600000,1,C0,
938.500000,3.694814,3.704000,3.700000,6.000000,0.000000,0.035622,0.035622,0.000000,0.000000,0,0,1.000000,4.800000,3.600000,1,C0,
939.000000,3.693248,3.697000,3.690000,6.000000,0.000000,0.037562,0.037562,0.000000,0.000000,0,0,1.000000,4.800000,3.600000,1,C0,
939.500000,3.691900,3.688000,3.690000,6.000000,0.000000,0.032370,0.032370,0.000000,0.000000,0,0,1.000000,4.800000,3.600000,1,C0,
940.000000,3.690349,3.688000,3.700000,6.000000,0.000000,0.037223,0.037223,0.000000,0.000000,0,0,1.000000,4.800000,3.600000,1,C0,
940.500000,3.688949,3.693000,3.690000,6.000000,0.000000,0.033596,0.033596,0.000000,0.000000,0,0,1.000000,4.800000,3.600000,1,C0,
941.000000,3.687537,3.680000,3.680000,6.000000,0.000000,0.033883,0.033883,0.000000,0.000000,0,0,1.000000,4.800000,3.600000,1,C0,
941.500000,3.686145,3.680000,3.680000,6.000000,0.000000,0.033403,0.033403,0.000000,0.000000,0,0,1.000000,4.800000,3.600000,1,C0,
942.000000,3.684642,3.688000,3.700000,6.000000,0.000000,0.036069,0.036069,0.000000,0.000000,0,0,1.000000,4.800000,3.600000,1,C0,
942.500000,3.683082,3.677000,3.700000,6.000000,0.000000,0.037450,0.037450,0.000000,0.000000,0,0,1.000000,4.800000,3.600000,1,C0,
943.000000,3.681670,3.671000,3.690000,6.000000,0.000000,0.033888,0.033888,0.000000,0.000000,0,0,1.000000,4.800000,3.600000,1,C0,
943.500000,3.680318,3.689000,3.690000,6.000000,0.000000,0.032454,0.032454,0.000000,0.000000,0,0,1.000000,4.800000,3.600000,1,C0,
944.000000,3.678927,3.679000,3.680000,6.000000,0.000000,0.033390,0.033390,0.000000,0.000000,0,0,1.000000,4.800000,3.600000,1,C0,
944.500000,3.677576,3.672000,3.680000,6.000000,0.000000,0.032405,0.032405,0.000000,0.000000,0,0,1.000000,4.800000,3.600000,1,C0,
945.000000,3.676234,3.675000,3.670000,6.000000,0.000000,0.032228,0.032228,0.000000,0.000000,0,0,1.000000,4.800000,3.600000,1,C0,
945.500000,3.674906,3.682000,3.680000,6.000000,0.000000,0.031853,0.031853,0.000000,0.000000,0,0,1.000000,4.800000,3.600000,1,C0,
946.000000,3.673540,3.680000,3.680000,6.000000,0.000000,0.032799,0.032799,0.000000,0.000000,0,0,1.000000,4.800000,3.600000,1,C0,
946.500000,3.672017,3.683000,3.680000,6.000000,0.000000,0.036533,0.036533,0.000000,0.000000,0,0,1.000000,4.800000,3.600000,1,C0,
947.000000,3.670488,3.668000,3.670000,6.000000,0.000000,0.036696,0.036696,0.000000,0.000000,0,0,1.000000,4.800000,3.600000,1,C0,
947.500000,3.668966,3.673000,3.680000,6.000000,0.000000,0.036544,0.036544,0.000000,0.000000,0,0,1.000000,4.800000,3.600000,1,C0,
948.000000,3.667372,3.661000,3.670000,6.000000,0.000000,0.038256,0.038256,0.000000,0.000000,0,0,1.000000,4.800000,3.600000,1,C0,
948.500000,3.665870,3.658000,3.670000,6.000000,0.000000,0.036053,0.036053,0.000000,0.000000,0,0,1.000000,4.800000,3.600000,1,C0,
949.000000,3.664341,3.667000,3.660000,6.000000,0.000000,0.036678,0.036678,0.000000,0.000000,0,0,1.000000,4.800000,3.600000,1,C0,
949.500000,3.662844,3.661000,3.670000,6.000000,0.000000,0.035934,0.035934,0.000000,0.000000,0,0,1.000000,4.800000,3.600000,1,C0,
950.000000,3.661329,3.663000,3.670000,6.000000,0.000000,0.036354,0.036354,0.000000,0.000000,0,0,1.000000,4.800000,3.600000,1,C0,
950.500000,3.659732,3.653000,3.660000,6.000000,0.000000,0.038326,0.038326,0.000000,0.000000,0,0,1.000000,4.800000,3.600000,1,C0,
951.000000,3.658273,3.661000,3.640000,6.000000,0.000000,0.035030,0.035030,0.000000,0.000000,0,0,1.000000,4.800000,3.600000,1,C0,
951.500000,3.656947,3.659000,3.670000,6.000000,0.000000,0.031830,0.031830,0.000000,0.000000,0,0,1.000000,4.800000,3.600000,1,C0,
952.000000,3.655370,3.648000,3.660000,6.000000,0.000000,0.037844,0.037844,0.000000,0.000000,0,0,1.000000,4.800000,3.600000,1,C0,
952.500000,3.653981,3.659000,3.660000,6.000000,0.000000,0.033336,0.033336,0.000000,0.000000,0,0,1.000000,4.800000,3.600000,1,C0,
953.000000,3.652500,3.653000,3.650000,6.000000,0.000000,0.035527,0.035527,0.000000,0.000000,0,0,1.000000,4.800000,3.600000,1,C0,
953.500000,3.650973,3.649000,3.670000,6.000000,0.000000,0.036664,0.036664,0.000000,0.000000,0,0,1.000000,4.800000,3.600000,1,C0,
954.000000,3.649518,3.655000,3.640000,6.000000,0.000000,0.034914,0.034914,0.000000,0.000000,0,0,1.000000,4.800000,3.600000,1,C0,
954.500000,3.648037,3.648000,3.650000,6.000000,0.000000,0.035549,0.035549,0.000000,0.000000,0,0,1.000000,4.800000,3.600000,1,C0,
955.000000,3.646723,3.646000,3.660000,6.000000,0.000000,0.031526,0.031526,0.000000,0.000000,0,0,1.000000,4.800000,3.600000,1,C0,
955.500000,3.645188,3.647000,3.640000,6.000000,0.000000,0.036847,0.036847,0.000000,0.000000,0,0,1.000000,4.800000,3.600000,1,C0,
956.000000,3.643872,3.647000,3.640000,6.000000,0.000000,0.031583,0.031583,0.000000,0.000000,0,0,1.000000,4.800000,3.600000,1,C0,
956.500000,3.642335,3.640000,3.650000,6.000000,0.000000,0.036885,0.036885,0.000000,0.000000,0,0,1.000000,4.800000,3.600000,1,C0,
957.000000,3.640820,3.639000,3.640000,6.000000,0.000000,0.036362,0.036362,0.000000,0.000000,0,0,1.000000,4.800000,3.600000,1,C0,
957.500000,3.639478,3.640000,3.640000,6.000000,0.000000,0.032208,0.032208,0.000000,0.000000,0,0,1.000000,4.800000,3.600000,1,C0,
958.000000,3.638045,3.639000,3.650000,6.000000,0.000000,0.034399,0.034399,0.000000,0.000000,0,0,1.000000,4.800000,3.600000,1,C0,
958.500000,3.636529,3.635000,3.620000,6.000000,0.000000,0.036383,0.036383,0.000000,0.000000,0,0,1.000000,4.800000,3.600000,1,C0,
959.000000,3.634977,3.645000,3.640000,6.000000,0.000000,0.037237,0.037237,0.000000,0.000000,0,0,1.000000,4.800000,3.600000,1,C0,
959.500000,3.633482,3.638000,3.610000,6.000000,0.000000,0.035894,0.035894,0.000000,0.000000,0,0,1.000000,4.800000,3.600000,1,C0,
960.000000,3.632003,3.635000,3.630000,6.000000,0.000000,0.035488,0.035488,0.000000,0.000000,0,0,1.000000,4.800000,3.600000,1,C0,
960.500000,3.630562,3.625000,3.640000,6.000000,0.000000,0.034581,0.034581,0.000000,0.000000,0,0,1.000000,4.800000,3.600000,1,C0,
961.000000,3.629017,3.628000,3.620000,6.000000,0.000000,0.037075,0.037075,0.000000,0.000000,0,0,1.000000,4.800000,3.600000,1,C0,
961.500000,3.627650,3.626000,3.630000,6.000000,0.000000,0.032824,0.032824,0.000000,0.000000,0,0,1.000000,4.800000,3.600000,1,C0,
962.000000,3.626083,3.617000,3.640000,6.000000,0.000000,0.037597,0.037597,0.000000,0.000000,0,0,1.000000,4.800000,3.600000,1,C0,
962.500000,3.624736,3.631000,3.630000,6.000000,0.000000,0.032320,0.032320,0.000000,0.000000,0,0,1.000000,4.800000,3.600000,1,C0,
963.000000,3.623166,3.627000,3.640000,6.000000,0.000000,0.037687,0.037687,0.000000,0.000000,0,0,1.000000,4.800000,3.600000,1,C0,
963.500000,3.621737,3.623000,3.630000,6.000000,0.000000,0.034308,0.034308,0.000000,0.000000,0,0,1.000000,4.800000,3.600000,1,C0,
964.000000,3.620318,3.615000,3.640000,6.000000,0.000000,0.034053,0.034053,0.000000,0.000000,0,0,1.000000,4.800000,3.600000,1,C0,
964.500000,3.618753,3.620000,3.600000,6.000000,0.000000,0.037560,0.037560,0.000000,0.000000,0,0,1.000000,4.800000,3.600000,1,C0,
965.000000,3.617185,3.612000,3.620000,6.000000,0.000000,0.037628,0.037628,0.000000,0.000000,0,0,1.000000,4.800000,3.600000,1,C0,
965.500000,3.615593,3.614000,3.610000,6.000000,0.000000,0.038208,0.038208,0.000000,0.000000,0,0,1.000000,4.800000,3.600000,1,C0,
966.000000,3.614051,3.617000,3.610000,6.000000,0.000000,0.036996,0.036996,0.000000,0.000000,0,0,1.000000,4.800000,3.600000,1,C0,
966.500000,3.612586,3.611000,3.620000,6.000000,0.000000,0.035172,0.035172,0.000000,0.000000,0,0,1.000000,4.800000,3.600000,1,C0,
967.000000,3.611249,3.615000,3.610000,6.000000,0.000000,0.032090,0.032090,0.000000,0.000000,0,0,1.000000,4.800000,3.600000,1,C0,
967.500000,3.609912,3.607000,3.600000,6.000000,0.000000,0.032094,0.032094,0.000000,0.000000,0,0,1.000000,4.800000,3.600000,1,C0,
968.000000,3.608556,3.601000,3.610000,6.000000,0.000000,0.032531,0.032531,0.000000,0.000000,0,0,1.000000,4.800000,3.600000,1,C0,
968.500000,3.607089,3.607000,3.600000,6.000000,0.000000,0.035216,0.035216,0.000000,0.000000,0,0,1.000000,4.800000,3.600000,1,C0,
969.000000,3.605735,3.606000,3.620000,6.000000,0.000000,0.032500,0.032500,0.000000,0.000000,0,0,1.000000,4.800000,3.600000,1,C0,
969.500000,3.604252,3.592000,3.600000,6.000000,0.000000,0.035594,0.035594,0.000000,0.000000,0,0,1.000000,4.800000,3.600000,1,C0,
970.000000,3.602891,3.607000,3.590000,6.000000,0.000000,0.032663,0.032663,0.000000,0.000000,0,0,1.000000,4.800000,3.600000,1,C0,
970.500000,3.601501,3.605000,3.610000,6.000000,0.000000,0.033341,0.033341,0.000000,0.000000,0,0,1.000000,4.800000,3.600000,1,C0,
971.000000,3.599967,3.598000,3.600000,6.000000,0.000000,0.036829,0.036829,0.000000,0.000000,0,0,1.000000,4.800000,3.600000,1,C0,
971.500000,3.598453,3.596000,3.600000,6.000000,0.000000,0.036331,0.036331,0.000000,0.000000,0,0,1.000000,4.800000,3.600000,1,C0,
972.000000,3.596983,3.585000,3.610000,6.000000,0.000000,0.035278,0.035278,0.000000,0.000000,0,0,1.000000,4.800000,3.600000,1,C0,
972.500000,3.595418,3.586000,3.590000,6.000000,0.000000,0.037562,0.037562,0.000000,0.000000,0,0,1.000000,4.800000,3.600000,1,C0,
973.000000,3.593978,3.593000,3.610000,6.000000,0.000000,0.034573,0.034573,0.000000,0.000000,0,0,1.000000,4.800000,3.600000,1,C0,
973.500000,3.592531,3.597000,3.590000,6.000000,0.000000,0.034716,0.034716,0.000000,0.000000,0,0,1.000000,4.800000,3.600000,1,C0,
974.000000,3.591191,3.589000,3.600000,6.000000,0.000000,0.032148,0.032148,0.000000,0.000000,0,0,1.000000,4.800000,3.600000,1,C0,
974.500000,3.589856,3.587000,3.580000,6.000000,0.000000,0.032061,0.032061,0.000000,0.000000,0,0,1.000000,4.800000,3.600000,1,C0,
975.000000,3.588384,3.597000,3.590000,6.000000,0.000000,0.035328,0.035328,0.000000,0.000000,0,0,1.000000,4.800000,3.600000,1,C0,
975.500000,3.586942,3.578000,3.590000,6.000000,0.000000,0.034597,0.034597,0.000000,0.000000,0,0,1.000000,4.800000,3.600000,1,C0,
976.000000,3.585469,3.592000,3.580000,6.000000,0.000000,0.035356,0.035356,0.000000,0.000000,0,0,1.000000,4.800000,3.600000,1,C0,
976.500000,3.584014,3.576000,3.590000,6.000000,0.000000,0.034908,0.034908,0.000000,0.000000,0,0,1.000000,4.800000,3.600000,1,C0,
977.000000,3.582562,3.588000,3.570000,6.000000,0.000000,0.034860,0.034860,0.000000,0.000000,0,0,1.000000,4.800000,3.600000,1,C0,
977.500000,3.581133,3.589000,3.580000,6.000000,0.000000,0.034282,0.034282,0.000000,0.000000,0,0,1.000000,4.800000,3.600000,1,C0,
978.000000,3.579709,3.576000,3.580000,6.000000,0.000000,0.034190,0.034190,0.000000,0.000000,0,0,1.000000,4.800000,3.600000,1,C0,
978.500000,3.578115,3.571000,3.570000,6.000000,0.000000,0.038265,0.038265,0.000000,0.000000,0,0,1.000000,4.800000,3.600000,1,C0,
979.000000,3.576677,3.568000,3.580000,6.000000,0.000000,0.034491,0.034491,0.000000,0.000000,0,0,1.000000,4.800000,3.600000,1,C0,
979.500000,3.575190,3.578000,3.580000,6.000000,0.000000,0.035698,0.035698,0.000000,0.000000,0,0,1.000000,4.800000,3.600000,1,C0,
980.000000,3.573599,3.573000,3.580000,6.000000,0.000000,0.038179,0.038179,0.000000,0.000000,0,0,1.000000,4.800000,3.600000,1,C0,
980.500000,3.572068,3.573000,3.580000,6.000000,0.000000,0.036737,0.036737,0.000000,0.000000,0,0,1.000000,4.800000,3.600000,1,C0,
981.000000,3.570529,3.574000,3.550000,6.000000,0.000000,0.036938,0.036938,0.000000,0.000000,0,0,1.000000,4.800000,3.600000,1,C0,
981.500000,3.569158,3.570000,3.570000,6.000000,0.000000,0.032909,0.032909,0.000000,0.000000,0,0,1.000000,4.800000,3.600000,1,C0,
982.000000,3.567762,3.562000,3.570000,6.000000,0.000000,0.033504,0.033504,0.000000,0.000000,0,0,1.000000,4.800000,3.600000,1,C0,
982.500000,3.566221,3.570000,3.570000,6.000000,0.000000,0.036991,0.036991,0.000000,0.000000,0,0,1.000000,4.800000,3.600000,1,C0,
983.000000,3.564836,3.566000,3.570000,6.000000,0.000000,0.033234,0.033234,0.000000,0.000000,0,0,1.000000,4.800000,3.600000,1,C0,
983.500000,3.563496,3.569000,3.570000,6.000000,0.000000,0.032159,0.032159,0.000000,0.000000,0,0,1.000000,4.800000,3.600000,1,C0,
984.000000,3.562109,3.558000,3.560000,6.000000,0.000000,0.033281,0.033281,0.000000,0.000000,0,0,1.000000,4.800000,3.600000,1,C0,
984.500000,3.560644,3.560000,3.570000,6.000000,0.000000,0.035163,0.035163,0.000000,0.000000,0,0,1.000000,4.800000,3.600000,1,C0,
985.000000,3.559232,3.556000,3.560000,6.000000,0.000000,0.033890,0.033890,0.000000,0.000000,0,0,1.000000,4.800000,3.600000,1,C0,
985.500000,3.557905,3.555000,3.560000,6.000000,0.000000,0.031850,0.031850,0.000000,0.000000,0,0,1.000000,4.800000,3.600000,1,C0,
986.000000,3.556507,3.561000,3.540000,6.000000,0.000000,0.033550,0.033550,0.000000,0.000000,0,0,1.000000,4.800000,3.600000,1,C0,
986.500000,3.555020,3.555000,3.560000,6.000000,0.000000,0.035703,0.035703,0.000000,0.000000,0,0,1.000000,4.800000,3.600000,1,C0,
987.000000,3.553637,3.548000,3.570000,6.000000,0.000000,0.033173,0.033173,0.000000,0.000000,0,0,1.000000,4.800000,3.600000,1,C0,
987.500000,3.552116,3.556000,3.560000,6.000000,0.000000,0.036507,0.036507,0.000000,0.000000,0,0,1.000000,4.800000,3.600000,1,C0,
988.000000,3.550778,3.554000,3.570000,6.000000,0.000000,0.032115,0.032115,0.000000,0.000000,0,0,1.000000,4.800000,3.600000,1,C0,
988.500000,3.549203,3.546000,3.560000,6.000000,0.000000,0.037809,0.037809,0.000000,0.000000,0,0,1.000000,4.800000,3.600000,1,C0,
989.000000,3.547775,3.552000,3.550000,6.000000,0.000000,0.034271,0.034271,0.000000,0.000000,0,0,1.000000,4.800000,3.600000,1,C0,
989.500000,3.546377,3.546000,3.570000,6.000000,0.000000,0.033539,0.033539,0.000000,0.000000,0,0,1.000000,4.800000,3.600000,1,C0,
990.000000,3.545007,3.542000,3.540000,6.000000,0.000000,0.032879,0.032879,0.000000,0.000000,0,0,1.000000,4.800000,3.600000,1,C0,
990.500000,3.543600,3.540000,3.570000,6.000000,0.000000,0.033788,0.033788,0.000000,0.000000,0,0,1.000000,4.800000,3.600000,1,C0,
991.000000,3.542201,3.539000,3.530000,6.000000,0.000000,0.033577,0.033577,0.000000,0.000000,0,0,1.000000,4.800000,3.600000,1,C0,
991.500000,3.540623,3.538000,3.530000,6.000000,0.000000,0.037849,0.037849,0.000000,0.000000,0,0,1.000000,4.800000,3.600000,1,C0,
992.000000,3.539073,3.532000,3.540000,6.000000,0.000000,0.037204,0.037204,0.000000,0.000000,0,0,1.000000,4.800000,3.600000,1,C0,
992.500000,3.537548,3.533000,3.550000,6.000000,0.000000,0.036611,0.036611,0.000000,0.000000,0,0,1.000000,4.800000,3.600000,1,C0,
993.000000,3.536204,3.534000,3.530000,6.000000,0.000000,0.032253,0.032253,0.000000,0.000000,0,0,1.000000,4.800000,3.600000,1,C0,
993.500000,3.534711,3.541000,3.540000,6.000000,0.000000,0.035827,0.035827,0.000000,0.000000,0,0,1.000000,4.800000,3.600000,1,C0,
994.000000,3.533128,3.541000,3.540000,6.000000,0.000000,0.037994,0.037994,0.000000,0.000000,0,0,1.000000,4.800000,3.600000,1,C0,
994.500000,3.531647,3.534000,3.540000,6.000000,0.000000,0.035536,0.035536,0.000000,0.000000,0,0,1.000000,4.800000,3.600000,1,C0,
995.000000,3.530105,3.530000,3.540000,6.000000,0.000000,0.037022,0.037022,0.000000,0.000000,0,0,1.000000,4.800000,3.600000,1,C0,
995.500000,3.528578,3.531000,3.540000,6.000000,0.000000,0.036637,0.036637,0.000000,0.000000,0,0,1.000000,4.800000,3.600000,1,C0,
996.000000,3.527037,3.530000,3.530000,6.000000,0.000000,0.037003,0.037003,0.000000,0.000000,0,0,1.000000,4.800000,3.600000,1,C0,
996.500000,3.525685,3.524000,3.520000,6.000000,0.000000,0.032446,0.032446,0.000000,0.000000,0,0,1.000000,4.800000,3.600000,1,C0,
997.000000,3.524154,3.526000,3.540000,6.000000,0.000000,0.036745,0.036745,0.000000,0.000000,0,0,1.000000,4.800000,3.600000,1,C0,
997.500000,3.522774,3.528000,3.510000,6.000000,0.000000,0.033115,0.033115,0.000000,0.000000,0,0,1.000000,4.800000,3.600000,1,C0,
998.000000,3.521192,3.532000,3.520000,6.000000,0.000000,0.037965,0.037965,0.000000,0.000000,0,0,1.000000,4.800000,3.600000,1,C0,
998.500000,3.519735,3.526000,3.520000,6.000000,0.000000,0.034973,0.034973,0.000000,0.000000,0,0,1.000000,4.800000,3.600000,1,C0,
999.000000,3.518198,3.521000,3.520000,6.000000,0.000000,0.036870,0.036870,0.000000,0.000000,0,0,1.000000,4.800000,3.600000,1,C0,
999.500000,3.516846,3.515000,3.500000,6.000000,0.000000,0.032451,0.032451,0.000000,0.000000,0,0,1.000000,4.800000,3.600000,1,C0,
1000.000000,3.515375,3.509000,3.520000,6.000000,0.000000,0.035302,0.035302,0.000000,0.000000,0,0,1.000000,4.800000,3.600000,1,C0,
1000.500000,3.513788,3.512000,3.530000,6.000000,0.000000,0.038108,0.038108,0.000000,0.000000,0,0,1.000000,4.800000,3.600000,1,C0,
1001.000000,3.512324,3.510000,3.500000,6.000000,0.000000,0.035114,0.035114,0.000000,0.000000,0,0,1.000000,4.800000,3.600000,1,C0,
1001.500000,3.510984,3.502000,3.520000,6.000000,0.000000,0.032174,0.032174,0.000000,0.000000,0,0,1.000000,4.800000,3.600000,1,C0,
1002.000000,3.509559,3.503000,3.520000,6.000000,0.000000,0.034200,0.034200,0.000000,0.000000,0,0,1.000000,4.800000,3.600000,1,C0,
1002.500000,3.508190,3.518000,3.500000,6.000000,0.000000,0.032864,0.032864,0.000000,0.000000,0,0,1.000000,4.800000,3.600000,1,C0,
1003.000000,3.506800,3.506000,3.510000,6.000000,0.000000,0.033358,0.033358,0.000000,0.000000,0,0,1.000000,4.800000,3.600000,1,C0,
1003.500000,3.505229,3.500000,3.510000,6.000000,0.000000,0.037707,0.037707,0.000000,0.000000,0,0,1.000000,4.800000,3.600000,1,C0,
1004.000000,3.503903,3.502000,3.510000,6.000000,0.000000,0.031817,0.031817,0.000000,0.000000,0,0,1.000000,4.800000,3.600000,1,C0,
1004.500000,3.502495,3.498000,3.500000,6.000000,0.000000,0.033789,0.033789,0.000000,0.000000,0,0,1.000000,4.800000,3.600000,1,C0,
1005.000000,3.501167,3.503000,3.480000,6.000000,0.000000,0.031861,0.031861,0.000000,0.000000,0,0,1.000000,4.800000,3.600000,1,C0,
1005.500000,3.499596,3.502000,3.520000,6.000000,0.000000,0.037710,0.037710,0.000000,0.000000,0,0,1.000000,4.800000,3.600000,1,C0,
1006.000000,3.498105,3.508000,3.480000,6.000000,0.000000,0.035789,0.035789,0.000000,0.000000,0,0,1.000000,4.800000,3.600000,1,C0,
1006.500000,3.496619,3.493000,3.490000,6.000000,0.000000,0.035675,0.035675,0.000000,0.000000,0,0,1.000000,4.800000,3.600000,1,C0,
1007.000000,3.495054,3.498000,3.490000,6.000000,0.000000,0.037558,0.037558,0.000000,0.000000,0,0,1.000000,4.800000,3.600000,1,C0,
1007.500000,3.493479,3.495000,3.500000,6.000000,0.000000,0.037802,0.037802,0.000000,0.000000,0,0,1.000000,4.800000,3.600000,1,C0,
1008.000000,3.492050,3.496000,3.500000,6.000000,0.000000,0.034289,0.034289,0.000000,0.000000,0,0,1.000000,4.800000,3.600000,1,C0,
1008.500000,3.490559,3.492000,3.470000,6.000000,0.000000,0.035786,0.035786,0.000000,0.000000,0,0,1.000000,4.800000,3.600000,1,C0,
1009.000000,3.489168,3.494000,3.500000,6.000000,0.000000,0.033378,0.033378,0.000000,0.000000,0,0,1.000000,4.800000,3.600000,1,C0,
1009.500000,3.487680,3.489000,3.470000,6.000000,0.000000,0.035718,0.035718,0.000000,0.000000,0,0,1.000000,4.800000,3.600000,1,C0,
1010.000000,3.486352,3.489000,3.490000,6.000000,0.000000,0.031877,0.031877,0.000000,0.000000,0,0,1.000000,4.800000,3.600000,1,C0,
1010.500000,3.484962,3.486000,3.500000,6.000000,0.000000,0.033344,0.033344,0.000000,0.000000,0,0,1.000000,4.800000,3.600000,1,C0,
1011.000000,3.483580,3.481000,3.490000,6.000000,0.000000,0.033169,0.033169,0.000000,0.000000,0,0,1.000000,4.800000,3.600000,1,C0,
1011.500000,3.481982,3.475000,3.470000,6.000000,0.000000,0.038354,0.038354,0.000000,0.000000,0,0,1.000000,4.800000,3.600000,1,C0,
1012.000000,3.480424,3.482000,3.470000,6.000000,0.000000,0.037396,0.037396,0.000000,0.000000,0,0,1.000000,4.800000,3.600000,1,C0,
1012.500000,3.478980,3.480000,3.480000,6.000000,0.000000,0.034655,0.034655,0.000000,0.000000,0,0,1.000000,4.800000,3.600000,1,C0,
1013.000000,3.477665,3.481000,3.470000,6.000000,0.000000,0.031553,0.031553,0.000000,0.000000,0,0,1.000000,4.800000,3.600000,1,C0,
1013.500000,3.476152,3.484000,3.480000,6.000000,0.000000,0.036319,0.036319,0.000000,0.000000,0,0,1.000000,4.800000,3.600000,1,C0,
1014.000000,3.474587,3.470000,3.500000,6.000000,0.000000,0.037566,0.037566,0.000000,0.000000,0,0,1.000000,4.800000,3.600000,1,C0,
1014.500000,3.473272,3.473000,3.480000,6.000000,0.000000,0.031555,0.031555,0.000000,0.000000,0,0,1.000000,4.800000,3.600000,1,C0,
1015.000000,3.471756,3.466000,3.450000,6.000000,0.000000,0.036378,0.036378,0.000000,0.000000,0,0,1.000000,4.800000,3.600000,1,C0,
1015.500000,3.470240,3.469000,3.470000,6.000000,0.000000,0.036380,0.036380,0.000000,0.000000,0,0,1.000000,4.800000,3.600000,1,C0,
1016.000000,3.468713,3.466000,3.450000,6.000000,0.000000,0.036664,0.036664,0.000000,0.000000,0,0,1.000000,4.800000,3.600000,1,C0,
1016.500000,3.467219,3.465000,3.480000,6.000000,0.000000,0.035856,0.035856,0.000000,0.000000,0,0,1.000000,4.800000,3.600000,1,C0,
1017.000000,3.465903,3.465000,3.470000,6.000000,0.000000,0.031571,0.031571,0.000000,0.000000,0,0,1.000000,4.800000,3.600000,1,C0,
1017.500000,3.464516,3.459000,3.450000,6.000000,0.000000,0.033282,0.033282,0.000000,0.000000,0,0,1.000000,4.800000,3.600000,1,C0,
1018.000000,3.463118,3.455000,3.460000,6.000000,0.000000,0.033562,0.033562,0.000000,0.000000,0,0,1.000000,4.800000,3.600000,1,C0,
1018.500000,3.461539,3.460000,3.460000,6.000000,0.000000,0.037890,0.037890,0.000000,0.000000,0,0,1.000000,4.800000,3.600000,1,C0,
1019.000000,3.460099,3.459000,3.460000,6.000000,0.000000,0.034568,0.034568,0.000000,0.000000,0,0,1.000000,4.800000,3.600000,1,C0,
1019.500000,3.458600,3.448000,3.460000,6.000000,0.000000,0.035984,0.035984,0.000000,0.000000,0,0,1.000000,4.800000,3.600000,1,C0,
1020.000000,3.457053,3.457000,3.470000,6.000000,0.000000,0.037120,0.037120,0.000000,0.000000,0,0,1.000000,4.800000,3.600000,1,C0,
1020.500000,3.455482,3.450000,3.450000,6.000000,0.000000,0.037698,0.037698,0.000000,0.000000,0,0,1.000000,4.800000,3.600000,1,C0,
1021.000000,3.453985,3.461000,3.440000,6.000000,0.000000,0.035932,0.035932,0.000000,0.000000,0,0,1.000000,4.800000,3.600000,1,C0,
1021.500000,3.452549,3.455000,3.440000,6.000000,0.000000,0.034455,0.034455,0.000000,0.000000,0,0,1.000000,4.800000,3.600000,1,C0,
1022.000000,3.451155,3.452000,3.450000,6.000000,0.000000,0.033473,0.033473,0.000000,0.000000,0,0,1.000000,4.800000,3.600000,1,C0,
1022.500000,3.449643,3.442000,3.460000,6.000000,0.000000,0.036290,0.036290,0.000000,0.000000,0,0,1.000000,4.800000,3.600000,1,C0,
1023.000000,3.448108,3.451000,3.440000,6.000000,0.000000,0.036824,0.036824,0.000000,0.000000,0,0,1.000000,4.800000,3.600000,1,C0,
1023.500000,3.446714,3.443000,3.450000,6.000000,0.000000,0.033459,0.033459,0.000000,0.000000,0,0,1.000000,4.800000,3.600000,1,C0,
1024.000000,3.445374,3.442000,3.440000,6.000000,0.000000,0.032155,0.032155,0.000000,0.000000,0,0,1.000000,4.800000,3.600000,1,C0,
1024.500000,3.443842,3.441000,3.440000,6.000000,0.000000,0.036771,0.036771,0.000000,0.000000,0,0,1.000000,4.800000,3.600000,1,C0,
1025.000000,3.442486,3.449000,3.430000,6.000000,0.000000,0.032542,0.032542,0.000000,0.000000,0,0,1.000000,4.800000,3.600000,1,C0,
1025.500000,3.441073,3.439000,3.440000,6.000000,0.000000,0.033923,0.033923,0.000000,0.000000,0,0,1.000000,4.800000,3.600000,1,C0,
1026.000000,3.439513,3.454000,3.420000,6.000000,0.000000,0.037432,0.037432,0.000000,0.000000,0,0,1.000000,4.800000,3.600000,1,C0,
1026.500000,3.438121,3.439000,3.440000,6.000000,0.000000,0.033409,0.033409,0.000000,0.000000,0,0,1.000000,4.800000,3.600000,1,C0,
1027.000000,3.436676,3.435000,3.430000,6.000000,0.000000,0.034696,0.034696,0.000000,0.000000,0,0,1.000000,4.800000,3.600000,1,C0,
1027.500000,3.435287,3.431000,3.440000,6.000000,0.000000,0.033334,0.033334,0.000000,0.000000,0,0,1.000000,4.800000,3.600000,1,C0,
1028.000000,3.433758,3.426000,3.430000,6.000000,0.000000,0.036682,0.036682,0.000000,0.000000,0,0,1.000000,4.800000,3.600000,1,C0,
1028.500000,3.432304,3.430000,3.430000,6.000000,0.000000,0.034903,0.034903,0.000000,0.000000,0,0,1.000000,4.800000,3.600000,1,C0,
1029.000000,3.430802,3.442000,3.450000,6.000000,0.000000,0.036055,0.036055,0.000000,0.000000,0,0,1.000000,4.800000,3.600000,1,C0,
1029.500000,3.429410,3.429000,3.430000,6.000000,0.000000,0.033392,0.033392,0.000000,0.000000,0,0,1.000000,4.800000,3.600000,1,C0,
1030.000000,3.428041,3.434000,3.410000,6.000000,0.000000,0.032869,0.032869,0.000000,0.000000,0,0,1.000000,4.800000,3.600000,1,C0,
1030.500000,3.426619,3.427000,3.420000,6.000000,0.000000,0.034115,0.034115,0.000000,0.000000,0,0,1.000000,4.800000,3.600000,1,C0,
1031.000000,3.425256,3.426000,3.420000,6.000000,0.000000,0.032724,0.032724,0.000000,0.000000,0,0,1.000000,4.800000,3.600000,1,C0,
1031.500000,3.423768,3.420000,3.420000,6.000000,0.000000,0.035700,0.035700,0.000000,0.000000,0,0,1.000000,4.800000,3.600000,1,C0,
1032.000000,3.422351,3.420000,3.440000,6.000000,0.000000,0.034023,0.034023,0.000000,0.000000,0,0,1.000000,4.800000,3.600000,1,C0,
1032.500000,3.420863,3.424000,3.420000,6.000000,0.000000,0.035697,0.035697,0.000000,0.000000,0,0,1.000000,4.800000,3.600000,1,C0,
1033.000000,3.419439,3.416000,3.430000,6.000000,0.000000,0.034181,0.034181,0.000000,0.000000,0,0,1.000000,4.800000,3.600000,1,C0,
1033.500000,3.418009,3.414000,3.430000,6.000000,0.000000,0.034327,0.034327,0.000000,0.000000,0,0,1.000000,4.800000,3.600000,1,C0,
1034.000000,3.416456,3.419000,3.420000,6.000000,0.000000,0.037260,0.037260,0.000000,0.000000,0,0,1.000000,4.800000,3.600000,1,C0,
1034.500000,3.415104,3.412000,3.420000,6.000000,0.000000,0.032459,0.032459,0.000000,0.000000,0,0,1.000000,4.800000,3.600000,1,C0,
1035.000000,3.413657,3.418000,3.390000,6.000000,0.000000,0.034730,0.034730,0.000000,0.000000,0,0,1.000000,4.800000,3.600000,1,C0,
1035.500000,3.412120,3.413000,3.430000,6.000000,0.000000,0.036892,0.036892,0.000000,0.000000,0,0,1.000000,4.800000,3.600000,1,C0,
1036.000000,3.410700,3.412000,3.410000,6.000000,0.000000,0.034075,0.034075,0.000000,0.000000,0,0,1.000000,4.800000,3.600000,1,C0,
1036.500000,3.409246,3.408000,3.420000,6.000000,0.000000,0.034892,0.034892,0.000000,0.000000,0,0,1.000000,4.800000,3.600000,1,C0,
1037.000000,3.407756,3.406000,3.410000,6.000000,0.000000,0.035767,0.035767,0.000000,0.000000,0,0,1.000000,4.800000,3.600000,1,C0,
1037.500000,3.406298,3.417000,3.400000,6.000000,0.000000,0.034992,0.034992,0.000000,0.000000,0,0,1.000000,4.800000,3.600000,1,C0,
1038.000000,3.404783,3.408000,3.410000,6.000000,0.000000,0.036342,0.036342,0.000000,0.000000,0,0,1.000000,4.800000,3.600000,1,C0,
1038.500000,3.403305,3.404000,3.390000,6.000000,0.000000,0.035481,0.035481,0.000000,0.000000,0,0,1.000000,4.800000,3.600000,1,C0,
1039.000000,3.401814,3.404000,3.410000,6.000000,0.000000,0.035797,0.035797,0.000000,0.000000,0,0,1.000000,4.800000,3.600000,1,C0,
1039.500000,3.400373,3.399000,3.390000,6.000000,0.000000,0.034579,0.034579,0.000000,0.000000,0,0,1.000000,4.800000,3.600000,1,C0,
1040.000000,3.398880,3.404000,3.400000,6.000000,0.000000,0.035819,0.035819,0.000000,0.000000,0,0,1.000000,4.800000,3.600000,1,C0,
1040.500000,3.397459,3.395000,3.400000,6.000000,0.000000,0.034107,0.034107,0.000000,0.000000,0,0,1.000000,4.800000,3.600000,1,C0,
1041.000000,3.396045,3.398000,3.380000,6.000000,0.000000,0.033937,0.033937,0.000000,0.000000,0,0,1.000000,4.800000,3.600000,1,C0,
1041.500000,3.394670,3.405000,3.410000,6.000000,0.000000,0.033005,0.033005,0.000000,0.000000,0,0,1.000000,4.800000,3.600000,1,C0,
1042.000000,3.393066,3.395000,3.400000,6.000000,0.000000,0.038499,0.038499,0.000000,0.000000,0,0,1.000000,4.800000,3.600000,1,C0,
1042.500000,3.391579,3.389000,3.400000,6.000000,0.000000,0.035680,0.035680,0.000000,0.000000,0,0,1.000000,4.800000,3.600000,1,C0,
1043.000000,3.390047,3.393000,3.370000,6.000000,0.000000,0.036780,0.036780,0.000000,0.000000,0,0,1.000000,4.800000,3.600000,1,C0,
1043.500000,3.388615,3.387000,3.380000,6.000000,0.000000,0.034359,0.034359,0.000000,0.000000,0,0,1.000000,4.800000,3.600000,1,C0,
1044.000000,3.387067,3.388000,3.380000,6.000000,0.000000,0.037145,0.037145,0.000000,0.000000,0,0,1.000000,4.800000,3.600000,1,C0,
1044.500000,3.385583,3.385000,3.390000,6.000000,0.000000,0.035634,0.035634,0.000000,0.000000,0,0,1.000000,4.800000,3.600000,1,C0,
1045.000000,3.384113,3.387000,3.400000,6.000000,0.000000,0.035279,0.035279,0.000000,0.000000,0,0,1.000000,4.800000,3.600000,1,C0,
1045.500000,3.382657,3.381000,3.360000,6.000000,0.000000,0.034946,0.034946,0.000000,0.000000,0,0,1.000000,4.800000,3.600000,1,C0,
1046.000000,3.381145,3.381000,3.360000,6.000000,0.000000,0.036270,0.036270,0.000000,0.000000,0,0,1.000000,4.800000,3.600000,1,C0,
1046.500000,3.379738,3.374000,3.370000,6.000000,0.000000,0.033766,0.033766,0.000000,0.000000,0,0,1.000000,4.800000,3.600000,1,C0,
1047.000000,3.378374,3.387000,3.380000,6.000000,0.000000,0.032751,0.032751,0.000000,0.000000,0,0,1.000000,4.800000,3.600000,1,C0,
1047.500000,3.376948,3.378000,3.380000,6.000000,0.000000,0.034208,0.034208,0.000000,0.000000,0,0,1.000000,4.800000,3.600000,1,C0,
1048.000000,3.375396,3.383000,3.370000,6.000000,0.000000,0.037268,0.037268,0.000000,0.000000,0,0,1.000000,4.800000,3.600000,1,C0,
1048.500000,3.373949,3.378000,3.380000,6.000000,0.000000,0.034709,0.034709,0.000000,0.000000,0,0,1.000000,4.800000,3.600000,1,C0,
1049.000000,3.372398,3.374000,3.380000,6.000000,0.000000,0.037223,0.037223,0.000000,0.000000,0,0,1.000000,4.800000,3.600000,1,C0,
1049.500000,3.371051,3.373000,3.380000,6.000000,0.000000,0.032348,0.032348,0.000000,0.000000,0,0,1.000000,4.800000,3.600000,1,C0,
1050.000000,3.369507,3.364000,3.370000,6.000000,0.000000,0.037047,0.037047,0.000000,0.000000,0,0,1.000000,4.800000,3.600000,1,C0,
1050.500000,3.367920,3.366000,3.380000,6.000000,0.000000,0.038089,0.038089,0.000000,0.000000,0,0,1.000000,4.800000,3.600000,1,C0,
1051.000000,3.366478,3.368000,3.360000,6.000000,0.000000,0.034594,0.034594,0.000000,0.000000,0,0,1.000000,4.800000,3.600000,1,C0,
1051.500000,3.365099,3.363000,3.340000,6.000000,0.000000,0.033110,0.033110,0.000000,0.000000,0,0,1.000000,4.800000,3.600000,1,C0,
1052.000000,3.363615,3.363000,3.360000,6.000000,0.000000,0.035612,0.035612,0.000000,0.000000,0,0,1.000000,4.800000,3.600000,1,C0,
1052.500000,3.362115,3.362000,3.370000,6.000000,0.000000,0.036000,0.036000,0.000000,0.000000,0,0,1.000000,4.800000,3.600000,1,C0,
1053.000000,3.360666,3.361000,3.360000,6.000000,0.000000,0.034782,0.034782,0.000000,0.000000,0,0,1.000000,4.800000,3.600000,1,C0,
1053.500000,3.359086,3.358000,3.360000,6.000000,0.000000,0.037909,0.037909,0.000000,0.000000,0,0,1.000000,4.800000,3.600000,1,C0,
1054.000000,3.357536,3.356000,3.350000,6.000000,0.000000,0.037194,0.037194,0.000000,0.000000,0,0,1.000000,4.800000,3.600000,1,C0,
1054.500000,3.355937,3.355000,3.360000,6.000000,0.000000,0.038386,0.038386,0.000000,0.000000,0,0,1.000000,4.800000,3.600000,1,C0,
1055.000000,3.354501,3.355000,3.350000,6.000000,0.000000,0.034457,0.034457,0.000000,0.000000,0,0,1.000000,4.800000,3.600000,1,C0,
1055.500000,3.353122,3.357000,3.360000,6.000000,0.000000,0.033105,0.033105,0.000000,0.000000,0,0,1.000000,4.800000,3.600000,1,C0,
1056.000000,3.351583,3.353000,3.350000,6.000000,0.000000,0.036923,0.036923,0.000000,0.000000,0,0,1.000000,4.800000,3.600000,1,C0,
1056.500000,3.350209,3.351000,3.360000,6.000000,0.000000,0.032984,0.032984,0.000000,0.000000,0,0,1.000000,4.800000,3.600000,1,C0,
1057.000000,3.348753,3.350000,3.350000,6.000000,0.000000,0.034956,0.034956,0.000000,0.000000,0,0,1.000000,4.800000,3.600000,1,C0,
1057.500000,3.347347,3.351000,3.350000,6.000000,0.000000,0.033729,0.033729,0.000000,0.000000,0,0,1.000000,4.800000,3.600000,1,C0,
1058.000000,3.345835,3.345000,3.360000,6.000000,0.000000,0.036305,0.036305,0.000000,0.000000,0,0,1.000000,4.800000,3.600000,1,C0,
1058.500000,3.344516,3.349000,3.340000,6.000000,0.000000,0.031637,0.031637,0.000000,0.000000,0,0,1.000000,4.800000,3.600000,1,C0,
1059.000000,3.342919,3.349000,3.350000,6.000000,0.000000,0.038336,0.038336,0.000000,0.000000,0,0,1.000000,4.800000,3.600000,1,C0,
1059.500000,3.341575,3.345000,3.340000,6.000000,0.000000,0.032245,0.032245,0.000000,0.000000,0,0,1.000000,4.800000,3.600000,1,C0,
1060.000000,3.340142,3.331000,3.330000,6.000000,0.000000,0.034404,0.034404,0.000000,0.000000,0,0,1.000000,4.800000,3.600000,1,C0,
1060.500000,3.338623,3.347000,3.360000,6.000000,0.000000,0.036462,0.036462,0.000000,0.000000,0,0,1.000000,4.800000,3.600000,1,C0,
1061.000000,3.337034,3.335000,3.330000,6.000000,0.000000,0.038129,0.038129,0.000000,0.000000,0,0,1.000000,4.800000,3.600000,1,C0,
1061.500000,3.335549,3.338000,3.350000,6.000000,0.000000,0.035628,0.035628,0.000000,0.000000,0,0,1.000000,4.800000,3.600000,1,C0,
1062.000000,3.334209,3.328000,3.350000,6.000000,0.000000,0.032165,0.032165,0.000000,0.000000,0,0,1.000000,4.800000,3.600000,1,C0,
1062.500000,3.332783,3.345000,3.340000,6.000000,0.000000,0.034242,0.034242,0.000000,0.000000,0,0,1.000000,4.800000,3.600000,1,C0,
1063.000000,3.331304,3.333000,3.340000,6.000000,0.000000,0.035492,0.035492,0.000000,0.000000,0,0,1.000000,4.800000,3.600000,1,C0,
1063.500000,3.329862,3.326000,3.320000,6.000000,0.000000,0.034609,0.034609,0.000000,0.000000,0,0,1.000000,4.800000,3.600000,1,C0,
1064.000000,3.328438,3.324000,3.320000,6.000000,0.000000,0.034170,0.034170,0.000000,0.000000,0,0,1.000000,4.800000,3.600000,1,C0,
1064.500000,3.327073,3.331000,3.330000,6.000000,0.000000,0.032759,0.032759,0.000000,0.000000,0,0,1.000000,4.800000,3.600000,1,C0,
1065.000000,3.325608,3.322000,3.330000,6.000000,0.000000,0.035156,0.035156,0.000000,0.000000,0,0,1.000000,4.800000,3.600000,1,C0,
1065.500000,3.324117,3.331000,3.330000,6.000000,0.000000,0.035775,0.035775,0.000000,0.000000,0,0,1.000000,4.800000,3.600000,1,C0,
1066.000000,3.322731,3.325000,3.330000,6.000000,0.000000,0.033277,0.033277,0.000000,0.000000,0,0,1.000000,4.800000,3.600000,1,C0,
1066.500000,3.321400,3.331000,3.330000,6.000000,0.000000,0.031932,0.031932,0.000000,0.000000,0,0,1.000000,4.800000,3.600000,1,C0,
1067.000000,3.319913,3.324000,3.330000,6.000000,0.000000,0.035701,0.035701,0.000000,0.000000,0,0,1.000000,4.800000,3.600000,1,C0,
1067.500000,3.318517,3.319000,3.330000,6.000000,0.000000,0.033511,0.033511,0.000000,0.000000,0,0,1.000000,4.800000,3.600000,1,C0,
1068.000000,3.317060,3.323000,3.320000,6.000000,0.000000,0.034969,0.034969,0.000000,0.000000,0,0,1.000000,4.800000,3.600000,1,C0,
1068.500000,3.315523,3.313000,3.320000,6.000000,0.000000,0.036872,0.036872,0.000000,0.000000,0,0,1.000000,4.800000,3.600000,1,C0,
1069.000000,3.314033,3.323000,3.310000,6.000000,0.000000,0.035770,0.035770,0.000000,0.000000,0,0,1.000000,4.800000,3.600000,1,C0,
1069.500000,3.312640,3.317000,3.310000,6.000000,0.000000,0.033419,0.033419,0.000000,0.000000,0,0,1.000000,4.800000,3.600000,1,C0,
1070.000000,3.311278,3.324000,3.310000,6.000000,0.000000,0.032697,0.032697,0.000000,0.000000,0,0,1.000000,4.800000,3.600000,1,C0,
1070.500000,3.309690,3.319000,3.310000,6.000000,0.000000,0.038112,0.038112,0.000000,0.000000,0,0,1.000000,4.800000,3.600000,1,C0,
1071.000000,3.308247,3.310000,3.310000,6.000000,0.000000,0.034630,0.034630,0.000000,0.000000,0,0,1.000000,4.800000,3.600000,1,C0,
1071.500000,3.306794,3.311000,3.300000,6.000000,0.000000,0.034884,0.034884,0.000000,0.000000,0,0,1.000000,4.800000,3.600000,1,C0,
1072.000000,3.305457,3.307000,3.320000,6.000000,0.000000,0.032083,0.032083,0.000000,0.000000,0,0,1.000000,4.800000,3.600000,1,C0,
1072.500000,3.303878,3.312000,3.300000,6.000000,0.000000,0.037896,0.037896,0.000000,0.000000,0,0,1.000000,4.800000,3.600000,1,C0,
1073.000000,3.302332,3.314000,3.300000,6.000000,0.000000,0.037087,0.037087,0.000000,0.000000,0,0,1.000000,4.800000,3.600000,1,C0,
1073.500000,3.300826,3.298000,3.310000,6.000000,0.000000,0.036160,0.036160,0.000000,0.000000,0,0,1.000000,4.800000,3.600000,1,C0,
1074.000000,3.299226,3.295000,3.320000,6.000000,0.000000,0.038394,0.038394,0.000000,0.000000,0,0,1.000000,4.800000,3.600000,1,C0,
1074.500000,3.297770,3.300000,3.320000,6.000000,0.000000,0.034937,0.034937,0.000000,0.000000,0,0,1.000000,4.800000,3.600000,1,C0,
1075.000000,3.296391,3.286000,3.310000,6.000000,0.000000,0.033104,0.033104,0.000000,0.000000,0,0,1.000000,4.800000,3.600000,1,C0,
1075.500000,3.295000,3.304000,3.290000,6.000000,0.000000,0.033380,0.033380,0.000000,0.000000,0,0,1.000000,4.800000,3.600000,1,C0,
1076.000000,3.293421,3.296000,3.300000,6.000000,0.000000,0.037910,0.037910,0.000000,0.000000,0,0,1.000000,4.800000,3.600000,1,C0,
1076.500000,3.291823,3.304000,3.310000,6.000000,0.000000,0.038344,0.038344,0.000000,0.000000,0,0,1.000000,4.800000,3.600000,1,C0,
1077.000000,3.290221,3.285000,3.280000,6.000000,0.000000,0.038445,0.038445,0.000000,0.000000,0,0,1.000000,4.800000,3.600000,1,C0,
1077.500000,3.288647,3.290000,3.280000,6.000000,0.000000,0.037779,0.037779,0.000000,0.000000,0,0,1.000000,4.800000,3.600000,1,C0,
1078.000000,3.287072,3.289000,3.280000,6.000000,0.000000,0.037807,0.037807,0.000000,0.000000,0,0,1.000000,4.800000,3.600000,1,C0,
1078.500000,3.285672,3.284000,3.290000,6.000000,0.000000,0.033582,0.033582,0.000000,0.000000,0,0,1.000000,4.800000,3.600000,1,C0,
1079.000000,3.284269,3.281000,3.290000,6.000000,0.000000,0.033681,0.033681,0.000000,0.000000,0,0,1.000000,4.800000,3.600000,1,C0,
1079.500000,3.282737,3.289000,3.290000,6.000000,0.000000,0.036778,0.036778,0.000000,0.000000,0,0,1.000000,4.800000,3.600000,1,C0,
1080.000000,3.281175,3.284000,3.290000,6.000000,0.000000,0.037482,0.037482,0.000000,0.000000,0,0,1.000000,4.800000,3.600000,1,C0,
1080.500000,3.279857,3.276000,3.280000,6.000000,0.000000,0.031628,0.031628,0.000000,0.000000,0,0,1.000000,4.800000,3.600000,1,C0,
1081.000000,3.278484,3.277000,3.280000,6.000000,0.000000,0.032955,0.032955,0.000000,0.000000,0,0,1.000000,4.800000,3.600000,1,C0,
1081.500000,3.277099,3.271000,3.270000,6.000000,0.000000,0.033238,0.033238,0.000000,0.000000,0,0,1.000000,4.800000,3.600000,1,C0,
1082.000000,3.275749,3.282000,3.280000,6.000000,0.000000,0.032400,0.032400,0.000000,0.000000,0,0,1.000000,4.800000,3.600000,1,C0,
1082.500000,3.274328,3.274000,3.260000,6.000000,0.000000,0.034116,0.034116,0.000000,0.000000,0,0,1.000000,4.800000,3.600000,1,C0,
1083.000000,3.272847,3.265000,3.270000,6.000000,0.000000,0.035537,0.035537,0.000000,0.000000,0,0,1.000000,4.800000,3.600000,1,C0,
1083.500000,3.271306,3.266000,3.270000,6.000000,0.000000,0.036983,0.036983,0.000000,0.000000,0,0,1.000000,4.800000,3.600000,1,C0,
1084.000000,3.269765,3.268000,3.290000,6.000000,0.000000,0.036986,0.036986,0.000000,0.000000,0,0,1.000000,4.800000,3.600000,1,C0,
1084.500000,3.268376,3.272000,3.270000,6.000000,0.000000,0.033319,0.033319,0.000000,0.000000,0,0,1.000000,4.800000,3.600000,1,C0,
1085.000000,3.266833,3.260000,3.270000,6.000000,0.000000,0.037036,0.037036,0.000000,0.000000,0,0,1.000000,4.800000,3.600000,1,C0,
1085.500000,3.265307,3.269000,3.280000,6.000000,0.000000,0.036625,0.036625,0.000000,0.000000,0,0,1.000000,4.800000,3.600000,1,C0,
1086.000000,3.263813,3.257000,3.270000,6.000000,0.000000,0.035872,0.035872,0.000000,0.000000,0,0,1.000000,4.800000,3.600000,1,C0,
1086.500000,3.262347,3.265000,3.270000,6.000000,0.000000,0.035168,0.035168,0.000000,0.000000,0,0,1.000000,4.800000,3.600000,1,C0,
1087.000000,3.260770,3.265000,3.280000,6.000000,0.000000,0.037866,0.037866,0.000000,0.000000,0,0,1.000000,4.800000,3.600000,1,C0,
1087.500000,3.259346,3.266000,3.250000,6.000000,0.000000,0.034168,0.034168,0.000000,0.000000,0,0,1.000000,4.800000,3.600000,1,C0,
1088.000000,3.257921,3.249000,3.270000,6.000000,0.000000,0.034207,0.034207,0.000000,0.000000,0,0,1.000000,4.800000,3.600000,1,C0,
1088.500000,3.256435,3.249000,3.260000,6.000000,0.000000,0.035643,0.035643,0.000000,0.000000,0,0,1.000000,4.800000,3.600000,1,C0,
1089.000000,3.254881,3.264000,3.250000,6.000000,0.000000,0.037304,0.037304,0.000000,0.000000,0,0,1.000000,4.800000,3.600000,1,C0,
1089.500000,3.253556,3.252000,3.250000,6.000000,0.000000,0.031793,0.031793,0.000000,0.000000,0,0,1.000000,4.800000,3.600000,1,C0,
1090.000000,3.252192,3.259000,3.240000,6.000000,0.000000,0.032748,0.032748,0.000000,0.000000,0,0,1.000000,4.800000,3.600000,1,C0,
1090.500000,3.250812,3.259000,3.240000,6.000000,0.000000,0.033117,0.033117,0.000000,0.000000,0,0,1.000000,4.800000,3.600000,1,C0,
1091.000000,3.249262,3.241000,3.220000,6.000000,0.000000,0.037193,0.037193,0.000000,0.000000,0,0,1.000000,4.800000,3.600000,1,C0,
1091.500000,3.247871,3.241000,3.250000,6.000000,0.000000,0.033388,0.033388,0.000000,0.000000,0,0,1.000000,4.800000,3.600000,1,C0,
1092.000000,3.246283,3.245000,3.250000,6.000000,0.000000,0.038111,0.038111,0.000000,0.000000,0,0,1.000000,4.800000,3.600000,1,C0,
1092.500000,3.244913,3.236000,3.240000,6.000000,0.000000,0.032893,0.032893,0.000000,0.000000,0,0,1.000000,4.800000,3.600000,1,C0,
1093.000000,3.243319,3.243000,3.240000,6.000000,0.000000,0.038250,0.038250,0.000000,0.000000,0,0,1.000000,4.800000,3.600000,1,C0,
1093.500000,3.241751,3.251000,3.240000,6.000000,0.000000,0.037634,0.037634,0.000000,0.000000,0,0,1.000000,4.800000,3.600000,1,C0,
1094.000000,3.240221,3.241000,3.250000,6.000000,0.000000,0.036712,0.036712,0.000000,0.000000,0,0,1.000000,4.800000,3.600000,1,C0,
1094.500000,3.238713,3.243000,3.240000,6.000000,0.000000,0.036200,0.036200,0.000000,0.000000,0,0,1.000000,4.800000,3.600000,1,C0,
1095.000000,3.237333,3.239000,3.240000,6.000000,0.000000,0.033115,0.033115,0.000000,0.000000,0,0,1.000000,4.800000,3.600000,1,C0,
1095.500000,3.235790,3.235000,3.240000,6.000000,0.000000,0.037034,0.037034,0.000000,0.000000,0,0,1.000000,4.800000,3.600000,1,C0,
1096.000000,3.234396,3.235000,3.230000,6.000000,0.000000,0.033465,0.033465,0.000000,0.000000,0,0,1.000000,4.800000,3.600000,1,C0,
1096.500000,3.233002,3.237000,3.230000,6.000000,0.000000,0.033441,0.033441,0.000000,0.000000,0,0,1.000000,4.800000,3.600000,1,C0,
1097.000000,3.231600,3.223000,3.230000,6.000000,0.000000,0.033654,0.033654,0.000000,0.000000,0,0,1.000000,4.800000,3.600000,1,C0,
1097.500000,3.230058,3.231000,3.240000,6.000000,0.000000,0.037016,0.037016,0.000000,0.000000,0,0,1.000000,4.800000,3.600000,1,C0,
1098.000000,3.228732,3.223000,3.220000,6.000000,0.000000,0.031814,0.031814,0.000000,0.000000,0,0,1.000000,4.800000,3.600000,1,C0,
1098.500000,3.227221,3.222000,3.240000,6.000000,0.000000,0.036264,0.036264,0.000000,0.000000,0,0,1.000000,4.800000,3.600000,1,C0,
1099.000000,3.225716,3.230000,3.240000,6.000000,0.000000,0.036125,0.036125,0.000000,0.000000,0,0,1.000000,4.800000,3.600000,1,C0,
1099.500000,3.224143,3.220000,3.220000,6.000000,0.000000,0.037742,0.037742,0.000000,0.000000,0,0,1.000000,4.800000,3.600000,1,C0,
1100.000000,3.222735,3.222000,3.220000,6.000000,0.000000,0.033809,0.033809,0.000000,0.000000,0,0,1.000000,4.800000,3.600000,1,C0,
1100.500000,3.221249,3.216000,3.230000,6.000000,0.000000,0.035656,0.035656,0.000000,0.000000,0,0,1.000000,4.800000,3.600000,1,C0,
1101.000000,3.219909,3.228000,3.230000,6.000000,0.000000,0.032149,0.032149,0.000000,0.000000,0,0,1.000000,4.800000,3.600000,1,C0,
1101.500000,3.218576,3.217000,3.230000,6.000000,0.000000,0.031992,0.031992,0.000000,0.000000,0,0,1.000000,4.800000,3.600000,1,C0,
1102.000000,3.217110,3.216000,3.210000,6.000000,0.000000,0.035197,0.035197,0.000000,0.000000,0,0,1.000000,4.800000,3.600000,1,C0,
1102.500000,3.215558,3.217000,3.210000,6.000000,0.000000,0.037258,0.037258,0.000000,0.000000,0,0,1.000000,4.800000,3.600000,1,C0,
1103.000000,3.213994,3.218000,3.200000,6.000000,0.000000,0.037516,0.037516,0.000000,0.000000,0,0,1.000000,4.800000,3.600000,1,C0,
1103.500000,3.212516,3.222000,3.200000,6.000000,0.000000,0.035475,0.035475,0.000000,0.000000,0,0,1.000000,4.800000,3.600000,1,C0,
1104.000000,3.210992,3.215000,3.220000,6.000000,0.000000,0.036581,0.036581,0.000000,0.000000,0,0,1.000000,4.800000,3.600000,1,C0,
1104.500000,3.209556,3.211000,3.230000,6.000000,0.000000,0.034455,0.034455,0.000000,0.000000,0,0,1.000000,4.800000,3.600000,1,C0,
1105.000000,3.208174,3.211000,3.200000,6.000000,0.000000,0.033172,0.033172,0.000000,0.000000,0,0,1.000000,4.800000,3.600000,1,C0,
1105.500000,3.206860,3.207000,3.200000,6.000000,0.000000,0.031533,0.031533,0.000000,0.000000,0,0,1.000000,4.800000,3.600000,1,C0,
1106.000000,3.205483,3.204000,3.200000,6.000000,0.000000,0.033057,0.033057,0.000000,0.000000,0,0,1.000000,4.800000,3.600000,1,C0,
1106.500000,3.204024,3.206000,3.220000,6.000000,0.000000,0.035015,0.035015,0.000000,0.000000,0,0,1.000000,4.800000,3.600000,1,C0,
1107.000000,3.202609,3.208000,3.200000,6.000000,0.000000,0.033968,0.033968,0.000000,0.000000,0,0,1.000000,4.800000,3.600000,1,C0,
1107.500000,3.201237,3.199000,3.220000,6.000000,0.000000,0.032917,0.032917,0.000000,0.000000,0,0,1.000000,4.800000,3.600000,1,C0,
1108.000000,3.199896,3.199000,3.210000,6.000000,0.000000,0.032185,0.032185,0.000000,0.000000,1,1,1.000000,4.800000,3.600000,1,C0,
1108.500000,3.202612,3.198000,3.220000,6.000000,0.101542,0.036367,0.036367,0.000000,0.000000,1,1,1.000000,4.800000,3.600000,1,C0,
1109.000000,3.205355,3.217000,3.220000,6.000000,0.101458,0.035620,0.035620,0.000000,0.000000,1,1,1.000000,4.800000,3.600000,1,C0,
1109.500000,3.208191,3.206000,3.200000,6.000000,0.101374,0.033298,0.033298,0.000000,0.000000,1,1,1.000000,4.800000,3.600000,1,C0,
1110.000000,3.211066,3.210000,3.210000,6.000000,0.101286,0.032309,0.032309,0.000000,0.000000,1,1,1.000000,4.800000,3.600000,1,C0,
1110.500000,3.213854,3.213000,3.220000,6.000000,0.101198,0.034276,0.034276,0.000000,0.000000,1,1,1.000000,4.800000,3.600000,1,C0,
1111.000000,3.216637,3.212000,3.220000,6.000000,0.101112,0.034308,0.034308,0.000000,0.000000,1,1,1.000000,4.800000,3.600000,1,C0,
1111.500000,3.219279,3.209000,3.210000,6.000000,0.101027,0.037636,0.037636,0.000000,0.000000,1,1,1.000000,4.800000,3.600000,1,C0,
1112.000000,3.221945,3.219000,3.220000,6.000000,0.100945,0.036957,0.036957,0.000000,0.000000,1,1,1.000000,4.800000,3.600000,1,C0,
1112.500000,3.224551,3.226000,3.220000,6.000000,0.100863,0.038325,0.038325,0.000000,0.000000,1,1,1.000000,4.800000,3.600000,1,C0,
1113.000000,3.227225,3.228000,3.210000,6.000000,0.100783,0.036610,0.036610,0.000000,0.000000,1,1,1.000000,4.800000,3.600000,1,C0,
1113.500000,3.229925,3.224000,3.220000,6.000000,0.100701,0.035889,0.035889,0.000000,0.000000,1,1,1.000000,4.800000,3.600000,1,C0,
1114.000000,3.232519,3.232000,3.230000,6.000000,0.100618,0.038355,0.038355,0.000000,0.000000,1,1,1.000000,4.800000,3.600000,1,C0,
1114.500000,3.235326,3.234000,3.240000,6.000000,0.100538,0.033181,0.033181,0.000000,0.000000,1,1,1.000000,4.800000,3.600000,1,C0,
1115.000000,3.238156,3.242000,3.250000,6.000000,0.100452,0.032529,0.032529,0.000000,0.000000,1,1,1.000000,4.800000,3.600000,1,C0,
1115.500000,3.240749,3.236000,3.260000,6.000000,0.100364,0.038132,0.038132,0.000000,0.000000,1,1,1.000000,4.800000,3.600000,1,C0,
1116.000000,3.243521,3.248000,3.220000,6.000000,0.100285,0.033768,0.033768,0.000000,0.000000,1,1,1.000000,4.800000,3.600000,1,C0,
1116.500000,3.246175,3.250000,3.250000,6.000000,0.100199,0.036498,0.036498,0.000000,0.000000,1,1,1.000000,4.800000,3.600000,1,C0,
1117.000000,3.248981,3.249000,3.250000,6.000000,0.100118,0.032778,0.032778,0.000000,0.000000,1,1,1.000000,4.800000,3.600000,1,C0,
1117.500000,3.251663,3.242000,3.260000,6.000000,0.100031,0.035643,0.035643,0.000000,0.000000,1,1,1.000000,4.800000,3.600000,1,C0,
1118.000000,3.254349,3.260000,3.250000,6.000000,0.099949,0.035495,0.035495,0.000000,0.000000,1,1,1.000000,4.800000,3.600000,1,C0,
1118.500000,3.257142,3.259000,3.270000,6.000000,0.099866,0.032842,0.032842,0.000000,0.000000,1,1,1.000000,4.800000,3.600000,1,C0,
1119.000000,3.259731,3.258000,3.260000,6.000000,0.099780,0.037642,0.037642,0.000000,0.000000,1,1,1.000000,4.800000,3.600000,1,C0,
1119.500000,3.262354,3.259000,3.280000,6.000000,0.099701,0.036743,0.036743,0.000000,0.000000,1,1,1.000000,4.800000,3.600000,1,C0,
1120.000000,3.265061,3.279000,3.250000,6.000000,0.099620,0.034641,0.034641,0.000000,0.000000,1,1,1.000000,4.800000,3.600000,1,C0,
1120.500000,3.267680,3.260000,3.270000,6.000000,0.099537,0.036684,0.036684,0.000000,0.000000,1,1,1.000000,4.800000,3.600000,1,C0,
1121.000000,3.270330,3.265000,3.260000,6.000000,0.099456,0.035866,0.035866,0.000000,0.000000,1,1,1.000000,4.800000,3.600000,1,C0,
1121.500000,3.273042,3.267000,3.250000,6.000000,0.099374,0.034274,0.034274,0.000000,0.000000,1,1,1.000000,4.800000,3.600000,1,C0,
1122.000000,3.275714,3.280000,3.280000,6.000000,0.099291,0.035182,0.035182,0.000000,0.000000,1,1,1.000000,4.800000,3.600000,1,C0,
1122.500000,3.278421,3.274000,3.300000,6.000000,0.099209,0.034238,0.034238,0.000000,0.000000,1,1,1.000000,4.800000,3.600000,1,C0,
1123.000000,3.281038,3.276000,3.290000,6.000000,0.099126,0.036301,0.036301,0.000000,0.000000,1,1,1.000000,4.800000,3.600000,1,C0,
1123.500000,3.283617,3.285000,3.290000,6.000000,0.099045,0.037158,0.037158,0.000000,0.000000,1,1,1.000000,4.800000,3.600000,1,C0,
1124.000000,3.286240,3.279000,3.270000,6.000000,0.098966,0.036004,0.036004,0.000000,0.000000,1,1,1.000000,4.800000,3.600000,1,C0,
1124.500000,3.288811,3.300000,3.300000,6.000000,0.098885,0.037183,0.037183,0.000000,0.000000,1,1,1.000000,4.800000,3.600000,1,C0,
1125.000000,3.291445,3.295000,3.290000,6.000000,0.098806,0.035606,0.035606,0.000000,0.000000,1,1,1.000000,4.800000,3.600000,1,C0,
1125.500000,3.294245,3.298000,3.290000,6.000000,0.098725,0.031512,0.031512,0.000000,0.000000,1,1,1.000000,4.800000,3.600000,1,C0,
1126.000000,3.296884,3.302000,3.300000,6.000000,0.098639,0.035312,0.035312,0.000000,0.000000,1,1,1.000000,4.800000,3.600000,1,C0,
1126.500000,3.299488,3.295000,3.290000,6.000000,0.098557,0.036054,0.036054,0.000000,0.000000,1,1,1.000000,4.800000,3.600000,1,C0,
1127.000000,3.302245,3.300000,3.300000,6.000000,0.098477,0.032311,0.032311,0.000000,0.000000,1,1,1.000000,4.800000,3.600000,1,C0,
1127.500000,3.304951,3.304000,3.300000,6.000000,0.098392,0.033443,0.033443,0.000000,0.000000,1,1,1.000000,4.800000,3.600000,1,C0,
1128.000000,3.307503,3.312000,3.300000,6.000000,0.098309,0.037063,0.037063,0.000000,0.000000,1,1,1.000000,4.800000,3.600000,1,C0,
1128.500000,3.310075,3.313000,3.320000,6.000000,0.098231,0.036502,0.036502,0.000000,0.000000,1,1,1.000000,4.800000,3.600000,1,C0,
1129.000000,3.312578,3.311000,3.310000,6.000000,0.098152,0.038093,0.038093,0.000000,0.000000,1,1,1.000000,4.800000,3.600000,1,C0,
1129.500000,3.315348,3.319000,3.330000,6.000000,0.098075,0.031583,0.031583,0.000000,0.000000,1,1,1.000000,4.800000,3.600000,1,C0,
1130.000000,3.318001,3.312000,3.310000,6.000000,0.097989,0.034320,0.034320,0.000000,0.000000,1,1,1.000000,4.800000,3.600000,1,C0,
1130.500000,3.320747,3.313000,3.330000,6.000000,0.097908,0.031997,0.031997,0.000000,0.000000,1,1,1.000000,4.800000,3.600000,1,C0,
1131.000000,3.323434,3.332000,3.320000,6.000000,0.097823,0.033349,0.033349,0.000000,0.000000,1,1,1.000000,4.800000,3.600000,1,C0,
1131.500000,3.326159,3.325000,3.350000,6.000000,0.097740,0.032326,0.032326,0.000000,0.000000,1,1,1.000000,4.800000,3.600000,1,C0,
1132.000000,3.328756,3.318000,3.340000,6.000000,0.097657,0.035333,0.035333,0.000000,0.000000,1,1,1.000000,4.800000,3.600000,1,C0,
1132.500000,3.331489,3.337000,3.320000,6.000000,0.097577,0.031989,0.031989,0.000000,0.000000,1,1,1.000000,4.800000,3.600000,1,C0,
1133.000000,3.334161,3.326000,3.340000,6.000000,0.097493,0.033373,0.033373,0.000000,0.000000,1,1,1.000000,4.800000,3.600000,1,C0,
1133.500000,3.336693,3.331000,3.350000,6.000000,0.097410,0.036626,0.036626,0.000000,0.000000,1,1,1.000000,4.800000,3.600000,1,C0,
1134.000000,3.339429,3.339000,3.350000,6.000000,0.097333,0.031684,0.031684,0.000000,0.000000,1,1,1.000000,4.800000,3.600000,1,C0,
1134.500000,3.342116,3.345000,3.340000,6.000000,0.097248,0.032750,0.032750,0.000000,0.000000,1,1,1.000000,4.800000,3.600000,1,C0,
1135.000000,3.344833,3.351000,3.350000,6.000000,0.097166,0.031953,0.031953,0.000000,0.000000,1,1,1.000000,4.800000,3.600000,1,C0,
1135.500000,3.347349,3.340000,3.350000,6.000000,0.097082,0.036719,0.036719,0.000000,0.000000,1,1,1.000000,4.800000,3.600000,1,C0,
1136.000000,3.349898,3.348000,3.340000,6.000000,0.097005,0.035820,0.035820,0.000000,0.000000,1,1,1.000000,4.800000,3.600000,1,C0,
1136.500000,3.352485,3.347000,3.340000,6.000000,0.096926,0.034836,0.034836,0.000000,0.000000,1,1,1.000000,4.800000,3.600000,1,C0,
1137.000000,3.355160,3.358000,3.360000,6.000000,0.096847,0.032639,0.032639,0.000000,0.000000,1,1,1.000000,4.800000,3.600000,1,C0,
1137.500000,3.357831,3.355000,3.340000,6.000000,0.096764,0.032669,0.032669,0.000000,0.000000,1,1,1.000000,4.800000,3.600000,1,C0,
1138.000000,3.360311,3.364000,3.360000,6.000000,0.096682,0.037162,0.037162,0.000000,0.000000,1,1,1.000000,4.800000,3.600000,1,C0,
1138.500000,3.362867,3.361000,3.380000,6.000000,0.096606,0.035254,0.035254,0.000000,0.000000,1,1,1.000000,4.800000,3.600000,1,C0,
1139.000000,3.365315,3.364000,3.350000,6.000000,0.096527,0.037792,0.037792,0.000000,0.000000,1,1,1.000000,4.800000,3.600000,1,C0,
1139.500000,3.367823,3.367000,3.380000,6.000000,0.096452,0.036239,0.036239,0.000000,0.000000,1,1,1.000000,4.800000,3.600000,1,C0,
1140.000000,3.370511,3.363000,3.380000,6.000000,0.096375,0.031873,0.031873,0.000000,0.000000,1,1,1.000000,4.800000,3.600000,1,C0,
1140.500000,3.373198,3.378000,3.390000,6.000000,0.096292,0.031792,0.031792,0.000000,0.000000,1,1,1.000000,4.800000,3.600000,1,C0,
1141.000000,3.375775,3.372000,3.380000,6.000000,0.096209,0.034374,0.034374,0.000000,0.000000,1,1,1.000000,4.800000,3.600000,1,C0,
1141.500000,3.378404,3.375000,3.380000,6.000000,0.096130,0.033037,0.033037,0.000000,0.000000,1,1,1.000000,4.800000,3.600000,1,C0,
1142.000000,3.381058,3.384000,3.380000,6.000000,0.096049,0.032349,0.032349,0.000000,0.000000,1,1,1.000000,4.800000,3.600000,1,C0,
1142.500000,3.383662,3.379000,3.380000,6.000000,0.095967,0.033475,0.033475,0.000000,0.000000,1,1,1.000000,4.800000,3.600000,1,C0,
1143.000000,3.386252,3.381000,3.390000,6.000000,0.095887,0.033713,0.033713,0.000000,0.000000,1,1,1.000000,4.800000,3.600000,1,C0,
1143.500000,3.388854,3.387000,3.390000,6.000000,0.095808,0.033367,0.033367,0.000000,0.000000,1,1,1.000000,4.800000,3.600000,1,C0,
1144.000000,3.391406,3.397000,3.390000,6.000000,0.095728,0.034480,0.034480,0.000000,0.000000,1,1,1.000000,4.800000,3.600000,1,C0,
1144.500000,3.393998,3.393000,3.390000,6.000000,0.095649,0.033449,0.033449,0.000000,0.000000,1,1,1.000000,4.800000,3.600000,1,C0,
1145.000000,3.396648,3.401000,3.400000,6.000000,0.095569,0.031959,0.031959,0.000000,0.000000,1,1,1.000000,4.800000,3.600000,1,C0,
1145.500000,3.399083,3.412000,3.400000,6.000000,0.095488,0.037044,0.037044,0.000000,0.000000,1,1,1.000000,4.800000,3.600000,1,C0,
1146.000000,3.401558,3.402000,3.410000,6.000000,0.095413,0.036021,0.036021,0.000000,0.000000,1,1,1.000000,4.800000,3.600000,1,C0,
1146.500000,3.404047,3.398000,3.400000,6.000000,0.095337,0.035607,0.035607,0.000000,0.000000,1,1,1.000000,4.800000,3.600000,1,C0,
1147.000000,3.406512,3.412000,3.410000,6.000000,0.095260,0.036104,0.036104,0.000000,0.000000,1,1,1.000000,4.800000,3.600000,1,C0,
1147.500000,3.408937,3.400000,3.420000,6.000000,0.095184,0.036964,0.036964,0.000000,0.000000,1,1,1.000000,4.800000,3.600000,1,C0,
1148.000000,3.411536,3.407000,3.420000,6.000000,0.095110,0.032747,0.032747,0.000000,0.000000,1,1,1.000000,4.800000,3.600000,1,C0,
1148.500000,3.414119,3.412000,3.430000,6.000000,0.095030,0.033034,0.033034,0.000000,0.000000,1,1,1.000000,4.800000,3.600000,1,C0,
1149.000000,3.416678,3.430000,3.410000,6.000000,0.094950,0.033532,0.033532,0.000000,0.000000,1,1,1.000000,4.800000,3.600000,1,C0,
1149.500000,3.419280,3.424000,3.420000,6.000000,0.094871,0.032425,0.032425,0.000000,0.000000,1,1,1.000000,4.800000,3.600000,1,C0,
1150.000000,3.421847,3.424000,3.440000,6.000000,0.094791,0.033190,0.033190,0.000000,0.000000,1,1,1.000000,4.800000,3.600000,1,C0,
1150.500000,3.424440,3.429000,3.440000,6.000000,0.094712,0.032462,0.032462,0.000000,0.000000,1,1,1.000000,4.800000,3.600000,1,C0,
1151.000000,3.426915,3.429000,3.430000,6.000000,0.094633,0.035242,0.035242,0.000000,0.000000,1,1,1.000000,4.800000,3.600000,1,C0,
1151.500000,3.429449,3.436000,3.430000,6.000000,0.094556,0.033752,0.033752,0.000000,0.000000,1,1,1.000000,4.800000,3.600000,1,C0,
1152.000000,3.431929,3.433000,3.430000,6.000000,0.094479,0.034941,0.034941,0.000000,0.000000,1,1,1.000000,4.800000,3.600000,1,C0,
1152.500000,3.434528,3.438000,3.440000,6.000000,0.094402,0.032035,0.032035,0.000000,0.000000,1,1,1.000000,4.800000,3.600000,1,C0,
1153.000000,3.437060,3.434000,3.440000,6.000000,0.094322,0.033562,0.033562,0.000000,0.000000,1,1,1.000000,4.800000,3.600000,1,C0,
1153.500000,3.439480,3.438000,3.430000,6.000000,0.094244,0.036148,0.036148,0.000000,0.000000,1,1,1.000000,4.800000,3.600000,1,C0,
1154.000000,3.441965,3.432000,3.450000,6.000000,0.094170,0.034532,0.034532,0.000000,0.000000,1,1,1.000000,4.800000,3.600000,1,C0,
1154.500000,3.444390,3.442000,3.430000,6.000000,0.094093,0.035909,0.035909,0.000000,0.000000,1,1,1.000000,4.800000,3.600000,1,C0,
1155.000000,3.446862,3.452000,3.460000,6.000000,0.094019,0.034681,0.034681,0.000000,0.000000,1,1,1.000000,4.800000,3.600000,1,C0,
1155.500000,3.449381,3.445000,3.440000,6.000000,0.093943,0.033480,0.033480,0.000000,0.000000,1,1,1.000000,4.800000,3.600000,1,C0,
1156.000000,3.451951,3.445000,3.460000,6.000000,0.093865,0.032201,0.032201,0.000000,0.000000,1,1,1.000000,4.800000,3.600000,1,C0,
1156.500000,3.454532,3.445000,3.450000,6.000000,0.093786,0.031826,0.031826,0.000000,0.000000,1,1,1.000000,4.800000,3.600000,1,C0,
1157.000000,3.456908,3.458000,3.460000,6.000000,0.093707,0.036698,0.036698,0.000000,0.000000,1,1,1.000000,4.800000,3.600000,1,C0,
1157.500000,3.459239,3.458000,3.450000,6.000000,0.093634,0.037674,0.037674,0.000000,0.000000,1,1,1.000000,4.800000,3.600000,1,C0,
1158.000000,3.461714,3.463000,3.460000,6.000000,0.093562,0.034172,0.034172,0.000000,0.000000,1,1,1.000000,4.800000,3.600000,1,C0,
1158.500000,3.464089,3.459000,3.470000,6.000000,0.093486,0.036488,0.036488,0.000000,0.000000,1,1,1.000000,4.800000,3.600000,1,C0,
1159.000000,3.466560,3.465000,3.460000,6.000000,0.093413,0.034105,0.034105,0.000000,0.000000,1,1,1.000000,4.800000,3.600000,1,C0,
1159.500000,3.468981,3.476000,3.450000,6.000000,0.093337,0.035222,0.035222,0.000000,0.000000,1,1,1.000000,4.800000,3.600000,1,C0,
1160.000000,3.471418,3.470000,3.470000,6.000000,0.093262,0.034772,0.034772,0.000000,0.000000,1,1,1.000000,4.800000,3.600000,1,C0,
1160.500000,3.473849,3.466000,3.450000,6.000000,0.093187,0.034842,0.034842,0.000000,0.000000,1,1,1.000000,4.800000,3.600000,1,C0,
1161.000000,3.476409,3.477000,3.460000,6.000000,0.093112,0.031678,0.031678,0.000000,0.000000,1,1,1.000000,4.800000,3.600000,1,C0,
1161.500000,3.478895,3.467000,3.460000,6.000000,0.093034,0.033368,0.033368,0.000000,0.000000,1,1,1.000000,4.800000,3.600000,1,C0,
1162.000000,3.481455,3.477000,3.490000,6.000000,0.092957,0.031528,0.031528,0.000000,0.000000,1,1,1.000000,4.800000,3.600000,1,C0,
1162.500000,3.483976,3.481000,3.490000,6.000000,0.092878,0.032382,0.032382,0.000000,0.000000,1,1,1.000000,4.800000,3.600000,1,C0,
1163.000000,3.486447,3.488000,3.490000,6.000000,0.092801,0.033486,0.033486,0.000000,0.000000,1,1,1.000000,4.800000,3.600000,1,C0,
1163.500000,3.488797,3.497000,3.500000,6.000000,0.092725,0.036318,0.036318,0.000000,0.000000,1,1,1.000000,4.800000,3.600000,1,C0,
1164.000000,3.491199,3.486000,3.480000,6.000000,0.092652,0.035001,0.035001,0.000000,0.000000,1,1,1.000000,4.800000,3.600000,1,C0,
1164.500000,3.493504,3.498000,3.490000,6.000000,0.092578,0.037269,0.037269,0.000000,0.000000,1,1,1.000000,4.800000,3.600000,1,C0,
1165.000000,3.495814,3.496000,3.510000,6.000000,0.092508,0.037065,0.037065,0.000000,0.000000,1,1,1.000000,4.800000,3.600000,1,C0,
1165.500000,3.498318,3.501000,3.480000,6.000000,0.092436,0.032347,0.032347,0.000000,0.000000,1,1,1.000000,4.800000,3.600000,1,C0,
1166.000000,3.500693,3.507000,3.520000,6.000000,0.092359,0.035348,0.035348,0.000000,0.000000,1,1,1.000000,4.800000,3.600000,1,C0,
1166.500000,3.503183,3.504000,3.480000,6.000000,0.092286,0.032536,0.032536,0.000000,0.000000,1,1,1.000000,4.800000,3.600000,1,C0,
1167.000000,3.505641,3.502000,3.490000,6.000000,0.092210,0.033207,0.033207,0.000000,0.000000,1,1,1.000000,4.800000,3.600000,1,C0,
1167.500000,3.507876,3.509000,3.500000,6.000000,0.092134,0.038493,0.038493,0.000000,0.000000,1,1,1.000000,4.800000,3.600000,1,C0,
1168.000000,3.510226,3.511000,3.500000,6.000000,0.092065,0.035681,0.035681,0.000000,0.000000,1,1,1.000000,4.800000,3.600000,1,C0,
1168.500000,3.512523,3.520000,3.510000,6.000000,0.091993,0.036852,0.036852,0.000000,0.000000,1,1,1.000000,4.800000,3.600000,1,C0,
1169.000000,3.514872,3.510000,3.530000,6.000000,0.091922,0.035550,0.035550,0.000000,0.000000,1,1,1.000000,4.800000,3.600000,1,C0,
1169.500000,3.517374,3.512000,3.540000,6.000000,0.091850,0.031817,0.031817,0.000000,0.000000,1,1,1.000000,4.800000,3.600000,1,C0,
1170.000000,3.519740,3.518000,3.520000,6.000000,0.091773,0.034987,0.034987,0.000000,0.000000,1,1,1.000000,4.800000,3.600000,1,C0,
1170.500000,3.522190,3.528000,3.520000,6.000000,0.091700,0.032886,0.032886,0.000000,0.000000,1,1,1.000000,4.800000,3.600000,1,C0,
1171.000000,3.524470,3.528000,3.520000,6.000000,0.091625,0.036920,0.036920,0.000000,0.000000,1,1,1.000000,4.800000,3.600000,1,C0,
1171.500000,3.526716,3.523000,3.530000,6.000000,0.091555,0.037630,0.037630,0.000000,0.000000,1,1,1.000000,4.800000,3.600000,1,C0,
1172.000000,3.529064,3.532000,3.520000,6.000000,0.091486,0.035136,0.035136,0.000000,0.000000,1,1,1.000000,4.800000,3.600000,1,C0,
1172.500000,3.531554,3.533000,3.540000,6.000000,0.091413,0.031666,0.031666,0.000000,0.000000,1,1,1.000000,4.800000,3.600000,1,C0,
1173.000000,3.533914,3.530000,3.540000,6.000000,0.091337,0.034691,0.034691,0.000000,0.000000,1,1,1.000000,4.800000,3.600000,1,C0,
1173.500000,3.536393,3.543000,3.540000,6.000000,0.091264,0.031779,0.031779,0.000000,0.000000,1,1,1.000000,4.800000,3.600000,1,C0,
1174.000000,3.538624,3.535000,3.540000,6.000000,0.091188,0.037645,0.037645,0.000000,0.000000,1,1,1.000000,4.800000,3.600000,1,C0,
1174.500000,3.541090,3.540000,3.540000,6.000000,0.091119,0.031928,0.031928,0.000000,0.000000,1,1,1.000000,4.800000,3.600000,1,C0,
1175.000000,3.543568,3.546000,3.560000,6.000000,0.091043,0.031567,0.031567,0.000000,0.000000,1,1,1.000000,4.800000,3.600000,1,C0,
1175.500000,3.546019,3.551000,3.550000,6.000000,0.090967,0.032155,0.032155,0.000000,0.000000,1,1,1.000000,4.800000,3.600000,1,C0,
1176.000000,3.548217,3.552000,3.530000,6.000000,0.090892,0.038125,0.038125,0.000000,0.000000,1,1,1.000000,4.800000,3.600000,1,C0,
1176.500000,3.550436,3.537000,3.540000,6.000000,0.090824,0.037570,0.037570,0.000000,0.000000,1,1,1.000000,4.800000,3.600000,1,C0,
1177.000000,3.552833,3.544000,3.540000,6.000000,0.090756,0.033231,0.033231,0.000000,0.000000,1,1,1.000000,4.800000,3.600000,1,C0,
1177.500000,3.555277,3.554000,3.550000,6.000000,0.090682,0.032021,0.032021,0.000000,0.000000,1,1,1.000000,4.800000,3.600000,1,C0,
1178.000000,3.557494,3.553000,3.560000,6.000000,0.090607,0.037398,0.037398,0.000000,0.000000,1,1,1.000000,4.800000,3.600000,1,C0,
1178.500000,3.559715,3.563000,3.550000,6.000000,0.090539,0.037240,0.037240,0.000000,0.000000,1,1,1.000000,4.800000,3.600000,1,C0,
1179.000000,3.561980,3.561000,3.570000,6.000000,0.090470,0.036112,0.036112,0.000000,0.000000,1,1,1.000000,4.800000,3.600000,1,C0,
1179.500000,3.564378,3.558000,3.560000,6.000000,0.090401,0.032834,0.032834,0.000000,0.000000,1,1,1.000000,4.800000,3.600000,1,C0,
1180.000000,3.566702,3.567000,3.560000,6.000000,0.090327,0.034557,0.034557,0.000000,0.000000,1,1,1.000000,4.800000,3.600000,1,C0,
1180.500000,3.569027,3.567000,3.570000,6.000000,0.090255,0.034452,0.034452,0.000000,0.000000,1,1,1.000000,4.800000,3.600000,1,C0,
1181.000000,3.571329,3.576000,3.560000,6.000000,0.090184,0.034949,0.034949,0.000000,0.000000,1,1,1.000000,4.800000,3.600000,1,C0,
1181.500000,3.573734,3.561000,3.560000,6.000000,0.090113,0.032397,0.032397,0.000000,0.000000,1,1,1.000000,4.800000,3.600000,1,C0,
1182.000000,3.576028,3.571000,3.580000,6.000000,0.090039,0.034972,0.034972,0.000000,0.000000,1,1,1.000000,4.800000,3.600000,1,C0,
1182.500000,3.578184,3.572000,3.580000,6.000000,0.089968,0.038230,0.038230,0.000000,0.000000,1,1,1.000000,4.800000,3.600000,1,C0,
1183.000000,3.580596,3.576000,3.580000,6.000000,0.089902,0.032015,0.032015,0.000000,0.000000,1,1,1.000000,4.800000,3.600000,1,C0,
1183.500000,3.582882,3.578000,3.580000,6.000000,0.089828,0.034960,0.034960,0.000000,0.000000,1,1,1.000000,4.800000,3.600000,1,C0,
1184.000000,3.585135,3.587000,3.580000,6.000000,0.089757,0.035691,0.035691,0.000000,0.000000,1,1,1.000000,4.800000,3.600000,1,C0,
1184.500000,3.587304,3.594000,3.590000,6.000000,0.089688,0.037631,0.037631,0.000000,0.000000,1,1,1.000000,4.800000,3.600000,1,C0,
1185.000000,3.589454,3.590000,3.590000,6.000000,0.089621,0.038024,0.038024,0.000000,0.000000,1,1,1.000000,4.800000,3.600000,1,C0,
1185.500000,3.591714,3.594000,3.610000,6.000000,0.089555,0.035314,0.035314,0.000000,0.000000,1,1,1.000000,4.800000,3.600000,1,C0,
1186.000000,3.593889,3.594000,3.600000,6.000000,0.089486,0.037274,0.037274,0.000000,0.000000,1,1,1.000000,4.800000,3.600000,1,C0,
1186.500000,3.596022,3.597000,3.600000,6.000000,0.089419,0.038238,0.038238,0.000000,0.000000,1,1,1.000000,4.800000,3.600000,1,C0,
1187.000000,3.598407,3.604000,3.610000,6.000000,0.089353,0.032107,0.032107,0.000000,0.000000,1,1,1.000000,4.800000,3.600000,1,C0,
1187.500000,3.600610,3.600000,3.610000,6.000000,0.089280,0.036418,0.036418,0.000000,0.000000,1,1,1.000000,4.800000,3.600000,1,C0,
1188.000000,3.602919,3.604000,3.580000,6.000000,0.089212,0.033792,0.033792,0.000000,0.000000,1,1,1.000000,4.800000,3.600000,1,C0,
1188.500000,3.605229,3.604000,3.610000,6.000000,0.089141,0.033685,0.033685,0.000000,0.000000,1,1,1.000000,4.800000,3.600000,1,C0,
1189.000000,3.607338,3.618000,3.610000,6.000000,0.089070,0.038474,0.038474,0.000000,0.000000,1,1,1.000000,4.800000,3.600000,1,C0,
1189.500000,3.609560,3.605000,3.620000,6.000000,0.089005,0.035655,0.035655,0.000000,0.000000,1,1,1.000000,4.800000,3.600000,1,C0,
1190.000000,3.611775,3.612000,3.610000,6.000000,0.088937,0.035799,0.035799,0.000000,0.000000,1,1,1.000000,4.800000,3.600000,1,C0,
1190.500000,3.614129,3.616000,3.610000,6.000000,0.088868,0.032355,0.032355,0.000000,0.000000,1,1,1.000000,4.800000,3.600000,1,C0,
1191.000000,3.616412,3.615000,3.600000,6.000000,0.088796,0.034018,0.034018,0.000000,0.000000,1,1,1.000000,4.800000,3.600000,1,C0,
1191.500000,3.618550,3.616000,3.600000,6.000000,0.088726,0.037396,0.037396,0.000000,0.000000,1,1,1.000000,4.800000,3.600000,1,C0,
1192.000000,3.620821,3.625000,3.640000,6.000000,0.088660,0.034170,0.034170,0.000000,0.000000,1,1,1.000000,4.800000,3.600000,1,C0,
1192.500000,3.622996,3.618000,3.630000,6.000000,0.088590,0.036376,0.036376,0.000000,0.000000,1,1,1.000000,4.800000,3.600000,1,C0,
1193.000000,3.625181,3.623000,3.630000,6.000000,0.088523,0.036094,0.036094,0.000000,0.000000,1,1,1.000000,4.800000,3.600000,1,C0,
1193.500000,3.627494,3.632000,3.620000,6.000000,0.088456,0.032953,0.032953,0.000000,0.000000,1,1,1.000000,4.800000,3.600000,1,C0,
1194.000000,3.629676,3.630000,3.630000,6.000000,0.088385,0.036008,0.036008,0.000000,0.000000,1,1,1.000000,4.800000,3.600000,1,C0,
1194.500000,3.631761,3.634000,3.630000,6.000000,0.088318,0.038270,0.038270,0.000000,0.000000,1,1,1.000000,4.800000,3.600000,1,C0,
1195.000000,3.633844,3.643000,3.630000,6.000000,0.088253,0.038267,0.038267,0.000000,0.000000,1,1,1.000000,4.800000,3.600000,1,C0,
1195.500000,3.636190,3.640000,3.650000,6.000000,0.088189,0.031892,0.031892,0.000000,0.000000,1,1,1.000000,4.800000,3.600000,1,C0,
1196.000000,3.638299,3.638000,3.620000,6.000000,0.088117,0.037490,0.037490,0.000000,0.000000,1,1,1.000000,4.800000,3.600000,1,C0,
1196.500000,3.640577,3.637000,3.650000,6.000000,0.088052,0.033392,0.033392,0.000000,0.000000,1,1,1.000000,4.800000,3.600000,1,C0,
1197.000000,3.642817,3.643000,3.650000,6.000000,0.087982,0.034224,0.034224,0.000000,0.000000,1,1,1.000000,4.800000,3.600000,1,C0,
1197.500000,3.644956,3.648000,3.640000,6.000000,0.087913,0.036581,0.036581,0.000000,0.000000,1,1,1.000000,4.800000,3.600000,1,C0,
1198.000000,3.647281,3.647000,3.660000,6.000000,0.087848,0.032026,0.032026,0.000000,0.000000,1,1,1.000000,4.800000,3.600000,1,C0,
1198.500000,3.649468,3.646000,3.670000,6.000000,0.087776,0.035302,0.035302,0.000000,0.000000,1,1,1.000000,4.800000,3.600000,1,C0,
1199.000000,3.651589,3.656000,3.660000,6.000000,0.087709,0.036803,0.036803,0.000000,0.000000,1,1,1.000000,4.800000,3.600000,1,C0,
1199.500000,3.653644,3.658000,3.640000,6.000000,0.087643,0.038315,0.038315,0.000000,0.000000,1,1,1.000000,4.800000,3.600000,1,C0,
