experiment_id,t_s,requested_setpoint_m,effective_setpoint_m,backstop_decision,pump_command,pump_permitted,pump_energised,valve_position,true_tank_level_m
EXP-SCN004-backstop-enabled-41fa58ff,0.000000,3.200000,3.200000,PASS,0,0,0,1.000000,3.200000
EXP-SCN004-backstop-enabled-41fa58ff,0.500000,3.200000,3.200000,PASS,0,0,0,1.000000,3.198594
EXP-SCN004-backstop-enabled-41fa58ff,1.000000,3.200000,3.200000,PASS,0,0,0,1.000000,3.197114
EXP-SCN004-backstop-enabled-41fa58ff,1.500000,3.200000,3.200000,PASS,0,0,0,1.000000,3.195703
EXP-SCN004-backstop-enabled-41fa58ff,2.000000,3.200000,3.200000,PASS,0,0,0,1.000000,3.194323
EXP-SCN004-backstop-enabled-41fa58ff,2.500000,3.200000,3.200000,PASS,0,0,0,1.000000,3.192961
EXP-SCN004-backstop-enabled-41fa58ff,3.000000,3.200000,3.200000,PASS,0,0,0,1.000000,3.191559
EXP-SCN004-backstop-enabled-41fa58ff,3.500000,3.200000,3.200000,PASS,0,0,0,1.000000,3.190010
EXP-SCN004-backstop-enabled-41fa58ff,4.000000,3.200000,3.200000,PASS,0,0,0,1.000000,3.188432
EXP-SCN004-backstop-enabled-41fa58ff,4.500000,3.200000,3.200000,PASS,0,0,0,1.000000,3.186879
EXP-SCN004-backstop-enabled-41fa58ff,5.000000,3.200000,3.200000,PASS,0,0,0,1.000000,3.185385
EXP-SCN004-backstop-enabled-41fa58ff,5.500000,3.200000,3.200000,PASS,0,0,0,1.000000,3.183864
EXP-SCN004-backstop-enabled-41fa58ff,6.000000,3.200000,3.200000,PASS,0,0,0,1.000000,3.182396
EXP-SCN004-backstop-enabled-41fa58ff,6.500000,3.200000,3.200000,PASS,0,0,0,1.000000,3.180909
EXP-SCN004-backstop-enabled-41fa58ff,7.000000,3.200000,3.200000,PASS,0,0,0,1.000000,3.179455
EXP-SCN004-backstop-enabled-41fa58ff,7.500000,3.200000,3.200000,PASS,0,0,0,1.000000,3.177900
EXP-SCN004-backstop-enabled-41fa58ff,8.000000,3.200000,3.200000,PASS,0,0,0,1.000000,3.176555
EXP-SCN004-backstop-enabled-41fa58ff,8.500000,3.200000,3.200000,PASS,0,0,0,1.000000,3.175156
EXP-SCN004-backstop-enabled-41fa58ff,9.000000,3.200000,3.200000,PASS,0,0,0,1.000000,3.173578
EXP-SCN004-backstop-enabled-41fa58ff,9.500000,3.200000,3.200000,PASS,0,0,0,1.000000,3.172171
EXP-SCN004-backstop-enabled-41fa58ff,10.000000,3.200000,3.200000,PASS,0,0,0,1.000000,3.170598
EXP-SCN004-backstop-enabled-41fa58ff,10.500000,3.200000,3.200000,PASS,0,0,0,1.000000,3.169004
EXP-SCN004-backstop-enabled-41fa58ff,11.000000,3.200000,3.200000,PASS,0,0,0,1.000000,3.167651
EXP-SCN004-backstop-enabled-41fa58ff,11.500000,3.200000,3.200000,PASS,0,0,0,1.000000,3.166120
EXP-SCN004-backstop-enabled-41fa58ff,12.000000,3.200000,3.200000,PASS,0,0,0,1.000000,3.164758
EXP-SCN004-backstop-enabled-41fa58ff,12.500000,3.200000,3.200000,PASS,0,0,0,1.000000,3.163196
EXP-SCN004-backstop-enabled-41fa58ff,13.000000,3.200000,3.200000,PASS,0,0,0,1.000000,3.161737
EXP-SCN004-backstop-enabled-41fa58ff,13.500000,3.200000,3.200000,PASS,0,0,0,1.000000,3.160150
EXP-SCN004-backstop-enabled-41fa58ff,14.000000,3.200000,3.200000,PASS,0,0,0,1.000000,3.158800
EXP-SCN004-backstop-enabled-41fa58ff,14.500000,3.200000,3.200000,PASS,0,0,0,1.000000,3.157324
EXP-SCN004-backstop-enabled-41fa58ff,15.000000,3.200000,3.200000,PASS,0,0,0,1.000000,3.155724
EXP-SCN004-backstop-enabled-41fa58ff,15.500000,3.200000,3.200000,PASS,0,0,0,1.000000,3.154126
EXP-SCN004-backstop-enabled-41fa58ff,16.000000,3.200000,3.200000,PASS,0,0,0,1.000000,3.152598
EXP-SCN004-backstop-enabled-41fa58ff,16.500000,3.200000,3.200000,PASS,0,0,0,1.000000,3.151152
EXP-SCN004-backstop-enabled-41fa58ff,17.000000,3.200000,3.200000,PASS,0,0,0,1.000000,3.149803
EXP-SCN004-backstop-enabled-41fa58ff,17.500000,3.200000,3.200000,PASS,0,0,0,1.000000,3.148212
EXP-SCN004-backstop-enabled-41fa58ff,18.000000,3.200000,3.200000,PASS,0,0,0,1.000000,3.146660
EXP-SCN004-backstop-enabled-41fa58ff,18.500000,3.200000,3.200000,PASS,0,0,0,1.000000,3.145218
EXP-SCN004-backstop-enabled-41fa58ff,19.000000,3.200000,3.200000,PASS,0,0,0,1.000000,3.143847
EXP-SCN004-backstop-enabled-41fa58ff,19.500000,3.200000,3.200000,PASS,0,0,0,1.000000,3.142388
EXP-SCN004-backstop-enabled-41fa58ff,20.000000,3.200000,3.200000,PASS,0,0,0,1.000000,3.140856
EXP-SCN004-backstop-enabled-41fa58ff,20.500000,3.200000,3.200000,PASS,0,0,0,1.000000,3.139436
EXP-SCN004-backstop-enabled-41fa58ff,21.000000,3.200000,3.200000,PASS,0,0,0,1.000000,3.138083
EXP-SCN004-backstop-enabled-41fa58ff,21.500000,3.200000,3.200000,PASS,0,0,0,1.000000,3.136531
EXP-SCN004-backstop-enabled-41fa58ff,22.000000,3.200000,3.200000,PASS,0,0,0,1.000000,3.134981
EXP-SCN004-backstop-enabled-41fa58ff,22.500000,3.200000,3.200000,PASS,0,0,0,1.000000,3.133502
EXP-SCN004-backstop-enabled-41fa58ff,23.000000,3.200000,3.200000,PASS,0,0,0,1.000000,3.132003
EXP-SCN004-backstop-enabled-41fa58ff,23.500000,3.200000,3.200000,PASS,0,0,0,1.000000,3.130660
EXP-SCN004-backstop-enabled-41fa58ff,24.000000,3.200000,3.200000,PASS,0,0,0,1.000000,3.129095
EXP-SCN004-backstop-enabled-41fa58ff,24.500000,3.200000,3.200000,PASS,0,0,0,1.000000,3.127629
EXP-SCN004-backstop-enabled-41fa58ff,25.000000,3.200000,3.200000,PASS,0,0,0,1.000000,3.126051
EXP-SCN004-backstop-enabled-41fa58ff,25.500000,3.200000,3.200000,PASS,0,0,0,1.000000,3.124568
EXP-SCN004-backstop-enabled-41fa58ff,26.000000,3.200000,3.200000,PASS,0,0,0,1.000000,3.123086
EXP-SCN004-backstop-enabled-41fa58ff,26.500000,3.200000,3.200000,PASS,0,0,0,1.000000,3.121642
EXP-SCN004-backstop-enabled-41fa58ff,27.000000,3.200000,3.200000,PASS,0,0,0,1.000000,3.120069
EXP-SCN004-backstop-enabled-41fa58ff,27.500000,3.200000,3.200000,PASS,0,0,0,1.000000,3.118500
EXP-SCN004-backstop-enabled-41fa58ff,28.000000,3.200000,3.200000,PASS,0,0,0,1.000000,3.117155
EXP-SCN004-backstop-enabled-41fa58ff,28.500000,3.200000,3.200000,PASS,0,0,0,1.000000,3.115590
EXP-SCN004-backstop-enabled-41fa58ff,29.000000,3.200000,3.200000,PASS,0,0,0,1.000000,3.114059
EXP-SCN004-backstop-enabled-41fa58ff,29.500000,3.200000,3.200000,PASS,0,0,0,1.000000,3.112477
EXP-SCN004-backstop-enabled-41fa58ff,30.000000,3.200000,3.200000,PASS,0,0,0,1.000000,3.111017
EXP-SCN004-backstop-enabled-41fa58ff,30.500000,3.200000,3.200000,PASS,0,0,0,1.000000,3.109672
EXP-SCN004-backstop-enabled-41fa58ff,31.000000,3.200000,3.200000,PASS,0,0,0,1.000000,3.108231
EXP-SCN004-backstop-enabled-41fa58ff,31.500000,3.200000,3.200000,PASS,0,0,0,1.000000,3.106716
EXP-SCN004-backstop-enabled-41fa58ff,32.000000,3.200000,3.200000,PASS,0,0,0,1.000000,3.105324
EXP-SCN004-backstop-enabled-41fa58ff,32.500000,3.200000,3.200000,PASS,0,0,0,1.000000,3.103793
EXP-SCN004-backstop-enabled-41fa58ff,33.000000,3.200000,3.200000,PASS,0,0,0,1.000000,3.102466
EXP-SCN004-backstop-enabled-41fa58ff,33.500000,3.200000,3.200000,PASS,0,0,0,1.000000,3.100948
EXP-SCN004-backstop-enabled-41fa58ff,34.000000,3.200000,3.200000,PASS,0,0,0,1.000000,3.099346
EXP-SCN004-backstop-enabled-41fa58ff,34.500000,3.200000,3.200000,PASS,0,0,0,1.000000,3.097880
EXP-SCN004-backstop-enabled-41fa58ff,35.000000,3.200000,3.200000,PASS,0,0,0,1.000000,3.096551
EXP-SCN004-backstop-enabled-41fa58ff,35.500000,3.200000,3.200000,PASS,0,0,0,1.000000,3.095160
EXP-SCN004-backstop-enabled-41fa58ff,36.000000,3.200000,3.200000,PASS,0,0,0,1.000000,3.093727
EXP-SCN004-backstop-enabled-41fa58ff,36.500000,3.200000,3.200000,PASS,0,0,0,1.000000,3.092345
EXP-SCN004-backstop-enabled-41fa58ff,37.000000,3.200000,3.200000,PASS,0,0,0,1.000000,3.090827
EXP-SCN004-backstop-enabled-41fa58ff,37.500000,3.200000,3.200000,PASS,0,0,0,1.000000,3.089327
EXP-SCN004-backstop-enabled-41fa58ff,38.000000,3.200000,3.200000,PASS,0,0,0,1.000000,3.087999
EXP-SCN004-backstop-enabled-41fa58ff,38.500000,3.200000,3.200000,PASS,0,0,0,1.000000,3.086498
EXP-SCN004-backstop-enabled-41fa58ff,39.000000,3.200000,3.200000,PASS,0,0,0,1.000000,3.085108
EXP-SCN004-backstop-enabled-41fa58ff,39.500000,3.200000,3.200000,PASS,0,0,0,1.000000,3.083582
EXP-SCN004-backstop-enabled-41fa58ff,40.000000,3.200000,3.200000,PASS,0,0,0,1.000000,3.082072
EXP-SCN004-backstop-enabled-41fa58ff,40.500000,3.200000,3.200000,PASS,0,0,0,1.000000,3.080686
EXP-SCN004-backstop-enabled-41fa58ff,41.000000,3.200000,3.200000,PASS,0,0,0,1.000000,3.079160
EXP-SCN004-backstop-enabled-41fa58ff,41.500000,3.200000,3.200000,PASS,0,0,0,1.000000,3.077749
EXP-SCN004-backstop-enabled-41fa58ff,42.000000,3.200000,3.200000,PASS,0,0,0,1.000000,3.076371
EXP-SCN004-backstop-enabled-41fa58ff,42.500000,3.200000,3.200000,PASS,0,0,0,1.000000,3.074906
EXP-SCN004-backstop-enabled-41fa58ff,43.000000,3.200000,3.200000,PASS,0,0,0,1.000000,3.073564
EXP-SCN004-backstop-enabled-41fa58ff,43.500000,3.200000,3.200000,PASS,0,0,0,1.000000,3.072167
EXP-SCN004-backstop-enabled-41fa58ff,44.000000,3.200000,3.200000,PASS,0,0,0,1.000000,3.070624
EXP-SCN004-backstop-enabled-41fa58ff,44.500000,3.200000,3.200000,PASS,0,0,0,1.000000,3.069279
EXP-SCN004-backstop-enabled-41fa58ff,45.000000,3.200000,3.200000,PASS,0,0,0,1.000000,3.067962
EXP-SCN004-backstop-enabled-41fa58ff,45.500000,3.200000,3.200000,PASS,0,0,0,1.000000,3.066510
EXP-SCN004-backstop-enabled-41fa58ff,46.000000,3.200000,3.200000,PASS,0,0,0,1.000000,3.065192
EXP-SCN004-backstop-enabled-41fa58ff,46.500000,3.200000,3.200000,PASS,0,0,0,1.000000,3.063713
EXP-SCN004-backstop-enabled-41fa58ff,47.000000,3.200000,3.200000,PASS,0,0,0,1.000000,3.062373
EXP-SCN004-backstop-enabled-41fa58ff,47.500000,3.200000,3.200000,PASS,0,0,0,1.000000,3.060958
EXP-SCN004-backstop-enabled-41fa58ff,48.000000,3.200000,3.200000,PASS,0,0,0,1.000000,3.059613
EXP-SCN004-backstop-enabled-41fa58ff,48.500000,3.200000,3.200000,PASS,0,0,0,1.000000,3.058251
EXP-SCN004-backstop-enabled-41fa58ff,49.000000,3.200000,3.200000,PASS,0,0,0,1.000000,3.056669
EXP-SCN004-backstop-enabled-41fa58ff,49.500000,3.200000,3.200000,PASS,0,0,0,1.000000,3.055290
EXP-SCN004-backstop-enabled-41fa58ff,50.000000,3.200000,3.200000,PASS,0,0,0,1.000000,3.053845
EXP-SCN004-backstop-enabled-41fa58ff,50.500000,3.200000,3.200000,PASS,0,0,0,1.000000,3.052314
EXP-SCN004-backstop-enabled-41fa58ff,51.000000,3.200000,3.200000,PASS,0,0,0,1.000000,3.050818
EXP-SCN004-backstop-enabled-41fa58ff,51.500000,3.200000,3.200000,PASS,0,0,0,1.000000,3.049321
EXP-SCN004-backstop-enabled-41fa58ff,52.000000,3.200000,3.200000,PASS,0,0,0,1.000000,3.047741
EXP-SCN004-backstop-enabled-41fa58ff,52.500000,3.200000,3.200000,PASS,0,0,0,1.000000,3.046190
EXP-SCN004-backstop-enabled-41fa58ff,53.000000,3.200000,3.200000,PASS,0,0,0,1.000000,3.044736
EXP-SCN004-backstop-enabled-41fa58ff,53.500000,3.200000,3.200000,PASS,0,0,0,1.000000,3.043297
EXP-SCN004-backstop-enabled-41fa58ff,54.000000,3.200000,3.200000,PASS,0,0,0,1.000000,3.041889
EXP-SCN004-backstop-enabled-41fa58ff,54.500000,3.200000,3.200000,PASS,0,0,0,1.000000,3.040469
EXP-SCN004-backstop-enabled-41fa58ff,55.000000,3.200000,3.200000,PASS,0,0,0,1.000000,3.039017
EXP-SCN004-backstop-enabled-41fa58ff,55.500000,3.200000,3.200000,PASS,0,0,0,1.000000,3.037644
EXP-SCN004-backstop-enabled-41fa58ff,56.000000,3.200000,3.200000,PASS,0,0,0,1.000000,3.036124
EXP-SCN004-backstop-enabled-41fa58ff,56.500000,3.200000,3.200000,PASS,0,0,0,1.000000,3.034809
EXP-SCN004-backstop-enabled-41fa58ff,57.000000,3.200000,3.200000,PASS,0,0,0,1.000000,3.033241
EXP-SCN004-backstop-enabled-41fa58ff,57.500000,3.200000,3.200000,PASS,0,0,0,1.000000,3.031924
EXP-SCN004-backstop-enabled-41fa58ff,58.000000,3.200000,3.200000,PASS,0,0,0,1.000000,3.030397
EXP-SCN004-backstop-enabled-41fa58ff,58.500000,3.200000,3.200000,PASS,0,0,0,1.000000,3.028799
EXP-SCN004-backstop-enabled-41fa58ff,59.000000,3.200000,3.200000,PASS,0,0,0,1.000000,3.027330
EXP-SCN004-backstop-enabled-41fa58ff,59.500000,3.200000,3.200000,PASS,0,0,0,1.000000,3.025738
EXP-SCN004-backstop-enabled-41fa58ff,60.000000,3.200000,3.200000,PASS,0,0,0,1.000000,3.024341
EXP-SCN004-backstop-enabled-41fa58ff,60.500000,3.200000,3.200000,PASS,0,0,0,1.000000,3.022928
EXP-SCN004-backstop-enabled-41fa58ff,61.000000,3.200000,3.200000,PASS,0,0,0,1.000000,3.021504
EXP-SCN004-backstop-enabled-41fa58ff,61.500000,3.200000,3.200000,PASS,0,0,0,1.000000,3.019962
EXP-SCN004-backstop-enabled-41fa58ff,62.000000,3.200000,3.200000,PASS,0,0,0,1.000000,3.018496
EXP-SCN004-backstop-enabled-41fa58ff,62.500000,3.200000,3.200000,PASS,0,0,0,1.000000,3.016969
EXP-SCN004-backstop-enabled-41fa58ff,63.000000,3.200000,3.200000,PASS,0,0,0,1.000000,3.015617
EXP-SCN004-backstop-enabled-41fa58ff,63.500000,3.200000,3.200000,PASS,0,0,0,1.000000,3.014257
EXP-SCN004-backstop-enabled-41fa58ff,64.000000,3.200000,3.200000,PASS,0,0,0,1.000000,3.012923
EXP-SCN004-backstop-enabled-41fa58ff,64.500000,3.200000,3.200000,PASS,0,0,0,1.000000,3.011462
EXP-SCN004-backstop-enabled-41fa58ff,65.000000,3.200000,3.200000,PASS,0,0,0,1.000000,3.009921
EXP-SCN004-backstop-enabled-41fa58ff,65.500000,3.200000,3.200000,PASS,0,0,0,1.000000,3.008436
EXP-SCN004-backstop-enabled-41fa58ff,66.000000,3.200000,3.200000,PASS,0,0,0,1.000000,3.007061
EXP-SCN004-backstop-enabled-41fa58ff,66.500000,3.200000,3.200000,PASS,0,0,0,1.000000,3.005611
EXP-SCN004-backstop-enabled-41fa58ff,67.000000,3.200000,3.200000,PASS,0,0,0,1.000000,3.004185
EXP-SCN004-backstop-enabled-41fa58ff,67.500000,3.200000,3.200000,PASS,0,0,0,1.000000,3.002654
EXP-SCN004-backstop-enabled-41fa58ff,68.000000,3.200000,3.200000,PASS,0,0,0,1.000000,3.001162
EXP-SCN004-backstop-enabled-41fa58ff,68.500000,3.200000,3.200000,PASS,0,0,0,1.000000,2.999593
EXP-SCN004-backstop-enabled-41fa58ff,69.000000,3.200000,3.200000,PASS,0,0,0,1.000000,2.998207
EXP-SCN004-backstop-enabled-41fa58ff,69.500000,3.200000,3.200000,PASS,0,0,0,1.000000,2.996847
EXP-SCN004-backstop-enabled-41fa58ff,70.000000,3.200000,3.200000,PASS,0,0,0,1.000000,2.995329
EXP-SCN004-backstop-enabled-41fa58ff,70.500000,3.200000,3.200000,PASS,0,0,0,1.000000,2.993793
EXP-SCN004-backstop-enabled-41fa58ff,71.000000,3.200000,3.200000,PASS,0,0,0,1.000000,2.992238
EXP-SCN004-backstop-enabled-41fa58ff,71.500000,3.200000,3.200000,PASS,0,0,0,1.000000,2.990779
EXP-SCN004-backstop-enabled-41fa58ff,72.000000,3.200000,3.200000,PASS,0,0,0,1.000000,2.989244
EXP-SCN004-backstop-enabled-41fa58ff,72.500000,3.200000,3.200000,PASS,0,0,0,1.000000,2.987755
EXP-SCN004-backstop-enabled-41fa58ff,73.000000,3.200000,3.200000,PASS,0,0,0,1.000000,2.986387
EXP-SCN004-backstop-enabled-41fa58ff,73.500000,3.200000,3.200000,PASS,0,0,0,1.000000,2.985019
EXP-SCN004-backstop-enabled-41fa58ff,74.000000,3.200000,3.200000,PASS,0,0,0,1.000000,2.983633
EXP-SCN004-backstop-enabled-41fa58ff,74.500000,3.200000,3.200000,PASS,0,0,0,1.000000,2.982288
EXP-SCN004-backstop-enabled-41fa58ff,75.000000,3.200000,3.200000,PASS,0,0,0,1.000000,2.980773
EXP-SCN004-backstop-enabled-41fa58ff,75.500000,3.200000,3.200000,PASS,0,0,0,1.000000,2.979273
EXP-SCN004-backstop-enabled-41fa58ff,76.000000,3.200000,3.200000,PASS,0,0,0,1.000000,2.977697
EXP-SCN004-backstop-enabled-41fa58ff,76.500000,3.200000,3.200000,PASS,0,0,0,1.000000,2.976243
EXP-SCN004-backstop-enabled-41fa58ff,77.000000,3.200000,3.200000,PASS,0,0,0,1.000000,2.974924
EXP-SCN004-backstop-enabled-41fa58ff,77.500000,3.200000,3.200000,PASS,0,0,0,1.000000,2.973500
EXP-SCN004-backstop-enabled-41fa58ff,78.000000,3.200000,3.200000,PASS,0,0,0,1.000000,2.971974
EXP-SCN004-backstop-enabled-41fa58ff,78.500000,3.200000,3.200000,PASS,0,0,0,1.000000,2.970505
EXP-SCN004-backstop-enabled-41fa58ff,79.000000,3.200000,3.200000,PASS,0,0,0,1.000000,2.969165
EXP-SCN004-backstop-enabled-41fa58ff,79.500000,3.200000,3.200000,PASS,0,0,0,1.000000,2.967641
EXP-SCN004-backstop-enabled-41fa58ff,80.000000,3.200000,3.200000,PASS,0,0,0,1.000000,2.966039
EXP-SCN004-backstop-enabled-41fa58ff,80.500000,3.200000,3.200000,PASS,0,0,0,1.000000,2.964700
EXP-SCN004-backstop-enabled-41fa58ff,81.000000,3.200000,3.200000,PASS,0,0,0,1.000000,2.963320
EXP-SCN004-backstop-enabled-41fa58ff,81.500000,3.200000,3.200000,PASS,0,0,0,1.000000,2.961875
EXP-SCN004-backstop-enabled-41fa58ff,82.000000,3.200000,3.200000,PASS,0,0,0,1.000000,2.960452
EXP-SCN004-backstop-enabled-41fa58ff,82.500000,3.200000,3.200000,PASS,0,0,0,1.000000,2.958870
EXP-SCN004-backstop-enabled-41fa58ff,83.000000,3.200000,3.200000,PASS,0,0,0,1.000000,2.957318
EXP-SCN004-backstop-enabled-41fa58ff,83.500000,3.200000,3.200000,PASS,0,0,0,1.000000,2.955879
EXP-SCN004-backstop-enabled-41fa58ff,84.000000,3.200000,3.200000,PASS,0,0,0,1.000000,2.954293
EXP-SCN004-backstop-enabled-41fa58ff,84.500000,3.200000,3.200000,PASS,0,0,0,1.000000,2.952973
EXP-SCN004-backstop-enabled-41fa58ff,85.000000,3.200000,3.200000,PASS,0,0,0,1.000000,2.951459
EXP-SCN004-backstop-enabled-41fa58ff,85.500000,3.200000,3.200000,PASS,0,0,0,1.000000,2.949928
EXP-SCN004-backstop-enabled-41fa58ff,86.000000,3.200000,3.200000,PASS,0,0,0,1.000000,2.948363
EXP-SCN004-backstop-enabled-41fa58ff,86.500000,3.200000,3.200000,PASS,0,0,0,1.000000,2.946946
EXP-SCN004-backstop-enabled-41fa58ff,87.000000,3.200000,3.200000,PASS,0,0,0,1.000000,2.945513
EXP-SCN004-backstop-enabled-41fa58ff,87.500000,3.200000,3.200000,PASS,0,0,0,1.000000,2.944172
EXP-SCN004-backstop-enabled-41fa58ff,88.000000,3.200000,3.200000,PASS,0,0,0,1.000000,2.942678
EXP-SCN004-backstop-enabled-41fa58ff,88.500000,3.200000,3.200000,PASS,0,0,0,1.000000,2.941273
EXP-SCN004-backstop-enabled-41fa58ff,89.000000,3.200000,3.200000,PASS,0,0,0,1.000000,2.939867
EXP-SCN004-backstop-enabled-41fa58ff,89.500000,3.200000,3.200000,PASS,0,0,0,1.000000,2.938553
EXP-SCN004-backstop-enabled-41fa58ff,90.000000,3.200000,3.200000,PASS,0,0,0,1.000000,2.936981
EXP-SCN004-backstop-enabled-41fa58ff,90.500000,3.200000,3.200000,PASS,0,0,0,1.000000,2.935650
EXP-SCN004-backstop-enabled-41fa58ff,91.000000,3.200000,3.200000,PASS,0,0,0,1.000000,2.934071
EXP-SCN004-backstop-enabled-41fa58ff,91.500000,3.200000,3.200000,PASS,0,0,0,1.000000,2.932723
EXP-SCN004-backstop-enabled-41fa58ff,92.000000,3.200000,3.200000,PASS,0,0,0,1.000000,2.931400
EXP-SCN004-backstop-enabled-41fa58ff,92.500000,3.200000,3.200000,PASS,0,0,0,1.000000,2.929963
EXP-SCN004-backstop-enabled-41fa58ff,93.000000,3.200000,3.200000,PASS,0,0,0,1.000000,2.928587
EXP-SCN004-backstop-enabled-41fa58ff,93.500000,3.200000,3.200000,PASS,0,0,0,1.000000,2.927029
EXP-SCN004-backstop-enabled-41fa58ff,94.000000,3.200000,3.200000,PASS,0,0,0,1.000000,2.925586
EXP-SCN004-backstop-enabled-41fa58ff,94.500000,3.200000,3.200000,PASS,0,0,0,1.000000,2.924086
EXP-SCN004-backstop-enabled-41fa58ff,95.000000,3.200000,3.200000,PASS,0,0,0,1.000000,2.922555
EXP-SCN004-backstop-enabled-41fa58ff,95.500000,3.200000,3.200000,PASS,0,0,0,1.000000,2.921184
EXP-SCN004-backstop-enabled-41fa58ff,96.000000,3.200000,3.200000,PASS,0,0,0,1.000000,2.919581
EXP-SCN004-backstop-enabled-41fa58ff,96.500000,3.200000,3.200000,PASS,0,0,0,1.000000,2.918022
EXP-SCN004-backstop-enabled-41fa58ff,97.000000,3.200000,3.200000,PASS,0,0,0,1.000000,2.916535
EXP-SCN004-backstop-enabled-41fa58ff,97.500000,3.200000,3.200000,PASS,0,0,0,1.000000,2.915126
EXP-SCN004-backstop-enabled-41fa58ff,98.000000,3.200000,3.200000,PASS,0,0,0,1.000000,2.913544
EXP-SCN004-backstop-enabled-41fa58ff,98.500000,3.200000,3.200000,PASS,0,0,0,1.000000,2.911998
EXP-SCN004-backstop-enabled-41fa58ff,99.000000,3.200000,3.200000,PASS,0,0,0,1.000000,2.910459
EXP-SCN004-backstop-enabled-41fa58ff,99.500000,3.200000,3.200000,PASS,0,0,0,1.000000,2.909000
EXP-SCN004-backstop-enabled-41fa58ff,100.000000,3.200000,3.200000,PASS,0,0,0,1.000000,2.907645
EXP-SCN004-backstop-enabled-41fa58ff,100.500000,3.200000,3.200000,PASS,0,0,0,1.000000,2.906169
EXP-SCN004-backstop-enabled-41fa58ff,101.000000,3.200000,3.200000,PASS,0,0,0,1.000000,2.904611
EXP-SCN004-backstop-enabled-41fa58ff,101.500000,3.200000,3.200000,PASS,0,0,0,1.000000,2.903130
EXP-SCN004-backstop-enabled-41fa58ff,102.000000,3.200000,3.200000,PASS,0,0,0,1.000000,2.901545
EXP-SCN004-backstop-enabled-41fa58ff,102.500000,3.200000,3.200000,PASS,0,0,0,1.000000,2.900126
EXP-SCN004-backstop-enabled-41fa58ff,103.000000,3.200000,3.200000,PASS,0,0,0,1.000000,2.898687
EXP-SCN004-backstop-enabled-41fa58ff,103.500000,3.200000,3.200000,PASS,0,0,0,1.000000,2.897224
EXP-SCN004-backstop-enabled-41fa58ff,104.000000,3.200000,3.200000,PASS,0,0,0,1.000000,2.895655
EXP-SCN004-backstop-enabled-41fa58ff,104.500000,3.200000,3.200000,PASS,0,0,0,1.000000,2.894132
EXP-SCN004-backstop-enabled-41fa58ff,105.000000,3.200000,3.200000,PASS,0,0,0,1.000000,2.892575
EXP-SCN004-backstop-enabled-41fa58ff,105.500000,3.200000,3.200000,PASS,0,0,0,1.000000,2.891156
EXP-SCN004-backstop-enabled-41fa58ff,106.000000,3.200000,3.200000,PASS,0,0,0,1.000000,2.889715
EXP-SCN004-backstop-enabled-41fa58ff,106.500000,3.200000,3.200000,PASS,0,0,0,1.000000,2.888118
EXP-SCN004-backstop-enabled-41fa58ff,107.000000,3.200000,3.200000,PASS,0,0,0,1.000000,2.886652
EXP-SCN004-backstop-enabled-41fa58ff,107.500000,3.200000,3.200000,PASS,0,0,0,1.000000,2.885083
EXP-SCN004-backstop-enabled-41fa58ff,108.000000,3.200000,3.200000,PASS,0,0,0,1.000000,2.883528
EXP-SCN004-backstop-enabled-41fa58ff,108.500000,3.200000,3.200000,PASS,0,0,0,1.000000,2.882215
EXP-SCN004-backstop-enabled-41fa58ff,109.000000,3.200000,3.200000,PASS,0,0,0,1.000000,2.880886
EXP-SCN004-backstop-enabled-41fa58ff,109.500000,3.200000,3.200000,PASS,0,0,0,1.000000,2.879528
EXP-SCN004-backstop-enabled-41fa58ff,110.000000,3.200000,3.200000,PASS,0,0,0,1.000000,2.878109
EXP-SCN004-backstop-enabled-41fa58ff,110.500000,3.200000,3.200000,PASS,0,0,0,1.000000,2.876609
EXP-SCN004-backstop-enabled-41fa58ff,111.000000,3.200000,3.200000,PASS,0,0,0,1.000000,2.875234
EXP-SCN004-backstop-enabled-41fa58ff,111.500000,3.200000,3.200000,PASS,0,0,0,1.000000,2.873721
EXP-SCN004-backstop-enabled-41fa58ff,112.000000,3.200000,3.200000,PASS,0,0,0,1.000000,2.872117
EXP-SCN004-backstop-enabled-41fa58ff,112.500000,3.200000,3.200000,PASS,0,0,0,1.000000,2.870605
EXP-SCN004-backstop-enabled-41fa58ff,113.000000,3.200000,3.200000,PASS,0,0,0,1.000000,2.869145
EXP-SCN004-backstop-enabled-41fa58ff,113.500000,3.200000,3.200000,PASS,0,0,0,1.000000,2.867574
EXP-SCN004-backstop-enabled-41fa58ff,114.000000,3.200000,3.200000,PASS,0,0,0,1.000000,2.866132
EXP-SCN004-backstop-enabled-41fa58ff,114.500000,3.200000,3.200000,PASS,0,0,0,1.000000,2.864655
EXP-SCN004-backstop-enabled-41fa58ff,115.000000,3.200000,3.200000,PASS,0,0,0,1.000000,2.863270
EXP-SCN004-backstop-enabled-41fa58ff,115.500000,3.200000,3.200000,PASS,0,0,0,1.000000,2.861690
EXP-SCN004-backstop-enabled-41fa58ff,116.000000,3.200000,3.200000,PASS,0,0,0,1.000000,2.860109
EXP-SCN004-backstop-enabled-41fa58ff,116.500000,3.200000,3.200000,PASS,0,0,0,1.000000,2.858508
EXP-SCN004-backstop-enabled-41fa58ff,117.000000,3.200000,3.200000,PASS,0,0,0,1.000000,2.856948
EXP-SCN004-backstop-enabled-41fa58ff,117.500000,3.200000,3.200000,PASS,0,0,0,1.000000,2.855584
EXP-SCN004-backstop-enabled-41fa58ff,118.000000,3.200000,3.200000,PASS,0,0,0,1.000000,2.853990
EXP-SCN004-backstop-enabled-41fa58ff,118.500000,3.200000,3.200000,PASS,0,0,0,1.000000,2.852481
EXP-SCN004-backstop-enabled-41fa58ff,119.000000,3.200000,3.200000,PASS,0,0,0,1.000000,2.850928
EXP-SCN004-backstop-enabled-41fa58ff,119.500000,3.200000,3.200000,PASS,0,0,0,1.000000,2.849588
EXP-SCN004-backstop-enabled-41fa58ff,120.000000,3.200000,3.200000,PASS,0,0,0,1.000000,2.848146
EXP-SCN004-backstop-enabled-41fa58ff,120.500000,3.200000,3.200000,PASS,0,0,0,1.000000,2.846608
EXP-SCN004-backstop-enabled-41fa58ff,121.000000,3.200000,3.200000,PASS,0,0,0,1.000000,2.845241
EXP-SCN004-backstop-enabled-41fa58ff,121.500000,3.200000,3.200000,PASS,0,0,0,1.000000,2.843745
EXP-SCN004-backstop-enabled-41fa58ff,122.000000,3.200000,3.200000,PASS,0,0,0,1.000000,2.842186
EXP-SCN004-backstop-enabled-41fa58ff,122.500000,3.200000,3.200000,PASS,0,0,0,1.000000,2.840775
EXP-SCN004-backstop-enabled-41fa58ff,123.000000,3.200000,3.200000,PASS,0,0,0,1.000000,2.839175
EXP-SCN004-backstop-enabled-41fa58ff,123.500000,3.200000,3.200000,PASS,0,0,0,1.000000,2.837743
EXP-SCN004-backstop-enabled-41fa58ff,124.000000,3.200000,3.200000,PASS,0,0,0,1.000000,2.836205
EXP-SCN004-backstop-enabled-41fa58ff,124.500000,3.200000,3.200000,PASS,0,0,0,1.000000,2.834622
EXP-SCN004-backstop-enabled-41fa58ff,125.000000,3.200000,3.200000,PASS,0,0,0,1.000000,2.833129
EXP-SCN004-backstop-enabled-41fa58ff,125.500000,3.200000,3.200000,PASS,0,0,0,1.000000,2.831594
EXP-SCN004-backstop-enabled-41fa58ff,126.000000,3.200000,3.200000,PASS,0,0,0,1.000000,2.830060
EXP-SCN004-backstop-enabled-41fa58ff,126.500000,3.200000,3.200000,PASS,0,0,0,1.000000,2.828733
EXP-SCN004-backstop-enabled-41fa58ff,127.000000,3.200000,3.200000,PASS,0,0,0,1.000000,2.827193
EXP-SCN004-backstop-enabled-41fa58ff,127.500000,3.200000,3.200000,PASS,0,0,0,1.000000,2.825676
EXP-SCN004-backstop-enabled-41fa58ff,128.000000,3.200000,3.200000,PASS,0,0,0,1.000000,2.824308
EXP-SCN004-backstop-enabled-41fa58ff,128.500000,3.200000,3.200000,PASS,0,0,0,1.000000,2.822881
EXP-SCN004-backstop-enabled-41fa58ff,129.000000,3.200000,3.200000,PASS,0,0,0,1.000000,2.821553
EXP-SCN004-backstop-enabled-41fa58ff,129.500000,3.200000,3.200000,PASS,0,0,0,1.000000,2.820082
EXP-SCN004-backstop-enabled-41fa58ff,130.000000,3.200000,3.200000,PASS,0,0,0,1.000000,2.818621
EXP-SCN004-backstop-enabled-41fa58ff,130.500000,3.200000,3.200000,PASS,0,0,0,1.000000,2.817124
EXP-SCN004-backstop-enabled-41fa58ff,131.000000,3.200000,3.200000,PASS,0,0,0,1.000000,2.815746
EXP-SCN004-backstop-enabled-41fa58ff,131.500000,3.200000,3.200000,PASS,0,0,0,1.000000,2.814284
EXP-SCN004-backstop-enabled-41fa58ff,132.000000,3.200000,3.200000,PASS,0,0,0,1.000000,2.812716
EXP-SCN004-backstop-enabled-41fa58ff,132.500000,3.200000,3.200000,PASS,0,0,0,1.000000,2.811175
EXP-SCN004-backstop-enabled-41fa58ff,133.000000,3.200000,3.200000,PASS,0,0,0,1.000000,2.809622
EXP-SCN004-backstop-enabled-41fa58ff,133.500000,3.200000,3.200000,PASS,0,0,0,1.000000,2.808110
EXP-SCN004-backstop-enabled-41fa58ff,134.000000,3.200000,3.200000,PASS,0,0,0,1.000000,2.806671
EXP-SCN004-backstop-enabled-41fa58ff,134.500000,3.200000,3.200000,PASS,0,0,0,1.000000,2.805305
EXP-SCN004-backstop-enabled-41fa58ff,135.000000,3.200000,3.200000,PASS,0,0,0,1.000000,2.803933
EXP-SCN004-backstop-enabled-41fa58ff,135.500000,3.200000,3.200000,PASS,0,0,0,1.000000,2.802474
EXP-SCN004-backstop-enabled-41fa58ff,136.000000,3.200000,3.200000,PASS,1,1,1,1.000000,2.800922
EXP-SCN004-backstop-enabled-41fa58ff,136.500000,3.200000,3.200000,PASS,1,1,1,1.000000,2.804064
EXP-SCN004-backstop-enabled-41fa58ff,137.000000,3.200000,3.200000,PASS,1,1,1,1.000000,2.807228
EXP-SCN004-backstop-enabled-41fa58ff,137.500000,3.200000,3.200000,PASS,1,1,1,1.000000,2.810476
EXP-SCN004-backstop-enabled-41fa58ff,138.000000,3.200000,3.200000,PASS,1,1,1,1.000000,2.813892
EXP-SCN004-backstop-enabled-41fa58ff,138.500000,3.200000,3.200000,PASS,1,1,1,1.000000,2.817162
EXP-SCN004-backstop-enabled-41fa58ff,139.000000,3.200000,3.200000,PASS,1,1,1,1.000000,2.820500
EXP-SCN004-backstop-enabled-41fa58ff,139.500000,3.200000,3.200000,PASS,1,1,1,1.000000,2.823887
EXP-SCN004-backstop-enabled-41fa58ff,140.000000,3.200000,3.200000,PASS,1,1,1,1.000000,2.827059
EXP-SCN004-backstop-enabled-41fa58ff,140.500000,3.200000,3.200000,PASS,1,1,1,1.000000,2.830249
EXP-SCN004-backstop-enabled-41fa58ff,141.000000,3.200000,3.200000,PASS,1,1,1,1.000000,2.833478
EXP-SCN004-backstop-enabled-41fa58ff,141.500000,3.200000,3.200000,PASS,1,1,1,1.000000,2.836815
EXP-SCN004-backstop-enabled-41fa58ff,142.000000,3.200000,3.200000,PASS,1,1,1,1.000000,2.840167
EXP-SCN004-backstop-enabled-41fa58ff,142.500000,3.200000,3.200000,PASS,1,1,1,1.000000,2.843338
EXP-SCN004-backstop-enabled-41fa58ff,143.000000,3.200000,3.200000,PASS,1,1,1,1.000000,2.846438
EXP-SCN004-backstop-enabled-41fa58ff,143.500000,3.200000,3.200000,PASS,1,1,1,1.000000,2.849727
EXP-SCN004-backstop-enabled-41fa58ff,144.000000,3.200000,3.200000,PASS,1,1,1,1.000000,2.853007
EXP-SCN004-backstop-enabled-41fa58ff,144.500000,3.200000,3.200000,PASS,1,1,1,1.000000,2.856153
EXP-SCN004-backstop-enabled-41fa58ff,145.000000,3.200000,3.200000,PASS,1,1,1,1.000000,2.859294
EXP-SCN004-backstop-enabled-41fa58ff,145.500000,3.200000,3.200000,PASS,1,1,1,1.000000,2.862587
EXP-SCN004-backstop-enabled-41fa58ff,146.000000,3.200000,3.200000,PASS,1,1,1,1.000000,2.865777
EXP-SCN004-backstop-enabled-41fa58ff,146.500000,3.200000,3.200000,PASS,1,1,1,1.000000,2.868919
EXP-SCN004-backstop-enabled-41fa58ff,147.000000,3.200000,3.200000,PASS,1,1,1,1.000000,2.872086
EXP-SCN004-backstop-enabled-41fa58ff,147.500000,3.200000,3.200000,PASS,1,1,1,1.000000,2.875213
EXP-SCN004-backstop-enabled-41fa58ff,148.000000,3.200000,3.200000,PASS,1,1,1,1.000000,2.878538
EXP-SCN004-backstop-enabled-41fa58ff,148.500000,3.200000,3.200000,PASS,1,1,1,1.000000,2.881825
EXP-SCN004-backstop-enabled-41fa58ff,149.000000,3.200000,3.200000,PASS,1,1,1,1.000000,2.884936
EXP-SCN004-backstop-enabled-41fa58ff,149.500000,3.200000,3.200000,PASS,1,1,1,1.000000,2.888092
EXP-SCN004-backstop-enabled-41fa58ff,150.000000,3.200000,3.200000,PASS,1,1,1,1.000000,2.891392
EXP-SCN004-backstop-enabled-41fa58ff,150.500000,3.200000,3.200000,PASS,1,1,1,1.000000,2.894626
EXP-SCN004-backstop-enabled-41fa58ff,151.000000,3.200000,3.200000,PASS,1,1,1,1.000000,2.897728
EXP-SCN004-backstop-enabled-41fa58ff,151.500000,3.200000,3.200000,PASS,1,1,1,1.000000,2.900766
EXP-SCN004-backstop-enabled-41fa58ff,152.000000,3.200000,3.200000,PASS,1,1,1,1.000000,2.904061
EXP-SCN004-backstop-enabled-41fa58ff,152.500000,3.200000,3.200000,PASS,1,1,1,1.000000,2.907313
EXP-SCN004-backstop-enabled-41fa58ff,153.000000,3.200000,3.200000,PASS,1,1,1,1.000000,2.910468
EXP-SCN004-backstop-enabled-41fa58ff,153.500000,3.200000,3.200000,PASS,1,1,1,1.000000,2.913498
EXP-SCN004-backstop-enabled-41fa58ff,154.000000,3.200000,3.200000,PASS,1,1,1,1.000000,2.916686
EXP-SCN004-backstop-enabled-41fa58ff,154.500000,3.200000,3.200000,PASS,1,1,1,1.000000,2.919887
EXP-SCN004-backstop-enabled-41fa58ff,155.000000,3.200000,3.200000,PASS,1,1,1,1.000000,2.923013
EXP-SCN004-backstop-enabled-41fa58ff,155.500000,3.200000,3.200000,PASS,1,1,1,1.000000,2.926232
EXP-SCN004-backstop-enabled-41fa58ff,156.000000,3.200000,3.200000,PASS,1,1,1,1.000000,2.929423
EXP-SCN004-backstop-enabled-41fa58ff,156.500000,3.200000,3.200000,PASS,1,1,1,1.000000,2.932559
EXP-SCN004-backstop-enabled-41fa58ff,157.000000,3.200000,3.200000,PASS,1,1,1,1.000000,2.935680
EXP-SCN004-backstop-enabled-41fa58ff,157.500000,3.200000,3.200000,PASS,1,1,1,1.000000,2.938834
EXP-SCN004-backstop-enabled-41fa58ff,158.000000,3.200000,3.200000,PASS,1,1,1,1.000000,2.941984
EXP-SCN004-backstop-enabled-41fa58ff,158.500000,3.200000,3.200000,PASS,1,1,1,1.000000,2.945167
EXP-SCN004-backstop-enabled-41fa58ff,159.000000,3.200000,3.200000,PASS,1,1,1,1.000000,2.948370
EXP-SCN004-backstop-enabled-41fa58ff,159.500000,3.200000,3.200000,PASS,1,1,1,1.000000,2.951453
EXP-SCN004-backstop-enabled-41fa58ff,160.000000,3.200000,3.200000,PASS,1,1,1,1.000000,2.954517
EXP-SCN004-backstop-enabled-41fa58ff,160.500000,3.200000,3.200000,PASS,1,1,1,1.000000,2.957661
EXP-SCN004-backstop-enabled-41fa58ff,161.000000,3.200000,3.200000,PASS,1,1,1,1.000000,2.960619
EXP-SCN004-backstop-enabled-41fa58ff,161.500000,3.200000,3.200000,PASS,1,1,1,1.000000,2.963800
EXP-SCN004-backstop-enabled-41fa58ff,162.000000,3.200000,3.200000,PASS,1,1,1,1.000000,2.966780
EXP-SCN004-backstop-enabled-41fa58ff,162.500000,3.200000,3.200000,PASS,1,1,1,1.000000,2.969756
EXP-SCN004-backstop-enabled-41fa58ff,163.000000,3.200000,3.200000,PASS,1,1,1,1.000000,2.972794
EXP-SCN004-backstop-enabled-41fa58ff,163.500000,3.200000,3.200000,PASS,1,1,1,1.000000,2.975733
EXP-SCN004-backstop-enabled-41fa58ff,164.000000,3.200000,3.200000,PASS,1,1,1,1.000000,2.978764
EXP-SCN004-backstop-enabled-41fa58ff,164.500000,3.200000,3.200000,PASS,1,1,1,1.000000,2.981793
EXP-SCN004-backstop-enabled-41fa58ff,165.000000,3.200000,3.200000,PASS,1,1,1,1.000000,2.984963
EXP-SCN004-backstop-enabled-41fa58ff,165.500000,3.200000,3.200000,PASS,1,1,1,1.000000,2.988098
EXP-SCN004-backstop-enabled-41fa58ff,166.000000,3.200000,3.200000,PASS,1,1,1,1.000000,2.991150
EXP-SCN004-backstop-enabled-41fa58ff,166.500000,3.200000,3.200000,PASS,1,1,1,1.000000,2.994313
EXP-SCN004-backstop-enabled-41fa58ff,167.000000,3.200000,3.200000,PASS,1,1,1,1.000000,2.997376
EXP-SCN004-backstop-enabled-41fa58ff,167.500000,3.200000,3.200000,PASS,1,1,1,1.000000,3.000434
EXP-SCN004-backstop-enabled-41fa58ff,168.000000,3.200000,3.200000,PASS,1,1,1,1.000000,3.003583
EXP-SCN004-backstop-enabled-41fa58ff,168.500000,3.200000,3.200000,PASS,1,1,1,1.000000,3.006585
EXP-SCN004-backstop-enabled-41fa58ff,169.000000,3.200000,3.200000,PASS,1,1,1,1.000000,3.009561
EXP-SCN004-backstop-enabled-41fa58ff,169.500000,3.200000,3.200000,PASS,1,1,1,1.000000,3.012700
EXP-SCN004-backstop-enabled-41fa58ff,170.000000,3.200000,3.200000,PASS,1,1,1,1.000000,3.015811
EXP-SCN004-backstop-enabled-41fa58ff,170.500000,3.200000,3.200000,PASS,1,1,1,1.000000,3.018729
EXP-SCN004-backstop-enabled-41fa58ff,171.000000,3.200000,3.200000,PASS,1,1,1,1.000000,3.021591
EXP-SCN004-backstop-enabled-41fa58ff,171.500000,3.200000,3.200000,PASS,1,1,1,1.000000,3.024597
EXP-SCN004-backstop-enabled-41fa58ff,172.000000,3.200000,3.200000,PASS,1,1,1,1.000000,3.027573
EXP-SCN004-backstop-enabled-41fa58ff,172.500000,3.200000,3.200000,PASS,1,1,1,1.000000,3.030571
EXP-SCN004-backstop-enabled-41fa58ff,173.000000,3.200000,3.200000,PASS,1,1,1,1.000000,3.033593
EXP-SCN004-backstop-enabled-41fa58ff,173.500000,3.200000,3.200000,PASS,1,1,1,1.000000,3.036457
EXP-SCN004-backstop-enabled-41fa58ff,174.000000,3.200000,3.200000,PASS,1,1,1,1.000000,3.039479
EXP-SCN004-backstop-enabled-41fa58ff,174.500000,3.200000,3.200000,PASS,1,1,1,1.000000,3.042506
EXP-SCN004-backstop-enabled-41fa58ff,175.000000,3.200000,3.200000,PASS,1,1,1,1.000000,3.045423
EXP-SCN004-backstop-enabled-41fa58ff,175.500000,3.200000,3.200000,PASS,1,1,1,1.000000,3.048527
EXP-SCN004-backstop-enabled-41fa58ff,176.000000,3.200000,3.200000,PASS,1,1,1,1.000000,3.051628
EXP-SCN004-backstop-enabled-41fa58ff,176.500000,3.200000,3.200000,PASS,1,1,1,1.000000,3.054573
EXP-SCN004-backstop-enabled-41fa58ff,177.000000,3.200000,3.200000,PASS,1,1,1,1.000000,3.057475
EXP-SCN004-backstop-enabled-41fa58ff,177.500000,3.200000,3.200000,PASS,1,1,1,1.000000,3.060466
EXP-SCN004-backstop-enabled-41fa58ff,178.000000,3.200000,3.200000,PASS,1,1,1,1.000000,3.063444
EXP-SCN004-backstop-enabled-41fa58ff,178.500000,3.200000,3.200000,PASS,1,1,1,1.000000,3.066359
EXP-SCN004-backstop-enabled-41fa58ff,179.000000,3.200000,3.200000,PASS,1,1,1,1.000000,3.069229
EXP-SCN004-backstop-enabled-41fa58ff,179.500000,3.200000,3.200000,PASS,1,1,1,1.000000,3.072299
EXP-SCN004-backstop-enabled-41fa58ff,180.000000,4.800000,3.225000,CONSTRAIN,1,1,1,1.000000,3.075312
EXP-SCN004-backstop-enabled-41fa58ff,180.500000,4.800000,3.250000,CONSTRAIN,1,1,1,1.000000,3.078370
EXP-SCN004-backstop-enabled-41fa58ff,181.000000,4.800000,3.275000,CONSTRAIN,1,1,1,1.000000,3.081390
EXP-SCN004-backstop-enabled-41fa58ff,181.500000,4.800000,3.300000,CONSTRAIN,1,1,1,1.000000,3.084192
EXP-SCN004-backstop-enabled-41fa58ff,182.000000,4.800000,3.325000,CONSTRAIN,1,1,1,1.000000,3.087195
EXP-SCN004-backstop-enabled-41fa58ff,182.500000,4.800000,3.350000,CONSTRAIN,1,1,1,1.000000,3.090109
EXP-SCN004-backstop-enabled-41fa58ff,183.000000,4.800000,3.375000,CONSTRAIN,1,1,1,1.000000,3.092887
EXP-SCN004-backstop-enabled-41fa58ff,183.500000,4.800000,3.400000,CONSTRAIN,1,1,1,1.000000,3.095746
EXP-SCN004-backstop-enabled-41fa58ff,184.000000,4.800000,3.425000,CONSTRAIN,1,1,1,1.000000,3.098586
EXP-SCN004-backstop-enabled-41fa58ff,184.500000,4.800000,3.450000,CONSTRAIN,1,1,1,1.000000,3.101418
EXP-SCN004-backstop-enabled-41fa58ff,185.000000,4.800000,3.475000,CONSTRAIN,1,1,1,1.000000,3.104200
EXP-SCN004-backstop-enabled-41fa58ff,185.500000,4.800000,3.500000,CONSTRAIN,1,1,1,1.000000,3.107097
EXP-SCN004-backstop-enabled-41fa58ff,186.000000,4.800000,3.525000,CONSTRAIN,1,1,1,1.000000,3.109910
EXP-SCN004-backstop-enabled-41fa58ff,186.500000,4.800000,3.550000,CONSTRAIN,1,1,1,1.000000,3.112784
EXP-SCN004-backstop-enabled-41fa58ff,187.000000,4.800000,3.575000,CONSTRAIN,1,1,1,1.000000,3.115685
EXP-SCN004-backstop-enabled-41fa58ff,187.500000,4.800000,3.600000,CONSTRAIN,1,1,1,1.000000,3.118636
EXP-SCN004-backstop-enabled-41fa58ff,188.000000,4.800000,3.600000,CONSTRAIN,1,1,1,1.000000,3.121380
EXP-SCN004-backstop-enabled-41fa58ff,188.500000,4.800000,3.600000,CONSTRAIN,1,1,1,1.000000,3.124182
EXP-SCN004-backstop-enabled-41fa58ff,189.000000,4.800000,3.600000,CONSTRAIN,1,1,1,1.000000,3.126994
EXP-SCN004-backstop-enabled-41fa58ff,189.500000,4.800000,3.600000,CONSTRAIN,1,1,1,1.000000,3.129990
EXP-SCN004-backstop-enabled-41fa58ff,190.000000,4.800000,3.600000,CONSTRAIN,1,1,1,1.000000,3.132745
EXP-SCN004-backstop-enabled-41fa58ff,190.500000,4.800000,3.600000,CONSTRAIN,1,1,1,1.000000,3.135644
EXP-SCN004-backstop-enabled-41fa58ff,191.000000,4.800000,3.600000,CONSTRAIN,1,1,1,1.000000,3.138412
EXP-SCN004-backstop-enabled-41fa58ff,191.500000,4.800000,3.600000,CONSTRAIN,1,1,1,1.000000,3.141192
EXP-SCN004-backstop-enabled-41fa58ff,192.000000,4.800000,3.600000,CONSTRAIN,1,1,1,1.000000,3.144180
EXP-SCN004-backstop-enabled-41fa58ff,192.500000,4.800000,3.600000,CONSTRAIN,1,1,1,1.000000,3.146888
EXP-SCN004-backstop-enabled-41fa58ff,193.000000,4.800000,3.600000,CONSTRAIN,1,1,1,1.000000,3.149684
EXP-SCN004-backstop-enabled-41fa58ff,193.500000,4.800000,3.600000,CONSTRAIN,1,1,1,1.000000,3.152415
EXP-SCN004-backstop-enabled-41fa58ff,194.000000,4.800000,3.600000,CONSTRAIN,1,1,1,1.000000,3.155321
EXP-SCN004-backstop-enabled-41fa58ff,194.500000,4.800000,3.600000,CONSTRAIN,1,1,1,1.000000,3.158014
EXP-SCN004-backstop-enabled-41fa58ff,195.000000,4.800000,3.600000,CONSTRAIN,1,1,1,1.000000,3.160935
EXP-SCN004-backstop-enabled-41fa58ff,195.500000,4.800000,3.600000,CONSTRAIN,1,1,1,1.000000,3.163901
EXP-SCN004-backstop-enabled-41fa58ff,196.000000,4.800000,3.600000,CONSTRAIN,1,1,1,1.000000,3.166718
EXP-SCN004-backstop-enabled-41fa58ff,196.500000,4.800000,3.600000,CONSTRAIN,1,1,1,1.000000,3.169513
EXP-SCN004-backstop-enabled-41fa58ff,197.000000,4.800000,3.600000,CONSTRAIN,1,1,1,1.000000,3.172263
EXP-SCN004-backstop-enabled-41fa58ff,197.500000,4.800000,3.600000,CONSTRAIN,1,1,1,1.000000,3.175006
EXP-SCN004-backstop-enabled-41fa58ff,198.000000,4.800000,3.600000,CONSTRAIN,1,1,1,1.000000,3.177871
EXP-SCN004-backstop-enabled-41fa58ff,198.500000,4.800000,3.600000,CONSTRAIN,1,1,1,1.000000,3.180645
EXP-SCN004-backstop-enabled-41fa58ff,199.000000,4.800000,3.600000,CONSTRAIN,1,1,1,1.000000,3.183538
EXP-SCN004-backstop-enabled-41fa58ff,199.500000,4.800000,3.600000,CONSTRAIN,1,1,1,1.000000,3.186433
EXP-SCN004-backstop-enabled-41fa58ff,200.000000,4.800000,3.600000,CONSTRAIN,1,1,1,1.000000,3.189110
EXP-SCN004-backstop-enabled-41fa58ff,200.500000,4.800000,3.600000,CONSTRAIN,1,1,1,1.000000,3.191918
EXP-SCN004-backstop-enabled-41fa58ff,201.000000,4.800000,3.600000,CONSTRAIN,1,1,1,1.000000,3.194577
EXP-SCN004-backstop-enabled-41fa58ff,201.500000,4.800000,3.600000,CONSTRAIN,1,1,1,1.000000,3.197339
EXP-SCN004-backstop-enabled-41fa58ff,202.000000,4.800000,3.600000,CONSTRAIN,1,1,1,1.000000,3.199987
EXP-SCN004-backstop-enabled-41fa58ff,202.500000,4.800000,3.600000,CONSTRAIN,1,1,1,1.000000,3.202826
EXP-SCN004-backstop-enabled-41fa58ff,203.000000,4.800000,3.600000,CONSTRAIN,1,1,1,1.000000,3.205574
EXP-SCN004-backstop-enabled-41fa58ff,203.500000,4.800000,3.600000,CONSTRAIN,1,1,1,1.000000,3.208385
EXP-SCN004-backstop-enabled-41fa58ff,204.000000,4.800000,3.600000,CONSTRAIN,1,1,1,1.000000,3.211246
EXP-SCN004-backstop-enabled-41fa58ff,204.500000,4.800000,3.600000,CONSTRAIN,1,1,1,1.000000,3.213892
EXP-SCN004-backstop-enabled-41fa58ff,205.000000,4.800000,3.600000,CONSTRAIN,1,1,1,1.000000,3.216661
EXP-SCN004-backstop-enabled-41fa58ff,205.500000,4.800000,3.600000,CONSTRAIN,1,1,1,1.000000,3.219485
EXP-SCN004-backstop-enabled-41fa58ff,206.000000,4.800000,3.600000,CONSTRAIN,1,1,1,1.000000,3.222264
EXP-SCN004-backstop-enabled-41fa58ff,206.500000,4.800000,3.600000,CONSTRAIN,1,1,1,1.000000,3.225026
EXP-SCN004-backstop-enabled-41fa58ff,207.000000,4.800000,3.600000,CONSTRAIN,1,1,1,1.000000,3.227755
EXP-SCN004-backstop-enabled-41fa58ff,207.500000,4.800000,3.600000,CONSTRAIN,1,1,1,1.000000,3.230372
EXP-SCN004-backstop-enabled-41fa58ff,208.000000,4.800000,3.600000,CONSTRAIN,1,1,1,1.000000,3.233181
EXP-SCN004-backstop-enabled-41fa58ff,208.500000,4.800000,3.600000,CONSTRAIN,1,1,1,1.000000,3.235808
EXP-SCN004-backstop-enabled-41fa58ff,209.000000,4.800000,3.600000,CONSTRAIN,1,1,1,1.000000,3.238610
EXP-SCN004-backstop-enabled-41fa58ff,209.500000,4.800000,3.600000,CONSTRAIN,1,1,1,1.000000,3.241464
EXP-SCN004-backstop-enabled-41fa58ff,210.000000,4.800000,3.600000,CONSTRAIN,1,1,1,1.000000,3.244094
EXP-SCN004-backstop-enabled-41fa58ff,210.500000,4.800000,3.600000,CONSTRAIN,1,1,1,1.000000,3.246826
EXP-SCN004-backstop-enabled-41fa58ff,211.000000,4.800000,3.600000,CONSTRAIN,1,1,1,1.000000,3.249452
EXP-SCN004-backstop-enabled-41fa58ff,211.500000,4.800000,3.600000,CONSTRAIN,1,1,1,1.000000,3.252278
EXP-SCN004-backstop-enabled-41fa58ff,212.000000,4.800000,3.600000,CONSTRAIN,1,1,1,1.000000,3.255038
EXP-SCN004-backstop-enabled-41fa58ff,212.500000,4.800000,3.600000,CONSTRAIN,1,1,1,1.000000,3.257788
EXP-SCN004-backstop-enabled-41fa58ff,213.000000,4.800000,3.600000,CONSTRAIN,1,1,1,1.000000,3.260528
EXP-SCN004-backstop-enabled-41fa58ff,213.500000,4.800000,3.600000,CONSTRAIN,1,1,1,1.000000,3.263276
EXP-SCN004-backstop-enabled-41fa58ff,214.000000,4.800000,3.600000,CONSTRAIN,1,1,1,1.000000,3.265969
EXP-SCN004-backstop-enabled-41fa58ff,214.500000,4.800000,3.600000,CONSTRAIN,1,1,1,1.000000,3.268793
EXP-SCN004-backstop-enabled-41fa58ff,215.000000,4.800000,3.600000,CONSTRAIN,1,1,1,1.000000,3.271344
EXP-SCN004-backstop-enabled-41fa58ff,215.500000,4.800000,3.600000,CONSTRAIN,1,1,1,1.000000,3.274120
EXP-SCN004-backstop-enabled-41fa58ff,216.000000,4.800000,3.600000,CONSTRAIN,1,1,1,1.000000,3.276939
EXP-SCN004-backstop-enabled-41fa58ff,216.500000,4.800000,3.600000,CONSTRAIN,1,1,1,1.000000,3.279635
EXP-SCN004-backstop-enabled-41fa58ff,217.000000,4.800000,3.600000,CONSTRAIN,1,1,1,1.000000,3.282336
EXP-SCN004-backstop-enabled-41fa58ff,217.500000,4.800000,3.600000,CONSTRAIN,1,1,1,1.000000,3.284857
EXP-SCN004-backstop-enabled-41fa58ff,218.000000,4.800000,3.600000,CONSTRAIN,1,1,1,1.000000,3.287648
EXP-SCN004-backstop-enabled-41fa58ff,218.500000,4.800000,3.600000,CONSTRAIN,1,1,1,1.000000,3.290437
EXP-SCN004-backstop-enabled-41fa58ff,219.000000,4.800000,3.600000,CONSTRAIN,1,1,1,1.000000,3.293167
EXP-SCN004-backstop-enabled-41fa58ff,219.500000,4.800000,3.600000,CONSTRAIN,1,1,1,1.000000,3.295811
EXP-SCN004-backstop-enabled-41fa58ff,220.000000,4.800000,3.600000,CONSTRAIN,1,1,1,1.000000,3.298451
EXP-SCN004-backstop-enabled-41fa58ff,220.500000,4.800000,3.600000,CONSTRAIN,1,1,1,1.000000,3.300975
EXP-SCN004-backstop-enabled-41fa58ff,221.000000,4.800000,3.600000,CONSTRAIN,1,1,1,1.000000,3.303610
EXP-SCN004-backstop-enabled-41fa58ff,221.500000,4.800000,3.600000,CONSTRAIN,1,1,1,1.000000,3.306370
EXP-SCN004-backstop-enabled-41fa58ff,222.000000,4.800000,3.600000,CONSTRAIN,1,1,1,1.000000,3.308973
EXP-SCN004-backstop-enabled-41fa58ff,222.500000,4.800000,3.600000,CONSTRAIN,1,1,1,1.000000,3.311532
EXP-SCN004-backstop-enabled-41fa58ff,223.000000,4.800000,3.600000,CONSTRAIN,1,1,1,1.000000,3.314043
EXP-SCN004-backstop-enabled-41fa58ff,223.500000,4.800000,3.600000,CONSTRAIN,1,1,1,1.000000,3.316705
EXP-SCN004-backstop-enabled-41fa58ff,224.000000,4.800000,3.600000,CONSTRAIN,1,1,1,1.000000,3.319282
EXP-SCN004-backstop-enabled-41fa58ff,224.500000,4.800000,3.600000,CONSTRAIN,1,1,1,1.000000,3.321919
EXP-SCN004-backstop-enabled-41fa58ff,225.000000,4.800000,3.600000,CONSTRAIN,1,1,1,1.000000,3.324656
EXP-SCN004-backstop-enabled-41fa58ff,225.500000,4.800000,3.600000,CONSTRAIN,1,1,1,1.000000,3.327393
EXP-SCN004-backstop-enabled-41fa58ff,226.000000,4.800000,3.600000,CONSTRAIN,1,1,1,1.000000,3.329972
EXP-SCN004-backstop-enabled-41fa58ff,226.500000,4.800000,3.600000,CONSTRAIN,1,1,1,1.000000,3.332554
EXP-SCN004-backstop-enabled-41fa58ff,227.000000,4.800000,3.600000,CONSTRAIN,1,1,1,1.000000,3.335167
EXP-SCN004-backstop-enabled-41fa58ff,227.500000,4.800000,3.600000,CONSTRAIN,1,1,1,1.000000,3.337773
EXP-SCN004-backstop-enabled-41fa58ff,228.000000,4.800000,3.600000,CONSTRAIN,1,1,1,1.000000,3.340247
EXP-SCN004-backstop-enabled-41fa58ff,228.500000,4.800000,3.600000,CONSTRAIN,1,1,1,1.000000,3.342978
EXP-SCN004-backstop-enabled-41fa58ff,229.000000,4.800000,3.600000,CONSTRAIN,1,1,1,1.000000,3.345642
EXP-SCN004-backstop-enabled-41fa58ff,229.500000,4.800000,3.600000,CONSTRAIN,1,1,1,1.000000,3.348324
EXP-SCN004-backstop-enabled-41fa58ff,230.000000,4.800000,3.600000,CONSTRAIN,1,1,1,1.000000,3.350782
EXP-SCN004-backstop-enabled-41fa58ff,230.500000,4.800000,3.600000,CONSTRAIN,1,1,1,1.000000,3.353456
EXP-SCN004-backstop-enabled-41fa58ff,231.000000,4.800000,3.600000,CONSTRAIN,1,1,1,1.000000,3.356160
EXP-SCN004-backstop-enabled-41fa58ff,231.500000,4.800000,3.600000,CONSTRAIN,1,1,1,1.000000,3.358651
EXP-SCN004-backstop-enabled-41fa58ff,232.000000,4.800000,3.600000,CONSTRAIN,1,1,1,1.000000,3.361343
EXP-SCN004-backstop-enabled-41fa58ff,232.500000,4.800000,3.600000,CONSTRAIN,1,1,1,1.000000,3.363867
EXP-SCN004-backstop-enabled-41fa58ff,233.000000,4.800000,3.600000,CONSTRAIN,1,1,1,1.000000,3.366499
EXP-SCN004-backstop-enabled-41fa58ff,233.500000,4.800000,3.600000,CONSTRAIN,1,1,1,1.000000,3.368959
EXP-SCN004-backstop-enabled-41fa58ff,234.000000,4.800000,3.600000,CONSTRAIN,1,1,1,1.000000,3.371594
EXP-SCN004-backstop-enabled-41fa58ff,234.500000,4.800000,3.600000,CONSTRAIN,1,1,1,1.000000,3.374091
EXP-SCN004-backstop-enabled-41fa58ff,235.000000,4.800000,3.600000,CONSTRAIN,1,1,1,1.000000,3.376726
EXP-SCN004-backstop-enabled-41fa58ff,235.500000,4.800000,3.600000,CONSTRAIN,1,1,1,1.000000,3.379142
EXP-SCN004-backstop-enabled-41fa58ff,236.000000,4.800000,3.600000,CONSTRAIN,1,1,1,1.000000,3.381645
EXP-SCN004-backstop-enabled-41fa58ff,236.500000,4.800000,3.600000,CONSTRAIN,1,1,1,1.000000,3.384067
EXP-SCN004-backstop-enabled-41fa58ff,237.000000,4.800000,3.600000,CONSTRAIN,1,1,1,1.000000,3.386706
EXP-SCN004-backstop-enabled-41fa58ff,237.500000,4.800000,3.600000,CONSTRAIN,1,1,1,1.000000,3.389165
EXP-SCN004-backstop-enabled-41fa58ff,238.000000,4.800000,3.600000,CONSTRAIN,1,1,1,1.000000,3.391730
EXP-SCN004-backstop-enabled-41fa58ff,238.500000,4.800000,3.600000,CONSTRAIN,1,1,1,1.000000,3.394369
EXP-SCN004-backstop-enabled-41fa58ff,239.000000,4.800000,3.600000,CONSTRAIN,1,1,1,1.000000,3.396971
EXP-SCN004-backstop-enabled-41fa58ff,239.500000,4.800000,3.600000,CONSTRAIN,1,1,1,1.000000,3.399487
EXP-SCN004-backstop-enabled-41fa58ff,240.000000,4.800000,3.600000,CONSTRAIN,1,1,1,1.000000,3.402029
EXP-SCN004-backstop-enabled-41fa58ff,240.500000,4.800000,3.600000,CONSTRAIN,1,1,1,1.000000,3.404478
EXP-SCN004-backstop-enabled-41fa58ff,241.000000,4.800000,3.600000,CONSTRAIN,1,1,1,1.000000,3.406944
EXP-SCN004-backstop-enabled-41fa58ff,241.500000,4.800000,3.600000,CONSTRAIN,1,1,1,1.000000,3.409333
EXP-SCN004-backstop-enabled-41fa58ff,242.000000,4.800000,3.600000,CONSTRAIN,1,1,1,1.000000,3.411840
EXP-SCN004-backstop-enabled-41fa58ff,242.500000,4.800000,3.600000,CONSTRAIN,1,1,1,1.000000,3.414400
EXP-SCN004-backstop-enabled-41fa58ff,243.000000,4.800000,3.600000,CONSTRAIN,1,1,1,1.000000,3.416815
EXP-SCN004-backstop-enabled-41fa58ff,243.500000,4.800000,3.600000,CONSTRAIN,1,1,1,1.000000,3.419278
EXP-SCN004-backstop-enabled-41fa58ff,244.000000,4.800000,3.600000,CONSTRAIN,1,1,1,1.000000,3.421736
EXP-SCN004-backstop-enabled-41fa58ff,244.500000,4.800000,3.600000,CONSTRAIN,1,1,1,1.000000,3.424316
EXP-SCN004-backstop-enabled-41fa58ff,245.000000,4.800000,3.600000,CONSTRAIN,1,1,1,1.000000,3.426687
EXP-SCN004-backstop-enabled-41fa58ff,245.500000,4.800000,3.600000,CONSTRAIN,1,1,1,1.000000,3.429122
EXP-SCN004-backstop-enabled-41fa58ff,246.000000,4.800000,3.600000,CONSTRAIN,1,1,1,1.000000,3.431683
EXP-SCN004-backstop-enabled-41fa58ff,246.500000,4.800000,3.600000,CONSTRAIN,1,1,1,1.000000,3.434115
EXP-SCN004-backstop-enabled-41fa58ff,247.000000,4.800000,3.600000,CONSTRAIN,1,1,1,1.000000,3.436480
EXP-SCN004-backstop-enabled-41fa58ff,247.500000,4.800000,3.600000,CONSTRAIN,1,1,1,1.000000,3.439028
EXP-SCN004-backstop-enabled-41fa58ff,248.000000,4.800000,3.600000,CONSTRAIN,1,1,1,1.000000,3.441410
EXP-SCN004-backstop-enabled-41fa58ff,248.500000,4.800000,3.600000,CONSTRAIN,1,1,1,1.000000,3.444006
EXP-SCN004-backstop-enabled-41fa58ff,249.000000,4.800000,3.600000,CONSTRAIN,1,1,1,1.000000,3.446451
EXP-SCN004-backstop-enabled-41fa58ff,249.500000,4.800000,3.600000,CONSTRAIN,1,1,1,1.000000,3.448981
EXP-SCN004-backstop-enabled-41fa58ff,250.000000,4.800000,3.600000,CONSTRAIN,1,1,1,1.000000,3.451327
EXP-SCN004-backstop-enabled-41fa58ff,250.500000,4.800000,3.600000,CONSTRAIN,1,1,1,1.000000,3.453902
EXP-SCN004-backstop-enabled-41fa58ff,251.000000,4.800000,3.600000,CONSTRAIN,1,1,1,1.000000,3.456204
EXP-SCN004-backstop-enabled-41fa58ff,251.500000,4.800000,3.600000,CONSTRAIN,1,1,1,1.000000,3.458716
EXP-SCN004-backstop-enabled-41fa58ff,252.000000,4.800000,3.600000,CONSTRAIN,1,1,1,1.000000,3.461295
EXP-SCN004-backstop-enabled-41fa58ff,252.500000,4.800000,3.600000,CONSTRAIN,1,1,1,1.000000,3.463738
EXP-SCN004-backstop-enabled-41fa58ff,253.000000,4.800000,3.600000,CONSTRAIN,1,1,1,1.000000,3.466275
EXP-SCN004-backstop-enabled-41fa58ff,253.500000,4.800000,3.600000,CONSTRAIN,1,1,1,1.000000,3.468792
EXP-SCN004-backstop-enabled-41fa58ff,254.000000,4.800000,3.600000,CONSTRAIN,1,1,1,1.000000,3.471164
EXP-SCN004-backstop-enabled-41fa58ff,254.500000,4.800000,3.600000,CONSTRAIN,1,1,1,1.000000,3.473593
EXP-SCN004-backstop-enabled-41fa58ff,255.000000,4.800000,3.600000,CONSTRAIN,1,1,1,1.000000,3.475953
EXP-SCN004-backstop-enabled-41fa58ff,255.500000,4.800000,3.600000,CONSTRAIN,1,1,1,1.000000,3.478415
EXP-SCN004-backstop-enabled-41fa58ff,256.000000,4.800000,3.600000,CONSTRAIN,1,1,1,1.000000,3.480713
EXP-SCN004-backstop-enabled-41fa58ff,256.500000,4.800000,3.600000,CONSTRAIN,1,1,1,1.000000,3.483227
EXP-SCN004-backstop-enabled-41fa58ff,257.000000,4.800000,3.600000,CONSTRAIN,1,1,1,1.000000,3.485524
EXP-SCN004-backstop-enabled-41fa58ff,257.500000,4.800000,3.600000,CONSTRAIN,1,1,1,1.000000,3.488000
EXP-SCN004-backstop-enabled-41fa58ff,258.000000,4.800000,3.600000,CONSTRAIN,1,1,1,1.000000,3.490396
EXP-SCN004-backstop-enabled-41fa58ff,258.500000,4.800000,3.600000,CONSTRAIN,1,1,1,1.000000,3.492904
EXP-SCN004-backstop-enabled-41fa58ff,259.000000,4.800000,3.600000,CONSTRAIN,1,1,1,1.000000,3.495416
EXP-SCN004-backstop-enabled-41fa58ff,259.500000,4.800000,3.600000,CONSTRAIN,1,1,1,1.000000,3.497682
EXP-SCN004-backstop-enabled-41fa58ff,260.000000,4.800000,3.600000,CONSTRAIN,1,1,1,1.000000,3.500139
EXP-SCN004-backstop-enabled-41fa58ff,260.500000,4.800000,3.600000,CONSTRAIN,1,1,1,1.000000,3.502407
EXP-SCN004-backstop-enabled-41fa58ff,261.000000,4.800000,3.600000,CONSTRAIN,1,1,1,1.000000,3.504932
EXP-SCN004-backstop-enabled-41fa58ff,261.500000,4.800000,3.600000,CONSTRAIN,1,1,1,1.000000,3.507239
EXP-SCN004-backstop-enabled-41fa58ff,262.000000,4.800000,3.600000,CONSTRAIN,1,1,1,1.000000,3.509537
EXP-SCN004-backstop-enabled-41fa58ff,262.500000,4.800000,3.600000,CONSTRAIN,1,1,1,1.000000,3.511880
EXP-SCN004-backstop-enabled-41fa58ff,263.000000,4.800000,3.600000,CONSTRAIN,1,1,1,1.000000,3.514169
EXP-SCN004-backstop-enabled-41fa58ff,263.500000,4.800000,3.600000,CONSTRAIN,1,1,1,1.000000,3.516609
EXP-SCN004-backstop-enabled-41fa58ff,264.000000,4.800000,3.600000,CONSTRAIN,1,1,1,1.000000,3.519101
EXP-SCN004-backstop-enabled-41fa58ff,264.500000,4.800000,3.600000,CONSTRAIN,1,1,1,1.000000,3.521349
EXP-SCN004-backstop-enabled-41fa58ff,265.000000,4.800000,3.600000,CONSTRAIN,1,1,1,1.000000,3.523784
EXP-SCN004-backstop-enabled-41fa58ff,265.500000,4.800000,3.600000,CONSTRAIN,1,1,1,1.000000,3.526121
EXP-SCN004-backstop-enabled-41fa58ff,266.000000,4.800000,3.600000,CONSTRAIN,1,1,1,1.000000,3.528410
EXP-SCN004-backstop-enabled-41fa58ff,266.500000,4.800000,3.600000,CONSTRAIN,1,1,1,1.000000,3.530700
EXP-SCN004-backstop-enabled-41fa58ff,267.000000,4.800000,3.600000,CONSTRAIN,1,1,1,1.000000,3.532988
EXP-SCN004-backstop-enabled-41fa58ff,267.500000,4.800000,3.600000,CONSTRAIN,1,1,1,1.000000,3.535328
EXP-SCN004-backstop-enabled-41fa58ff,268.000000,4.800000,3.600000,CONSTRAIN,1,1,1,1.000000,3.537597
EXP-SCN004-backstop-enabled-41fa58ff,268.500000,4.800000,3.600000,CONSTRAIN,1,1,1,1.000000,3.539858
EXP-SCN004-backstop-enabled-41fa58ff,269.000000,4.800000,3.600000,CONSTRAIN,1,1,1,1.000000,3.542105
EXP-SCN004-backstop-enabled-41fa58ff,269.500000,4.800000,3.600000,CONSTRAIN,1,1,1,1.000000,3.544392
EXP-SCN004-backstop-enabled-41fa58ff,270.000000,4.800000,3.600000,CONSTRAIN,1,1,1,1.000000,3.546725
EXP-SCN004-backstop-enabled-41fa58ff,270.500000,4.800000,3.600000,CONSTRAIN,1,1,1,1.000000,3.549018
EXP-SCN004-backstop-enabled-41fa58ff,271.000000,4.800000,3.600000,CONSTRAIN,1,1,1,1.000000,3.551416
EXP-SCN004-backstop-enabled-41fa58ff,271.500000,4.800000,3.600000,CONSTRAIN,1,1,1,1.000000,3.553741
EXP-SCN004-backstop-enabled-41fa58ff,272.000000,4.800000,3.600000,CONSTRAIN,1,1,1,1.000000,3.556192
EXP-SCN004-backstop-enabled-41fa58ff,272.500000,4.800000,3.600000,CONSTRAIN,1,1,1,1.000000,3.558512
EXP-SCN004-backstop-enabled-41fa58ff,273.000000,4.800000,3.600000,CONSTRAIN,1,1,1,1.000000,3.560695
EXP-SCN004-backstop-enabled-41fa58ff,273.500000,4.800000,3.600000,CONSTRAIN,1,1,1,1.000000,3.563013
EXP-SCN004-backstop-enabled-41fa58ff,274.000000,4.800000,3.600000,CONSTRAIN,1,1,1,1.000000,3.565297
EXP-SCN004-backstop-enabled-41fa58ff,274.500000,4.800000,3.600000,CONSTRAIN,1,1,1,1.000000,3.567578
EXP-SCN004-backstop-enabled-41fa58ff,275.000000,4.800000,3.600000,CONSTRAIN,1,1,1,1.000000,3.569771
EXP-SCN004-backstop-enabled-41fa58ff,275.500000,4.800000,3.600000,CONSTRAIN,1,1,1,1.000000,3.572039
EXP-SCN004-backstop-enabled-41fa58ff,276.000000,4.800000,3.600000,CONSTRAIN,1,1,1,1.000000,3.574201
EXP-SCN004-backstop-enabled-41fa58ff,276.500000,4.800000,3.600000,CONSTRAIN,1,1,1,1.000000,3.576537
EXP-SCN004-backstop-enabled-41fa58ff,277.000000,4.800000,3.600000,CONSTRAIN,1,1,1,1.000000,3.578726
EXP-SCN004-backstop-enabled-41fa58ff,277.500000,4.800000,3.600000,CONSTRAIN,1,1,1,1.000000,3.581089
EXP-SCN004-backstop-enabled-41fa58ff,278.000000,4.800000,3.600000,CONSTRAIN,1,1,1,1.000000,3.583422
EXP-SCN004-backstop-enabled-41fa58ff,278.500000,4.800000,3.600000,CONSTRAIN,1,1,1,1.000000,3.585682
EXP-SCN004-backstop-enabled-41fa58ff,279.000000,4.800000,3.600000,CONSTRAIN,1,1,1,1.000000,3.588018
EXP-SCN004-backstop-enabled-41fa58ff,279.500000,4.800000,3.600000,CONSTRAIN,1,1,1,1.000000,3.590369
EXP-SCN004-backstop-enabled-41fa58ff,280.000000,4.800000,3.600000,CONSTRAIN,1,1,1,1.000000,3.592741
EXP-SCN004-backstop-enabled-41fa58ff,280.500000,4.800000,3.600000,CONSTRAIN,1,1,1,1.000000,3.595025
EXP-SCN004-backstop-enabled-41fa58ff,281.000000,4.800000,3.600000,CONSTRAIN,1,1,1,1.000000,3.597404
EXP-SCN004-backstop-enabled-41fa58ff,281.500000,4.800000,3.600000,CONSTRAIN,1,1,1,1.000000,3.599559
EXP-SCN004-backstop-enabled-41fa58ff,282.000000,4.800000,3.600000,CONSTRAIN,1,1,1,1.000000,3.601791
EXP-SCN004-backstop-enabled-41fa58ff,282.500000,4.800000,3.600000,CONSTRAIN,1,1,1,1.000000,3.604157
EXP-SCN004-backstop-enabled-41fa58ff,283.000000,4.800000,3.600000,CONSTRAIN,1,1,1,1.000000,3.606495
EXP-SCN004-backstop-enabled-41fa58ff,283.500000,4.800000,3.600000,CONSTRAIN,1,1,1,1.000000,3.608729
EXP-SCN004-backstop-enabled-41fa58ff,284.000000,4.800000,3.600000,CONSTRAIN,1,1,1,1.000000,3.611048
EXP-SCN004-backstop-enabled-41fa58ff,284.500000,4.800000,3.600000,CONSTRAIN,1,1,1,1.000000,3.613195
EXP-SCN004-backstop-enabled-41fa58ff,285.000000,4.800000,3.600000,CONSTRAIN,1,1,1,1.000000,3.615334
EXP-SCN004-backstop-enabled-41fa58ff,285.500000,4.800000,3.600000,CONSTRAIN,1,1,1,1.000000,3.617433
EXP-SCN004-backstop-enabled-41fa58ff,286.000000,4.800000,3.600000,CONSTRAIN,1,1,1,1.000000,3.619741
EXP-SCN004-backstop-enabled-41fa58ff,286.500000,4.800000,3.600000,CONSTRAIN,1,1,1,1.000000,3.622097
EXP-SCN004-backstop-enabled-41fa58ff,287.000000,4.800000,3.600000,CONSTRAIN,1,1,1,1.000000,3.624382
EXP-SCN004-backstop-enabled-41fa58ff,287.500000,4.800000,3.600000,CONSTRAIN,1,1,1,1.000000,3.626565
EXP-SCN004-backstop-enabled-41fa58ff,288.000000,4.800000,3.600000,CONSTRAIN,1,1,1,1.000000,3.628686
EXP-SCN004-backstop-enabled-41fa58ff,288.500000,4.800000,3.600000,CONSTRAIN,1,1,1,1.000000,3.630833
EXP-SCN004-backstop-enabled-41fa58ff,289.000000,4.800000,3.600000,CONSTRAIN,1,1,1,1.000000,3.632919
EXP-SCN004-backstop-enabled-41fa58ff,289.500000,4.800000,3.600000,CONSTRAIN,1,1,1,1.000000,3.635228
EXP-SCN004-backstop-enabled-41fa58ff,290.000000,4.800000,3.600000,CONSTRAIN,1,1,1,1.000000,3.637379
EXP-SCN004-backstop-enabled-41fa58ff,290.500000,4.800000,3.600000,CONSTRAIN,1,1,1,1.000000,3.639667
EXP-SCN004-backstop-enabled-41fa58ff,291.000000,4.800000,3.600000,CONSTRAIN,1,1,1,1.000000,3.641844
EXP-SCN004-backstop-enabled-41fa58ff,291.500000,4.800000,3.600000,CONSTRAIN,1,1,1,1.000000,3.643904
EXP-SCN004-backstop-enabled-41fa58ff,292.000000,4.800000,3.600000,CONSTRAIN,1,1,1,1.000000,3.645981
EXP-SCN004-backstop-enabled-41fa58ff,292.500000,4.800000,3.600000,CONSTRAIN,1,1,1,1.000000,3.648134
EXP-SCN004-backstop-enabled-41fa58ff,293.000000,4.800000,3.600000,CONSTRAIN,1,1,1,1.000000,3.650241
EXP-SCN004-backstop-enabled-41fa58ff,293.500000,4.800000,3.600000,CONSTRAIN,1,1,1,1.000000,3.652450
EXP-SCN004-backstop-enabled-41fa58ff,294.000000,4.800000,3.600000,CONSTRAIN,1,1,1,1.000000,3.654596
EXP-SCN004-backstop-enabled-41fa58ff,294.500000,4.800000,3.600000,CONSTRAIN,1,1,1,1.000000,3.656718
EXP-SCN004-backstop-enabled-41fa58ff,295.000000,4.800000,3.600000,CONSTRAIN,1,1,1,1.000000,3.658890
EXP-SCN004-backstop-enabled-41fa58ff,295.500000,4.800000,3.600000,CONSTRAIN,1,1,1,1.000000,3.661217
EXP-SCN004-backstop-enabled-41fa58ff,296.000000,4.800000,3.600000,CONSTRAIN,1,1,1,1.000000,3.663333
EXP-SCN004-backstop-enabled-41fa58ff,296.500000,4.800000,3.600000,CONSTRAIN,1,1,1,1.000000,3.665383
EXP-SCN004-backstop-enabled-41fa58ff,297.000000,4.800000,3.600000,CONSTRAIN,1,1,1,1.000000,3.667620
EXP-SCN004-backstop-enabled-41fa58ff,297.500000,4.800000,3.600000,CONSTRAIN,1,1,1,1.000000,3.669826
EXP-SCN004-backstop-enabled-41fa58ff,298.000000,4.800000,3.600000,CONSTRAIN,1,1,1,1.000000,3.672099
EXP-SCN004-backstop-enabled-41fa58ff,298.500000,4.800000,3.600000,CONSTRAIN,1,1,1,1.000000,3.674154
EXP-SCN004-backstop-enabled-41fa58ff,299.000000,4.800000,3.600000,CONSTRAIN,1,1,1,1.000000,3.676274
EXP-SCN004-backstop-enabled-41fa58ff,299.500000,4.800000,3.600000,CONSTRAIN,1,1,1,1.000000,3.678386
EXP-SCN004-backstop-enabled-41fa58ff,300.000000,4.800000,3.600000,CONSTRAIN,1,1,1,1.000000,3.680454
EXP-SCN004-backstop-enabled-41fa58ff,300.500000,4.800000,3.600000,CONSTRAIN,1,1,1,1.000000,3.682569
EXP-SCN004-backstop-enabled-41fa58ff,301.000000,4.800000,3.600000,CONSTRAIN,1,1,1,1.000000,3.684730
EXP-SCN004-backstop-enabled-41fa58ff,301.500000,4.800000,3.600000,CONSTRAIN,1,1,1,1.000000,3.686865
EXP-SCN004-backstop-enabled-41fa58ff,302.000000,4.800000,3.600000,CONSTRAIN,1,1,1,1.000000,3.689087
EXP-SCN004-backstop-enabled-41fa58ff,302.500000,4.800000,3.600000,CONSTRAIN,1,1,1,1.000000,3.691295
EXP-SCN004-backstop-enabled-41fa58ff,303.000000,4.800000,3.600000,CONSTRAIN,1,1,1,1.000000,3.693292
EXP-SCN004-backstop-enabled-41fa58ff,303.500000,4.800000,3.600000,CONSTRAIN,1,1,1,1.000000,3.695322
EXP-SCN004-backstop-enabled-41fa58ff,304.000000,4.800000,3.600000,CONSTRAIN,1,1,1,1.000000,3.697506
EXP-SCN004-backstop-enabled-41fa58ff,304.500000,4.800000,3.600000,CONSTRAIN,1,1,1,1.000000,3.699544
EXP-SCN004-backstop-enabled-41fa58ff,305.000000,4.800000,3.600000,CONSTRAIN,1,1,1,1.000000,3.701544
EXP-SCN004-backstop-enabled-41fa58ff,305.500000,4.800000,3.600000,CONSTRAIN,1,1,1,1.000000,3.703549
EXP-SCN004-backstop-enabled-41fa58ff,306.000000,4.800000,3.600000,CONSTRAIN,1,1,1,1.000000,3.705821
EXP-SCN004-backstop-enabled-41fa58ff,306.500000,4.800000,3.600000,CONSTRAIN,1,1,1,1.000000,3.707808
EXP-SCN004-backstop-enabled-41fa58ff,307.000000,4.800000,3.600000,CONSTRAIN,1,1,1,1.000000,3.709996
EXP-SCN004-backstop-enabled-41fa58ff,307.500000,4.800000,3.600000,CONSTRAIN,1,1,1,1.000000,3.712202
EXP-SCN004-backstop-enabled-41fa58ff,308.000000,4.800000,3.600000,CONSTRAIN,1,1,1,1.000000,3.714234
EXP-SCN004-backstop-enabled-41fa58ff,308.500000,4.800000,3.600000,CONSTRAIN,1,1,1,1.000000,3.716269
EXP-SCN004-backstop-enabled-41fa58ff,309.000000,4.800000,3.600000,CONSTRAIN,1,1,1,1.000000,3.718462
EXP-SCN004-backstop-enabled-41fa58ff,309.500000,4.800000,3.600000,CONSTRAIN,1,1,1,1.000000,3.720593
EXP-SCN004-backstop-enabled-41fa58ff,310.000000,4.800000,3.600000,CONSTRAIN,1,1,1,1.000000,3.722719
EXP-SCN004-backstop-enabled-41fa58ff,310.500000,4.800000,3.600000,CONSTRAIN,1,1,1,1.000000,3.724710
EXP-SCN004-backstop-enabled-41fa58ff,311.000000,4.800000,3.600000,CONSTRAIN,1,1,1,1.000000,3.726936
EXP-SCN004-backstop-enabled-41fa58ff,311.500000,4.800000,3.600000,CONSTRAIN,1,1,1,1.000000,3.728941
EXP-SCN004-backstop-enabled-41fa58ff,312.000000,4.800000,3.600000,CONSTRAIN,1,1,1,1.000000,3.731139
EXP-SCN004-backstop-enabled-41fa58ff,312.500000,4.800000,3.600000,CONSTRAIN,1,1,1,1.000000,3.733145
EXP-SCN004-backstop-enabled-41fa58ff,313.000000,4.800000,3.600000,CONSTRAIN,1,1,1,1.000000,3.735148
EXP-SCN004-backstop-enabled-41fa58ff,313.500000,4.800000,3.600000,CONSTRAIN,1,1,1,1.000000,3.737220
EXP-SCN004-backstop-enabled-41fa58ff,314.000000,4.800000,3.600000,CONSTRAIN,1,1,1,1.000000,3.739421
EXP-SCN004-backstop-enabled-41fa58ff,314.500000,4.800000,3.600000,CONSTRAIN,1,1,1,1.000000,3.741502
EXP-SCN004-backstop-enabled-41fa58ff,315.000000,4.800000,3.600000,CONSTRAIN,1,1,1,1.000000,3.743685
EXP-SCN004-backstop-enabled-41fa58ff,315.500000,4.800000,3.600000,CONSTRAIN,1,1,1,1.000000,3.745736
EXP-SCN004-backstop-enabled-41fa58ff,316.000000,4.800000,3.600000,CONSTRAIN,1,1,1,1.000000,3.747917
EXP-SCN004-backstop-enabled-41fa58ff,316.500000,4.800000,3.600000,CONSTRAIN,1,1,1,1.000000,3.750008
EXP-SCN004-backstop-enabled-41fa58ff,317.000000,4.800000,3.600000,CONSTRAIN,1,1,1,1.000000,3.752136
EXP-SCN004-backstop-enabled-41fa58ff,317.500000,4.800000,3.600000,CONSTRAIN,1,1,1,1.000000,3.754102
EXP-SCN004-backstop-enabled-41fa58ff,318.000000,4.800000,3.600000,CONSTRAIN,1,1,1,1.000000,3.756137
EXP-SCN004-backstop-enabled-41fa58ff,318.500000,4.800000,3.600000,CONSTRAIN,1,1,1,1.000000,3.758183
EXP-SCN004-backstop-enabled-41fa58ff,319.000000,4.800000,3.600000,CONSTRAIN,1,1,1,1.000000,3.760191
EXP-SCN004-backstop-enabled-41fa58ff,319.500000,4.800000,3.600000,CONSTRAIN,1,1,1,1.000000,3.762118
EXP-SCN004-backstop-enabled-41fa58ff,320.000000,4.800000,3.600000,CONSTRAIN,1,1,1,1.000000,3.764247
EXP-SCN004-backstop-enabled-41fa58ff,320.500000,4.800000,3.600000,CONSTRAIN,1,1,1,1.000000,3.766261
EXP-SCN004-backstop-enabled-41fa58ff,321.000000,4.800000,3.600000,CONSTRAIN,1,1,1,1.000000,3.768288
EXP-SCN004-backstop-enabled-41fa58ff,321.500000,4.800000,3.600000,CONSTRAIN,1,1,1,1.000000,3.770410
EXP-SCN004-backstop-enabled-41fa58ff,322.000000,4.800000,3.600000,CONSTRAIN,1,1,1,1.000000,3.772315
EXP-SCN004-backstop-enabled-41fa58ff,322.500000,4.800000,3.600000,CONSTRAIN,1,1,1,1.000000,3.774462
EXP-SCN004-backstop-enabled-41fa58ff,323.000000,4.800000,3.600000,CONSTRAIN,1,1,1,1.000000,3.776545
EXP-SCN004-backstop-enabled-41fa58ff,323.500000,4.800000,3.600000,CONSTRAIN,1,1,1,1.000000,3.778622
EXP-SCN004-backstop-enabled-41fa58ff,324.000000,4.800000,3.600000,CONSTRAIN,1,1,1,1.000000,3.780788
EXP-SCN004-backstop-enabled-41fa58ff,324.500000,4.800000,3.600000,CONSTRAIN,1,1,1,1.000000,3.782881
EXP-SCN004-backstop-enabled-41fa58ff,325.000000,4.800000,3.600000,CONSTRAIN,1,1,1,1.000000,3.784797
EXP-SCN004-backstop-enabled-41fa58ff,325.500000,4.800000,3.600000,CONSTRAIN,1,1,1,1.000000,3.786755
EXP-SCN004-backstop-enabled-41fa58ff,326.000000,4.800000,3.600000,CONSTRAIN,1,1,1,1.000000,3.788692
EXP-SCN004-backstop-enabled-41fa58ff,326.500000,4.800000,3.600000,CONSTRAIN,1,1,1,1.000000,3.790638
EXP-SCN004-backstop-enabled-41fa58ff,327.000000,4.800000,3.600000,CONSTRAIN,1,1,1,1.000000,3.792571
EXP-SCN004-backstop-enabled-41fa58ff,327.500000,4.800000,3.600000,CONSTRAIN,1,1,1,1.000000,3.794683
EXP-SCN004-backstop-enabled-41fa58ff,328.000000,4.800000,3.600000,CONSTRAIN,1,1,1,1.000000,3.796739
EXP-SCN004-backstop-enabled-41fa58ff,328.500000,4.800000,3.600000,CONSTRAIN,1,1,1,1.000000,3.798620
EXP-SCN004-backstop-enabled-41fa58ff,329.000000,4.800000,3.600000,CONSTRAIN,1,1,1,1.000000,3.800510
EXP-SCN004-backstop-enabled-41fa58ff,329.500000,4.800000,3.600000,CONSTRAIN,1,1,1,1.000000,3.802502
EXP-SCN004-backstop-enabled-41fa58ff,330.000000,4.800000,3.600000,CONSTRAIN,1,1,1,1.000000,3.804481
EXP-SCN004-backstop-enabled-41fa58ff,330.500000,4.800000,3.600000,CONSTRAIN,1,1,1,1.000000,3.806518
EXP-SCN004-backstop-enabled-41fa58ff,331.000000,4.800000,3.600000,CONSTRAIN,1,1,1,1.000000,3.808644
EXP-SCN004-backstop-enabled-41fa58ff,331.500000,4.800000,3.600000,CONSTRAIN,1,1,1,1.000000,3.810542
EXP-SCN004-backstop-enabled-41fa58ff,332.000000,4.800000,3.600000,CONSTRAIN,1,1,1,1.000000,3.812401
EXP-SCN004-backstop-enabled-41fa58ff,332.500000,4.800000,3.600000,CONSTRAIN,1,1,1,1.000000,3.814390
EXP-SCN004-backstop-enabled-41fa58ff,333.000000,4.800000,3.600000,CONSTRAIN,1,1,1,1.000000,3.816331
EXP-SCN004-backstop-enabled-41fa58ff,333.500000,4.800000,3.600000,CONSTRAIN,1,1,1,1.000000,3.818192
EXP-SCN004-backstop-enabled-41fa58ff,334.000000,4.800000,3.600000,CONSTRAIN,1,1,1,1.000000,3.820300
EXP-SCN004-backstop-enabled-41fa58ff,334.500000,4.800000,3.600000,CONSTRAIN,1,1,1,1.000000,3.822409
EXP-SCN004-backstop-enabled-41fa58ff,335.000000,4.800000,3.600000,CONSTRAIN,1,1,1,1.000000,3.824339
EXP-SCN004-backstop-enabled-41fa58ff,335.500000,4.800000,3.600000,CONSTRAIN,1,1,1,1.000000,3.826360
EXP-SCN004-backstop-enabled-41fa58ff,336.000000,4.800000,3.600000,CONSTRAIN,1,1,1,1.000000,3.828465
EXP-SCN004-backstop-enabled-41fa58ff,336.500000,4.800000,3.600000,CONSTRAIN,1,1,1,1.000000,3.830533
EXP-SCN004-backstop-enabled-41fa58ff,337.000000,4.800000,3.600000,CONSTRAIN,1,1,1,1.000000,3.832506
EXP-SCN004-backstop-enabled-41fa58ff,337.500000,4.800000,3.600000,CONSTRAIN,1,1,1,1.000000,3.834482
EXP-SCN004-backstop-enabled-41fa58ff,338.000000,4.800000,3.600000,CONSTRAIN,1,1,1,1.000000,3.836476
EXP-SCN004-backstop-enabled-41fa58ff,338.500000,4.800000,3.600000,CONSTRAIN,1,1,1,1.000000,3.838294
EXP-SCN004-backstop-enabled-41fa58ff,339.000000,4.800000,3.600000,CONSTRAIN,1,1,1,1.000000,3.840284
EXP-SCN004-backstop-enabled-41fa58ff,339.500000,4.800000,3.600000,CONSTRAIN,1,1,1,1.000000,3.842257
EXP-SCN004-backstop-enabled-41fa58ff,340.000000,4.800000,3.600000,CONSTRAIN,1,1,1,1.000000,3.844186
EXP-SCN004-backstop-enabled-41fa58ff,340.500000,4.800000,3.600000,CONSTRAIN,1,1,1,1.000000,3.846006
EXP-SCN004-backstop-enabled-41fa58ff,341.000000,4.800000,3.600000,CONSTRAIN,1,1,1,1.000000,3.847873
EXP-SCN004-backstop-enabled-41fa58ff,341.500000,4.800000,3.600000,CONSTRAIN,1,1,1,1.000000,3.849944
EXP-SCN004-backstop-enabled-41fa58ff,342.000000,4.800000,3.600000,CONSTRAIN,1,1,1,1.000000,3.851874
EXP-SCN004-backstop-enabled-41fa58ff,342.500000,4.800000,3.600000,CONSTRAIN,1,1,1,1.000000,3.853669
EXP-SCN004-backstop-enabled-41fa58ff,343.000000,4.800000,3.600000,CONSTRAIN,1,1,1,1.000000,3.855632
EXP-SCN004-backstop-enabled-41fa58ff,343.500000,4.800000,3.600000,CONSTRAIN,1,1,1,1.000000,3.857489
EXP-SCN004-backstop-enabled-41fa58ff,344.000000,4.800000,3.600000,CONSTRAIN,1,1,1,1.000000,3.859433
EXP-SCN004-backstop-enabled-41fa58ff,344.500000,4.800000,3.600000,CONSTRAIN,1,1,1,1.000000,3.861434
EXP-SCN004-backstop-enabled-41fa58ff,345.000000,4.800000,3.600000,CONSTRAIN,1,1,1,1.000000,3.863328
EXP-SCN004-backstop-enabled-41fa58ff,345.500000,4.800000,3.600000,CONSTRAIN,1,1,1,1.000000,3.865183
EXP-SCN004-backstop-enabled-41fa58ff,346.000000,4.800000,3.600000,CONSTRAIN,1,1,1,1.000000,3.867029
EXP-SCN004-backstop-enabled-41fa58ff,346.500000,4.800000,3.600000,CONSTRAIN,1,1,1,1.000000,3.869061
EXP-SCN004-backstop-enabled-41fa58ff,347.000000,4.800000,3.600000,CONSTRAIN,1,1,1,1.000000,3.870965
EXP-SCN004-backstop-enabled-41fa58ff,347.500000,4.800000,3.600000,CONSTRAIN,1,1,1,1.000000,3.873003
EXP-SCN004-backstop-enabled-41fa58ff,348.000000,4.800000,3.600000,CONSTRAIN,1,1,1,1.000000,3.875033
EXP-SCN004-backstop-enabled-41fa58ff,348.500000,4.800000,3.600000,CONSTRAIN,1,1,1,1.000000,3.876967
EXP-SCN004-backstop-enabled-41fa58ff,349.000000,4.800000,3.600000,CONSTRAIN,1,1,1,1.000000,3.879014
EXP-SCN004-backstop-enabled-41fa58ff,349.500000,4.800000,3.600000,CONSTRAIN,1,1,1,1.000000,3.881023
EXP-SCN004-backstop-enabled-41fa58ff,350.000000,4.800000,3.600000,CONSTRAIN,1,1,1,1.000000,3.882861
EXP-SCN004-backstop-enabled-41fa58ff,350.500000,4.800000,3.600000,CONSTRAIN,1,1,1,1.000000,3.884821
EXP-SCN004-backstop-enabled-41fa58ff,351.000000,4.800000,3.600000,CONSTRAIN,1,1,1,1.000000,3.886764
EXP-SCN004-backstop-enabled-41fa58ff,351.500000,4.800000,3.600000,CONSTRAIN,1,1,1,1.000000,3.888678
EXP-SCN004-backstop-enabled-41fa58ff,352.000000,4.800000,3.600000,CONSTRAIN,1,1,1,1.000000,3.890647
EXP-SCN004-backstop-enabled-41fa58ff,352.500000,4.800000,3.600000,CONSTRAIN,1,1,1,1.000000,3.892423
EXP-SCN004-backstop-enabled-41fa58ff,353.000000,4.800000,3.600000,CONSTRAIN,1,1,1,1.000000,3.894424
EXP-SCN004-backstop-enabled-41fa58ff,353.500000,4.800000,3.600000,CONSTRAIN,1,1,1,1.000000,3.896265
EXP-SCN004-backstop-enabled-41fa58ff,354.000000,4.800000,3.600000,CONSTRAIN,1,1,1,1.000000,3.898275
EXP-SCN004-backstop-enabled-41fa58ff,354.500000,4.800000,3.600000,CONSTRAIN,1,1,1,1.000000,3.900171
EXP-SCN004-backstop-enabled-41fa58ff,355.000000,4.800000,3.600000,CONSTRAIN,1,1,1,1.000000,3.901917
EXP-SCN004-backstop-enabled-41fa58ff,355.500000,4.800000,3.600000,CONSTRAIN,1,1,1,1.000000,3.903728
EXP-SCN004-backstop-enabled-41fa58ff,356.000000,4.800000,3.600000,CONSTRAIN,1,1,1,1.000000,3.905593
EXP-SCN004-backstop-enabled-41fa58ff,356.500000,4.800000,3.600000,CONSTRAIN,1,1,1,1.000000,3.907329
EXP-SCN004-backstop-enabled-41fa58ff,357.000000,4.800000,3.600000,CONSTRAIN,1,1,1,1.000000,3.909076
EXP-SCN004-backstop-enabled-41fa58ff,357.500000,4.800000,3.600000,CONSTRAIN,1,1,1,1.000000,3.910813
EXP-SCN004-backstop-enabled-41fa58ff,358.000000,4.800000,3.600000,CONSTRAIN,1,1,1,1.000000,3.912728
EXP-SCN004-backstop-enabled-41fa58ff,358.500000,4.800000,3.600000,CONSTRAIN,1,1,1,1.000000,3.914516
EXP-SCN004-backstop-enabled-41fa58ff,359.000000,4.800000,3.600000,CONSTRAIN,1,1,1,1.000000,3.916471
EXP-SCN004-backstop-enabled-41fa58ff,359.500000,4.800000,3.600000,CONSTRAIN,1,1,1,1.000000,3.918258
EXP-SCN004-backstop-enabled-41fa58ff,360.000000,4.800000,3.600000,CONSTRAIN,1,1,1,1.000000,3.920190
EXP-SCN004-backstop-enabled-41fa58ff,360.500000,4.800000,3.600000,CONSTRAIN,1,1,1,1.000000,3.921912
EXP-SCN004-backstop-enabled-41fa58ff,361.000000,4.800000,3.600000,CONSTRAIN,1,1,1,1.000000,3.923673
EXP-SCN004-backstop-enabled-41fa58ff,361.500000,4.800000,3.600000,CONSTRAIN,1,1,1,1.000000,3.925485
EXP-SCN004-backstop-enabled-41fa58ff,362.000000,4.800000,3.600000,CONSTRAIN,1,1,1,1.000000,3.927431
EXP-SCN004-backstop-enabled-41fa58ff,362.500000,4.800000,3.600000,CONSTRAIN,1,1,1,1.000000,3.929185
EXP-SCN004-backstop-enabled-41fa58ff,363.000000,4.800000,3.600000,CONSTRAIN,1,1,1,1.000000,3.931092
EXP-SCN004-backstop-enabled-41fa58ff,363.500000,4.800000,3.600000,CONSTRAIN,1,1,1,1.000000,3.932958
EXP-SCN004-backstop-enabled-41fa58ff,364.000000,4.800000,3.600000,CONSTRAIN,1,1,1,1.000000,3.934820
EXP-SCN004-backstop-enabled-41fa58ff,364.500000,4.800000,3.600000,CONSTRAIN,1,1,1,1.000000,3.936739
EXP-SCN004-backstop-enabled-41fa58ff,365.000000,4.800000,3.600000,CONSTRAIN,1,1,1,1.000000,3.938559
EXP-SCN004-backstop-enabled-41fa58ff,365.500000,4.800000,3.600000,CONSTRAIN,1,1,1,1.000000,3.940302
EXP-SCN004-backstop-enabled-41fa58ff,366.000000,4.800000,3.600000,CONSTRAIN,1,1,1,1.000000,3.942121
EXP-SCN004-backstop-enabled-41fa58ff,366.500000,4.800000,3.600000,CONSTRAIN,1,1,1,1.000000,3.943974
EXP-SCN004-backstop-enabled-41fa58ff,367.000000,4.800000,3.600000,CONSTRAIN,1,1,1,1.000000,3.945698
EXP-SCN004-backstop-enabled-41fa58ff,367.500000,4.800000,3.600000,CONSTRAIN,1,1,1,1.000000,3.947460
EXP-SCN004-backstop-enabled-41fa58ff,368.000000,4.800000,3.600000,CONSTRAIN,1,1,1,1.000000,3.949276
EXP-SCN004-backstop-enabled-41fa58ff,368.500000,4.800000,3.600000,CONSTRAIN,1,1,1,1.000000,3.950991
EXP-SCN004-backstop-enabled-41fa58ff,369.000000,4.800000,3.600000,CONSTRAIN,1,1,1,1.000000,3.952864
EXP-SCN004-backstop-enabled-41fa58ff,369.500000,4.800000,3.600000,CONSTRAIN,1,1,1,1.000000,3.954627
EXP-SCN004-backstop-enabled-41fa58ff,370.000000,4.800000,3.600000,CONSTRAIN,1,1,1,1.000000,3.956530
EXP-SCN004-backstop-enabled-41fa58ff,370.500000,4.800000,3.600000,CONSTRAIN,1,1,1,1.000000,3.958443
EXP-SCN004-backstop-enabled-41fa58ff,371.000000,4.800000,3.600000,CONSTRAIN,1,1,1,1.000000,3.960249
EXP-SCN004-backstop-enabled-41fa58ff,371.500000,4.800000,3.600000,CONSTRAIN,1,1,1,1.000000,3.962059
EXP-SCN004-backstop-enabled-41fa58ff,372.000000,4.800000,3.600000,CONSTRAIN,1,1,1,1.000000,3.963727
EXP-SCN004-backstop-enabled-41fa58ff,372.500000,4.800000,3.600000,CONSTRAIN,1,1,1,1.000000,3.965630
EXP-SCN004-backstop-enabled-41fa58ff,373.000000,4.800000,3.600000,CONSTRAIN,1,1,1,1.000000,3.967488
EXP-SCN004-backstop-enabled-41fa58ff,373.500000,4.800000,3.600000,CONSTRAIN,1,1,1,1.000000,3.969150
EXP-SCN004-backstop-enabled-41fa58ff,374.000000,4.800000,3.600000,CONSTRAIN,1,1,1,1.000000,3.970955
EXP-SCN004-backstop-enabled-41fa58ff,374.500000,4.800000,3.600000,CONSTRAIN,1,1,1,1.000000,3.972752
EXP-SCN004-backstop-enabled-41fa58ff,375.000000,4.800000,3.600000,CONSTRAIN,1,1,1,1.000000,3.974644
EXP-SCN004-backstop-enabled-41fa58ff,375.500000,4.800000,3.600000,CONSTRAIN,1,1,1,1.000000,3.976358
EXP-SCN004-backstop-enabled-41fa58ff,376.000000,4.800000,3.600000,CONSTRAIN,1,1,1,1.000000,3.978120
EXP-SCN004-backstop-enabled-41fa58ff,376.500000,4.800000,3.600000,CONSTRAIN,1,1,1,1.000000,3.979814
EXP-SCN004-backstop-enabled-41fa58ff,377.000000,4.800000,3.600000,CONSTRAIN,1,1,1,1.000000,3.981568
EXP-SCN004-backstop-enabled-41fa58ff,377.500000,4.800000,3.600000,CONSTRAIN,1,1,1,1.000000,3.983409
EXP-SCN004-backstop-enabled-41fa58ff,378.000000,4.800000,3.600000,CONSTRAIN,1,1,1,1.000000,3.985034
EXP-SCN004-backstop-enabled-41fa58ff,378.500000,4.800000,3.600000,CONSTRAIN,1,1,1,1.000000,3.986794
EXP-SCN004-backstop-enabled-41fa58ff,379.000000,4.800000,3.600000,CONSTRAIN,1,1,1,1.000000,3.988665
EXP-SCN004-backstop-enabled-41fa58ff,379.500000,4.800000,3.600000,CONSTRAIN,1,1,1,1.000000,3.990544
EXP-SCN004-backstop-enabled-41fa58ff,380.000000,4.800000,3.600000,CONSTRAIN,1,1,1,1.000000,3.992251
EXP-SCN004-backstop-enabled-41fa58ff,380.500000,4.800000,3.600000,CONSTRAIN,1,1,1,1.000000,3.994008
EXP-SCN004-backstop-enabled-41fa58ff,381.000000,4.800000,3.600000,CONSTRAIN,1,1,1,1.000000,3.995715
EXP-SCN004-backstop-enabled-41fa58ff,381.500000,4.800000,3.600000,CONSTRAIN,1,1,1,1.000000,3.997563
EXP-SCN004-backstop-enabled-41fa58ff,382.000000,4.800000,3.600000,CONSTRAIN,0,0,0,1.000000,3.999277
EXP-SCN004-backstop-enabled-41fa58ff,382.500000,4.800000,3.600000,CONSTRAIN,0,0,0,1.000000,3.997745
EXP-SCN004-backstop-enabled-41fa58ff,383.000000,4.800000,3.600000,CONSTRAIN,0,0,0,1.000000,3.996385
EXP-SCN004-backstop-enabled-41fa58ff,383.500000,4.800000,3.600000,CONSTRAIN,0,0,0,1.000000,3.994876
EXP-SCN004-backstop-enabled-41fa58ff,384.000000,4.800000,3.600000,CONSTRAIN,0,0,0,1.000000,3.993319
EXP-SCN004-backstop-enabled-41fa58ff,384.500000,4.800000,3.600000,CONSTRAIN,0,0,0,1.000000,3.991835
EXP-SCN004-backstop-enabled-41fa58ff,385.000000,4.800000,3.600000,CONSTRAIN,0,0,0,1.000000,3.990287
EXP-SCN004-backstop-enabled-41fa58ff,385.500000,4.800000,3.600000,CONSTRAIN,0,0,0,1.000000,3.988757
EXP-SCN004-backstop-enabled-41fa58ff,386.000000,4.800000,3.600000,CONSTRAIN,0,0,0,1.000000,3.987423
EXP-SCN004-backstop-enabled-41fa58ff,386.500000,4.800000,3.600000,CONSTRAIN,0,0,0,1.000000,3.985973
EXP-SCN004-backstop-enabled-41fa58ff,387.000000,4.800000,3.600000,CONSTRAIN,0,0,0,1.000000,3.984526
EXP-SCN004-backstop-enabled-41fa58ff,387.500000,4.800000,3.600000,CONSTRAIN,0,0,0,1.000000,3.983090
EXP-SCN004-backstop-enabled-41fa58ff,388.000000,4.800000,3.600000,CONSTRAIN,0,0,0,1.000000,3.981776
EXP-SCN004-backstop-enabled-41fa58ff,388.500000,4.800000,3.600000,CONSTRAIN,0,0,0,1.000000,3.980182
EXP-SCN004-backstop-enabled-41fa58ff,389.000000,4.800000,3.600000,CONSTRAIN,0,0,0,1.000000,3.978642
EXP-SCN004-backstop-enabled-41fa58ff,389.500000,4.800000,3.600000,CONSTRAIN,0,0,0,1.000000,3.977293
EXP-SCN004-backstop-enabled-41fa58ff,390.000000,4.800000,3.600000,CONSTRAIN,0,0,0,1.000000,3.975862
EXP-SCN004-backstop-enabled-41fa58ff,390.500000,4.800000,3.600000,CONSTRAIN,0,0,0,1.000000,3.974526
EXP-SCN004-backstop-enabled-41fa58ff,391.000000,4.800000,3.600000,CONSTRAIN,0,0,0,1.000000,3.973012
EXP-SCN004-backstop-enabled-41fa58ff,391.500000,4.800000,3.600000,CONSTRAIN,0,0,0,1.000000,3.971697
EXP-SCN004-backstop-enabled-41fa58ff,392.000000,4.800000,3.600000,CONSTRAIN,0,0,0,1.000000,3.970214
EXP-SCN004-backstop-enabled-41fa58ff,392.500000,4.800000,3.600000,CONSTRAIN,0,0,0,1.000000,3.968761
EXP-SCN004-backstop-enabled-41fa58ff,393.000000,4.800000,3.600000,CONSTRAIN,0,0,0,1.000000,3.967233
EXP-SCN004-backstop-enabled-41fa58ff,393.500000,4.800000,3.600000,CONSTRAIN,0,0,0,1.000000,3.965741
EXP-SCN004-backstop-enabled-41fa58ff,394.000000,4.800000,3.600000,CONSTRAIN,0,0,0,1.000000,3.964423
EXP-SCN004-backstop-enabled-41fa58ff,394.500000,4.800000,3.600000,CONSTRAIN,0,0,0,1.000000,3.962884
EXP-SCN004-backstop-enabled-41fa58ff,395.000000,4.800000,3.600000,CONSTRAIN,0,0,0,1.000000,3.961452
EXP-SCN004-backstop-enabled-41fa58ff,395.500000,4.800000,3.600000,CONSTRAIN,0,0,0,1.000000,3.959909
EXP-SCN004-backstop-enabled-41fa58ff,396.000000,4.800000,3.600000,CONSTRAIN,0,0,0,1.000000,3.958350
EXP-SCN004-backstop-enabled-41fa58ff,396.500000,4.800000,3.600000,CONSTRAIN,0,0,0,1.000000,3.956886
EXP-SCN004-backstop-enabled-41fa58ff,397.000000,4.800000,3.600000,CONSTRAIN,0,0,0,1.000000,3.955533
EXP-SCN004-backstop-enabled-41fa58ff,397.500000,4.800000,3.600000,CONSTRAIN,0,0,0,1.000000,3.954032
EXP-SCN004-backstop-enabled-41fa58ff,398.000000,4.800000,3.600000,CONSTRAIN,0,0,0,1.000000,3.952562
EXP-SCN004-backstop-enabled-41fa58ff,398.500000,4.800000,3.600000,CONSTRAIN,0,0,0,1.000000,3.950978
EXP-SCN004-backstop-enabled-41fa58ff,399.000000,4.800000,3.600000,CONSTRAIN,0,0,0,1.000000,3.949438
EXP-SCN004-backstop-enabled-41fa58ff,399.500000,4.800000,3.600000,CONSTRAIN,0,0,0,1.000000,3.947924
EXP-SCN004-backstop-enabled-41fa58ff,400.000000,4.800000,3.600000,CONSTRAIN,0,0,0,1.000000,3.946548
EXP-SCN004-backstop-enabled-41fa58ff,400.500000,4.800000,3.600000,CONSTRAIN,0,0,0,1.000000,3.944964
EXP-SCN004-backstop-enabled-41fa58ff,401.000000,4.800000,3.600000,CONSTRAIN,0,0,0,1.000000,3.943615
EXP-SCN004-backstop-enabled-41fa58ff,401.500000,4.800000,3.600000,CONSTRAIN,0,0,0,1.000000,3.942119
EXP-SCN004-backstop-enabled-41fa58ff,402.000000,4.800000,3.600000,CONSTRAIN,0,0,0,1.000000,3.940762
EXP-SCN004-backstop-enabled-41fa58ff,402.500000,4.800000,3.600000,CONSTRAIN,0,0,0,1.000000,3.939415
EXP-SCN004-backstop-enabled-41fa58ff,403.000000,4.800000,3.600000,CONSTRAIN,0,0,0,1.000000,3.937881
EXP-SCN004-backstop-enabled-41fa58ff,403.500000,4.800000,3.600000,CONSTRAIN,0,0,0,1.000000,3.936498
EXP-SCN004-backstop-enabled-41fa58ff,404.000000,4.800000,3.600000,CONSTRAIN,0,0,0,1.000000,3.934896
EXP-SCN004-backstop-enabled-41fa58ff,404.500000,4.800000,3.600000,CONSTRAIN,0,0,0,1.000000,3.933373
EXP-SCN004-backstop-enabled-41fa58ff,405.000000,4.800000,3.600000,CONSTRAIN,0,0,0,1.000000,3.931884
EXP-SCN004-backstop-enabled-41fa58ff,405.500000,4.800000,3.600000,CONSTRAIN,0,0,0,1.000000,3.930519
EXP-SCN004-backstop-enabled-41fa58ff,406.000000,4.800000,3.600000,CONSTRAIN,0,0,0,1.000000,3.929180
EXP-SCN004-backstop-enabled-41fa58ff,406.500000,4.800000,3.600000,CONSTRAIN,0,0,0,1.000000,3.927598
EXP-SCN004-backstop-enabled-41fa58ff,407.000000,4.800000,3.600000,CONSTRAIN,0,0,0,1.000000,3.926281
EXP-SCN004-backstop-enabled-41fa58ff,407.500000,4.800000,3.600000,CONSTRAIN,0,0,0,1.000000,3.924811
EXP-SCN004-backstop-enabled-41fa58ff,408.000000,4.800000,3.600000,CONSTRAIN,0,0,0,1.000000,3.923252
EXP-SCN004-backstop-enabled-41fa58ff,408.500000,4.800000,3.600000,CONSTRAIN,0,0,0,1.000000,3.921660
EXP-SCN004-backstop-enabled-41fa58ff,409.000000,4.800000,3.600000,CONSTRAIN,0,0,0,1.000000,3.920104
EXP-SCN004-backstop-enabled-41fa58ff,409.500000,4.800000,3.600000,CONSTRAIN,0,0,0,1.000000,3.918767
EXP-SCN004-backstop-enabled-41fa58ff,410.000000,4.800000,3.600000,CONSTRAIN,0,0,0,1.000000,3.917430
EXP-SCN004-backstop-enabled-41fa58ff,410.500000,4.800000,3.600000,CONSTRAIN,0,0,0,1.000000,3.915845
EXP-SCN004-backstop-enabled-41fa58ff,411.000000,4.800000,3.600000,CONSTRAIN,0,0,0,1.000000,3.914503
EXP-SCN004-backstop-enabled-41fa58ff,411.500000,4.800000,3.600000,CONSTRAIN,0,0,0,1.000000,3.913067
EXP-SCN004-backstop-enabled-41fa58ff,412.000000,4.800000,3.600000,CONSTRAIN,0,0,0,1.000000,3.911509
EXP-SCN004-backstop-enabled-41fa58ff,412.500000,4.800000,3.600000,CONSTRAIN,0,0,0,1.000000,3.909955
EXP-SCN004-backstop-enabled-41fa58ff,413.000000,4.800000,3.600000,CONSTRAIN,0,0,0,1.000000,3.908562
EXP-SCN004-backstop-enabled-41fa58ff,413.500000,4.800000,3.600000,CONSTRAIN,0,0,0,1.000000,3.907227
EXP-SCN004-backstop-enabled-41fa58ff,414.000000,4.800000,3.600000,CONSTRAIN,0,0,0,1.000000,3.905865
EXP-SCN004-backstop-enabled-41fa58ff,414.500000,4.800000,3.600000,CONSTRAIN,0,0,0,1.000000,3.904443
EXP-SCN004-backstop-enabled-41fa58ff,415.000000,4.800000,3.600000,CONSTRAIN,0,0,0,1.000000,3.903069
EXP-SCN004-backstop-enabled-41fa58ff,415.500000,4.800000,3.600000,CONSTRAIN,0,0,0,1.000000,3.901706
EXP-SCN004-backstop-enabled-41fa58ff,416.000000,4.800000,3.600000,CONSTRAIN,0,0,0,1.000000,3.900126
EXP-SCN004-backstop-enabled-41fa58ff,416.500000,4.800000,3.600000,CONSTRAIN,0,0,0,1.000000,3.898796
EXP-SCN004-backstop-enabled-41fa58ff,417.000000,4.800000,3.600000,CONSTRAIN,0,0,0,1.000000,3.897402
EXP-SCN004-backstop-enabled-41fa58ff,417.500000,4.800000,3.600000,CONSTRAIN,0,0,0,1.000000,3.895925
EXP-SCN004-backstop-enabled-41fa58ff,418.000000,4.800000,3.600000,CONSTRAIN,0,0,0,1.000000,3.894610
EXP-SCN004-backstop-enabled-41fa58ff,418.500000,4.800000,3.600000,CONSTRAIN,0,0,0,1.000000,3.893123
EXP-SCN004-backstop-enabled-41fa58ff,419.000000,4.800000,3.600000,CONSTRAIN,0,0,0,1.000000,3.891809
EXP-SCN004-backstop-enabled-41fa58ff,419.500000,4.800000,3.600000,CONSTRAIN,0,0,0,1.000000,3.890412
EXP-SCN004-backstop-enabled-41fa58ff,420.000000,4.800000,3.600000,CONSTRAIN,0,0,0,1.000000,3.889031
EXP-SCN004-backstop-enabled-41fa58ff,420.500000,4.800000,3.600000,CONSTRAIN,0,0,0,1.000000,3.887716
EXP-SCN004-backstop-enabled-41fa58ff,421.000000,4.800000,3.600000,CONSTRAIN,0,0,0,1.000000,3.886164
EXP-SCN004-backstop-enabled-41fa58ff,421.500000,4.800000,3.600000,CONSTRAIN,0,0,0,1.000000,3.884797
EXP-SCN004-backstop-enabled-41fa58ff,422.000000,4.800000,3.600000,CONSTRAIN,0,0,0,1.000000,3.883439
EXP-SCN004-backstop-enabled-41fa58ff,422.500000,4.800000,3.600000,CONSTRAIN,0,0,0,1.000000,3.881931
EXP-SCN004-backstop-enabled-41fa58ff,423.000000,4.800000,3.600000,CONSTRAIN,0,0,0,1.000000,3.880593
EXP-SCN004-backstop-enabled-41fa58ff,423.500000,4.800000,3.600000,CONSTRAIN,0,0,0,1.000000,3.879233
EXP-SCN004-backstop-enabled-41fa58ff,424.000000,4.800000,3.600000,CONSTRAIN,0,0,0,1.000000,3.877790
EXP-SCN004-backstop-enabled-41fa58ff,424.500000,4.800000,3.600000,CONSTRAIN,0,0,0,1.000000,3.876257
EXP-SCN004-backstop-enabled-41fa58ff,425.000000,4.800000,3.600000,CONSTRAIN,0,0,0,1.000000,3.874863
EXP-SCN004-backstop-enabled-41fa58ff,425.500000,4.800000,3.600000,CONSTRAIN,0,0,0,1.000000,3.873421
EXP-SCN004-backstop-enabled-41fa58ff,426.000000,4.800000,3.600000,CONSTRAIN,0,0,0,1.000000,3.872064
EXP-SCN004-backstop-enabled-41fa58ff,426.500000,4.800000,3.600000,CONSTRAIN,0,0,0,1.000000,3.870491
EXP-SCN004-backstop-enabled-41fa58ff,427.000000,4.800000,3.600000,CONSTRAIN,0,0,0,1.000000,3.869067
EXP-SCN004-backstop-enabled-41fa58ff,427.500000,4.800000,3.600000,CONSTRAIN,0,0,0,1.000000,3.867500
EXP-SCN004-backstop-enabled-41fa58ff,428.000000,4.800000,3.600000,CONSTRAIN,0,0,0,1.000000,3.865976
EXP-SCN004-backstop-enabled-41fa58ff,428.500000,4.800000,3.600000,CONSTRAIN,0,0,0,1.000000,3.864407
EXP-SCN004-backstop-enabled-41fa58ff,429.000000,4.800000,3.600000,CONSTRAIN,0,0,0,1.000000,3.863085
EXP-SCN004-backstop-enabled-41fa58ff,429.500000,4.800000,3.600000,CONSTRAIN,0,0,0,1.000000,3.861745
EXP-SCN004-backstop-enabled-41fa58ff,430.000000,4.800000,3.600000,CONSTRAIN,0,0,0,1.000000,3.860308
EXP-SCN004-backstop-enabled-41fa58ff,430.500000,4.800000,3.600000,CONSTRAIN,0,0,0,1.000000,3.858968
EXP-SCN004-backstop-enabled-41fa58ff,431.000000,4.800000,3.600000,CONSTRAIN,0,0,0,1.000000,3.857425
EXP-SCN004-backstop-enabled-41fa58ff,431.500000,4.800000,3.600000,CONSTRAIN,0,0,0,1.000000,3.855936
EXP-SCN004-backstop-enabled-41fa58ff,432.000000,4.800000,3.600000,CONSTRAIN,0,0,0,1.000000,3.854405
EXP-SCN004-backstop-enabled-41fa58ff,432.500000,4.800000,3.600000,CONSTRAIN,0,0,0,1.000000,3.853006
EXP-SCN004-backstop-enabled-41fa58ff,433.000000,4.800000,3.600000,CONSTRAIN,0,0,0,1.000000,3.851409
EXP-SCN004-backstop-enabled-41fa58ff,433.500000,4.800000,3.600000,CONSTRAIN,0,0,0,1.000000,3.849939
EXP-SCN004-backstop-enabled-41fa58ff,434.000000,4.800000,3.600000,CONSTRAIN,0,0,0,1.000000,3.848578
EXP-SCN004-backstop-enabled-41fa58ff,434.500000,4.800000,3.600000,CONSTRAIN,0,0,0,1.000000,3.847063
EXP-SCN004-backstop-enabled-41fa58ff,435.000000,4.800000,3.600000,CONSTRAIN,0,0,0,1.000000,3.845568
EXP-SCN004-backstop-enabled-41fa58ff,435.500000,4.800000,3.600000,CONSTRAIN,0,0,0,1.000000,3.844163
EXP-SCN004-backstop-enabled-41fa58ff,436.000000,4.800000,3.600000,CONSTRAIN,0,0,0,1.000000,3.842643
EXP-SCN004-backstop-enabled-41fa58ff,436.500000,4.800000,3.600000,CONSTRAIN,0,0,0,1.000000,3.841220
EXP-SCN004-backstop-enabled-41fa58ff,437.000000,4.800000,3.600000,CONSTRAIN,0,0,0,1.000000,3.839881
EXP-SCN004-backstop-enabled-41fa58ff,437.500000,4.800000,3.600000,CONSTRAIN,0,0,0,1.000000,3.838503
EXP-SCN004-backstop-enabled-41fa58ff,438.000000,4.800000,3.600000,CONSTRAIN,0,0,0,1.000000,3.837101
EXP-SCN004-backstop-enabled-41fa58ff,438.500000,4.800000,3.600000,CONSTRAIN,0,0,0,1.000000,3.835708
EXP-SCN004-backstop-enabled-41fa58ff,439.000000,4.800000,3.600000,CONSTRAIN,0,0,0,1.000000,3.834322
EXP-SCN004-backstop-enabled-41fa58ff,439.500000,4.800000,3.600000,CONSTRAIN,0,0,0,1.000000,3.832956
EXP-SCN004-backstop-enabled-41fa58ff,440.000000,4.800000,3.600000,CONSTRAIN,0,0,0,1.000000,3.831618
EXP-SCN004-backstop-enabled-41fa58ff,440.500000,4.800000,3.600000,CONSTRAIN,0,0,0,1.000000,3.830277
EXP-SCN004-backstop-enabled-41fa58ff,441.000000,4.800000,3.600000,CONSTRAIN,0,0,0,1.000000,3.828685
EXP-SCN004-backstop-enabled-41fa58ff,441.500000,4.800000,3.600000,CONSTRAIN,0,0,0,1.000000,3.827306
EXP-SCN004-backstop-enabled-41fa58ff,442.000000,4.800000,3.600000,CONSTRAIN,0,0,0,1.000000,3.825960
EXP-SCN004-backstop-enabled-41fa58ff,442.500000,4.800000,3.600000,CONSTRAIN,0,0,0,1.000000,3.824631
EXP-SCN004-backstop-enabled-41fa58ff,443.000000,4.800000,3.600000,CONSTRAIN,0,0,0,1.000000,3.823112
EXP-SCN004-backstop-enabled-41fa58ff,443.500000,4.800000,3.600000,CONSTRAIN,0,0,0,1.000000,3.821673
EXP-SCN004-backstop-enabled-41fa58ff,444.000000,4.800000,3.600000,CONSTRAIN,0,0,0,1.000000,3.820346
EXP-SCN004-backstop-enabled-41fa58ff,444.500000,4.800000,3.600000,CONSTRAIN,0,0,0,1.000000,3.818765
EXP-SCN004-backstop-enabled-41fa58ff,445.000000,4.800000,3.600000,CONSTRAIN,0,0,0,1.000000,3.817419
EXP-SCN004-backstop-enabled-41fa58ff,445.500000,4.800000,3.600000,CONSTRAIN,0,0,0,1.000000,3.815948
EXP-SCN004-backstop-enabled-41fa58ff,446.000000,4.800000,3.600000,CONSTRAIN,0,0,0,1.000000,3.814430
EXP-SCN004-backstop-enabled-41fa58ff,446.500000,4.800000,3.600000,CONSTRAIN,0,0,0,1.000000,3.813112
EXP-SCN004-backstop-enabled-41fa58ff,447.000000,4.800000,3.600000,CONSTRAIN,0,0,0,1.000000,3.811703
EXP-SCN004-backstop-enabled-41fa58ff,447.500000,4.800000,3.600000,CONSTRAIN,0,0,0,1.000000,3.810387
EXP-SCN004-backstop-enabled-41fa58ff,448.000000,4.800000,3.600000,CONSTRAIN,0,0,0,1.000000,3.808896
EXP-SCN004-backstop-enabled-41fa58ff,448.500000,4.800000,3.600000,CONSTRAIN,0,0,0,1.000000,3.807545
EXP-SCN004-backstop-enabled-41fa58ff,449.000000,4.800000,3.600000,CONSTRAIN,0,0,0,1.000000,3.806089
EXP-SCN004-backstop-enabled-41fa58ff,449.500000,4.800000,3.600000,CONSTRAIN,0,0,0,1.000000,3.804551
EXP-SCN004-backstop-enabled-41fa58ff,450.000000,4.800000,3.600000,CONSTRAIN,0,0,0,1.000000,3.803097
EXP-SCN004-backstop-enabled-41fa58ff,450.500000,4.800000,3.600000,CONSTRAIN,0,0,0,1.000000,3.801573
EXP-SCN004-backstop-enabled-41fa58ff,451.000000,4.800000,3.600000,CONSTRAIN,0,0,0,1.000000,3.800256
EXP-SCN004-backstop-enabled-41fa58ff,451.500000,4.800000,3.600000,CONSTRAIN,0,0,0,1.000000,3.798654
EXP-SCN004-backstop-enabled-41fa58ff,452.000000,4.800000,3.600000,CONSTRAIN,0,0,0,1.000000,3.797108
EXP-SCN004-backstop-enabled-41fa58ff,452.500000,4.800000,3.600000,CONSTRAIN,0,0,0,1.000000,3.795578
EXP-SCN004-backstop-enabled-41fa58ff,453.000000,4.800000,3.600000,CONSTRAIN,0,0,0,1.000000,3.794005
EXP-SCN004-backstop-enabled-41fa58ff,453.500000,4.800000,3.600000,CONSTRAIN,0,0,0,1.000000,3.792510
EXP-SCN004-backstop-enabled-41fa58ff,454.000000,4.800000,3.600000,CONSTRAIN,0,0,0,1.000000,3.791007
EXP-SCN004-backstop-enabled-41fa58ff,454.500000,4.800000,3.600000,CONSTRAIN,0,0,0,1.000000,3.789582
EXP-SCN004-backstop-enabled-41fa58ff,455.000000,4.800000,3.600000,CONSTRAIN,0,0,0,1.000000,3.788224
EXP-SCN004-backstop-enabled-41fa58ff,455.500000,4.800000,3.600000,CONSTRAIN,0,0,0,1.000000,3.786717
EXP-SCN004-backstop-enabled-41fa58ff,456.000000,4.800000,3.600000,CONSTRAIN,0,0,0,1.000000,3.785379
EXP-SCN004-backstop-enabled-41fa58ff,456.500000,4.800000,3.600000,CONSTRAIN,0,0,0,1.000000,3.783969
EXP-SCN004-backstop-enabled-41fa58ff,457.000000,4.800000,3.600000,CONSTRAIN,0,0,0,1.000000,3.782616
EXP-SCN004-backstop-enabled-41fa58ff,457.500000,4.800000,3.600000,CONSTRAIN,0,0,0,1.000000,3.781186
EXP-SCN004-backstop-enabled-41fa58ff,458.000000,4.800000,3.600000,CONSTRAIN,0,0,0,1.000000,3.779648
EXP-SCN004-backstop-enabled-41fa58ff,458.500000,4.800000,3.600000,CONSTRAIN,0,0,0,1.000000,3.778111
EXP-SCN004-backstop-enabled-41fa58ff,459.000000,4.800000,3.600000,CONSTRAIN,0,0,0,1.000000,3.776577
EXP-SCN004-backstop-enabled-41fa58ff,459.500000,4.800000,3.600000,CONSTRAIN,0,0,0,1.000000,3.775216
EXP-SCN004-backstop-enabled-41fa58ff,460.000000,4.800000,3.600000,CONSTRAIN,0,0,0,1.000000,3.773778
EXP-SCN004-backstop-enabled-41fa58ff,460.500000,4.800000,3.600000,CONSTRAIN,0,0,0,1.000000,3.772329
EXP-SCN004-backstop-enabled-41fa58ff,461.000000,4.800000,3.600000,CONSTRAIN,0,0,0,1.000000,3.770991
EXP-SCN004-backstop-enabled-41fa58ff,461.500000,4.800000,3.600000,CONSTRAIN,0,0,0,1.000000,3.769505
EXP-SCN004-backstop-enabled-41fa58ff,462.000000,4.800000,3.600000,CONSTRAIN,0,0,0,1.000000,3.768031
EXP-SCN004-backstop-enabled-41fa58ff,462.500000,4.800000,3.600000,CONSTRAIN,0,0,0,1.000000,3.766439
EXP-SCN004-backstop-enabled-41fa58ff,463.000000,4.800000,3.600000,CONSTRAIN,0,0,0,1.000000,3.764977
EXP-SCN004-backstop-enabled-41fa58ff,463.500000,4.800000,3.600000,CONSTRAIN,0,0,0,1.000000,3.763484
EXP-SCN004-backstop-enabled-41fa58ff,464.000000,4.800000,3.600000,CONSTRAIN,0,0,0,1.000000,3.762128
EXP-SCN004-backstop-enabled-41fa58ff,464.500000,4.800000,3.600000,CONSTRAIN,0,0,0,1.000000,3.760529
EXP-SCN004-backstop-enabled-41fa58ff,465.000000,4.800000,3.600000,CONSTRAIN,0,0,0,1.000000,3.758984
EXP-SCN004-backstop-enabled-41fa58ff,465.500000,4.800000,3.600000,CONSTRAIN,0,0,0,1.000000,3.757666
EXP-SCN004-backstop-enabled-41fa58ff,466.000000,4.800000,3.600000,CONSTRAIN,0,0,0,1.000000,3.756094
EXP-SCN004-backstop-enabled-41fa58ff,466.500000,4.800000,3.600000,CONSTRAIN,0,0,0,1.000000,3.754503
EXP-SCN004-backstop-enabled-41fa58ff,467.000000,4.800000,3.600000,CONSTRAIN,0,0,0,1.000000,3.753181
EXP-SCN004-backstop-enabled-41fa58ff,467.500000,4.800000,3.600000,CONSTRAIN,0,0,0,1.000000,3.751640
EXP-SCN004-backstop-enabled-41fa58ff,468.000000,4.800000,3.600000,CONSTRAIN,0,0,0,1.000000,3.750095
EXP-SCN004-backstop-enabled-41fa58ff,468.500000,4.800000,3.600000,CONSTRAIN,0,0,0,1.000000,3.748645
EXP-SCN004-backstop-enabled-41fa58ff,469.000000,4.800000,3.600000,CONSTRAIN,0,0,0,1.000000,3.747261
EXP-SCN004-backstop-enabled-41fa58ff,469.500000,4.800000,3.600000,CONSTRAIN,0,0,0,1.000000,3.745690
EXP-SCN004-backstop-enabled-41fa58ff,470.000000,4.800000,3.600000,CONSTRAIN,0,0,0,1.000000,3.744256
EXP-SCN004-backstop-enabled-41fa58ff,470.500000,4.800000,3.600000,CONSTRAIN,0,0,0,1.000000,3.742773
EXP-SCN004-backstop-enabled-41fa58ff,471.000000,4.800000,3.600000,CONSTRAIN,0,0,0,1.000000,3.741316
EXP-SCN004-backstop-enabled-41fa58ff,471.500000,4.800000,3.600000,CONSTRAIN,0,0,0,1.000000,3.739814
EXP-SCN004-backstop-enabled-41fa58ff,472.000000,4.800000,3.600000,CONSTRAIN,0,0,0,1.000000,3.738447
EXP-SCN004-backstop-enabled-41fa58ff,472.500000,4.800000,3.600000,CONSTRAIN,0,0,0,1.000000,3.736920
EXP-SCN004-backstop-enabled-41fa58ff,473.000000,4.800000,3.600000,CONSTRAIN,0,0,0,1.000000,3.735590
EXP-SCN004-backstop-enabled-41fa58ff,473.500000,4.800000,3.600000,CONSTRAIN,0,0,0,1.000000,3.734032
EXP-SCN004-backstop-enabled-41fa58ff,474.000000,4.800000,3.600000,CONSTRAIN,0,0,0,1.000000,3.732504
EXP-SCN004-backstop-enabled-41fa58ff,474.500000,4.800000,3.600000,CONSTRAIN,0,0,0,1.000000,3.730985
EXP-SCN004-backstop-enabled-41fa58ff,475.000000,4.800000,3.600000,CONSTRAIN,0,0,0,1.000000,3.729423
EXP-SCN004-backstop-enabled-41fa58ff,475.500000,4.800000,3.600000,CONSTRAIN,0,0,0,1.000000,3.727866
EXP-SCN004-backstop-enabled-41fa58ff,476.000000,4.800000,3.600000,CONSTRAIN,0,0,0,1.000000,3.726320
EXP-SCN004-backstop-enabled-41fa58ff,476.500000,4.800000,3.600000,CONSTRAIN,0,0,0,1.000000,3.724995
EXP-SCN004-backstop-enabled-41fa58ff,477.000000,4.800000,3.600000,CONSTRAIN,0,0,0,1.000000,3.723419
EXP-SCN004-backstop-enabled-41fa58ff,477.500000,4.800000,3.600000,CONSTRAIN,0,0,0,1.000000,3.721978
EXP-SCN004-backstop-enabled-41fa58ff,478.000000,4.800000,3.600000,CONSTRAIN,0,0,0,1.000000,3.720425
EXP-SCN004-backstop-enabled-41fa58ff,478.500000,4.800000,3.600000,CONSTRAIN,0,0,0,1.000000,3.718993
EXP-SCN004-backstop-enabled-41fa58ff,479.000000,4.800000,3.600000,CONSTRAIN,0,0,0,1.000000,3.717615
EXP-SCN004-backstop-enabled-41fa58ff,479.500000,4.800000,3.600000,CONSTRAIN,0,0,0,1.000000,3.716281
EXP-SCN004-backstop-enabled-41fa58ff,480.000000,4.800000,3.600000,CONSTRAIN,0,0,0,1.000000,3.714717
EXP-SCN004-backstop-enabled-41fa58ff,480.500000,4.800000,3.600000,CONSTRAIN,0,0,0,1.000000,3.713112
EXP-SCN004-backstop-enabled-41fa58ff,481.000000,4.800000,3.600000,CONSTRAIN,0,0,0,1.000000,3.711705
EXP-SCN004-backstop-enabled-41fa58ff,481.500000,4.800000,3.600000,CONSTRAIN,0,0,0,1.000000,3.710347
EXP-SCN004-backstop-enabled-41fa58ff,482.000000,4.800000,3.600000,CONSTRAIN,0,0,0,1.000000,3.708920
EXP-SCN004-backstop-enabled-41fa58ff,482.500000,4.800000,3.600000,CONSTRAIN,0,0,0,1.000000,3.707408
EXP-SCN004-backstop-enabled-41fa58ff,483.000000,4.800000,3.600000,CONSTRAIN,0,0,0,1.000000,3.705839
EXP-SCN004-backstop-enabled-41fa58ff,483.500000,4.800000,3.600000,CONSTRAIN,0,0,0,1.000000,3.704335
EXP-SCN004-backstop-enabled-41fa58ff,484.000000,4.800000,3.600000,CONSTRAIN,0,0,0,1.000000,3.702890
EXP-SCN004-backstop-enabled-41fa58ff,484.500000,4.800000,3.600000,CONSTRAIN,0,0,0,1.000000,3.701431
EXP-SCN004-backstop-enabled-41fa58ff,485.000000,4.800000,3.600000,CONSTRAIN,0,0,0,1.000000,3.700012
EXP-SCN004-backstop-enabled-41fa58ff,485.500000,4.800000,3.600000,CONSTRAIN,0,0,0,1.000000,3.698520
EXP-SCN004-backstop-enabled-41fa58ff,486.000000,4.800000,3.600000,CONSTRAIN,0,0,0,1.000000,3.697021
EXP-SCN004-backstop-enabled-41fa58ff,486.500000,4.800000,3.600000,CONSTRAIN,0,0,0,1.000000,3.695639
EXP-SCN004-backstop-enabled-41fa58ff,487.000000,4.800000,3.600000,CONSTRAIN,0,0,0,1.000000,3.694165
EXP-SCN004-backstop-enabled-41fa58ff,487.500000,4.800000,3.600000,CONSTRAIN,0,0,0,1.000000,3.692591
EXP-SCN004-backstop-enabled-41fa58ff,488.000000,4.800000,3.600000,CONSTRAIN,0,0,0,1.000000,3.691047
EXP-SCN004-backstop-enabled-41fa58ff,488.500000,4.800000,3.600000,CONSTRAIN,0,0,0,1.000000,3.689605
EXP-SCN004-backstop-enabled-41fa58ff,489.000000,4.800000,3.600000,CONSTRAIN,0,0,0,1.000000,3.688125
EXP-SCN004-backstop-enabled-41fa58ff,489.500000,4.800000,3.600000,CONSTRAIN,0,0,0,1.000000,3.686575
EXP-SCN004-backstop-enabled-41fa58ff,490.000000,4.800000,3.600000,CONSTRAIN,0,0,0,1.000000,3.685078
EXP-SCN004-backstop-enabled-41fa58ff,490.500000,4.800000,3.600000,CONSTRAIN,0,0,0,1.000000,3.683744
EXP-SCN004-backstop-enabled-41fa58ff,491.000000,4.800000,3.600000,CONSTRAIN,0,0,0,1.000000,3.682179
EXP-SCN004-backstop-enabled-41fa58ff,491.500000,4.800000,3.600000,CONSTRAIN,0,0,0,1.000000,3.680756
EXP-SCN004-backstop-enabled-41fa58ff,492.000000,4.800000,3.600000,CONSTRAIN,0,0,0,1.000000,3.679304
EXP-SCN004-backstop-enabled-41fa58ff,492.500000,4.800000,3.600000,CONSTRAIN,0,0,0,1.000000,3.677719
EXP-SCN004-backstop-enabled-41fa58ff,493.000000,4.800000,3.600000,CONSTRAIN,0,0,0,1.000000,3.676119
EXP-SCN004-backstop-enabled-41fa58ff,493.500000,4.800000,3.600000,CONSTRAIN,0,0,0,1.000000,3.674627
EXP-SCN004-backstop-enabled-41fa58ff,494.000000,4.800000,3.600000,CONSTRAIN,0,0,0,1.000000,3.673132
EXP-SCN004-backstop-enabled-41fa58ff,494.500000,4.800000,3.600000,CONSTRAIN,0,0,0,1.000000,3.671623
EXP-SCN004-backstop-enabled-41fa58ff,495.000000,4.800000,3.600000,CONSTRAIN,0,0,0,1.000000,3.670140
EXP-SCN004-backstop-enabled-41fa58ff,495.500000,4.800000,3.600000,CONSTRAIN,0,0,0,1.000000,3.668643
EXP-SCN004-backstop-enabled-41fa58ff,496.000000,4.800000,3.600000,CONSTRAIN,0,0,0,1.000000,3.667110
EXP-SCN004-backstop-enabled-41fa58ff,496.500000,4.800000,3.600000,CONSTRAIN,0,0,0,1.000000,3.665713
EXP-SCN004-backstop-enabled-41fa58ff,497.000000,4.800000,3.600000,CONSTRAIN,0,0,0,1.000000,3.664364
EXP-SCN004-backstop-enabled-41fa58ff,497.500000,4.800000,3.600000,CONSTRAIN,0,0,0,1.000000,3.662889
EXP-SCN004-backstop-enabled-41fa58ff,498.000000,4.800000,3.600000,CONSTRAIN,0,0,0,1.000000,3.661414
EXP-SCN004-backstop-enabled-41fa58ff,498.500000,4.800000,3.600000,CONSTRAIN,0,0,0,1.000000,3.660017
EXP-SCN004-backstop-enabled-41fa58ff,499.000000,4.800000,3.600000,CONSTRAIN,0,0,0,1.000000,3.658691
EXP-SCN004-backstop-enabled-41fa58ff,499.500000,4.800000,3.600000,CONSTRAIN,0,0,0,1.000000,3.657323
EXP-SCN004-backstop-enabled-41fa58ff,500.000000,4.800000,3.600000,CONSTRAIN,0,0,0,1.000000,3.655743
EXP-SCN004-backstop-enabled-41fa58ff,500.500000,4.800000,3.600000,CONSTRAIN,0,0,0,1.000000,3.654335
EXP-SCN004-backstop-enabled-41fa58ff,501.000000,4.800000,3.600000,CONSTRAIN,0,0,0,1.000000,3.652882
EXP-SCN004-backstop-enabled-41fa58ff,501.500000,4.800000,3.600000,CONSTRAIN,0,0,0,1.000000,3.651375
EXP-SCN004-backstop-enabled-41fa58ff,502.000000,4.800000,3.600000,CONSTRAIN,0,0,0,1.000000,3.650009
EXP-SCN004-backstop-enabled-41fa58ff,502.500000,4.800000,3.600000,CONSTRAIN,0,0,0,1.000000,3.648692
EXP-SCN004-backstop-enabled-41fa58ff,503.000000,4.800000,3.600000,CONSTRAIN,0,0,0,1.000000,3.647345
EXP-SCN004-backstop-enabled-41fa58ff,503.500000,4.800000,3.600000,CONSTRAIN,0,0,0,1.000000,3.645976
EXP-SCN004-backstop-enabled-41fa58ff,504.000000,4.800000,3.600000,CONSTRAIN,0,0,0,1.000000,3.644641
EXP-SCN004-backstop-enabled-41fa58ff,504.500000,4.800000,3.600000,CONSTRAIN,0,0,0,1.000000,3.643325
EXP-SCN004-backstop-enabled-41fa58ff,505.000000,4.800000,3.600000,CONSTRAIN,0,0,0,1.000000,3.641950
EXP-SCN004-backstop-enabled-41fa58ff,505.500000,4.800000,3.600000,CONSTRAIN,0,0,0,1.000000,3.640470
EXP-SCN004-backstop-enabled-41fa58ff,506.000000,4.800000,3.600000,CONSTRAIN,0,0,0,1.000000,3.638935
EXP-SCN004-backstop-enabled-41fa58ff,506.500000,4.800000,3.600000,CONSTRAIN,0,0,0,1.000000,3.637440
EXP-SCN004-backstop-enabled-41fa58ff,507.000000,4.800000,3.600000,CONSTRAIN,0,0,0,1.000000,3.636112
EXP-SCN004-backstop-enabled-41fa58ff,507.500000,4.800000,3.600000,CONSTRAIN,0,0,0,1.000000,3.634687
EXP-SCN004-backstop-enabled-41fa58ff,508.000000,4.800000,3.600000,CONSTRAIN,0,0,0,1.000000,3.633303
EXP-SCN004-backstop-enabled-41fa58ff,508.500000,4.800000,3.600000,CONSTRAIN,0,0,0,1.000000,3.631914
EXP-SCN004-backstop-enabled-41fa58ff,509.000000,4.800000,3.600000,CONSTRAIN,0,0,0,1.000000,3.630338
EXP-SCN004-backstop-enabled-41fa58ff,509.500000,4.800000,3.600000,CONSTRAIN,0,0,0,1.000000,3.628940
EXP-SCN004-backstop-enabled-41fa58ff,510.000000,4.800000,3.600000,CONSTRAIN,0,0,0,1.000000,3.627346
EXP-SCN004-backstop-enabled-41fa58ff,510.500000,4.800000,3.600000,CONSTRAIN,0,0,0,1.000000,3.625921
EXP-SCN004-backstop-enabled-41fa58ff,511.000000,4.800000,3.600000,CONSTRAIN,0,0,0,1.000000,3.624403
EXP-SCN004-backstop-enabled-41fa58ff,511.500000,4.800000,3.600000,CONSTRAIN,0,0,0,1.000000,3.622811
EXP-SCN004-backstop-enabled-41fa58ff,512.000000,4.800000,3.600000,CONSTRAIN,0,0,0,1.000000,3.621497
EXP-SCN004-backstop-enabled-41fa58ff,512.500000,4.800000,3.600000,CONSTRAIN,0,0,0,1.000000,3.620111
EXP-SCN004-backstop-enabled-41fa58ff,513.000000,4.800000,3.600000,CONSTRAIN,0,0,0,1.000000,3.618689
EXP-SCN004-backstop-enabled-41fa58ff,513.500000,4.800000,3.600000,CONSTRAIN,0,0,0,1.000000,3.617320
EXP-SCN004-backstop-enabled-41fa58ff,514.000000,4.800000,3.600000,CONSTRAIN,0,0,0,1.000000,3.615757
EXP-SCN004-backstop-enabled-41fa58ff,514.500000,4.800000,3.600000,CONSTRAIN,0,0,0,1.000000,3.614249
EXP-SCN004-backstop-enabled-41fa58ff,515.000000,4.800000,3.600000,CONSTRAIN,0,0,0,1.000000,3.612869
EXP-SCN004-backstop-enabled-41fa58ff,515.500000,4.800000,3.600000,CONSTRAIN,0,0,0,1.000000,3.611331
EXP-SCN004-backstop-enabled-41fa58ff,516.000000,4.800000,3.600000,CONSTRAIN,0,0,0,1.000000,3.609735
EXP-SCN004-backstop-enabled-41fa58ff,516.500000,4.800000,3.600000,CONSTRAIN,0,0,0,1.000000,3.608351
EXP-SCN004-backstop-enabled-41fa58ff,517.000000,4.800000,3.600000,CONSTRAIN,0,0,0,1.000000,3.606747
EXP-SCN004-backstop-enabled-41fa58ff,517.500000,4.800000,3.600000,CONSTRAIN,0,0,0,1.000000,3.605152
EXP-SCN004-backstop-enabled-41fa58ff,518.000000,4.800000,3.600000,CONSTRAIN,0,0,0,1.000000,3.603641
EXP-SCN004-backstop-enabled-41fa58ff,518.500000,4.800000,3.600000,CONSTRAIN,0,0,0,1.000000,3.602062
EXP-SCN004-backstop-enabled-41fa58ff,519.000000,4.800000,3.600000,CONSTRAIN,0,0,0,1.000000,3.600706
EXP-SCN004-backstop-enabled-41fa58ff,519.500000,4.800000,3.600000,CONSTRAIN,0,0,0,1.000000,3.599121
EXP-SCN004-backstop-enabled-41fa58ff,520.000000,4.800000,3.600000,CONSTRAIN,0,0,0,1.000000,3.597791
EXP-SCN004-backstop-enabled-41fa58ff,520.500000,4.800000,3.600000,CONSTRAIN,0,0,0,1.000000,3.596259
EXP-SCN004-backstop-enabled-41fa58ff,521.000000,4.800000,3.600000,CONSTRAIN,0,0,0,1.000000,3.594859
EXP-SCN004-backstop-enabled-41fa58ff,521.500000,4.800000,3.600000,CONSTRAIN,0,0,0,1.000000,3.593496
EXP-SCN004-backstop-enabled-41fa58ff,522.000000,4.800000,3.600000,CONSTRAIN,0,0,0,1.000000,3.591929
EXP-SCN004-backstop-enabled-41fa58ff,522.500000,4.800000,3.600000,CONSTRAIN,0,0,0,1.000000,3.590473
EXP-SCN004-backstop-enabled-41fa58ff,523.000000,4.800000,3.600000,CONSTRAIN,0,0,0,1.000000,3.589140
EXP-SCN004-backstop-enabled-41fa58ff,523.500000,4.800000,3.600000,CONSTRAIN,0,0,0,1.000000,3.587544
EXP-SCN004-backstop-enabled-41fa58ff,524.000000,4.800000,3.600000,CONSTRAIN,0,0,0,1.000000,3.586142
EXP-SCN004-backstop-enabled-41fa58ff,524.500000,4.800000,3.600000,CONSTRAIN,0,0,0,1.000000,3.584549
EXP-SCN004-backstop-enabled-41fa58ff,525.000000,4.800000,3.600000,CONSTRAIN,0,0,0,1.000000,3.583136
EXP-SCN004-backstop-enabled-41fa58ff,525.500000,4.800000,3.600000,CONSTRAIN,0,0,0,1.000000,3.581540
EXP-SCN004-backstop-enabled-41fa58ff,526.000000,4.800000,3.600000,CONSTRAIN,0,0,0,1.000000,3.579963
EXP-SCN004-backstop-enabled-41fa58ff,526.500000,4.800000,3.600000,CONSTRAIN,0,0,0,1.000000,3.578611
EXP-SCN004-backstop-enabled-41fa58ff,527.000000,4.800000,3.600000,CONSTRAIN,0,0,0,1.000000,3.577206
EXP-SCN004-backstop-enabled-41fa58ff,527.500000,4.800000,3.600000,CONSTRAIN,0,0,0,1.000000,3.575818
EXP-SCN004-backstop-enabled-41fa58ff,528.000000,4.800000,3.600000,CONSTRAIN,0,0,0,1.000000,3.574471
EXP-SCN004-backstop-enabled-41fa58ff,528.500000,4.800000,3.600000,CONSTRAIN,0,0,0,1.000000,3.573088
EXP-SCN004-backstop-enabled-41fa58ff,529.000000,4.800000,3.600000,CONSTRAIN,0,0,0,1.000000,3.571624
EXP-SCN004-backstop-enabled-41fa58ff,529.500000,4.800000,3.600000,CONSTRAIN,0,0,0,1.000000,3.570304
EXP-SCN004-backstop-enabled-41fa58ff,530.000000,4.800000,3.600000,CONSTRAIN,0,0,0,1.000000,3.568762
EXP-SCN004-backstop-enabled-41fa58ff,530.500000,4.800000,3.600000,CONSTRAIN,0,0,0,1.000000,3.567287
EXP-SCN004-backstop-enabled-41fa58ff,531.000000,4.800000,3.600000,CONSTRAIN,0,0,0,1.000000,3.565811
EXP-SCN004-backstop-enabled-41fa58ff,531.500000,4.800000,3.600000,CONSTRAIN,0,0,0,1.000000,3.564484
EXP-SCN004-backstop-enabled-41fa58ff,532.000000,4.800000,3.600000,CONSTRAIN,0,0,0,1.000000,3.563027
EXP-SCN004-backstop-enabled-41fa58ff,532.500000,4.800000,3.600000,CONSTRAIN,0,0,0,1.000000,3.561668
EXP-SCN004-backstop-enabled-41fa58ff,533.000000,4.800000,3.600000,CONSTRAIN,0,0,0,1.000000,3.560099
EXP-SCN004-backstop-enabled-41fa58ff,533.500000,4.800000,3.600000,CONSTRAIN,0,0,0,1.000000,3.558687
EXP-SCN004-backstop-enabled-41fa58ff,534.000000,4.800000,3.600000,CONSTRAIN,0,0,0,1.000000,3.557339
EXP-SCN004-backstop-enabled-41fa58ff,534.500000,4.800000,3.600000,CONSTRAIN,0,0,0,1.000000,3.555847
EXP-SCN004-backstop-enabled-41fa58ff,535.000000,4.800000,3.600000,CONSTRAIN,0,0,0,1.000000,3.554303
EXP-SCN004-backstop-enabled-41fa58ff,535.500000,4.800000,3.600000,CONSTRAIN,0,0,0,1.000000,3.552887
EXP-SCN004-backstop-enabled-41fa58ff,536.000000,4.800000,3.600000,CONSTRAIN,0,0,0,1.000000,3.551283
EXP-SCN004-backstop-enabled-41fa58ff,536.500000,4.800000,3.600000,CONSTRAIN,0,0,0,1.000000,3.549809
EXP-SCN004-backstop-enabled-41fa58ff,537.000000,4.800000,3.600000,CONSTRAIN,0,0,0,1.000000,3.548436
EXP-SCN004-backstop-enabled-41fa58ff,537.500000,4.800000,3.600000,CONSTRAIN,0,0,0,1.000000,3.546934
EXP-SCN004-backstop-enabled-41fa58ff,538.000000,4.800000,3.600000,CONSTRAIN,0,0,0,1.000000,3.545546
EXP-SCN004-backstop-enabled-41fa58ff,538.500000,4.800000,3.600000,CONSTRAIN,0,0,0,1.000000,3.544065
EXP-SCN004-backstop-enabled-41fa58ff,539.000000,4.800000,3.600000,CONSTRAIN,0,0,0,1.000000,3.542612
EXP-SCN004-backstop-enabled-41fa58ff,539.500000,4.800000,3.600000,CONSTRAIN,0,0,0,1.000000,3.541027
EXP-SCN004-backstop-enabled-41fa58ff,540.000000,4.800000,3.600000,CONSTRAIN,0,0,0,1.000000,3.539498
EXP-SCN004-backstop-enabled-41fa58ff,540.500000,4.800000,3.600000,CONSTRAIN,0,0,0,1.000000,3.537996
EXP-SCN004-backstop-enabled-41fa58ff,541.000000,4.800000,3.600000,CONSTRAIN,0,0,0,1.000000,3.536458
EXP-SCN004-backstop-enabled-41fa58ff,541.500000,4.800000,3.600000,CONSTRAIN,0,0,0,1.000000,3.535101
EXP-SCN004-backstop-enabled-41fa58ff,542.000000,4.800000,3.600000,CONSTRAIN,0,0,0,1.000000,3.533658
EXP-SCN004-backstop-enabled-41fa58ff,542.500000,4.800000,3.600000,CONSTRAIN,0,0,0,1.000000,3.532176
EXP-SCN004-backstop-enabled-41fa58ff,543.000000,4.800000,3.600000,CONSTRAIN,0,0,0,1.000000,3.530841
EXP-SCN004-backstop-enabled-41fa58ff,543.500000,4.800000,3.600000,CONSTRAIN,0,0,0,1.000000,3.529304
EXP-SCN004-backstop-enabled-41fa58ff,544.000000,4.800000,3.600000,CONSTRAIN,0,0,0,1.000000,3.527871
EXP-SCN004-backstop-enabled-41fa58ff,544.500000,4.800000,3.600000,CONSTRAIN,0,0,0,1.000000,3.526443
EXP-SCN004-backstop-enabled-41fa58ff,545.000000,4.800000,3.600000,CONSTRAIN,0,0,0,1.000000,3.525106
EXP-SCN004-backstop-enabled-41fa58ff,545.500000,4.800000,3.600000,CONSTRAIN,0,0,0,1.000000,3.523542
EXP-SCN004-backstop-enabled-41fa58ff,546.000000,4.800000,3.600000,CONSTRAIN,0,0,0,1.000000,3.522084
EXP-SCN004-backstop-enabled-41fa58ff,546.500000,4.800000,3.600000,CONSTRAIN,0,0,0,1.000000,3.520557
EXP-SCN004-backstop-enabled-41fa58ff,547.000000,4.800000,3.600000,CONSTRAIN,0,0,0,1.000000,3.519158
EXP-SCN004-backstop-enabled-41fa58ff,547.500000,4.800000,3.600000,CONSTRAIN,0,0,0,1.000000,3.517588
EXP-SCN004-backstop-enabled-41fa58ff,548.000000,4.800000,3.600000,CONSTRAIN,0,0,0,1.000000,3.516218
EXP-SCN004-backstop-enabled-41fa58ff,548.500000,4.800000,3.600000,CONSTRAIN,0,0,0,1.000000,3.514769
EXP-SCN004-backstop-enabled-41fa58ff,549.000000,4.800000,3.600000,CONSTRAIN,0,0,0,1.000000,3.513410
EXP-SCN004-backstop-enabled-41fa58ff,549.500000,4.800000,3.600000,CONSTRAIN,0,0,0,1.000000,3.511960
EXP-SCN004-backstop-enabled-41fa58ff,550.000000,4.800000,3.600000,CONSTRAIN,0,0,0,1.000000,3.510369
EXP-SCN004-backstop-enabled-41fa58ff,550.500000,4.800000,3.600000,CONSTRAIN,0,0,0,1.000000,3.508935
EXP-SCN004-backstop-enabled-41fa58ff,551.000000,4.800000,3.600000,CONSTRAIN,0,0,0,1.000000,3.507583
EXP-SCN004-backstop-enabled-41fa58ff,551.500000,4.800000,3.600000,CONSTRAIN,0,0,0,1.000000,3.506064
EXP-SCN004-backstop-enabled-41fa58ff,552.000000,4.800000,3.600000,CONSTRAIN,0,0,0,1.000000,3.504694
EXP-SCN004-backstop-enabled-41fa58ff,552.500000,4.800000,3.600000,CONSTRAIN,0,0,0,1.000000,3.503097
EXP-SCN004-backstop-enabled-41fa58ff,553.000000,4.800000,3.600000,CONSTRAIN,0,0,0,1.000000,3.501658
EXP-SCN004-backstop-enabled-41fa58ff,553.500000,4.800000,3.600000,CONSTRAIN,0,0,0,1.000000,3.500241
EXP-SCN004-backstop-enabled-41fa58ff,554.000000,4.800000,3.600000,CONSTRAIN,0,0,0,1.000000,3.498695
EXP-SCN004-backstop-enabled-41fa58ff,554.500000,4.800000,3.600000,CONSTRAIN,0,0,0,1.000000,3.497112
EXP-SCN004-backstop-enabled-41fa58ff,555.000000,4.800000,3.600000,CONSTRAIN,0,0,0,1.000000,3.495579
EXP-SCN004-backstop-enabled-41fa58ff,555.500000,4.800000,3.600000,CONSTRAIN,0,0,0,1.000000,3.494016
EXP-SCN004-backstop-enabled-41fa58ff,556.000000,4.800000,3.600000,CONSTRAIN,0,0,0,1.000000,3.492651
EXP-SCN004-backstop-enabled-41fa58ff,556.500000,4.800000,3.600000,CONSTRAIN,0,0,0,1.000000,3.491288
EXP-SCN004-backstop-enabled-41fa58ff,557.000000,4.800000,3.600000,CONSTRAIN,0,0,0,1.000000,3.489782
EXP-SCN004-backstop-enabled-41fa58ff,557.500000,4.800000,3.600000,CONSTRAIN,0,0,0,1.000000,3.488197
EXP-SCN004-backstop-enabled-41fa58ff,558.000000,4.800000,3.600000,CONSTRAIN,0,0,0,1.000000,3.486779
EXP-SCN004-backstop-enabled-41fa58ff,558.500000,4.800000,3.600000,CONSTRAIN,0,0,0,1.000000,3.485235
EXP-SCN004-backstop-enabled-41fa58ff,559.000000,4.800000,3.600000,CONSTRAIN,0,0,0,1.000000,3.483881
EXP-SCN004-backstop-enabled-41fa58ff,559.500000,4.800000,3.600000,CONSTRAIN,0,0,0,1.000000,3.482531
EXP-SCN004-backstop-enabled-41fa58ff,560.000000,4.800000,3.600000,CONSTRAIN,0,0,0,1.000000,3.481026
EXP-SCN004-backstop-enabled-41fa58ff,560.500000,4.800000,3.600000,CONSTRAIN,0,0,0,1.000000,3.479499
EXP-SCN004-backstop-enabled-41fa58ff,561.000000,4.800000,3.600000,CONSTRAIN,0,0,0,1.000000,3.478128
EXP-SCN004-backstop-enabled-41fa58ff,561.500000,4.800000,3.600000,CONSTRAIN,0,0,0,1.000000,3.476793
EXP-SCN004-backstop-enabled-41fa58ff,562.000000,4.800000,3.600000,CONSTRAIN,0,0,0,1.000000,3.475367
EXP-SCN004-backstop-enabled-41fa58ff,562.500000,4.800000,3.600000,CONSTRAIN,0,0,0,1.000000,3.473796
EXP-SCN004-backstop-enabled-41fa58ff,563.000000,4.800000,3.600000,CONSTRAIN,0,0,0,1.000000,3.472389
EXP-SCN004-backstop-enabled-41fa58ff,563.500000,4.800000,3.600000,CONSTRAIN,0,0,0,1.000000,3.470804
EXP-SCN004-backstop-enabled-41fa58ff,564.000000,4.800000,3.600000,CONSTRAIN,0,0,0,1.000000,3.469254
EXP-SCN004-backstop-enabled-41fa58ff,564.500000,4.800000,3.600000,CONSTRAIN,0,0,0,1.000000,3.467746
EXP-SCN004-backstop-enabled-41fa58ff,565.000000,4.800000,3.600000,CONSTRAIN,0,0,0,1.000000,3.466193
EXP-SCN004-backstop-enabled-41fa58ff,565.500000,4.800000,3.600000,CONSTRAIN,0,0,0,1.000000,3.464657
EXP-SCN004-backstop-enabled-41fa58ff,566.000000,4.800000,3.600000,CONSTRAIN,0,0,0,1.000000,3.463077
EXP-SCN004-backstop-enabled-41fa58ff,566.500000,4.800000,3.600000,CONSTRAIN,0,0,0,1.000000,3.461691
EXP-SCN004-backstop-enabled-41fa58ff,567.000000,4.800000,3.600000,CONSTRAIN,0,0,0,1.000000,3.460123
EXP-SCN004-backstop-enabled-41fa58ff,567.500000,4.800000,3.600000,CONSTRAIN,0,0,0,1.000000,3.458614
EXP-SCN004-backstop-enabled-41fa58ff,568.000000,4.800000,3.600000,CONSTRAIN,0,0,0,1.000000,3.457265
EXP-SCN004-backstop-enabled-41fa58ff,568.500000,4.800000,3.600000,CONSTRAIN,0,0,0,1.000000,3.455864
EXP-SCN004-backstop-enabled-41fa58ff,569.000000,4.800000,3.600000,CONSTRAIN,0,0,0,1.000000,3.454468
EXP-SCN004-backstop-enabled-41fa58ff,569.500000,4.800000,3.600000,CONSTRAIN,0,0,0,1.000000,3.453095
EXP-SCN004-backstop-enabled-41fa58ff,570.000000,4.800000,3.600000,CONSTRAIN,0,0,0,1.000000,3.451725
EXP-SCN004-backstop-enabled-41fa58ff,570.500000,4.800000,3.600000,CONSTRAIN,0,0,0,1.000000,3.450286
EXP-SCN004-backstop-enabled-41fa58ff,571.000000,4.800000,3.600000,CONSTRAIN,0,0,0,1.000000,3.448766
EXP-SCN004-backstop-enabled-41fa58ff,571.500000,4.800000,3.600000,CONSTRAIN,0,0,0,1.000000,3.447193
EXP-SCN004-backstop-enabled-41fa58ff,572.000000,4.800000,3.600000,CONSTRAIN,0,0,0,1.000000,3.445702
EXP-SCN004-backstop-enabled-41fa58ff,572.500000,4.800000,3.600000,CONSTRAIN,0,0,0,1.000000,3.444234
EXP-SCN004-backstop-enabled-41fa58ff,573.000000,4.800000,3.600000,CONSTRAIN,0,0,0,1.000000,3.442717
EXP-SCN004-backstop-enabled-41fa58ff,573.500000,4.800000,3.600000,CONSTRAIN,0,0,0,1.000000,3.441189
EXP-SCN004-backstop-enabled-41fa58ff,574.000000,4.800000,3.600000,CONSTRAIN,0,0,0,1.000000,3.439630
EXP-SCN004-backstop-enabled-41fa58ff,574.500000,4.800000,3.600000,CONSTRAIN,0,0,0,1.000000,3.438282
EXP-SCN004-backstop-enabled-41fa58ff,575.000000,4.800000,3.600000,CONSTRAIN,0,0,0,1.000000,3.436801
EXP-SCN004-backstop-enabled-41fa58ff,575.500000,4.800000,3.600000,CONSTRAIN,0,0,0,1.000000,3.435409
EXP-SCN004-backstop-enabled-41fa58ff,576.000000,4.800000,3.600000,CONSTRAIN,0,0,0,1.000000,3.433977
EXP-SCN004-backstop-enabled-41fa58ff,576.500000,4.800000,3.600000,CONSTRAIN,0,0,0,1.000000,3.432598
EXP-SCN004-backstop-enabled-41fa58ff,577.000000,4.800000,3.600000,CONSTRAIN,0,0,0,1.000000,3.431120
EXP-SCN004-backstop-enabled-41fa58ff,577.500000,4.800000,3.600000,CONSTRAIN,0,0,0,1.000000,3.429579
EXP-SCN004-backstop-enabled-41fa58ff,578.000000,4.800000,3.600000,CONSTRAIN,0,0,0,1.000000,3.428001
EXP-SCN004-backstop-enabled-41fa58ff,578.500000,4.800000,3.600000,CONSTRAIN,0,0,0,1.000000,3.426470
EXP-SCN004-backstop-enabled-41fa58ff,579.000000,4.800000,3.600000,CONSTRAIN,0,0,0,1.000000,3.425116
EXP-SCN004-backstop-enabled-41fa58ff,579.500000,4.800000,3.600000,CONSTRAIN,0,0,0,1.000000,3.423518
EXP-SCN004-backstop-enabled-41fa58ff,580.000000,4.800000,3.600000,CONSTRAIN,0,0,0,1.000000,3.421971
EXP-SCN004-backstop-enabled-41fa58ff,580.500000,4.800000,3.600000,CONSTRAIN,0,0,0,1.000000,3.420649
EXP-SCN004-backstop-enabled-41fa58ff,581.000000,4.800000,3.600000,CONSTRAIN,0,0,0,1.000000,3.419137
EXP-SCN004-backstop-enabled-41fa58ff,581.500000,4.800000,3.600000,CONSTRAIN,0,0,0,1.000000,3.417625
EXP-SCN004-backstop-enabled-41fa58ff,582.000000,4.800000,3.600000,CONSTRAIN,0,0,0,1.000000,3.416192
EXP-SCN004-backstop-enabled-41fa58ff,582.500000,4.800000,3.600000,CONSTRAIN,0,0,0,1.000000,3.414747
EXP-SCN004-backstop-enabled-41fa58ff,583.000000,4.800000,3.600000,CONSTRAIN,0,0,0,1.000000,3.413246
EXP-SCN004-backstop-enabled-41fa58ff,583.500000,4.800000,3.600000,CONSTRAIN,0,0,0,1.000000,3.411872
EXP-SCN004-backstop-enabled-41fa58ff,584.000000,4.800000,3.600000,CONSTRAIN,0,0,0,1.000000,3.410396
EXP-SCN004-backstop-enabled-41fa58ff,584.500000,4.800000,3.600000,CONSTRAIN,0,0,0,1.000000,3.408881
EXP-SCN004-backstop-enabled-41fa58ff,585.000000,4.800000,3.600000,CONSTRAIN,0,0,0,1.000000,3.407318
EXP-SCN004-backstop-enabled-41fa58ff,585.500000,4.800000,3.600000,CONSTRAIN,0,0,0,1.000000,3.405992
EXP-SCN004-backstop-enabled-41fa58ff,586.000000,4.800000,3.600000,CONSTRAIN,0,0,0,1.000000,3.404488
EXP-SCN004-backstop-enabled-41fa58ff,586.500000,4.800000,3.600000,CONSTRAIN,0,0,0,1.000000,3.403097
EXP-SCN004-backstop-enabled-41fa58ff,587.000000,4.800000,3.600000,CONSTRAIN,0,0,0,1.000000,3.401614
EXP-SCN004-backstop-enabled-41fa58ff,587.500000,4.800000,3.600000,CONSTRAIN,0,0,0,1.000000,3.400270
EXP-SCN004-backstop-enabled-41fa58ff,588.000000,4.800000,3.600000,CONSTRAIN,0,0,0,1.000000,3.398953
EXP-SCN004-backstop-enabled-41fa58ff,588.500000,4.800000,3.600000,CONSTRAIN,0,0,0,1.000000,3.397599
EXP-SCN004-backstop-enabled-41fa58ff,589.000000,4.800000,3.600000,CONSTRAIN,0,0,0,1.000000,3.396161
EXP-SCN004-backstop-enabled-41fa58ff,589.500000,4.800000,3.600000,CONSTRAIN,0,0,0,1.000000,3.394723
EXP-SCN004-backstop-enabled-41fa58ff,590.000000,4.800000,3.600000,CONSTRAIN,0,0,0,1.000000,3.393214
EXP-SCN004-backstop-enabled-41fa58ff,590.500000,4.800000,3.600000,CONSTRAIN,0,0,0,1.000000,3.391879
EXP-SCN004-backstop-enabled-41fa58ff,591.000000,4.800000,3.600000,CONSTRAIN,0,0,0,1.000000,3.390444
EXP-SCN004-backstop-enabled-41fa58ff,591.500000,4.800000,3.600000,CONSTRAIN,0,0,0,1.000000,3.388903
EXP-SCN004-backstop-enabled-41fa58ff,592.000000,4.800000,3.600000,CONSTRAIN,0,0,0,1.000000,3.387394
EXP-SCN004-backstop-enabled-41fa58ff,592.500000,4.800000,3.600000,CONSTRAIN,0,0,0,1.000000,3.385817
EXP-SCN004-backstop-enabled-41fa58ff,593.000000,4.800000,3.600000,CONSTRAIN,0,0,0,1.000000,3.384431
EXP-SCN004-backstop-enabled-41fa58ff,593.500000,4.800000,3.600000,CONSTRAIN,0,0,0,1.000000,3.382924
EXP-SCN004-backstop-enabled-41fa58ff,594.000000,4.800000,3.600000,CONSTRAIN,0,0,0,1.000000,3.381352
EXP-SCN004-backstop-enabled-41fa58ff,594.500000,4.800000,3.600000,CONSTRAIN,0,0,0,1.000000,3.379906
EXP-SCN004-backstop-enabled-41fa58ff,595.000000,4.800000,3.600000,CONSTRAIN,0,0,0,1.000000,3.378544
EXP-SCN004-backstop-enabled-41fa58ff,595.500000,4.800000,3.600000,CONSTRAIN,0,0,0,1.000000,3.377128
EXP-SCN004-backstop-enabled-41fa58ff,596.000000,4.800000,3.600000,CONSTRAIN,0,0,0,1.000000,3.375675
EXP-SCN004-backstop-enabled-41fa58ff,596.500000,4.800000,3.600000,CONSTRAIN,0,0,0,1.000000,3.374253
EXP-SCN004-backstop-enabled-41fa58ff,597.000000,4.800000,3.600000,CONSTRAIN,0,0,0,1.000000,3.372878
EXP-SCN004-backstop-enabled-41fa58ff,597.500000,4.800000,3.600000,CONSTRAIN,0,0,0,1.000000,3.371320
EXP-SCN004-backstop-enabled-41fa58ff,598.000000,4.800000,3.600000,CONSTRAIN,0,0,0,1.000000,3.369777
EXP-SCN004-backstop-enabled-41fa58ff,598.500000,4.800000,3.600000,CONSTRAIN,0,0,0,1.000000,3.368436
EXP-SCN004-backstop-enabled-41fa58ff,599.000000,4.800000,3.600000,CONSTRAIN,0,0,0,1.000000,3.367116
EXP-SCN004-backstop-enabled-41fa58ff,599.500000,4.800000,3.600000,CONSTRAIN,0,0,0,1.000000,3.365780
EXP-SCN004-backstop-enabled-41fa58ff,600.000000,4.800000,3.600000,CONSTRAIN,0,0,0,1.000000,3.364194
EXP-SCN004-backstop-enabled-41fa58ff,600.500000,4.800000,3.600000,CONSTRAIN,0,0,0,1.000000,3.362677
EXP-SCN004-backstop-enabled-41fa58ff,601.000000,4.800000,3.600000,CONSTRAIN,0,0,0,1.000000,3.361214
EXP-SCN004-backstop-enabled-41fa58ff,601.500000,4.800000,3.600000,CONSTRAIN,0,0,0,1.000000,3.359760
EXP-SCN004-backstop-enabled-41fa58ff,602.000000,4.800000,3.600000,CONSTRAIN,0,0,0,1.000000,3.358275
EXP-SCN004-backstop-enabled-41fa58ff,602.500000,4.800000,3.600000,CONSTRAIN,0,0,0,1.000000,3.356899
EXP-SCN004-backstop-enabled-41fa58ff,603.000000,4.800000,3.600000,CONSTRAIN,0,0,0,1.000000,3.355354
EXP-SCN004-backstop-enabled-41fa58ff,603.500000,4.800000,3.600000,CONSTRAIN,0,0,0,1.000000,3.353990
EXP-SCN004-backstop-enabled-41fa58ff,604.000000,4.800000,3.600000,CONSTRAIN,0,0,0,1.000000,3.352412
EXP-SCN004-backstop-enabled-41fa58ff,604.500000,4.800000,3.600000,CONSTRAIN,0,0,0,1.000000,3.350914
EXP-SCN004-backstop-enabled-41fa58ff,605.000000,4.800000,3.600000,CONSTRAIN,0,0,0,1.000000,3.349472
EXP-SCN004-backstop-enabled-41fa58ff,605.500000,4.800000,3.600000,CONSTRAIN,0,0,0,1.000000,3.347993
EXP-SCN004-backstop-enabled-41fa58ff,606.000000,4.800000,3.600000,CONSTRAIN,0,0,0,1.000000,3.346612
EXP-SCN004-backstop-enabled-41fa58ff,606.500000,4.800000,3.600000,CONSTRAIN,0,0,0,1.000000,3.345067
EXP-SCN004-backstop-enabled-41fa58ff,607.000000,4.800000,3.600000,CONSTRAIN,0,0,0,1.000000,3.343499
EXP-SCN004-backstop-enabled-41fa58ff,607.500000,4.800000,3.600000,CONSTRAIN,0,0,0,1.000000,3.342147
EXP-SCN004-backstop-enabled-41fa58ff,608.000000,4.800000,3.600000,CONSTRAIN,0,0,0,1.000000,3.340657
EXP-SCN004-backstop-enabled-41fa58ff,608.500000,4.800000,3.600000,CONSTRAIN,0,0,0,1.000000,3.339213
EXP-SCN004-backstop-enabled-41fa58ff,609.000000,4.800000,3.600000,CONSTRAIN,0,0,0,1.000000,3.337773
EXP-SCN004-backstop-enabled-41fa58ff,609.500000,4.800000,3.600000,CONSTRAIN,0,0,0,1.000000,3.336301
EXP-SCN004-backstop-enabled-41fa58ff,610.000000,4.800000,3.600000,CONSTRAIN,0,0,0,1.000000,3.334836
EXP-SCN004-backstop-enabled-41fa58ff,610.500000,4.800000,3.600000,CONSTRAIN,0,0,0,1.000000,3.333269
EXP-SCN004-backstop-enabled-41fa58ff,611.000000,4.800000,3.600000,CONSTRAIN,0,0,0,1.000000,3.331674
EXP-SCN004-backstop-enabled-41fa58ff,611.500000,4.800000,3.600000,CONSTRAIN,0,0,0,1.000000,3.330354
EXP-SCN004-backstop-enabled-41fa58ff,612.000000,4.800000,3.600000,CONSTRAIN,0,0,0,1.000000,3.328884
EXP-SCN004-backstop-enabled-41fa58ff,612.500000,4.800000,3.600000,CONSTRAIN,0,0,0,1.000000,3.327405
EXP-SCN004-backstop-enabled-41fa58ff,613.000000,4.800000,3.600000,CONSTRAIN,0,0,0,1.000000,3.326002
EXP-SCN004-backstop-enabled-41fa58ff,613.500000,4.800000,3.600000,CONSTRAIN,0,0,0,1.000000,3.324545
EXP-SCN004-backstop-enabled-41fa58ff,614.000000,4.800000,3.600000,CONSTRAIN,0,0,0,1.000000,3.323153
EXP-SCN004-backstop-enabled-41fa58ff,614.500000,4.800000,3.600000,CONSTRAIN,0,0,0,1.000000,3.321780
EXP-SCN004-backstop-enabled-41fa58ff,615.000000,4.800000,3.600000,CONSTRAIN,0,0,0,1.000000,3.320326
EXP-SCN004-backstop-enabled-41fa58ff,615.500000,4.800000,3.600000,CONSTRAIN,0,0,0,1.000000,3.318794
EXP-SCN004-backstop-enabled-41fa58ff,616.000000,4.800000,3.600000,CONSTRAIN,0,0,0,1.000000,3.317388
EXP-SCN004-backstop-enabled-41fa58ff,616.500000,4.800000,3.600000,CONSTRAIN,0,0,0,1.000000,3.315789
EXP-SCN004-backstop-enabled-41fa58ff,617.000000,4.800000,3.600000,CONSTRAIN,0,0,0,1.000000,3.314292
EXP-SCN004-backstop-enabled-41fa58ff,617.500000,4.800000,3.600000,CONSTRAIN,0,0,0,1.000000,3.312786
EXP-SCN004-backstop-enabled-41fa58ff,618.000000,4.800000,3.600000,CONSTRAIN,0,0,0,1.000000,3.311191
EXP-SCN004-backstop-enabled-41fa58ff,618.500000,4.800000,3.600000,CONSTRAIN,0,0,0,1.000000,3.309680
EXP-SCN004-backstop-enabled-41fa58ff,619.000000,4.800000,3.600000,CONSTRAIN,0,0,0,1.000000,3.308179
EXP-SCN004-backstop-enabled-41fa58ff,619.500000,4.800000,3.600000,CONSTRAIN,0,0,0,1.000000,3.306731
EXP-SCN004-backstop-enabled-41fa58ff,620.000000,4.800000,3.600000,CONSTRAIN,0,0,0,1.000000,3.305345
EXP-SCN004-backstop-enabled-41fa58ff,620.500000,4.800000,3.600000,CONSTRAIN,0,0,0,1.000000,3.303784
EXP-SCN004-backstop-enabled-41fa58ff,621.000000,4.800000,3.600000,CONSTRAIN,0,0,0,1.000000,3.302454
EXP-SCN004-backstop-enabled-41fa58ff,621.500000,4.800000,3.600000,CONSTRAIN,0,0,0,1.000000,3.301006
EXP-SCN004-backstop-enabled-41fa58ff,622.000000,4.800000,3.600000,CONSTRAIN,0,0,0,1.000000,3.299468
EXP-SCN004-backstop-enabled-41fa58ff,622.500000,4.800000,3.600000,CONSTRAIN,0,0,0,1.000000,3.298033
EXP-SCN004-backstop-enabled-41fa58ff,623.000000,4.800000,3.600000,CONSTRAIN,0,0,0,1.000000,3.296640
EXP-SCN004-backstop-enabled-41fa58ff,623.500000,4.800000,3.600000,CONSTRAIN,0,0,0,1.000000,3.295117
EXP-SCN004-backstop-enabled-41fa58ff,624.000000,4.800000,3.600000,CONSTRAIN,0,0,0,1.000000,3.293524
EXP-SCN004-backstop-enabled-41fa58ff,624.500000,4.800000,3.600000,CONSTRAIN,0,0,0,1.000000,3.292150
EXP-SCN004-backstop-enabled-41fa58ff,625.000000,4.800000,3.600000,CONSTRAIN,0,0,0,1.000000,3.290777
EXP-SCN004-backstop-enabled-41fa58ff,625.500000,4.800000,3.600000,CONSTRAIN,0,0,0,1.000000,3.289217
EXP-SCN004-backstop-enabled-41fa58ff,626.000000,4.800000,3.600000,CONSTRAIN,0,0,0,1.000000,3.287722
EXP-SCN004-backstop-enabled-41fa58ff,626.500000,4.800000,3.600000,CONSTRAIN,0,0,0,1.000000,3.286143
EXP-SCN004-backstop-enabled-41fa58ff,627.000000,4.800000,3.600000,CONSTRAIN,0,0,0,1.000000,3.284759
EXP-SCN004-backstop-enabled-41fa58ff,627.500000,4.800000,3.600000,CONSTRAIN,0,0,0,1.000000,3.283433
EXP-SCN004-backstop-enabled-41fa58ff,628.000000,4.800000,3.600000,CONSTRAIN,0,0,0,1.000000,3.282060
EXP-SCN004-backstop-enabled-41fa58ff,628.500000,4.800000,3.600000,CONSTRAIN,0,0,0,1.000000,3.280709
EXP-SCN004-backstop-enabled-41fa58ff,629.000000,4.800000,3.600000,CONSTRAIN,0,0,0,1.000000,3.279113
EXP-SCN004-backstop-enabled-41fa58ff,629.500000,4.800000,3.600000,CONSTRAIN,0,0,0,1.000000,3.277590
EXP-SCN004-backstop-enabled-41fa58ff,630.000000,4.800000,3.600000,CONSTRAIN,0,0,0,1.000000,3.276171
EXP-SCN004-backstop-enabled-41fa58ff,630.500000,4.800000,3.600000,CONSTRAIN,0,0,0,1.000000,3.274658
EXP-SCN004-backstop-enabled-41fa58ff,631.000000,4.800000,3.600000,CONSTRAIN,0,0,0,1.000000,3.273227
EXP-SCN004-backstop-enabled-41fa58ff,631.500000,4.800000,3.600000,CONSTRAIN,0,0,0,1.000000,3.271847
EXP-SCN004-backstop-enabled-41fa58ff,632.000000,4.800000,3.600000,CONSTRAIN,0,0,0,1.000000,3.270382
EXP-SCN004-backstop-enabled-41fa58ff,632.500000,4.800000,3.600000,CONSTRAIN,0,0,0,1.000000,3.268819
EXP-SCN004-backstop-enabled-41fa58ff,633.000000,4.800000,3.600000,CONSTRAIN,0,0,0,1.000000,3.267413
EXP-SCN004-backstop-enabled-41fa58ff,633.500000,4.800000,3.600000,CONSTRAIN,0,0,0,1.000000,3.265830
EXP-SCN004-backstop-enabled-41fa58ff,634.000000,4.800000,3.600000,CONSTRAIN,0,0,0,1.000000,3.264428
EXP-SCN004-backstop-enabled-41fa58ff,634.500000,4.800000,3.600000,CONSTRAIN,0,0,0,1.000000,3.263096
EXP-SCN004-backstop-enabled-41fa58ff,635.000000,4.800000,3.600000,CONSTRAIN,0,0,0,1.000000,3.261710
EXP-SCN004-backstop-enabled-41fa58ff,635.500000,4.800000,3.600000,CONSTRAIN,0,0,0,1.000000,3.260368
EXP-SCN004-backstop-enabled-41fa58ff,636.000000,4.800000,3.600000,CONSTRAIN,0,0,0,1.000000,3.258827
EXP-SCN004-backstop-enabled-41fa58ff,636.500000,4.800000,3.600000,CONSTRAIN,0,0,0,1.000000,3.257351
EXP-SCN004-backstop-enabled-41fa58ff,637.000000,4.800000,3.600000,CONSTRAIN,0,0,0,1.000000,3.255838
EXP-SCN004-backstop-enabled-41fa58ff,637.500000,4.800000,3.600000,CONSTRAIN,0,0,0,1.000000,3.254359
EXP-SCN004-backstop-enabled-41fa58ff,638.000000,4.800000,3.600000,CONSTRAIN,0,0,0,1.000000,3.252784
EXP-SCN004-backstop-enabled-41fa58ff,638.500000,4.800000,3.600000,CONSTRAIN,0,0,0,1.000000,3.251258
EXP-SCN004-backstop-enabled-41fa58ff,639.000000,4.800000,3.600000,CONSTRAIN,0,0,0,1.000000,3.249837
EXP-SCN004-backstop-enabled-41fa58ff,639.500000,4.800000,3.600000,CONSTRAIN,0,0,0,1.000000,3.248348
EXP-SCN004-backstop-enabled-41fa58ff,640.000000,4.800000,3.600000,CONSTRAIN,0,0,0,1.000000,3.246893
EXP-SCN004-backstop-enabled-41fa58ff,640.500000,4.800000,3.600000,CONSTRAIN,0,0,0,1.000000,3.245304
EXP-SCN004-backstop-enabled-41fa58ff,641.000000,4.800000,3.600000,CONSTRAIN,0,0,0,1.000000,3.243799
EXP-SCN004-backstop-enabled-41fa58ff,641.500000,4.800000,3.600000,CONSTRAIN,0,0,0,1.000000,3.242232
EXP-SCN004-backstop-enabled-41fa58ff,642.000000,4.800000,3.600000,CONSTRAIN,0,0,0,1.000000,3.240840
EXP-SCN004-backstop-enabled-41fa58ff,642.500000,4.800000,3.600000,CONSTRAIN,0,0,0,1.000000,3.239507
EXP-SCN004-backstop-enabled-41fa58ff,643.000000,4.800000,3.600000,CONSTRAIN,0,0,0,1.000000,3.237990
EXP-SCN004-backstop-enabled-41fa58ff,643.500000,4.800000,3.600000,CONSTRAIN,0,0,0,1.000000,3.236595
EXP-SCN004-backstop-enabled-41fa58ff,644.000000,4.800000,3.600000,CONSTRAIN,0,0,0,1.000000,3.235163
EXP-SCN004-backstop-enabled-41fa58ff,644.500000,4.800000,3.600000,CONSTRAIN,0,0,0,1.000000,3.233763
EXP-SCN004-backstop-enabled-41fa58ff,645.000000,4.800000,3.600000,CONSTRAIN,0,0,0,1.000000,3.232346
EXP-SCN004-backstop-enabled-41fa58ff,645.500000,4.800000,3.600000,CONSTRAIN,0,0,0,1.000000,3.230940
EXP-SCN004-backstop-enabled-41fa58ff,646.000000,4.800000,3.600000,CONSTRAIN,0,0,0,1.000000,3.229411
EXP-SCN004-backstop-enabled-41fa58ff,646.500000,4.800000,3.600000,CONSTRAIN,0,0,0,1.000000,3.227862
EXP-SCN004-backstop-enabled-41fa58ff,647.000000,4.800000,3.600000,CONSTRAIN,0,0,0,1.000000,3.226353
EXP-SCN004-backstop-enabled-41fa58ff,647.500000,4.800000,3.600000,CONSTRAIN,0,0,0,1.000000,3.224910
EXP-SCN004-backstop-enabled-41fa58ff,648.000000,4.800000,3.600000,CONSTRAIN,0,0,0,1.000000,3.223552
EXP-SCN004-backstop-enabled-41fa58ff,648.500000,4.800000,3.600000,CONSTRAIN,0,0,0,1.000000,3.222008
EXP-SCN004-backstop-enabled-41fa58ff,649.000000,4.800000,3.600000,CONSTRAIN,0,0,0,1.000000,3.220429
EXP-SCN004-backstop-enabled-41fa58ff,649.500000,4.800000,3.600000,CONSTRAIN,0,0,0,1.000000,3.219020
EXP-SCN004-backstop-enabled-41fa58ff,650.000000,4.800000,3.600000,CONSTRAIN,0,0,0,1.000000,3.217651
EXP-SCN004-backstop-enabled-41fa58ff,650.500000,4.800000,3.600000,CONSTRAIN,0,0,0,1.000000,3.216170
EXP-SCN004-backstop-enabled-41fa58ff,651.000000,4.800000,3.600000,CONSTRAIN,0,0,0,1.000000,3.214614
EXP-SCN004-backstop-enabled-41fa58ff,651.500000,4.800000,3.600000,CONSTRAIN,0,0,0,1.000000,3.213197
EXP-SCN004-backstop-enabled-41fa58ff,652.000000,4.800000,3.600000,CONSTRAIN,0,0,0,1.000000,3.211603
EXP-SCN004-backstop-enabled-41fa58ff,652.500000,4.800000,3.600000,CONSTRAIN,0,0,0,1.000000,3.210285
EXP-SCN004-backstop-enabled-41fa58ff,653.000000,4.800000,3.600000,CONSTRAIN,0,0,0,1.000000,3.208751
EXP-SCN004-backstop-enabled-41fa58ff,653.500000,4.800000,3.600000,CONSTRAIN,0,0,0,1.000000,3.207308
EXP-SCN004-backstop-enabled-41fa58ff,654.000000,4.800000,3.600000,CONSTRAIN,0,0,0,1.000000,3.205990
EXP-SCN004-backstop-enabled-41fa58ff,654.500000,4.800000,3.600000,CONSTRAIN,0,0,0,1.000000,3.204576
EXP-SCN004-backstop-enabled-41fa58ff,655.000000,4.800000,3.600000,CONSTRAIN,1,1,1,1.000000,3.203124
EXP-SCN004-backstop-enabled-41fa58ff,655.500000,4.800000,3.600000,CONSTRAIN,1,1,1,1.000000,3.205780
EXP-SCN004-backstop-enabled-41fa58ff,656.000000,4.800000,3.600000,CONSTRAIN,1,1,1,1.000000,3.208421
EXP-SCN004-backstop-enabled-41fa58ff,656.500000,4.800000,3.600000,CONSTRAIN,1,1,1,1.000000,3.211280
EXP-SCN004-backstop-enabled-41fa58ff,657.000000,4.800000,3.600000,CONSTRAIN,1,1,1,1.000000,3.213935
EXP-SCN004-backstop-enabled-41fa58ff,657.500000,4.800000,3.600000,CONSTRAIN,1,1,1,1.000000,3.216749
EXP-SCN004-backstop-enabled-41fa58ff,658.000000,4.800000,3.600000,CONSTRAIN,1,1,1,1.000000,3.219379
EXP-SCN004-backstop-enabled-41fa58ff,658.500000,4.800000,3.600000,CONSTRAIN,1,1,1,1.000000,3.222229
EXP-SCN004-backstop-enabled-41fa58ff,659.000000,4.800000,3.600000,CONSTRAIN,1,1,1,1.000000,3.224907
EXP-SCN004-backstop-enabled-41fa58ff,659.500000,4.800000,3.600000,CONSTRAIN,1,1,1,1.000000,3.227697
EXP-SCN004-backstop-enabled-41fa58ff,660.000000,4.800000,3.600000,CONSTRAIN,1,1,1,1.000000,3.230466
EXP-SCN004-backstop-enabled-41fa58ff,660.500000,4.800000,3.600000,CONSTRAIN,1,1,1,1.000000,3.233316
EXP-SCN004-backstop-enabled-41fa58ff,661.000000,4.800000,3.600000,CONSTRAIN,1,1,1,1.000000,3.236083
EXP-SCN004-backstop-enabled-41fa58ff,661.500000,4.800000,3.600000,CONSTRAIN,1,1,1,1.000000,3.238734
EXP-SCN004-backstop-enabled-41fa58ff,662.000000,4.800000,3.600000,CONSTRAIN,1,1,1,1.000000,3.241315
EXP-SCN004-backstop-enabled-41fa58ff,662.500000,4.800000,3.600000,CONSTRAIN,1,1,1,1.000000,3.244147
EXP-SCN004-backstop-enabled-41fa58ff,663.000000,4.800000,3.600000,CONSTRAIN,1,1,1,1.000000,3.247004
EXP-SCN004-backstop-enabled-41fa58ff,663.500000,4.800000,3.600000,CONSTRAIN,1,1,1,1.000000,3.249747
EXP-SCN004-backstop-enabled-41fa58ff,664.000000,4.800000,3.600000,CONSTRAIN,1,1,1,1.000000,3.252484
EXP-SCN004-backstop-enabled-41fa58ff,664.500000,4.800000,3.600000,CONSTRAIN,1,1,1,1.000000,3.255252
EXP-SCN004-backstop-enabled-41fa58ff,665.000000,4.800000,3.600000,CONSTRAIN,1,1,1,1.000000,3.257868
EXP-SCN004-backstop-enabled-41fa58ff,665.500000,4.800000,3.600000,CONSTRAIN,1,1,1,1.000000,3.260656
EXP-SCN004-backstop-enabled-41fa58ff,666.000000,4.800000,3.600000,CONSTRAIN,1,1,1,1.000000,3.263239
EXP-SCN004-backstop-enabled-41fa58ff,666.500000,4.800000,3.600000,CONSTRAIN,1,1,1,1.000000,3.265924
EXP-SCN004-backstop-enabled-41fa58ff,667.000000,4.800000,3.600000,CONSTRAIN,1,1,1,1.000000,3.268495
EXP-SCN004-backstop-enabled-41fa58ff,667.500000,4.800000,3.600000,CONSTRAIN,1,1,1,1.000000,3.271074
EXP-SCN004-backstop-enabled-41fa58ff,668.000000,4.800000,3.600000,CONSTRAIN,1,1,1,1.000000,3.273786
EXP-SCN004-backstop-enabled-41fa58ff,668.500000,4.800000,3.600000,CONSTRAIN,1,1,1,1.000000,3.276330
EXP-SCN004-backstop-enabled-41fa58ff,669.000000,4.800000,3.600000,CONSTRAIN,1,1,1,1.000000,3.278982
EXP-SCN004-backstop-enabled-41fa58ff,669.500000,4.800000,3.600000,CONSTRAIN,1,1,1,1.000000,3.281705
EXP-SCN004-backstop-enabled-41fa58ff,670.000000,4.800000,3.600000,CONSTRAIN,1,1,1,1.000000,3.284288
EXP-SCN004-backstop-enabled-41fa58ff,670.500000,4.800000,3.600000,CONSTRAIN,1,1,1,1.000000,3.286954
EXP-SCN004-backstop-enabled-41fa58ff,671.000000,4.800000,3.600000,CONSTRAIN,1,1,1,1.000000,3.289538
EXP-SCN004-backstop-enabled-41fa58ff,671.500000,4.800000,3.600000,CONSTRAIN,1,1,1,1.000000,3.292098
EXP-SCN004-backstop-enabled-41fa58ff,672.000000,4.800000,3.600000,CONSTRAIN,1,1,1,1.000000,3.294609
EXP-SCN004-backstop-enabled-41fa58ff,672.500000,4.800000,3.600000,CONSTRAIN,1,1,1,1.000000,3.297377
EXP-SCN004-backstop-enabled-41fa58ff,673.000000,4.800000,3.600000,CONSTRAIN,1,1,1,1.000000,3.299962
EXP-SCN004-backstop-enabled-41fa58ff,673.500000,4.800000,3.600000,CONSTRAIN,1,1,1,1.000000,3.302582
EXP-SCN004-backstop-enabled-41fa58ff,674.000000,4.800000,3.600000,CONSTRAIN,1,1,1,1.000000,3.305180
EXP-SCN004-backstop-enabled-41fa58ff,674.500000,4.800000,3.600000,CONSTRAIN,1,1,1,1.000000,3.307807
EXP-SCN004-backstop-enabled-41fa58ff,675.000000,4.800000,3.600000,CONSTRAIN,1,1,1,1.000000,3.310399
EXP-SCN004-backstop-enabled-41fa58ff,675.500000,4.800000,3.600000,CONSTRAIN,1,1,1,1.000000,3.313045
EXP-SCN004-backstop-enabled-41fa58ff,676.000000,4.800000,3.600000,CONSTRAIN,1,1,1,1.000000,3.315702
EXP-SCN004-backstop-enabled-41fa58ff,676.500000,4.800000,3.600000,CONSTRAIN,1,1,1,1.000000,3.318265
EXP-SCN004-backstop-enabled-41fa58ff,677.000000,4.800000,3.600000,CONSTRAIN,1,1,1,1.000000,3.320925
EXP-SCN004-backstop-enabled-41fa58ff,677.500000,4.800000,3.600000,CONSTRAIN,1,1,1,1.000000,3.323418
EXP-SCN004-backstop-enabled-41fa58ff,678.000000,4.800000,3.600000,CONSTRAIN,1,1,1,1.000000,3.325987
EXP-SCN004-backstop-enabled-41fa58ff,678.500000,4.800000,3.600000,CONSTRAIN,1,1,1,1.000000,3.328677
EXP-SCN004-backstop-enabled-41fa58ff,679.000000,4.800000,3.600000,CONSTRAIN,1,1,1,1.000000,3.331154
EXP-SCN004-backstop-enabled-41fa58ff,679.500000,4.800000,3.600000,CONSTRAIN,1,1,1,1.000000,3.333709
EXP-SCN004-backstop-enabled-41fa58ff,680.000000,4.800000,3.600000,CONSTRAIN,1,1,1,1.000000,3.336203
EXP-SCN004-backstop-enabled-41fa58ff,680.500000,4.800000,3.600000,CONSTRAIN,1,1,1,1.000000,3.338934
EXP-SCN004-backstop-enabled-41fa58ff,681.000000,4.800000,3.600000,CONSTRAIN,1,1,1,1.000000,3.341484
EXP-SCN004-backstop-enabled-41fa58ff,681.500000,4.800000,3.600000,CONSTRAIN,1,1,1,1.000000,3.344101
EXP-SCN004-backstop-enabled-41fa58ff,682.000000,4.800000,3.600000,CONSTRAIN,1,1,1,1.000000,3.346564
EXP-SCN004-backstop-enabled-41fa58ff,682.500000,4.800000,3.600000,CONSTRAIN,1,1,1,1.000000,3.349237
EXP-SCN004-backstop-enabled-41fa58ff,683.000000,4.800000,3.600000,CONSTRAIN,1,1,1,1.000000,3.351819
EXP-SCN004-backstop-enabled-41fa58ff,683.500000,4.800000,3.600000,CONSTRAIN,1,1,1,1.000000,3.354341
EXP-SCN004-backstop-enabled-41fa58ff,684.000000,4.800000,3.600000,CONSTRAIN,1,1,1,1.000000,3.356777
EXP-SCN004-backstop-enabled-41fa58ff,684.500000,4.800000,3.600000,CONSTRAIN,1,1,1,1.000000,3.359304
EXP-SCN004-backstop-enabled-41fa58ff,685.000000,4.800000,3.600000,CONSTRAIN,1,1,1,1.000000,3.361904
EXP-SCN004-backstop-enabled-41fa58ff,685.500000,4.800000,3.600000,CONSTRAIN,1,1,1,1.000000,3.364561
EXP-SCN004-backstop-enabled-41fa58ff,686.000000,4.800000,3.600000,CONSTRAIN,1,1,1,1.000000,3.367122
EXP-SCN004-backstop-enabled-41fa58ff,686.500000,4.800000,3.600000,CONSTRAIN,1,1,1,1.000000,3.369595
EXP-SCN004-backstop-enabled-41fa58ff,687.000000,4.800000,3.600000,CONSTRAIN,1,1,1,1.000000,3.372113
EXP-SCN004-backstop-enabled-41fa58ff,687.500000,4.800000,3.600000,CONSTRAIN,1,1,1,1.000000,3.374656
EXP-SCN004-backstop-enabled-41fa58ff,688.000000,4.800000,3.600000,CONSTRAIN,1,1,1,1.000000,3.377232
EXP-SCN004-backstop-enabled-41fa58ff,688.500000,4.800000,3.600000,CONSTRAIN,1,1,1,1.000000,3.379844
EXP-SCN004-backstop-enabled-41fa58ff,689.000000,4.800000,3.600000,CONSTRAIN,1,1,1,1.000000,3.382457
EXP-SCN004-backstop-enabled-41fa58ff,689.500000,4.800000,3.600000,CONSTRAIN,1,1,1,1.000000,3.385125
EXP-SCN004-backstop-enabled-41fa58ff,690.000000,4.800000,3.600000,CONSTRAIN,1,1,1,1.000000,3.387575
EXP-SCN004-backstop-enabled-41fa58ff,690.500000,4.800000,3.600000,CONSTRAIN,1,1,1,1.000000,3.390081
EXP-SCN004-backstop-enabled-41fa58ff,691.000000,4.800000,3.600000,CONSTRAIN,1,1,1,1.000000,3.392656
EXP-SCN004-backstop-enabled-41fa58ff,691.500000,4.800000,3.600000,CONSTRAIN,1,1,1,1.000000,3.395125
EXP-SCN004-backstop-enabled-41fa58ff,692.000000,4.800000,3.600000,CONSTRAIN,1,1,1,1.000000,3.397729
EXP-SCN004-backstop-enabled-41fa58ff,692.500000,4.800000,3.600000,CONSTRAIN,1,1,1,1.000000,3.400279
EXP-SCN004-backstop-enabled-41fa58ff,693.000000,4.800000,3.600000,CONSTRAIN,1,1,1,1.000000,3.402826
EXP-SCN004-backstop-enabled-41fa58ff,693.500000,4.800000,3.600000,CONSTRAIN,1,1,1,1.000000,3.405275
EXP-SCN004-backstop-enabled-41fa58ff,694.000000,4.800000,3.600000,CONSTRAIN,1,1,1,1.000000,3.407714
EXP-SCN004-backstop-enabled-41fa58ff,694.500000,4.800000,3.600000,CONSTRAIN,1,1,1,1.000000,3.410230
EXP-SCN004-backstop-enabled-41fa58ff,695.000000,4.800000,3.600000,CONSTRAIN,1,1,1,1.000000,3.412833
EXP-SCN004-backstop-enabled-41fa58ff,695.500000,4.800000,3.600000,CONSTRAIN,1,1,1,1.000000,3.415268
EXP-SCN004-backstop-enabled-41fa58ff,696.000000,4.800000,3.600000,CONSTRAIN,1,1,1,1.000000,3.417864
EXP-SCN004-backstop-enabled-41fa58ff,696.500000,4.800000,3.600000,CONSTRAIN,1,1,1,1.000000,3.420375
EXP-SCN004-backstop-enabled-41fa58ff,697.000000,4.800000,3.600000,CONSTRAIN,1,1,1,1.000000,3.422909
EXP-SCN004-backstop-enabled-41fa58ff,697.500000,4.800000,3.600000,CONSTRAIN,1,1,1,1.000000,3.425324
EXP-SCN004-backstop-enabled-41fa58ff,698.000000,4.800000,3.600000,CONSTRAIN,1,1,1,1.000000,3.427736
EXP-SCN004-backstop-enabled-41fa58ff,698.500000,4.800000,3.600000,CONSTRAIN,1,1,1,1.000000,3.430273
EXP-SCN004-backstop-enabled-41fa58ff,699.000000,4.800000,3.600000,CONSTRAIN,1,1,1,1.000000,3.432636
EXP-SCN004-backstop-enabled-41fa58ff,699.500000,4.800000,3.600000,CONSTRAIN,1,1,1,1.000000,3.435203
EXP-SCN004-backstop-enabled-41fa58ff,700.000000,4.800000,3.600000,CONSTRAIN,1,1,1,1.000000,3.437613
EXP-SCN004-backstop-enabled-41fa58ff,700.500000,4.800000,3.600000,CONSTRAIN,1,1,1,1.000000,3.440141
EXP-SCN004-backstop-enabled-41fa58ff,701.000000,4.800000,3.600000,CONSTRAIN,1,1,1,1.000000,3.442741
EXP-SCN004-backstop-enabled-41fa58ff,701.500000,4.800000,3.600000,CONSTRAIN,1,1,1,1.000000,3.445340
EXP-SCN004-backstop-enabled-41fa58ff,702.000000,4.800000,3.600000,CONSTRAIN,1,1,1,1.000000,3.447756
EXP-SCN004-backstop-enabled-41fa58ff,702.500000,4.800000,3.600000,CONSTRAIN,1,1,1,1.000000,3.450114
EXP-SCN004-backstop-enabled-41fa58ff,703.000000,4.800000,3.600000,CONSTRAIN,1,1,1,1.000000,3.452438
EXP-SCN004-backstop-enabled-41fa58ff,703.500000,4.800000,3.600000,CONSTRAIN,1,1,1,1.000000,3.454777
EXP-SCN004-backstop-enabled-41fa58ff,704.000000,4.800000,3.600000,CONSTRAIN,1,1,1,1.000000,3.457096
EXP-SCN004-backstop-enabled-41fa58ff,704.500000,4.800000,3.600000,CONSTRAIN,1,1,1,1.000000,3.459450
EXP-SCN004-backstop-enabled-41fa58ff,705.000000,4.800000,3.600000,CONSTRAIN,1,1,1,1.000000,3.461749
EXP-SCN004-backstop-enabled-41fa58ff,705.500000,4.800000,3.600000,CONSTRAIN,1,1,1,1.000000,3.464086
EXP-SCN004-backstop-enabled-41fa58ff,706.000000,4.800000,3.600000,CONSTRAIN,1,1,1,1.000000,3.466553
EXP-SCN004-backstop-enabled-41fa58ff,706.500000,4.800000,3.600000,CONSTRAIN,1,1,1,1.000000,3.469082
EXP-SCN004-backstop-enabled-41fa58ff,707.000000,4.800000,3.600000,CONSTRAIN,1,1,1,1.000000,3.471484
EXP-SCN004-backstop-enabled-41fa58ff,707.500000,4.800000,3.600000,CONSTRAIN,1,1,1,1.000000,3.473882
EXP-SCN004-backstop-enabled-41fa58ff,708.000000,4.800000,3.600000,CONSTRAIN,1,1,1,1.000000,3.476406
EXP-SCN004-backstop-enabled-41fa58ff,708.500000,4.800000,3.600000,CONSTRAIN,1,1,1,1.000000,3.478782
EXP-SCN004-backstop-enabled-41fa58ff,709.000000,4.800000,3.600000,CONSTRAIN,1,1,1,1.000000,3.481118
EXP-SCN004-backstop-enabled-41fa58ff,709.500000,4.800000,3.600000,CONSTRAIN,1,1,1,1.000000,3.483621
EXP-SCN004-backstop-enabled-41fa58ff,710.000000,4.800000,3.600000,CONSTRAIN,1,1,1,1.000000,3.486145
EXP-SCN004-backstop-enabled-41fa58ff,710.500000,4.800000,3.600000,CONSTRAIN,1,1,1,1.000000,3.488603
EXP-SCN004-backstop-enabled-41fa58ff,711.000000,4.800000,3.600000,CONSTRAIN,1,1,1,1.000000,3.491010
EXP-SCN004-backstop-enabled-41fa58ff,711.500000,4.800000,3.600000,CONSTRAIN,1,1,1,1.000000,3.493523
EXP-SCN004-backstop-enabled-41fa58ff,712.000000,4.800000,3.600000,CONSTRAIN,1,1,1,1.000000,3.495792
EXP-SCN004-backstop-enabled-41fa58ff,712.500000,4.800000,3.600000,CONSTRAIN,1,1,1,1.000000,3.498081
EXP-SCN004-backstop-enabled-41fa58ff,713.000000,4.800000,3.600000,CONSTRAIN,1,1,1,1.000000,3.500351
EXP-SCN004-backstop-enabled-41fa58ff,713.500000,4.800000,3.600000,CONSTRAIN,1,1,1,1.000000,3.502769
EXP-SCN004-backstop-enabled-41fa58ff,714.000000,4.800000,3.600000,CONSTRAIN,1,1,1,1.000000,3.505244
EXP-SCN004-backstop-enabled-41fa58ff,714.500000,4.800000,3.600000,CONSTRAIN,1,1,1,1.000000,3.507570
EXP-SCN004-backstop-enabled-41fa58ff,715.000000,4.800000,3.600000,CONSTRAIN,1,1,1,1.000000,3.510042
EXP-SCN004-backstop-enabled-41fa58ff,715.500000,4.800000,3.600000,CONSTRAIN,1,1,1,1.000000,3.512407
EXP-SCN004-backstop-enabled-41fa58ff,716.000000,4.800000,3.600000,CONSTRAIN,1,1,1,1.000000,3.514772
EXP-SCN004-backstop-enabled-41fa58ff,716.500000,4.800000,3.600000,CONSTRAIN,1,1,1,1.000000,3.517179
EXP-SCN004-backstop-enabled-41fa58ff,717.000000,4.800000,3.600000,CONSTRAIN,1,1,1,1.000000,3.519615
EXP-SCN004-backstop-enabled-41fa58ff,717.500000,4.800000,3.600000,CONSTRAIN,1,1,1,1.000000,3.522055
EXP-SCN004-backstop-enabled-41fa58ff,718.000000,4.800000,3.600000,CONSTRAIN,1,1,1,1.000000,3.524305
EXP-SCN004-backstop-enabled-41fa58ff,718.500000,4.800000,3.600000,CONSTRAIN,1,1,1,1.000000,3.526735
EXP-SCN004-backstop-enabled-41fa58ff,719.000000,4.800000,3.600000,CONSTRAIN,1,1,1,1.000000,3.529120
EXP-SCN004-backstop-enabled-41fa58ff,719.500000,4.800000,3.600000,CONSTRAIN,1,1,1,1.000000,3.531588
EXP-SCN004-backstop-enabled-41fa58ff,720.000000,4.800000,3.600000,CONSTRAIN,1,1,1,1.000000,3.533907
EXP-SCN004-backstop-enabled-41fa58ff,720.500000,4.800000,3.600000,CONSTRAIN,1,1,1,1.000000,3.536273
EXP-SCN004-backstop-enabled-41fa58ff,721.000000,4.800000,3.600000,CONSTRAIN,1,1,1,1.000000,3.538627
EXP-SCN004-backstop-enabled-41fa58ff,721.500000,4.800000,3.600000,CONSTRAIN,1,1,1,1.000000,3.540944
EXP-SCN004-backstop-enabled-41fa58ff,722.000000,4.800000,3.600000,CONSTRAIN,1,1,1,1.000000,3.543346
EXP-SCN004-backstop-enabled-41fa58ff,722.500000,4.800000,3.600000,CONSTRAIN,1,1,1,1.000000,3.545729
EXP-SCN004-backstop-enabled-41fa58ff,723.000000,4.800000,3.600000,CONSTRAIN,1,1,1,1.000000,3.547973
EXP-SCN004-backstop-enabled-41fa58ff,723.500000,4.800000,3.600000,CONSTRAIN,1,1,1,1.000000,3.550218
EXP-SCN004-backstop-enabled-41fa58ff,724.000000,4.800000,3.600000,CONSTRAIN,1,1,1,1.000000,3.552410
EXP-SCN004-backstop-enabled-41fa58ff,724.500000,4.800000,3.600000,CONSTRAIN,1,1,1,1.000000,3.554779
EXP-SCN004-backstop-enabled-41fa58ff,725.000000,4.800000,3.600000,CONSTRAIN,1,1,1,1.000000,3.557228
EXP-SCN004-backstop-enabled-41fa58ff,725.500000,4.800000,3.600000,CONSTRAIN,1,1,1,1.000000,3.559666
EXP-SCN004-backstop-enabled-41fa58ff,726.000000,4.800000,3.600000,CONSTRAIN,1,1,1,1.000000,3.561968
EXP-SCN004-backstop-enabled-41fa58ff,726.500000,4.800000,3.600000,CONSTRAIN,1,1,1,1.000000,3.564221
EXP-SCN004-backstop-enabled-41fa58ff,727.000000,4.800000,3.600000,CONSTRAIN,1,1,1,1.000000,3.566516
EXP-SCN004-backstop-enabled-41fa58ff,727.500000,4.800000,3.600000,CONSTRAIN,1,1,1,1.000000,3.568852
EXP-SCN004-backstop-enabled-41fa58ff,728.000000,4.800000,3.600000,CONSTRAIN,1,1,1,1.000000,3.571197
EXP-SCN004-backstop-enabled-41fa58ff,728.500000,4.800000,3.600000,CONSTRAIN,1,1,1,1.000000,3.573406
EXP-SCN004-backstop-enabled-41fa58ff,729.000000,4.800000,3.600000,CONSTRAIN,1,1,1,1.000000,3.575565
EXP-SCN004-backstop-enabled-41fa58ff,729.500000,4.800000,3.600000,CONSTRAIN,1,1,1,1.000000,3.577871
EXP-SCN004-backstop-enabled-41fa58ff,730.000000,4.800000,3.600000,CONSTRAIN,1,1,1,1.000000,3.580123
EXP-SCN004-backstop-enabled-41fa58ff,730.500000,4.800000,3.600000,CONSTRAIN,1,1,1,1.000000,3.582266
EXP-SCN004-backstop-enabled-41fa58ff,731.000000,4.800000,3.600000,CONSTRAIN,1,1,1,1.000000,3.584643
EXP-SCN004-backstop-enabled-41fa58ff,731.500000,4.800000,3.600000,CONSTRAIN,1,1,1,1.000000,3.586820
EXP-SCN004-backstop-enabled-41fa58ff,732.000000,4.800000,3.600000,CONSTRAIN,1,1,1,1.000000,3.589099
EXP-SCN004-backstop-enabled-41fa58ff,732.500000,4.800000,3.600000,CONSTRAIN,1,1,1,1.000000,3.591399
EXP-SCN004-backstop-enabled-41fa58ff,733.000000,4.800000,3.600000,CONSTRAIN,1,1,1,1.000000,3.593715
EXP-SCN004-backstop-enabled-41fa58ff,733.500000,4.800000,3.600000,CONSTRAIN,1,1,1,1.000000,3.596018
EXP-SCN004-backstop-enabled-41fa58ff,734.000000,4.800000,3.600000,CONSTRAIN,1,1,1,1.000000,3.598252
EXP-SCN004-backstop-enabled-41fa58ff,734.500000,4.800000,3.600000,CONSTRAIN,1,1,1,1.000000,3.600606
EXP-SCN004-backstop-enabled-41fa58ff,735.000000,4.800000,3.600000,CONSTRAIN,1,1,1,1.000000,3.602948
EXP-SCN004-backstop-enabled-41fa58ff,735.500000,4.800000,3.600000,CONSTRAIN,1,1,1,1.000000,3.605314
EXP-SCN004-backstop-enabled-41fa58ff,736.000000,4.800000,3.600000,CONSTRAIN,1,1,1,1.000000,3.607683
EXP-SCN004-backstop-enabled-41fa58ff,736.500000,4.800000,3.600000,CONSTRAIN,1,1,1,1.000000,3.610041
EXP-SCN004-backstop-enabled-41fa58ff,737.000000,4.800000,3.600000,CONSTRAIN,1,1,1,1.000000,3.612368
EXP-SCN004-backstop-enabled-41fa58ff,737.500000,4.800000,3.600000,CONSTRAIN,1,1,1,1.000000,3.614480
EXP-SCN004-backstop-enabled-41fa58ff,738.000000,4.800000,3.600000,CONSTRAIN,1,1,1,1.000000,3.616611
EXP-SCN004-backstop-enabled-41fa58ff,738.500000,4.800000,3.600000,CONSTRAIN,1,1,1,1.000000,3.618837
EXP-SCN004-backstop-enabled-41fa58ff,739.000000,4.800000,3.600000,CONSTRAIN,1,1,1,1.000000,3.621173
EXP-SCN004-backstop-enabled-41fa58ff,739.500000,4.800000,3.600000,CONSTRAIN,1,1,1,1.000000,3.623473
EXP-SCN004-backstop-enabled-41fa58ff,740.000000,4.800000,3.600000,CONSTRAIN,1,1,1,1.000000,3.625587
EXP-SCN004-backstop-enabled-41fa58ff,740.500000,4.800000,3.600000,CONSTRAIN,1,1,1,1.000000,3.627802
EXP-SCN004-backstop-enabled-41fa58ff,741.000000,4.800000,3.600000,CONSTRAIN,1,1,1,1.000000,3.629943
EXP-SCN004-backstop-enabled-41fa58ff,741.500000,4.800000,3.600000,CONSTRAIN,1,1,1,1.000000,3.632072
EXP-SCN004-backstop-enabled-41fa58ff,742.000000,4.800000,3.600000,CONSTRAIN,1,1,1,1.000000,3.634356
EXP-SCN004-backstop-enabled-41fa58ff,742.500000,4.800000,3.600000,CONSTRAIN,1,1,1,1.000000,3.636534
EXP-SCN004-backstop-enabled-41fa58ff,743.000000,4.800000,3.600000,CONSTRAIN,1,1,1,1.000000,3.638836
EXP-SCN004-backstop-enabled-41fa58ff,743.500000,4.800000,3.600000,CONSTRAIN,1,1,1,1.000000,3.640953
EXP-SCN004-backstop-enabled-41fa58ff,744.000000,4.800000,3.600000,CONSTRAIN,1,1,1,1.000000,3.643110
EXP-SCN004-backstop-enabled-41fa58ff,744.500000,4.800000,3.600000,CONSTRAIN,1,1,1,1.000000,3.645443
EXP-SCN004-backstop-enabled-41fa58ff,745.000000,4.800000,3.600000,CONSTRAIN,1,1,1,1.000000,3.647597
EXP-SCN004-backstop-enabled-41fa58ff,745.500000,4.800000,3.600000,CONSTRAIN,1,1,1,1.000000,3.649710
EXP-SCN004-backstop-enabled-41fa58ff,746.000000,4.800000,3.600000,CONSTRAIN,1,1,1,1.000000,3.652026
EXP-SCN004-backstop-enabled-41fa58ff,746.500000,4.800000,3.600000,CONSTRAIN,1,1,1,1.000000,3.654278
EXP-SCN004-backstop-enabled-41fa58ff,747.000000,4.800000,3.600000,CONSTRAIN,1,1,1,1.000000,3.656384
EXP-SCN004-backstop-enabled-41fa58ff,747.500000,4.800000,3.600000,CONSTRAIN,1,1,1,1.000000,3.658612
EXP-SCN004-backstop-enabled-41fa58ff,748.000000,4.800000,3.600000,CONSTRAIN,1,1,1,1.000000,3.660858
EXP-SCN004-backstop-enabled-41fa58ff,748.500000,4.800000,3.600000,CONSTRAIN,1,1,1,1.000000,3.663099
EXP-SCN004-backstop-enabled-41fa58ff,749.000000,4.800000,3.600000,CONSTRAIN,1,1,1,1.000000,3.665409
EXP-SCN004-backstop-enabled-41fa58ff,749.500000,4.800000,3.600000,CONSTRAIN,1,1,1,1.000000,3.667456
EXP-SCN004-backstop-enabled-41fa58ff,750.000000,4.800000,3.600000,CONSTRAIN,1,1,1,1.000000,3.669721
EXP-SCN004-backstop-enabled-41fa58ff,750.500000,4.800000,3.600000,CONSTRAIN,1,1,1,1.000000,3.671901
EXP-SCN004-backstop-enabled-41fa58ff,751.000000,4.800000,3.600000,CONSTRAIN,1,1,1,1.000000,3.674202
EXP-SCN004-backstop-enabled-41fa58ff,751.500000,4.800000,3.600000,CONSTRAIN,1,1,1,1.000000,3.676408
EXP-SCN004-backstop-enabled-41fa58ff,752.000000,4.800000,3.600000,CONSTRAIN,1,1,1,1.000000,3.678456
EXP-SCN004-backstop-enabled-41fa58ff,752.500000,4.800000,3.600000,CONSTRAIN,1,1,1,1.000000,3.680635
EXP-SCN004-backstop-enabled-41fa58ff,753.000000,4.800000,3.600000,CONSTRAIN,1,1,1,1.000000,3.682731
EXP-SCN004-backstop-enabled-41fa58ff,753.500000,4.800000,3.600000,CONSTRAIN,1,1,1,1.000000,3.684922
EXP-SCN004-backstop-enabled-41fa58ff,754.000000,4.800000,3.600000,CONSTRAIN,1,1,1,1.000000,3.687129
EXP-SCN004-backstop-enabled-41fa58ff,754.500000,4.800000,3.600000,CONSTRAIN,1,1,1,1.000000,3.689280
EXP-SCN004-backstop-enabled-41fa58ff,755.000000,4.800000,3.600000,CONSTRAIN,1,1,1,1.000000,3.691358
EXP-SCN004-backstop-enabled-41fa58ff,755.500000,4.800000,3.600000,CONSTRAIN,1,1,1,1.000000,3.693515
EXP-SCN004-backstop-enabled-41fa58ff,756.000000,4.800000,3.600000,CONSTRAIN,1,1,1,1.000000,3.695639
EXP-SCN004-backstop-enabled-41fa58ff,756.500000,4.800000,3.600000,CONSTRAIN,1,1,1,1.000000,3.697888
EXP-SCN004-backstop-enabled-41fa58ff,757.000000,4.800000,3.600000,CONSTRAIN,1,1,1,1.000000,3.700099
EXP-SCN004-backstop-enabled-41fa58ff,757.500000,4.800000,3.600000,CONSTRAIN,1,1,1,1.000000,3.702162
EXP-SCN004-backstop-enabled-41fa58ff,758.000000,4.800000,3.600000,CONSTRAIN,1,1,1,1.000000,3.704175
EXP-SCN004-backstop-enabled-41fa58ff,758.500000,4.800000,3.600000,CONSTRAIN,1,1,1,1.000000,3.706389
EXP-SCN004-backstop-enabled-41fa58ff,759.000000,4.800000,3.600000,CONSTRAIN,1,1,1,1.000000,3.708385
EXP-SCN004-backstop-enabled-41fa58ff,759.500000,4.800000,3.600000,CONSTRAIN,1,1,1,1.000000,3.710562
EXP-SCN004-backstop-enabled-41fa58ff,760.000000,4.800000,3.600000,CONSTRAIN,1,1,1,1.000000,3.712762
EXP-SCN004-backstop-enabled-41fa58ff,760.500000,4.800000,3.600000,CONSTRAIN,1,1,1,1.000000,3.714845
EXP-SCN004-backstop-enabled-41fa58ff,761.000000,4.800000,3.600000,CONSTRAIN,1,1,1,1.000000,3.716893
EXP-SCN004-backstop-enabled-41fa58ff,761.500000,4.800000,3.600000,CONSTRAIN,1,1,1,1.000000,3.719101
EXP-SCN004-backstop-enabled-41fa58ff,762.000000,4.800000,3.600000,CONSTRAIN,1,1,1,1.000000,3.721251
EXP-SCN004-backstop-enabled-41fa58ff,762.500000,4.800000,3.600000,CONSTRAIN,1,1,1,1.000000,3.723350
EXP-SCN004-backstop-enabled-41fa58ff,763.000000,4.800000,3.600000,CONSTRAIN,1,1,1,1.000000,3.725595
EXP-SCN004-backstop-enabled-41fa58ff,763.500000,4.800000,3.600000,CONSTRAIN,1,1,1,1.000000,3.727720
EXP-SCN004-backstop-enabled-41fa58ff,764.000000,4.800000,3.600000,CONSTRAIN,1,1,1,1.000000,3.729932
EXP-SCN004-backstop-enabled-41fa58ff,764.500000,4.800000,3.600000,CONSTRAIN,1,1,1,1.000000,3.732161
EXP-SCN004-backstop-enabled-41fa58ff,765.000000,4.800000,3.600000,CONSTRAIN,1,1,1,1.000000,3.734330
EXP-SCN004-backstop-enabled-41fa58ff,765.500000,4.800000,3.600000,CONSTRAIN,1,1,1,1.000000,3.736326
EXP-SCN004-backstop-enabled-41fa58ff,766.000000,4.800000,3.600000,CONSTRAIN,1,1,1,1.000000,3.738427
EXP-SCN004-backstop-enabled-41fa58ff,766.500000,4.800000,3.600000,CONSTRAIN,1,1,1,1.000000,3.740456
EXP-SCN004-backstop-enabled-41fa58ff,767.000000,4.800000,3.600000,CONSTRAIN,1,1,1,1.000000,3.742458
EXP-SCN004-backstop-enabled-41fa58ff,767.500000,4.800000,3.600000,CONSTRAIN,1,1,1,1.000000,3.744634
EXP-SCN004-backstop-enabled-41fa58ff,768.000000,4.800000,3.600000,CONSTRAIN,1,1,1,1.000000,3.746789
EXP-SCN004-backstop-enabled-41fa58ff,768.500000,4.800000,3.600000,CONSTRAIN,1,1,1,1.000000,3.748950
EXP-SCN004-backstop-enabled-41fa58ff,769.000000,4.800000,3.600000,CONSTRAIN,1,1,1,1.000000,3.751122
EXP-SCN004-backstop-enabled-41fa58ff,769.500000,4.800000,3.600000,CONSTRAIN,1,1,1,1.000000,3.753070
EXP-SCN004-backstop-enabled-41fa58ff,770.000000,4.800000,3.600000,CONSTRAIN,1,1,1,1.000000,3.755247
EXP-SCN004-backstop-enabled-41fa58ff,770.500000,4.800000,3.600000,CONSTRAIN,1,1,1,1.000000,3.757337
EXP-SCN004-backstop-enabled-41fa58ff,771.000000,4.800000,3.600000,CONSTRAIN,1,1,1,1.000000,3.759273
EXP-SCN004-backstop-enabled-41fa58ff,771.500000,4.800000,3.600000,CONSTRAIN,1,1,1,1.000000,3.761447
EXP-SCN004-backstop-enabled-41fa58ff,772.000000,4.800000,3.600000,CONSTRAIN,1,1,1,1.000000,3.763579
EXP-SCN004-backstop-enabled-41fa58ff,772.500000,4.800000,3.600000,CONSTRAIN,1,1,1,1.000000,3.765768
EXP-SCN004-backstop-enabled-41fa58ff,773.000000,4.800000,3.600000,CONSTRAIN,1,1,1,1.000000,3.767772
EXP-SCN004-backstop-enabled-41fa58ff,773.500000,4.800000,3.600000,CONSTRAIN,1,1,1,1.000000,3.769958
EXP-SCN004-backstop-enabled-41fa58ff,774.000000,4.800000,3.600000,CONSTRAIN,1,1,1,1.000000,3.772056
EXP-SCN004-backstop-enabled-41fa58ff,774.500000,4.800000,3.600000,CONSTRAIN,1,1,1,1.000000,3.774076
EXP-SCN004-backstop-enabled-41fa58ff,775.000000,4.800000,3.600000,CONSTRAIN,1,1,1,1.000000,3.776173
EXP-SCN004-backstop-enabled-41fa58ff,775.500000,4.800000,3.600000,CONSTRAIN,1,1,1,1.000000,3.778121
EXP-SCN004-backstop-enabled-41fa58ff,776.000000,4.800000,3.600000,CONSTRAIN,1,1,1,1.000000,3.780221
EXP-SCN004-backstop-enabled-41fa58ff,776.500000,4.800000,3.600000,CONSTRAIN,1,1,1,1.000000,3.782362
EXP-SCN004-backstop-enabled-41fa58ff,777.000000,4.800000,3.600000,CONSTRAIN,1,1,1,1.000000,3.784426
EXP-SCN004-backstop-enabled-41fa58ff,777.500000,4.800000,3.600000,CONSTRAIN,1,1,1,1.000000,3.786477
EXP-SCN004-backstop-enabled-41fa58ff,778.000000,4.800000,3.600000,CONSTRAIN,1,1,1,1.000000,3.788622
EXP-SCN004-backstop-enabled-41fa58ff,778.500000,4.800000,3.600000,CONSTRAIN,1,1,1,1.000000,3.790558
EXP-SCN004-backstop-enabled-41fa58ff,779.000000,4.800000,3.600000,CONSTRAIN,1,1,1,1.000000,3.792598
EXP-SCN004-backstop-enabled-41fa58ff,779.500000,4.800000,3.600000,CONSTRAIN,1,1,1,1.000000,3.794643
EXP-SCN004-backstop-enabled-41fa58ff,780.000000,4.800000,3.600000,CONSTRAIN,1,1,1,1.000000,3.796662
EXP-SCN004-backstop-enabled-41fa58ff,780.500000,4.800000,3.600000,CONSTRAIN,1,1,1,1.000000,3.798640
EXP-SCN004-backstop-enabled-41fa58ff,781.000000,4.800000,3.600000,CONSTRAIN,1,1,1,1.000000,3.800604
EXP-SCN004-backstop-enabled-41fa58ff,781.500000,4.800000,3.600000,CONSTRAIN,1,1,1,1.000000,3.802707
EXP-SCN004-backstop-enabled-41fa58ff,782.000000,4.800000,3.600000,CONSTRAIN,1,1,1,1.000000,3.804796
EXP-SCN004-backstop-enabled-41fa58ff,782.500000,4.800000,3.600000,CONSTRAIN,1,1,1,1.000000,3.806867
EXP-SCN004-backstop-enabled-41fa58ff,783.000000,4.800000,3.600000,CONSTRAIN,1,1,1,1.000000,3.808732
EXP-SCN004-backstop-enabled-41fa58ff,783.500000,4.800000,3.600000,CONSTRAIN,1,1,1,1.000000,3.810758
EXP-SCN004-backstop-enabled-41fa58ff,784.000000,4.800000,3.600000,CONSTRAIN,1,1,1,1.000000,3.812702
EXP-SCN004-backstop-enabled-41fa58ff,784.500000,4.800000,3.600000,CONSTRAIN,1,1,1,1.000000,3.814821
EXP-SCN004-backstop-enabled-41fa58ff,785.000000,4.800000,3.600000,CONSTRAIN,1,1,1,1.000000,3.816731
EXP-SCN004-backstop-enabled-41fa58ff,785.500000,4.800000,3.600000,CONSTRAIN,1,1,1,1.000000,3.818730
EXP-SCN004-backstop-enabled-41fa58ff,786.000000,4.800000,3.600000,CONSTRAIN,1,1,1,1.000000,3.820743
EXP-SCN004-backstop-enabled-41fa58ff,786.500000,4.800000,3.600000,CONSTRAIN,1,1,1,1.000000,3.822640
EXP-SCN004-backstop-enabled-41fa58ff,787.000000,4.800000,3.600000,CONSTRAIN,1,1,1,1.000000,3.824627
EXP-SCN004-backstop-enabled-41fa58ff,787.500000,4.800000,3.600000,CONSTRAIN,1,1,1,1.000000,3.826456
EXP-SCN004-backstop-enabled-41fa58ff,788.000000,4.800000,3.600000,CONSTRAIN,1,1,1,1.000000,3.828297
EXP-SCN004-backstop-enabled-41fa58ff,788.500000,4.800000,3.600000,CONSTRAIN,1,1,1,1.000000,3.830193
EXP-SCN004-backstop-enabled-41fa58ff,789.000000,4.800000,3.600000,CONSTRAIN,1,1,1,1.000000,3.832104
EXP-SCN004-backstop-enabled-41fa58ff,789.500000,4.800000,3.600000,CONSTRAIN,1,1,1,1.000000,3.833959
EXP-SCN004-backstop-enabled-41fa58ff,790.000000,4.800000,3.600000,CONSTRAIN,1,1,1,1.000000,3.835859
EXP-SCN004-backstop-enabled-41fa58ff,790.500000,4.800000,3.600000,CONSTRAIN,1,1,1,1.000000,3.837683
EXP-SCN004-backstop-enabled-41fa58ff,791.000000,4.800000,3.600000,CONSTRAIN,1,1,1,1.000000,3.839587
EXP-SCN004-backstop-enabled-41fa58ff,791.500000,4.800000,3.600000,CONSTRAIN,1,1,1,1.000000,3.841618
EXP-SCN004-backstop-enabled-41fa58ff,792.000000,4.800000,3.600000,CONSTRAIN,1,1,1,1.000000,3.843515
EXP-SCN004-backstop-enabled-41fa58ff,792.500000,4.800000,3.600000,CONSTRAIN,1,1,1,1.000000,3.845563
EXP-SCN004-backstop-enabled-41fa58ff,793.000000,4.800000,3.600000,CONSTRAIN,1,1,1,1.000000,3.847386
EXP-SCN004-backstop-enabled-41fa58ff,793.500000,4.800000,3.600000,CONSTRAIN,1,1,1,1.000000,3.849465
EXP-SCN004-backstop-enabled-41fa58ff,794.000000,4.800000,3.600000,CONSTRAIN,1,1,1,1.000000,3.851270
EXP-SCN004-backstop-enabled-41fa58ff,794.500000,4.800000,3.600000,CONSTRAIN,1,1,1,1.000000,3.853263
EXP-SCN004-backstop-enabled-41fa58ff,795.000000,4.800000,3.600000,CONSTRAIN,1,1,1,1.000000,3.855316
EXP-SCN004-backstop-enabled-41fa58ff,795.500000,4.800000,3.600000,CONSTRAIN,1,1,1,1.000000,3.857207
EXP-SCN004-backstop-enabled-41fa58ff,796.000000,4.800000,3.600000,CONSTRAIN,1,1,1,1.000000,3.859192
EXP-SCN004-backstop-enabled-41fa58ff,796.500000,4.800000,3.600000,CONSTRAIN,1,1,1,1.000000,3.861079
EXP-SCN004-backstop-enabled-41fa58ff,797.000000,4.800000,3.600000,CONSTRAIN,1,1,1,1.000000,3.863023
EXP-SCN004-backstop-enabled-41fa58ff,797.500000,4.800000,3.600000,CONSTRAIN,1,1,1,1.000000,3.864969
EXP-SCN004-backstop-enabled-41fa58ff,798.000000,4.800000,3.600000,CONSTRAIN,1,1,1,1.000000,3.866898
EXP-SCN004-backstop-enabled-41fa58ff,798.500000,4.800000,3.600000,CONSTRAIN,1,1,1,1.000000,3.868817
EXP-SCN004-backstop-enabled-41fa58ff,799.000000,4.800000,3.600000,CONSTRAIN,1,1,1,1.000000,3.870783
EXP-SCN004-backstop-enabled-41fa58ff,799.500000,4.800000,3.600000,CONSTRAIN,1,1,1,1.000000,3.872707
EXP-SCN004-backstop-enabled-41fa58ff,800.000000,4.800000,3.600000,CONSTRAIN,1,1,1,1.000000,3.874484
EXP-SCN004-backstop-enabled-41fa58ff,800.500000,4.800000,3.600000,CONSTRAIN,1,1,1,1.000000,3.876257
EXP-SCN004-backstop-enabled-41fa58ff,801.000000,4.800000,3.600000,CONSTRAIN,1,1,1,1.000000,3.878296
EXP-SCN004-backstop-enabled-41fa58ff,801.500000,4.800000,3.600000,CONSTRAIN,1,1,1,1.000000,3.880173
EXP-SCN004-backstop-enabled-41fa58ff,802.000000,4.800000,3.600000,CONSTRAIN,1,1,1,1.000000,3.882152
EXP-SCN004-backstop-enabled-41fa58ff,802.500000,4.800000,3.600000,CONSTRAIN,1,1,1,1.000000,3.884133
EXP-SCN004-backstop-enabled-41fa58ff,803.000000,4.800000,3.600000,CONSTRAIN,1,1,1,1.000000,3.886150
EXP-SCN004-backstop-enabled-41fa58ff,803.500000,4.800000,3.600000,CONSTRAIN,1,1,1,1.000000,3.887929
EXP-SCN004-backstop-enabled-41fa58ff,804.000000,4.800000,3.600000,CONSTRAIN,1,1,1,1.000000,3.889683
EXP-SCN004-backstop-enabled-41fa58ff,804.500000,4.800000,3.600000,CONSTRAIN,1,1,1,1.000000,3.891569
EXP-SCN004-backstop-enabled-41fa58ff,805.000000,4.800000,3.600000,CONSTRAIN,1,1,1,1.000000,3.893523
EXP-SCN004-backstop-enabled-41fa58ff,805.500000,4.800000,3.600000,CONSTRAIN,1,1,1,1.000000,3.895407
EXP-SCN004-backstop-enabled-41fa58ff,806.000000,4.800000,3.600000,CONSTRAIN,1,1,1,1.000000,3.897308
EXP-SCN004-backstop-enabled-41fa58ff,806.500000,4.800000,3.600000,CONSTRAIN,1,1,1,1.000000,3.899130
EXP-SCN004-backstop-enabled-41fa58ff,807.000000,4.800000,3.600000,CONSTRAIN,1,1,1,1.000000,3.901136
EXP-SCN004-backstop-enabled-41fa58ff,807.500000,4.800000,3.600000,CONSTRAIN,1,1,1,1.000000,3.902879
EXP-SCN004-backstop-enabled-41fa58ff,808.000000,4.800000,3.600000,CONSTRAIN,1,1,1,1.000000,3.904730
EXP-SCN004-backstop-enabled-41fa58ff,808.500000,4.800000,3.600000,CONSTRAIN,1,1,1,1.000000,3.906736
EXP-SCN004-backstop-enabled-41fa58ff,809.000000,4.800000,3.600000,CONSTRAIN,1,1,1,1.000000,3.908682
EXP-SCN004-backstop-enabled-41fa58ff,809.500000,4.800000,3.600000,CONSTRAIN,1,1,1,1.000000,3.910459
EXP-SCN004-backstop-enabled-41fa58ff,810.000000,4.800000,3.600000,CONSTRAIN,1,1,1,1.000000,3.912334
EXP-SCN004-backstop-enabled-41fa58ff,810.500000,4.800000,3.600000,CONSTRAIN,1,1,1,1.000000,3.914145
EXP-SCN004-backstop-enabled-41fa58ff,811.000000,4.800000,3.600000,CONSTRAIN,1,1,1,1.000000,3.915963
EXP-SCN004-backstop-enabled-41fa58ff,811.500000,4.800000,3.600000,CONSTRAIN,1,1,1,1.000000,3.917911
EXP-SCN004-backstop-enabled-41fa58ff,812.000000,4.800000,3.600000,CONSTRAIN,1,1,1,1.000000,3.919896
EXP-SCN004-backstop-enabled-41fa58ff,812.500000,4.800000,3.600000,CONSTRAIN,1,1,1,1.000000,3.921868
EXP-SCN004-backstop-enabled-41fa58ff,813.000000,4.800000,3.600000,CONSTRAIN,1,1,1,1.000000,3.923843
EXP-SCN004-backstop-enabled-41fa58ff,813.500000,4.800000,3.600000,CONSTRAIN,1,1,1,1.000000,3.925601
EXP-SCN004-backstop-enabled-41fa58ff,814.000000,4.800000,3.600000,CONSTRAIN,1,1,1,1.000000,3.927317
EXP-SCN004-backstop-enabled-41fa58ff,814.500000,4.800000,3.600000,CONSTRAIN,1,1,1,1.000000,3.929097
EXP-SCN004-backstop-enabled-41fa58ff,815.000000,4.800000,3.600000,CONSTRAIN,1,1,1,1.000000,3.930929
EXP-SCN004-backstop-enabled-41fa58ff,815.500000,4.800000,3.600000,CONSTRAIN,1,1,1,1.000000,3.932786
EXP-SCN004-backstop-enabled-41fa58ff,816.000000,4.800000,3.600000,CONSTRAIN,1,1,1,1.000000,3.934654
EXP-SCN004-backstop-enabled-41fa58ff,816.500000,4.800000,3.600000,CONSTRAIN,1,1,1,1.000000,3.936387
EXP-SCN004-backstop-enabled-41fa58ff,817.000000,4.800000,3.600000,CONSTRAIN,1,1,1,1.000000,3.938257
EXP-SCN004-backstop-enabled-41fa58ff,817.500000,4.800000,3.600000,CONSTRAIN,1,1,1,1.000000,3.940139
EXP-SCN004-backstop-enabled-41fa58ff,818.000000,4.800000,3.600000,CONSTRAIN,1,1,1,1.000000,3.941820
EXP-SCN004-backstop-enabled-41fa58ff,818.500000,4.800000,3.600000,CONSTRAIN,1,1,1,1.000000,3.943682
EXP-SCN004-backstop-enabled-41fa58ff,819.000000,4.800000,3.600000,CONSTRAIN,1,1,1,1.000000,3.945621
EXP-SCN004-backstop-enabled-41fa58ff,819.500000,4.800000,3.600000,CONSTRAIN,1,1,1,1.000000,3.947474
EXP-SCN004-backstop-enabled-41fa58ff,820.000000,4.800000,3.600000,CONSTRAIN,1,1,1,1.000000,3.949363
EXP-SCN004-backstop-enabled-41fa58ff,820.500000,4.800000,3.600000,CONSTRAIN,1,1,1,1.000000,3.951234
EXP-SCN004-backstop-enabled-41fa58ff,821.000000,4.800000,3.600000,CONSTRAIN,1,1,1,1.000000,3.952982
EXP-SCN004-backstop-enabled-41fa58ff,821.500000,4.800000,3.600000,CONSTRAIN,1,1,1,1.000000,3.954697
EXP-SCN004-backstop-enabled-41fa58ff,822.000000,4.800000,3.600000,CONSTRAIN,1,1,1,1.000000,3.956459
EXP-SCN004-backstop-enabled-41fa58ff,822.500000,4.800000,3.600000,CONSTRAIN,1,1,1,1.000000,3.958405
EXP-SCN004-backstop-enabled-41fa58ff,823.000000,4.800000,3.600000,CONSTRAIN,1,1,1,1.000000,3.960335
EXP-SCN004-backstop-enabled-41fa58ff,823.500000,4.800000,3.600000,CONSTRAIN,1,1,1,1.000000,3.962172
EXP-SCN004-backstop-enabled-41fa58ff,824.000000,4.800000,3.600000,CONSTRAIN,1,1,1,1.000000,3.963973
EXP-SCN004-backstop-enabled-41fa58ff,824.500000,4.800000,3.600000,CONSTRAIN,1,1,1,1.000000,3.965660
EXP-SCN004-backstop-enabled-41fa58ff,825.000000,4.800000,3.600000,CONSTRAIN,1,1,1,1.000000,3.967373
EXP-SCN004-backstop-enabled-41fa58ff,825.500000,4.800000,3.600000,CONSTRAIN,1,1,1,1.000000,3.969283
EXP-SCN004-backstop-enabled-41fa58ff,826.000000,4.800000,3.600000,CONSTRAIN,1,1,1,1.000000,3.971103
EXP-SCN004-backstop-enabled-41fa58ff,826.500000,4.800000,3.600000,CONSTRAIN,1,1,1,1.000000,3.972948
EXP-SCN004-backstop-enabled-41fa58ff,827.000000,4.800000,3.600000,CONSTRAIN,1,1,1,1.000000,3.974636
EXP-SCN004-backstop-enabled-41fa58ff,827.500000,4.800000,3.600000,CONSTRAIN,1,1,1,1.000000,3.976526
EXP-SCN004-backstop-enabled-41fa58ff,828.000000,4.800000,3.600000,CONSTRAIN,1,1,1,1.000000,3.978248
EXP-SCN004-backstop-enabled-41fa58ff,828.500000,4.800000,3.600000,CONSTRAIN,1,1,1,1.000000,3.980155
EXP-SCN004-backstop-enabled-41fa58ff,829.000000,4.800000,3.600000,CONSTRAIN,1,1,1,1.000000,3.981987
EXP-SCN004-backstop-enabled-41fa58ff,829.500000,4.800000,3.600000,CONSTRAIN,1,1,1,1.000000,3.983637
EXP-SCN004-backstop-enabled-41fa58ff,830.000000,4.800000,3.600000,CONSTRAIN,1,1,1,1.000000,3.985475
EXP-SCN004-backstop-enabled-41fa58ff,830.500000,4.800000,3.600000,CONSTRAIN,1,1,1,1.000000,3.987335
EXP-SCN004-backstop-enabled-41fa58ff,831.000000,4.800000,3.600000,CONSTRAIN,1,1,1,1.000000,3.989112
EXP-SCN004-backstop-enabled-41fa58ff,831.500000,4.800000,3.600000,CONSTRAIN,1,1,1,1.000000,3.990740
EXP-SCN004-backstop-enabled-41fa58ff,832.000000,4.800000,3.600000,CONSTRAIN,1,1,1,1.000000,3.992465
EXP-SCN004-backstop-enabled-41fa58ff,832.500000,4.800000,3.600000,CONSTRAIN,1,1,1,1.000000,3.994323
EXP-SCN004-backstop-enabled-41fa58ff,833.000000,4.800000,3.600000,CONSTRAIN,1,1,1,1.000000,3.996218
EXP-SCN004-backstop-enabled-41fa58ff,833.500000,4.800000,3.600000,CONSTRAIN,1,1,1,1.000000,3.997992
EXP-SCN004-backstop-enabled-41fa58ff,834.000000,4.800000,3.600000,CONSTRAIN,0,0,0,1.000000,3.999803
EXP-SCN004-backstop-enabled-41fa58ff,834.500000,4.800000,3.600000,CONSTRAIN,0,0,0,1.000000,3.998213
EXP-SCN004-backstop-enabled-41fa58ff,835.000000,4.800000,3.600000,CONSTRAIN,0,0,0,1.000000,3.996659
EXP-SCN004-backstop-enabled-41fa58ff,835.500000,4.800000,3.600000,CONSTRAIN,0,0,0,1.000000,3.995168
EXP-SCN004-backstop-enabled-41fa58ff,836.000000,4.800000,3.600000,CONSTRAIN,0,0,0,1.000000,3.993851
EXP-SCN004-backstop-enabled-41fa58ff,836.500000,4.800000,3.600000,CONSTRAIN,0,0,0,1.000000,3.992338
EXP-SCN004-backstop-enabled-41fa58ff,837.000000,4.800000,3.600000,CONSTRAIN,0,0,0,1.000000,3.990916
EXP-SCN004-backstop-enabled-41fa58ff,837.500000,4.800000,3.600000,CONSTRAIN,0,0,0,1.000000,3.989560
EXP-SCN004-backstop-enabled-41fa58ff,838.000000,4.800000,3.600000,CONSTRAIN,0,0,0,1.000000,3.988247
EXP-SCN004-backstop-enabled-41fa58ff,838.500000,4.800000,3.600000,CONSTRAIN,0,0,0,1.000000,3.986715
EXP-SCN004-backstop-enabled-41fa58ff,839.000000,4.800000,3.600000,CONSTRAIN,0,0,0,1.000000,3.985113
EXP-SCN004-backstop-enabled-41fa58ff,839.500000,4.800000,3.600000,CONSTRAIN,0,0,0,1.000000,3.983630
EXP-SCN004-backstop-enabled-41fa58ff,840.000000,4.800000,3.600000,CONSTRAIN,0,0,0,1.000000,3.982145
EXP-SCN004-backstop-enabled-41fa58ff,840.500000,4.800000,3.600000,CONSTRAIN,0,0,0,1.000000,3.980821
EXP-SCN004-backstop-enabled-41fa58ff,841.000000,4.800000,3.600000,CONSTRAIN,0,0,0,1.000000,3.979482
EXP-SCN004-backstop-enabled-41fa58ff,841.500000,4.800000,3.600000,CONSTRAIN,0,0,0,1.000000,3.977959
EXP-SCN004-backstop-enabled-41fa58ff,842.000000,4.800000,3.600000,CONSTRAIN,0,0,0,1.000000,3.976555
EXP-SCN004-backstop-enabled-41fa58ff,842.500000,4.800000,3.600000,CONSTRAIN,0,0,0,1.000000,3.974995
EXP-SCN004-backstop-enabled-41fa58ff,843.000000,4.800000,3.600000,CONSTRAIN,0,0,0,1.000000,3.973473
EXP-SCN004-backstop-enabled-41fa58ff,843.500000,4.800000,3.600000,CONSTRAIN,0,0,0,1.000000,3.972087
EXP-SCN004-backstop-enabled-41fa58ff,844.000000,4.800000,3.600000,CONSTRAIN,0,0,0,1.000000,3.970555
EXP-SCN004-backstop-enabled-41fa58ff,844.500000,4.800000,3.600000,CONSTRAIN,0,0,0,1.000000,3.969042
EXP-SCN004-backstop-enabled-41fa58ff,845.000000,4.800000,3.600000,CONSTRAIN,0,0,0,1.000000,3.967568
EXP-SCN004-backstop-enabled-41fa58ff,845.500000,4.800000,3.600000,CONSTRAIN,0,0,0,1.000000,3.966198
EXP-SCN004-backstop-enabled-41fa58ff,846.000000,4.800000,3.600000,CONSTRAIN,0,0,0,1.000000,3.964852
EXP-SCN004-backstop-enabled-41fa58ff,846.500000,4.800000,3.600000,CONSTRAIN,0,0,0,1.000000,3.963270
EXP-SCN004-backstop-enabled-41fa58ff,847.000000,4.800000,3.600000,CONSTRAIN,0,0,0,1.000000,3.961702
EXP-SCN004-backstop-enabled-41fa58ff,847.500000,4.800000,3.600000,CONSTRAIN,0,0,0,1.000000,3.960386
EXP-SCN004-backstop-enabled-41fa58ff,848.000000,4.800000,3.600000,CONSTRAIN,0,0,0,1.000000,3.959010
EXP-SCN004-backstop-enabled-41fa58ff,848.500000,4.800000,3.600000,CONSTRAIN,0,0,0,1.000000,3.957474
EXP-SCN004-backstop-enabled-41fa58ff,849.000000,4.800000,3.600000,CONSTRAIN,0,0,0,1.000000,3.955930
EXP-SCN004-backstop-enabled-41fa58ff,849.500000,4.800000,3.600000,CONSTRAIN,0,0,0,1.000000,3.954515
EXP-SCN004-backstop-enabled-41fa58ff,850.000000,4.800000,3.600000,CONSTRAIN,0,0,0,1.000000,3.953141
EXP-SCN004-backstop-enabled-41fa58ff,850.500000,4.800000,3.600000,CONSTRAIN,0,0,0,1.000000,3.951650
EXP-SCN004-backstop-enabled-41fa58ff,851.000000,4.800000,3.600000,CONSTRAIN,0,0,0,1.000000,3.950194
EXP-SCN004-backstop-enabled-41fa58ff,851.500000,4.800000,3.600000,CONSTRAIN,0,0,0,1.000000,3.948733
EXP-SCN004-backstop-enabled-41fa58ff,852.000000,4.800000,3.600000,CONSTRAIN,0,0,0,1.000000,3.947333
EXP-SCN004-backstop-enabled-41fa58ff,852.500000,4.800000,3.600000,CONSTRAIN,0,0,0,1.000000,3.945961
EXP-SCN004-backstop-enabled-41fa58ff,853.000000,4.800000,3.600000,CONSTRAIN,0,0,0,1.000000,3.944437
EXP-SCN004-backstop-enabled-41fa58ff,853.500000,4.800000,3.600000,CONSTRAIN,0,0,0,1.000000,3.943035
EXP-SCN004-backstop-enabled-41fa58ff,854.000000,4.800000,3.600000,CONSTRAIN,0,0,0,1.000000,3.941537
EXP-SCN004-backstop-enabled-41fa58ff,854.500000,4.800000,3.600000,CONSTRAIN,0,0,0,1.000000,3.940037
EXP-SCN004-backstop-enabled-41fa58ff,855.000000,4.800000,3.600000,CONSTRAIN,0,0,0,1.000000,3.938622
EXP-SCN004-backstop-enabled-41fa58ff,855.500000,4.800000,3.600000,CONSTRAIN,0,0,0,1.000000,3.937300
EXP-SCN004-backstop-enabled-41fa58ff,856.000000,4.800000,3.600000,CONSTRAIN,0,0,0,1.000000,3.935852
EXP-SCN004-backstop-enabled-41fa58ff,856.500000,4.800000,3.600000,CONSTRAIN,0,0,0,1.000000,3.934462
EXP-SCN004-backstop-enabled-41fa58ff,857.000000,4.800000,3.600000,CONSTRAIN,0,0,0,1.000000,3.932919
EXP-SCN004-backstop-enabled-41fa58ff,857.500000,4.800000,3.600000,CONSTRAIN,0,0,0,1.000000,3.931329
EXP-SCN004-backstop-enabled-41fa58ff,858.000000,4.800000,3.600000,CONSTRAIN,0,0,0,1.000000,3.929818
EXP-SCN004-backstop-enabled-41fa58ff,858.500000,4.800000,3.600000,CONSTRAIN,0,0,0,1.000000,3.928232
EXP-SCN004-backstop-enabled-41fa58ff,859.000000,4.800000,3.600000,CONSTRAIN,0,0,0,1.000000,3.926839
EXP-SCN004-backstop-enabled-41fa58ff,859.500000,4.800000,3.600000,CONSTRAIN,0,0,0,1.000000,3.925346
EXP-SCN004-backstop-enabled-41fa58ff,860.000000,4.800000,3.600000,CONSTRAIN,0,0,0,1.000000,3.923844
EXP-SCN004-backstop-enabled-41fa58ff,860.500000,4.800000,3.600000,CONSTRAIN,0,0,0,1.000000,3.922451
EXP-SCN004-backstop-enabled-41fa58ff,861.000000,4.800000,3.600000,CONSTRAIN,0,0,0,1.000000,3.920945
EXP-SCN004-backstop-enabled-41fa58ff,861.500000,4.800000,3.600000,CONSTRAIN,0,0,0,1.000000,3.919447
EXP-SCN004-backstop-enabled-41fa58ff,862.000000,4.800000,3.600000,CONSTRAIN,0,0,0,1.000000,3.918096
EXP-SCN004-backstop-enabled-41fa58ff,862.500000,4.800000,3.600000,CONSTRAIN,0,0,0,1.000000,3.916500
EXP-SCN004-backstop-enabled-41fa58ff,863.000000,4.800000,3.600000,CONSTRAIN,0,0,0,1.000000,3.914961
EXP-SCN004-backstop-enabled-41fa58ff,863.500000,4.800000,3.600000,CONSTRAIN,0,0,0,1.000000,3.913620
EXP-SCN004-backstop-enabled-41fa58ff,864.000000,4.800000,3.600000,CONSTRAIN,0,0,0,1.000000,3.912181
EXP-SCN004-backstop-enabled-41fa58ff,864.500000,4.800000,3.600000,CONSTRAIN,0,0,0,1.000000,3.910731
EXP-SCN004-backstop-enabled-41fa58ff,865.000000,4.800000,3.600000,CONSTRAIN,0,0,0,1.000000,3.909171
EXP-SCN004-backstop-enabled-41fa58ff,865.500000,4.800000,3.600000,CONSTRAIN,0,0,0,1.000000,3.907823
EXP-SCN004-backstop-enabled-41fa58ff,866.000000,4.800000,3.600000,CONSTRAIN,0,0,0,1.000000,3.906222
EXP-SCN004-backstop-enabled-41fa58ff,866.500000,4.800000,3.600000,CONSTRAIN,0,0,0,1.000000,3.904849
EXP-SCN004-backstop-enabled-41fa58ff,867.000000,4.800000,3.600000,CONSTRAIN,0,0,0,1.000000,3.903442
EXP-SCN004-backstop-enabled-41fa58ff,867.500000,4.800000,3.600000,CONSTRAIN,0,0,0,1.000000,3.902079
EXP-SCN004-backstop-enabled-41fa58ff,868.000000,4.800000,3.600000,CONSTRAIN,0,0,0,1.000000,3.900564
EXP-SCN004-backstop-enabled-41fa58ff,868.500000,4.800000,3.600000,CONSTRAIN,0,0,0,1.000000,3.899023
EXP-SCN004-backstop-enabled-41fa58ff,869.000000,4.800000,3.600000,CONSTRAIN,0,0,0,1.000000,3.897499
EXP-SCN004-backstop-enabled-41fa58ff,869.500000,4.800000,3.600000,CONSTRAIN,0,0,0,1.000000,3.896063
EXP-SCN004-backstop-enabled-41fa58ff,870.000000,4.800000,3.600000,CONSTRAIN,0,0,0,1.000000,3.894565
EXP-SCN004-backstop-enabled-41fa58ff,870.500000,4.800000,3.600000,CONSTRAIN,0,0,0,1.000000,3.893171
EXP-SCN004-backstop-enabled-41fa58ff,871.000000,4.800000,3.600000,CONSTRAIN,0,0,0,1.000000,3.891768
EXP-SCN004-backstop-enabled-41fa58ff,871.500000,4.800000,3.600000,CONSTRAIN,0,0,0,1.000000,3.890291
EXP-SCN004-backstop-enabled-41fa58ff,872.000000,4.800000,3.600000,CONSTRAIN,0,0,0,1.000000,3.888758
EXP-SCN004-backstop-enabled-41fa58ff,872.500000,4.800000,3.600000,CONSTRAIN,0,0,0,1.000000,3.887404
EXP-SCN004-backstop-enabled-41fa58ff,873.000000,4.800000,3.600000,CONSTRAIN,0,0,0,1.000000,3.885979
EXP-SCN004-backstop-enabled-41fa58ff,873.500000,4.800000,3.600000,CONSTRAIN,0,0,0,1.000000,3.884411
EXP-SCN004-backstop-enabled-41fa58ff,874.000000,4.800000,3.600000,CONSTRAIN,0,0,0,1.000000,3.882877
EXP-SCN004-backstop-enabled-41fa58ff,874.500000,4.800000,3.600000,CONSTRAIN,0,0,0,1.000000,3.881563
EXP-SCN004-backstop-enabled-41fa58ff,875.000000,4.800000,3.600000,CONSTRAIN,0,0,0,1.000000,3.880007
EXP-SCN004-backstop-enabled-41fa58ff,875.500000,4.800000,3.600000,CONSTRAIN,0,0,0,1.000000,3.878412
EXP-SCN004-backstop-enabled-41fa58ff,876.000000,4.800000,3.600000,CONSTRAIN,0,0,0,1.000000,3.877063
EXP-SCN004-backstop-enabled-41fa58ff,876.500000,4.800000,3.600000,CONSTRAIN,0,0,0,1.000000,3.875523
EXP-SCN004-backstop-enabled-41fa58ff,877.000000,4.800000,3.600000,CONSTRAIN,0,0,0,1.000000,3.874105
EXP-SCN004-backstop-enabled-41fa58ff,877.500000,4.800000,3.600000,CONSTRAIN,0,0,0,1.000000,3.872648
EXP-SCN004-backstop-enabled-41fa58ff,878.000000,4.800000,3.600000,CONSTRAIN,0,0,0,1.000000,3.871136
EXP-SCN004-backstop-enabled-41fa58ff,878.500000,4.800000,3.600000,CONSTRAIN,0,0,0,1.000000,3.869625
EXP-SCN004-backstop-enabled-41fa58ff,879.000000,4.800000,3.600000,CONSTRAIN,0,0,0,1.000000,3.868158
EXP-SCN004-backstop-enabled-41fa58ff,879.500000,4.800000,3.600000,CONSTRAIN,0,0,0,1.000000,3.866587
EXP-SCN004-backstop-enabled-41fa58ff,880.000000,4.800000,3.600000,CONSTRAIN,0,0,0,1.000000,3.865244
EXP-SCN004-backstop-enabled-41fa58ff,880.500000,4.800000,3.600000,CONSTRAIN,0,0,0,1.000000,3.863912
EXP-SCN004-backstop-enabled-41fa58ff,881.000000,4.800000,3.600000,CONSTRAIN,0,0,0,1.000000,3.862505
EXP-SCN004-backstop-enabled-41fa58ff,881.500000,4.800000,3.600000,CONSTRAIN,0,0,0,1.000000,3.861186
EXP-SCN004-backstop-enabled-41fa58ff,882.000000,4.800000,3.600000,CONSTRAIN,0,0,0,1.000000,3.859651
EXP-SCN004-backstop-enabled-41fa58ff,882.500000,4.800000,3.600000,CONSTRAIN,0,0,0,1.000000,3.858214
EXP-SCN004-backstop-enabled-41fa58ff,883.000000,4.800000,3.600000,CONSTRAIN,0,0,0,1.000000,3.856627
EXP-SCN004-backstop-enabled-41fa58ff,883.500000,4.800000,3.600000,CONSTRAIN,0,0,0,1.000000,3.855068
EXP-SCN004-backstop-enabled-41fa58ff,884.000000,4.800000,3.600000,CONSTRAIN,0,0,0,1.000000,3.853574
EXP-SCN004-backstop-enabled-41fa58ff,884.500000,4.800000,3.600000,CONSTRAIN,0,0,0,1.000000,3.852092
EXP-SCN004-backstop-enabled-41fa58ff,885.000000,4.800000,3.600000,CONSTRAIN,0,0,0,1.000000,3.850491
EXP-SCN004-backstop-enabled-41fa58ff,885.500000,4.800000,3.600000,CONSTRAIN,0,0,0,1.000000,3.849106
EXP-SCN004-backstop-enabled-41fa58ff,886.000000,4.800000,3.600000,CONSTRAIN,0,0,0,1.000000,3.847720
EXP-SCN004-backstop-enabled-41fa58ff,886.500000,4.800000,3.600000,CONSTRAIN,0,0,0,1.000000,3.846185
EXP-SCN004-backstop-enabled-41fa58ff,887.000000,4.800000,3.600000,CONSTRAIN,0,0,0,1.000000,3.844778
EXP-SCN004-backstop-enabled-41fa58ff,887.500000,4.800000,3.600000,CONSTRAIN,0,0,0,1.000000,3.843278
EXP-SCN004-backstop-enabled-41fa58ff,888.000000,4.800000,3.600000,CONSTRAIN,0,0,0,1.000000,3.841947
EXP-SCN004-backstop-enabled-41fa58ff,888.500000,4.800000,3.600000,CONSTRAIN,0,0,0,1.000000,3.840493
EXP-SCN004-backstop-enabled-41fa58ff,889.000000,4.800000,3.600000,CONSTRAIN,0,0,0,1.000000,3.839028
EXP-SCN004-backstop-enabled-41fa58ff,889.500000,4.800000,3.600000,CONSTRAIN,0,0,0,1.000000,3.837669
EXP-SCN004-backstop-enabled-41fa58ff,890.000000,4.800000,3.600000,CONSTRAIN,0,0,0,1.000000,3.836199
EXP-SCN004-backstop-enabled-41fa58ff,890.500000,4.800000,3.600000,CONSTRAIN,0,0,0,1.000000,3.834749
EXP-SCN004-backstop-enabled-41fa58ff,891.000000,4.800000,3.600000,CONSTRAIN,0,0,0,1.000000,3.833367
EXP-SCN004-backstop-enabled-41fa58ff,891.500000,4.800000,3.600000,CONSTRAIN,0,0,0,1.000000,3.831987
EXP-SCN004-backstop-enabled-41fa58ff,892.000000,4.800000,3.600000,CONSTRAIN,0,0,0,1.000000,3.830416
EXP-SCN004-backstop-enabled-41fa58ff,892.500000,4.800000,3.600000,CONSTRAIN,0,0,0,1.000000,3.828950
EXP-SCN004-backstop-enabled-41fa58ff,893.000000,4.800000,3.600000,CONSTRAIN,0,0,0,1.000000,3.827432
EXP-SCN004-backstop-enabled-41fa58ff,893.500000,4.800000,3.600000,CONSTRAIN,0,0,0,1.000000,3.826042
EXP-SCN004-backstop-enabled-41fa58ff,894.000000,4.800000,3.600000,CONSTRAIN,0,0,0,1.000000,3.824520
EXP-SCN004-backstop-enabled-41fa58ff,894.500000,4.800000,3.600000,CONSTRAIN,0,0,0,1.000000,3.823158
EXP-SCN004-backstop-enabled-41fa58ff,895.000000,4.800000,3.600000,CONSTRAIN,0,0,0,1.000000,3.821617
EXP-SCN004-backstop-enabled-41fa58ff,895.500000,4.800000,3.600000,CONSTRAIN,0,0,0,1.000000,3.820156
EXP-SCN004-backstop-enabled-41fa58ff,896.000000,4.800000,3.600000,CONSTRAIN,0,0,0,1.000000,3.818603
EXP-SCN004-backstop-enabled-41fa58ff,896.500000,4.800000,3.600000,CONSTRAIN,0,0,0,1.000000,3.817235
EXP-SCN004-backstop-enabled-41fa58ff,897.000000,4.800000,3.600000,CONSTRAIN,0,0,0,1.000000,3.815748
EXP-SCN004-backstop-enabled-41fa58ff,897.500000,4.800000,3.600000,CONSTRAIN,0,0,0,1.000000,3.814359
EXP-SCN004-backstop-enabled-41fa58ff,898.000000,4.800000,3.600000,CONSTRAIN,0,0,0,1.000000,3.813035
EXP-SCN004-backstop-enabled-41fa58ff,898.500000,4.800000,3.600000,CONSTRAIN,0,0,0,1.000000,3.811608
EXP-SCN004-backstop-enabled-41fa58ff,899.000000,4.800000,3.600000,CONSTRAIN,0,0,0,1.000000,3.810241
EXP-SCN004-backstop-enabled-41fa58ff,899.500000,4.800000,3.600000,CONSTRAIN,0,0,0,1.000000,3.808868
EXP-SCN004-backstop-enabled-41fa58ff,900.000000,4.800000,3.600000,CONSTRAIN,0,0,0,1.000000,3.807389
EXP-SCN004-backstop-enabled-41fa58ff,900.500000,4.800000,3.600000,CONSTRAIN,0,0,0,1.000000,3.806015
EXP-SCN004-backstop-enabled-41fa58ff,901.000000,4.800000,3.600000,CONSTRAIN,0,0,0,1.000000,3.804447
EXP-SCN004-backstop-enabled-41fa58ff,901.500000,4.800000,3.600000,CONSTRAIN,0,0,0,1.000000,3.802980
EXP-SCN004-backstop-enabled-41fa58ff,902.000000,4.800000,3.600000,CONSTRAIN,0,0,0,1.000000,3.801536
EXP-SCN004-backstop-enabled-41fa58ff,902.500000,4.800000,3.600000,CONSTRAIN,0,0,0,1.000000,3.800187
EXP-SCN004-backstop-enabled-41fa58ff,903.000000,4.800000,3.600000,CONSTRAIN,0,0,0,1.000000,3.798722
EXP-SCN004-backstop-enabled-41fa58ff,903.500000,4.800000,3.600000,CONSTRAIN,0,0,0,1.000000,3.797203
EXP-SCN004-backstop-enabled-41fa58ff,904.000000,4.800000,3.600000,CONSTRAIN,0,0,0,1.000000,3.795649
EXP-SCN004-backstop-enabled-41fa58ff,904.500000,4.800000,3.600000,CONSTRAIN,0,0,0,1.000000,3.794300
EXP-SCN004-backstop-enabled-41fa58ff,905.000000,4.800000,3.600000,CONSTRAIN,0,0,0,1.000000,3.792841
EXP-SCN004-backstop-enabled-41fa58ff,905.500000,4.800000,3.600000,CONSTRAIN,0,0,0,1.000000,3.791301
EXP-SCN004-backstop-enabled-41fa58ff,906.000000,4.800000,3.600000,CONSTRAIN,0,0,0,1.000000,3.789701
EXP-SCN004-backstop-enabled-41fa58ff,906.500000,4.800000,3.600000,CONSTRAIN,0,0,0,1.000000,3.788280
EXP-SCN004-backstop-enabled-41fa58ff,907.000000,4.800000,3.600000,CONSTRAIN,0,0,0,1.000000,3.786875
EXP-SCN004-backstop-enabled-41fa58ff,907.500000,4.800000,3.600000,CONSTRAIN,0,0,0,1.000000,3.785306
EXP-SCN004-backstop-enabled-41fa58ff,908.000000,4.800000,3.600000,CONSTRAIN,0,0,0,1.000000,3.783833
EXP-SCN004-backstop-enabled-41fa58ff,908.500000,4.800000,3.600000,CONSTRAIN,0,0,0,1.000000,3.782312
EXP-SCN004-backstop-enabled-41fa58ff,909.000000,4.800000,3.600000,CONSTRAIN,0,0,0,1.000000,3.780883
EXP-SCN004-backstop-enabled-41fa58ff,909.500000,4.800000,3.600000,CONSTRAIN,0,0,0,1.000000,3.779286
EXP-SCN004-backstop-enabled-41fa58ff,910.000000,4.800000,3.600000,CONSTRAIN,0,0,0,1.000000,3.777880
EXP-SCN004-backstop-enabled-41fa58ff,910.500000,4.800000,3.600000,CONSTRAIN,0,0,0,1.000000,3.776526
EXP-SCN004-backstop-enabled-41fa58ff,911.000000,4.800000,3.600000,CONSTRAIN,0,0,0,1.000000,3.775140
EXP-SCN004-backstop-enabled-41fa58ff,911.500000,4.800000,3.600000,CONSTRAIN,0,0,0,1.000000,3.773684
EXP-SCN004-backstop-enabled-41fa58ff,912.000000,4.800000,3.600000,CONSTRAIN,0,0,0,1.000000,3.772306
EXP-SCN004-backstop-enabled-41fa58ff,912.500000,4.800000,3.600000,CONSTRAIN,0,0,0,1.000000,3.770974
EXP-SCN004-backstop-enabled-41fa58ff,913.000000,4.800000,3.600000,CONSTRAIN,0,0,0,1.000000,3.769421
EXP-SCN004-backstop-enabled-41fa58ff,913.500000,4.800000,3.600000,CONSTRAIN,0,0,0,1.000000,3.767844
EXP-SCN004-backstop-enabled-41fa58ff,914.000000,4.800000,3.600000,CONSTRAIN,0,0,0,1.000000,3.766465
EXP-SCN004-backstop-enabled-41fa58ff,914.500000,4.800000,3.600000,CONSTRAIN,0,0,0,1.000000,3.764957
EXP-SCN004-backstop-enabled-41fa58ff,915.000000,4.800000,3.600000,CONSTRAIN,0,0,0,1.000000,3.763461
EXP-SCN004-backstop-enabled-41fa58ff,915.500000,4.800000,3.600000,CONSTRAIN,0,0,0,1.000000,3.762090
EXP-SCN004-backstop-enabled-41fa58ff,916.000000,4.800000,3.600000,CONSTRAIN,0,0,0,1.000000,3.760650
EXP-SCN004-backstop-enabled-41fa58ff,916.500000,4.800000,3.600000,CONSTRAIN,0,0,0,1.000000,3.759102
EXP-SCN004-backstop-enabled-41fa58ff,917.000000,4.800000,3.600000,CONSTRAIN,0,0,0,1.000000,3.757667
EXP-SCN004-backstop-enabled-41fa58ff,917.500000,4.800000,3.600000,CONSTRAIN,0,0,0,1.000000,3.756350
EXP-SCN004-backstop-enabled-41fa58ff,918.000000,4.800000,3.600000,CONSTRAIN,0,0,0,1.000000,3.754976
EXP-SCN004-backstop-enabled-41fa58ff,918.500000,4.800000,3.600000,CONSTRAIN,0,0,0,1.000000,3.753388
EXP-SCN004-backstop-enabled-41fa58ff,919.000000,4.800000,3.600000,CONSTRAIN,0,0,0,1.000000,3.751973
EXP-SCN004-backstop-enabled-41fa58ff,919.500000,4.800000,3.600000,CONSTRAIN,0,0,0,1.000000,3.750601
EXP-SCN004-backstop-enabled-41fa58ff,920.000000,4.800000,3.600000,CONSTRAIN,0,0,0,1.000000,3.749272
EXP-SCN004-backstop-enabled-41fa58ff,920.500000,4.800000,3.600000,CONSTRAIN,0,0,0,1.000000,3.747899
EXP-SCN004-backstop-enabled-41fa58ff,921.000000,4.800000,3.600000,CONSTRAIN,0,0,0,1.000000,3.746409
EXP-SCN004-backstop-enabled-41fa58ff,921.500000,4.800000,3.600000,CONSTRAIN,0,0,0,1.000000,3.745068
EXP-SCN004-backstop-enabled-41fa58ff,922.000000,4.800000,3.600000,CONSTRAIN,0,0,0,1.000000,3.743572
EXP-SCN004-backstop-enabled-41fa58ff,922.500000,4.800000,3.600000,CONSTRAIN,0,0,0,1.000000,3.742092
EXP-SCN004-backstop-enabled-41fa58ff,923.000000,4.800000,3.600000,CONSTRAIN,0,0,0,1.000000,3.740555
EXP-SCN004-backstop-enabled-41fa58ff,923.500000,4.800000,3.600000,CONSTRAIN,0,0,0,1.000000,3.739204
EXP-SCN004-backstop-enabled-41fa58ff,924.000000,4.800000,3.600000,CONSTRAIN,0,0,0,1.000000,3.737702
EXP-SCN004-backstop-enabled-41fa58ff,924.500000,4.800000,3.600000,CONSTRAIN,0,0,0,1.000000,3.736172
EXP-SCN004-backstop-enabled-41fa58ff,925.000000,4.800000,3.600000,CONSTRAIN,0,0,0,1.000000,3.734682
EXP-SCN004-backstop-enabled-41fa58ff,925.500000,4.800000,3.600000,CONSTRAIN,0,0,0,1.000000,3.733282
EXP-SCN004-backstop-enabled-41fa58ff,926.000000,4.800000,3.600000,CONSTRAIN,0,0,0,1.000000,3.731734
EXP-SCN004-backstop-enabled-41fa58ff,926.500000,4.800000,3.600000,CONSTRAIN,0,0,0,1.000000,3.730158
EXP-SCN004-backstop-enabled-41fa58ff,927.000000,4.800000,3.600000,CONSTRAIN,0,0,0,1.000000,3.728834
EXP-SCN004-backstop-enabled-41fa58ff,927.500000,4.800000,3.600000,CONSTRAIN,0,0,0,1.000000,3.727444
EXP-SCN004-backstop-enabled-41fa58ff,928.000000,4.800000,3.600000,CONSTRAIN,0,0,0,1.000000,3.725905
EXP-SCN004-backstop-enabled-41fa58ff,928.500000,4.800000,3.600000,CONSTRAIN,0,0,0,1.000000,3.724551
EXP-SCN004-backstop-enabled-41fa58ff,929.000000,4.800000,3.600000,CONSTRAIN,0,0,0,1.000000,3.723134
EXP-SCN004-backstop-enabled-41fa58ff,929.500000,4.800000,3.600000,CONSTRAIN,0,0,0,1.000000,3.721796
EXP-SCN004-backstop-enabled-41fa58ff,930.000000,4.800000,3.600000,CONSTRAIN,0,0,0,1.000000,3.720276
EXP-SCN004-backstop-enabled-41fa58ff,930.500000,4.800000,3.600000,CONSTRAIN,0,0,0,1.000000,3.718942
EXP-SCN004-backstop-enabled-41fa58ff,931.000000,4.800000,3.600000,CONSTRAIN,0,0,0,1.000000,3.717355
EXP-SCN004-backstop-enabled-41fa58ff,931.500000,4.800000,3.600000,CONSTRAIN,0,0,0,1.000000,3.715756
EXP-SCN004-backstop-enabled-41fa58ff,932.000000,4.800000,3.600000,CONSTRAIN,0,0,0,1.000000,3.714327
EXP-SCN004-backstop-enabled-41fa58ff,932.500000,4.800000,3.600000,CONSTRAIN,0,0,0,1.000000,3.712795
EXP-SCN004-backstop-enabled-41fa58ff,933.000000,4.800000,3.600000,CONSTRAIN,0,0,0,1.000000,3.711253
EXP-SCN004-backstop-enabled-41fa58ff,933.500000,4.800000,3.600000,CONSTRAIN,0,0,0,1.000000,3.709697
EXP-SCN004-backstop-enabled-41fa58ff,934.000000,4.800000,3.600000,CONSTRAIN,0,0,0,1.000000,3.708293
EXP-SCN004-backstop-enabled-41fa58ff,934.500000,4.800000,3.600000,CONSTRAIN,0,0,0,1.000000,3.706737
EXP-SCN004-backstop-enabled-41fa58ff,935.000000,4.800000,3.600000,CONSTRAIN,0,0,0,1.000000,3.705185
EXP-SCN004-backstop-enabled-41fa58ff,935.500000,4.800000,3.600000,CONSTRAIN,0,0,0,1.000000,3.703747
EXP-SCN004-backstop-enabled-41fa58ff,936.000000,4.800000,3.600000,CONSTRAIN,0,0,0,1.000000,3.702336
EXP-SCN004-backstop-enabled-41fa58ff,936.500000,4.800000,3.600000,CONSTRAIN,0,0,0,1.000000,3.700812
EXP-SCN004-backstop-enabled-41fa58ff,937.000000,4.800000,3.600000,CONSTRAIN,0,0,0,1.000000,3.699317
EXP-SCN004-backstop-enabled-41fa58ff,937.500000,4.800000,3.600000,CONSTRAIN,0,0,0,1.000000,3.697867
EXP-SCN004-backstop-enabled-41fa58ff,938.000000,4.800000,3.600000,CONSTRAIN,0,0,0,1.000000,3.696298
EXP-SCN004-backstop-enabled-41fa58ff,938.500000,4.800000,3.600000,CONSTRAIN,0,0,0,1.000000,3.694814
EXP-SCN004-backstop-enabled-41fa58ff,939.000000,4.800000,3.600000,CONSTRAIN,0,0,0,1.000000,3.693248
EXP-SCN004-backstop-enabled-41fa58ff,939.500000,4.800000,3.600000,CONSTRAIN,0,0,0,1.000000,3.691900
EXP-SCN004-backstop-enabled-41fa58ff,940.000000,4.800000,3.600000,CONSTRAIN,0,0,0,1.000000,3.690349
EXP-SCN004-backstop-enabled-41fa58ff,940.500000,4.800000,3.600000,CONSTRAIN,0,0,0,1.000000,3.688949
EXP-SCN004-backstop-enabled-41fa58ff,941.000000,4.800000,3.600000,CONSTRAIN,0,0,0,1.000000,3.687537
EXP-SCN004-backstop-enabled-41fa58ff,941.500000,4.800000,3.600000,CONSTRAIN,0,0,0,1.000000,3.686145
EXP-SCN004-backstop-enabled-41fa58ff,942.000000,4.800000,3.600000,CONSTRAIN,0,0,0,1.000000,3.684642
EXP-SCN004-backstop-enabled-41fa58ff,942.500000,4.800000,3.600000,CONSTRAIN,0,0,0,1.000000,3.683082
EXP-SCN004-backstop-enabled-41fa58ff,943.000000,4.800000,3.600000,CONSTRAIN,0,0,0,1.000000,3.681670
EXP-SCN004-backstop-enabled-41fa58ff,943.500000,4.800000,3.600000,CONSTRAIN,0,0,0,1.000000,3.680318
EXP-SCN004-backstop-enabled-41fa58ff,944.000000,4.800000,3.600000,CONSTRAIN,0,0,0,1.000000,3.678927
EXP-SCN004-backstop-enabled-41fa58ff,944.500000,4.800000,3.600000,CONSTRAIN,0,0,0,1.000000,3.677576
EXP-SCN004-backstop-enabled-41fa58ff,945.000000,4.800000,3.600000,CONSTRAIN,0,0,0,1.000000,3.676234
EXP-SCN004-backstop-enabled-41fa58ff,945.500000,4.800000,3.600000,CONSTRAIN,0,0,0,1.000000,3.674906
EXP-SCN004-backstop-enabled-41fa58ff,946.000000,4.800000,3.600000,CONSTRAIN,0,0,0,1.000000,3.673540
EXP-SCN004-backstop-enabled-41fa58ff,946.500000,4.800000,3.600000,CONSTRAIN,0,0,0,1.000000,3.672017
EXP-SCN004-backstop-enabled-41fa58ff,947.000000,4.800000,3.600000,CONSTRAIN,0,0,0,1.000000,3.670488
EXP-SCN004-backstop-enabled-41fa58ff,947.500000,4.800000,3.600000,CONSTRAIN,0,0,0,1.000000,3.668966
EXP-SCN004-backstop-enabled-41fa58ff,948.000000,4.800000,3.600000,CONSTRAIN,0,0,0,1.000000,3.667372
EXP-SCN004-backstop-enabled-41fa58ff,948.500000,4.800000,3.600000,CONSTRAIN,0,0,0,1.000000,3.665870
EXP-SCN004-backstop-enabled-41fa58ff,949.000000,4.800000,3.600000,CONSTRAIN,0,0,0,1.000000,3.664341
EXP-SCN004-backstop-enabled-41fa58ff,949.500000,4.800000,3.600000,CONSTRAIN,0,0,0,1.000000,3.662844
EXP-SCN004-backstop-enabled-41fa58ff,950.000000,4.800000,3.600000,CONSTRAIN,0,0,0,1.000000,3.661329
EXP-SCN004-backstop-enabled-41fa58ff,950.500000,4.800000,3.600000,CONSTRAIN,0,0,0,1.000000,3.659732
EXP-SCN004-backstop-enabled-41fa58ff,951.000000,4.800000,3.600000,CONSTRAIN,0,0,0,1.000000,3.658273
EXP-SCN004-backstop-enabled-41fa58ff,951.500000,4.800000,3.600000,CONSTRAIN,0,0,0,1.000000,3.656947
EXP-SCN004-backstop-enabled-41fa58ff,952.000000,4.800000,3.600000,CONSTRAIN,0,0,0,1.000000,3.655370
EXP-SCN004-backstop-enabled-41fa58ff,952.500000,4.800000,3.600000,CONSTRAIN,0,0,0,1.000000,3.653981
EXP-SCN004-backstop-enabled-41fa58ff,953.000000,4.800000,3.600000,CONSTRAIN,0,0,0,1.000000,3.652500
EXP-SCN004-backstop-enabled-41fa58ff,953.500000,4.800000,3.600000,CONSTRAIN,0,0,0,1.000000,3.650973
EXP-SCN004-backstop-enabled-41fa58ff,954.000000,4.800000,3.600000,CONSTRAIN,0,0,0,1.000000,3.649518
EXP-SCN004-backstop-enabled-41fa58ff,954.500000,4.800000,3.600000,CONSTRAIN,0,0,0,1.000000,3.648037
EXP-SCN004-backstop-enabled-41fa58ff,955.000000,4.800000,3.600000,CONSTRAIN,0,0,0,1.000000,3.646723
EXP-SCN004-backstop-enabled-41fa58ff,955.500000,4.800000,3.600000,CONSTRAIN,0,0,0,1.000000,3.645188
EXP-SCN004-backstop-enabled-41fa58ff,956.000000,4.800000,3.600000,CONSTRAIN,0,0,0,1.000000,3.643872
EXP-SCN004-backstop-enabled-41fa58ff,956.500000,4.800000,3.600000,CONSTRAIN,0,0,0,1.000000,3.642335
EXP-SCN004-backstop-enabled-41fa58ff,957.000000,4.800000,3.600000,CONSTRAIN,0,0,0,1.000000,3.640820
EXP-SCN004-backstop-enabled-41fa58ff,957.500000,4.800000,3.600000,CONSTRAIN,0,0,0,1.000000,3.639478
EXP-SCN004-backstop-enabled-41fa58ff,958.000000,4.800000,3.600000,CONSTRAIN,0,0,0,1.000000,3.638045
EXP-SCN004-backstop-enabled-41fa58ff,958.500000,4.800000,3.600000,CONSTRAIN,0,0,0,1.000000,3.636529
EXP-SCN004-backstop-enabled-41fa58ff,959.000000,4.800000,3.600000,CONSTRAIN,0,0,0,1.000000,3.634977
EXP-SCN004-backstop-enabled-41fa58ff,959.500000,4.800000,3.600000,CONSTRAIN,0,0,0,1.000000,3.633482
EXP-SCN004-backstop-enabled-41fa58ff,960.000000,4.800000,3.600000,CONSTRAIN,0,0,0,1.000000,3.632003
EXP-SCN004-backstop-enabled-41fa58ff,960.500000,4.800000,3.600000,CONSTRAIN,0,0,0,1.000000,3.630562
EXP-SCN004-backstop-enabled-41fa58ff,961.000000,4.800000,3.600000,CONSTRAIN,0,0,0,1.000000,3.629017
EXP-SCN004-backstop-enabled-41fa58ff,961.500000,4.800000,3.600000,CONSTRAIN,0,0,0,1.000000,3.627650
EXP-SCN004-backstop-enabled-41fa58ff,962.000000,4.800000,3.600000,CONSTRAIN,0,0,0,1.000000,3.626083
EXP-SCN004-backstop-enabled-41fa58ff,962.500000,4.800000,3.600000,CONSTRAIN,0,0,0,1.000000,3.624736
EXP-SCN004-backstop-enabled-41fa58ff,963.000000,4.800000,3.600000,CONSTRAIN,0,0,0,1.000000,3.623166
EXP-SCN004-backstop-enabled-41fa58ff,963.500000,4.800000,3.600000,CONSTRAIN,0,0,0,1.000000,3.621737
EXP-SCN004-backstop-enabled-41fa58ff,964.000000,4.800000,3.600000,CONSTRAIN,0,0,0,1.000000,3.620318
EXP-SCN004-backstop-enabled-41fa58ff,964.500000,4.800000,3.600000,CONSTRAIN,0,0,0,1.000000,3.618753
EXP-SCN004-backstop-enabled-41fa58ff,965.000000,4.800000,3.600000,CONSTRAIN,0,0,0,1.000000,3.617185
EXP-SCN004-backstop-enabled-41fa58ff,965.500000,4.800000,3.600000,CONSTRAIN,0,0,0,1.000000,3.615593
EXP-SCN004-backstop-enabled-41fa58ff,966.000000,4.800000,3.600000,CONSTRAIN,0,0,0,1.000000,3.614051
EXP-SCN004-backstop-enabled-41fa58ff,966.500000,4.800000,3.600000,CONSTRAIN,0,0,0,1.000000,3.612586
EXP-SCN004-backstop-enabled-41fa58ff,967.000000,4.800000,3.600000,CONSTRAIN,0,0,0,1.000000,3.611249
EXP-SCN004-backstop-enabled-41fa58ff,967.500000,4.800000,3.600000,CONSTRAIN,0,0,0,1.000000,3.609912
EXP-SCN004-backstop-enabled-41fa58ff,968.000000,4.800000,3.600000,CONSTRAIN,0,0,0,1.000000,3.608556
EXP-SCN004-backstop-enabled-41fa58ff,968.500000,4.800000,3.600000,CONSTRAIN,0,0,0,1.000000,3.607089
EXP-SCN004-backstop-enabled-41fa58ff,969.000000,4.800000,3.600000,CONSTRAIN,0,0,0,1.000000,3.605735
EXP-SCN004-backstop-enabled-41fa58ff,969.500000,4.800000,3.600000,CONSTRAIN,0,0,0,1.000000,3.604252
EXP-SCN004-backstop-enabled-41fa58ff,970.000000,4.800000,3.600000,CONSTRAIN,0,0,0,1.000000,3.602891
EXP-SCN004-backstop-enabled-41fa58ff,970.500000,4.800000,3.600000,CONSTRAIN,0,0,0,1.000000,3.601501
EXP-SCN004-backstop-enabled-41fa58ff,971.000000,4.800000,3.600000,CONSTRAIN,0,0,0,1.000000,3.599967
EXP-SCN004-backstop-enabled-41fa58ff,971.500000,4.800000,3.600000,CONSTRAIN,0,0,0,1.000000,3.598453
EXP-SCN004-backstop-enabled-41fa58ff,972.000000,4.800000,3.600000,CONSTRAIN,0,0,0,1.000000,3.596983
EXP-SCN004-backstop-enabled-41fa58ff,972.500000,4.800000,3.600000,CONSTRAIN,0,0,0,1.000000,3.595418
EXP-SCN004-backstop-enabled-41fa58ff,973.000000,4.800000,3.600000,CONSTRAIN,0,0,0,1.000000,3.593978
EXP-SCN004-backstop-enabled-41fa58ff,973.500000,4.800000,3.600000,CONSTRAIN,0,0,0,1.000000,3.592531
EXP-SCN004-backstop-enabled-41fa58ff,974.000000,4.800000,3.600000,CONSTRAIN,0,0,0,1.000000,3.591191
EXP-SCN004-backstop-enabled-41fa58ff,974.500000,4.800000,3.600000,CONSTRAIN,0,0,0,1.000000,3.589856
EXP-SCN004-backstop-enabled-41fa58ff,975.000000,4.800000,3.600000,CONSTRAIN,0,0,0,1.000000,3.588384
EXP-SCN004-backstop-enabled-41fa58ff,975.500000,4.800000,3.600000,CONSTRAIN,0,0,0,1.000000,3.586942
EXP-SCN004-backstop-enabled-41fa58ff,976.000000,4.800000,3.600000,CONSTRAIN,0,0,0,1.000000,3.585469
EXP-SCN004-backstop-enabled-41fa58ff,976.500000,4.800000,3.600000,CONSTRAIN,0,0,0,1.000000,3.584014
EXP-SCN004-backstop-enabled-41fa58ff,977.000000,4.800000,3.600000,CONSTRAIN,0,0,0,1.000000,3.582562
EXP-SCN004-backstop-enabled-41fa58ff,977.500000,4.800000,3.600000,CONSTRAIN,0,0,0,1.000000,3.581133
EXP-SCN004-backstop-enabled-41fa58ff,978.000000,4.800000,3.600000,CONSTRAIN,0,0,0,1.000000,3.579709
EXP-SCN004-backstop-enabled-41fa58ff,978.500000,4.800000,3.600000,CONSTRAIN,0,0,0,1.000000,3.578115
EXP-SCN004-backstop-enabled-41fa58ff,979.000000,4.800000,3.600000,CONSTRAIN,0,0,0,1.000000,3.576677
EXP-SCN004-backstop-enabled-41fa58ff,979.500000,4.800000,3.600000,CONSTRAIN,0,0,0,1.000000,3.575190
EXP-SCN004-backstop-enabled-41fa58ff,980.000000,4.800000,3.600000,CONSTRAIN,0,0,0,1.000000,3.573599
EXP-SCN004-backstop-enabled-41fa58ff,980.500000,4.800000,3.600000,CONSTRAIN,0,0,0,1.000000,3.572068
EXP-SCN004-backstop-enabled-41fa58ff,981.000000,4.800000,3.600000,CONSTRAIN,0,0,0,1.000000,3.570529
EXP-SCN004-backstop-enabled-41fa58ff,981.500000,4.800000,3.600000,CONSTRAIN,0,0,0,1.000000,3.569158
EXP-SCN004-backstop-enabled-41fa58ff,982.000000,4.800000,3.600000,CONSTRAIN,0,0,0,1.000000,3.567762
EXP-SCN004-backstop-enabled-41fa58ff,982.500000,4.800000,3.600000,CONSTRAIN,0,0,0,1.000000,3.566221
EXP-SCN004-backstop-enabled-41fa58ff,983.000000,4.800000,3.600000,CONSTRAIN,0,0,0,1.000000,3.564836
EXP-SCN004-backstop-enabled-41fa58ff,983.500000,4.800000,3.600000,CONSTRAIN,0,0,0,1.000000,3.563496
EXP-SCN004-backstop-enabled-41fa58ff,984.000000,4.800000,3.600000,CONSTRAIN,0,0,0,1.000000,3.562109
EXP-SCN004-backstop-enabled-41fa58ff,984.500000,4.800000,3.600000,CONSTRAIN,0,0,0,1.000000,3.560644
EXP-SCN004-backstop-enabled-41fa58ff,985.000000,4.800000,3.600000,CONSTRAIN,0,0,0,1.000000,3.559232
EXP-SCN004-backstop-enabled-41fa58ff,985.500000,4.800000,3.600000,CONSTRAIN,0,0,0,1.000000,3.557905
EXP-SCN004-backstop-enabled-41fa58ff,986.000000,4.800000,3.600000,CONSTRAIN,0,0,0,1.000000,3.556507
EXP-SCN004-backstop-enabled-41fa58ff,986.500000,4.800000,3.600000,CONSTRAIN,0,0,0,1.000000,3.555020
EXP-SCN004-backstop-enabled-41fa58ff,987.000000,4.800000,3.600000,CONSTRAIN,0,0,0,1.000000,3.553637
EXP-SCN004-backstop-enabled-41fa58ff,987.500000,4.800000,3.600000,CONSTRAIN,0,0,0,1.000000,3.552116
EXP-SCN004-backstop-enabled-41fa58ff,988.000000,4.800000,3.600000,CONSTRAIN,0,0,0,1.000000,3.550778
EXP-SCN004-backstop-enabled-41fa58ff,988.500000,4.800000,3.600000,CONSTRAIN,0,0,0,1.000000,3.549203
EXP-SCN004-backstop-enabled-41fa58ff,989.000000,4.800000,3.600000,CONSTRAIN,0,0,0,1.000000,3.547775
EXP-SCN004-backstop-enabled-41fa58ff,989.500000,4.800000,3.600000,CONSTRAIN,0,0,0,1.000000,3.546377
EXP-SCN004-backstop-enabled-41fa58ff,990.000000,4.800000,3.600000,CONSTRAIN,0,0,0,1.000000,3.545007
EXP-SCN004-backstop-enabled-41fa58ff,990.500000,4.800000,3.600000,CONSTRAIN,0,0,0,1.000000,3.543600
EXP-SCN004-backstop-enabled-41fa58ff,991.000000,4.800000,3.600000,CONSTRAIN,0,0,0,1.000000,3.542201
EXP-SCN004-backstop-enabled-41fa58ff,991.500000,4.800000,3.600000,CONSTRAIN,0,0,0,1.000000,3.540623
EXP-SCN004-backstop-enabled-41fa58ff,992.000000,4.800000,3.600000,CONSTRAIN,0,0,0,1.000000,3.539073
EXP-SCN004-backstop-enabled-41fa58ff,992.500000,4.800000,3.600000,CONSTRAIN,0,0,0,1.000000,3.537548
EXP-SCN004-backstop-enabled-41fa58ff,993.000000,4.800000,3.600000,CONSTRAIN,0,0,0,1.000000,3.536204
EXP-SCN004-backstop-enabled-41fa58ff,993.500000,4.800000,3.600000,CONSTRAIN,0,0,0,1.000000,3.534711
EXP-SCN004-backstop-enabled-41fa58ff,994.000000,4.800000,3.600000,CONSTRAIN,0,0,0,1.000000,3.533128
EXP-SCN004-backstop-enabled-41fa58ff,994.500000,4.800000,3.600000,CONSTRAIN,0,0,0,1.000000,3.531647
EXP-SCN004-backstop-enabled-41fa58ff,995.000000,4.800000,3.600000,CONSTRAIN,0,0,0,1.000000,3.530105
EXP-SCN004-backstop-enabled-41fa58ff,995.500000,4.800000,3.600000,CONSTRAIN,0,0,0,1.000000,3.528578
EXP-SCN004-backstop-enabled-41fa58ff,996.000000,4.800000,3.600000,CONSTRAIN,0,0,0,1.000000,3.527037
EXP-SCN004-backstop-enabled-41fa58ff,996.500000,4.800000,3.600000,CONSTRAIN,0,0,0,1.000000,3.525685
EXP-SCN004-backstop-enabled-41fa58ff,997.000000,4.800000,3.600000,CONSTRAIN,0,0,0,1.000000,3.524154
EXP-SCN004-backstop-enabled-41fa58ff,997.500000,4.800000,3.600000,CONSTRAIN,0,0,0,1.000000,3.522774
EXP-SCN004-backstop-enabled-41fa58ff,998.000000,4.800000,3.600000,CONSTRAIN,0,0,0,1.000000,3.521192
EXP-SCN004-backstop-enabled-41fa58ff,998.500000,4.800000,3.600000,CONSTRAIN,0,0,0,1.000000,3.519735
EXP-SCN004-backstop-enabled-41fa58ff,999.000000,4.800000,3.600000,CONSTRAIN,0,0,0,1.000000,3.518198
EXP-SCN004-backstop-enabled-41fa58ff,999.500000,4.800000,3.600000,CONSTRAIN,0,0,0,1.000000,3.516846
EXP-SCN004-backstop-enabled-41fa58ff,1000.000000,4.800000,3.600000,CONSTRAIN,0,0,0,1.000000,3.515375
EXP-SCN004-backstop-enabled-41fa58ff,1000.500000,4.800000,3.600000,CONSTRAIN,0,0,0,1.000000,3.513788
EXP-SCN004-backstop-enabled-41fa58ff,1001.000000,4.800000,3.600000,CONSTRAIN,0,0,0,1.000000,3.512324
EXP-SCN004-backstop-enabled-41fa58ff,1001.500000,4.800000,3.600000,CONSTRAIN,0,0,0,1.000000,3.510984
EXP-SCN004-backstop-enabled-41fa58ff,1002.000000,4.800000,3.600000,CONSTRAIN,0,0,0,1.000000,3.509559
EXP-SCN004-backstop-enabled-41fa58ff,1002.500000,4.800000,3.600000,CONSTRAIN,0,0,0,1.000000,3.508190
EXP-SCN004-backstop-enabled-41fa58ff,1003.000000,4.800000,3.600000,CONSTRAIN,0,0,0,1.000000,3.506800
EXP-SCN004-backstop-enabled-41fa58ff,1003.500000,4.800000,3.600000,CONSTRAIN,0,0,0,1.000000,3.505229
EXP-SCN004-backstop-enabled-41fa58ff,1004.000000,4.800000,3.600000,CONSTRAIN,0,0,0,1.000000,3.503903
EXP-SCN004-backstop-enabled-41fa58ff,1004.500000,4.800000,3.600000,CONSTRAIN,0,0,0,1.000000,3.502495
EXP-SCN004-backstop-enabled-41fa58ff,1005.000000,4.800000,3.600000,CONSTRAIN,0,0,0,1.000000,3.501167
EXP-SCN004-backstop-enabled-41fa58ff,1005.500000,4.800000,3.600000,CONSTRAIN,0,0,0,1.000000,3.499596
EXP-SCN004-backstop-enabled-41fa58ff,1006.000000,4.800000,3.600000,CONSTRAIN,0,0,0,1.000000,3.498105
EXP-SCN004-backstop-enabled-41fa58ff,1006.500000,4.800000,3.600000,CONSTRAIN,0,0,0,1.000000,3.496619
EXP-SCN004-backstop-enabled-41fa58ff,1007.000000,4.800000,3.600000,CONSTRAIN,0,0,0,1.000000,3.495054
EXP-SCN004-backstop-enabled-41fa58ff,1007.500000,4.800000,3.600000,CONSTRAIN,0,0,0,1.000000,3.493479
EXP-SCN004-backstop-enabled-41fa58ff,1008.000000,4.800000,3.600000,CONSTRAIN,0,0,0,1.000000,3.492050
EXP-SCN004-backstop-enabled-41fa58ff,1008.500000,4.800000,3.600000,CONSTRAIN,0,0,0,1.000000,3.490559
EXP-SCN004-backstop-enabled-41fa58ff,1009.000000,4.800000,3.600000,CONSTRAIN,0,0,0,1.000000,3.489168
EXP-SCN004-backstop-enabled-41fa58ff,1009.500000,4.800000,3.600000,CONSTRAIN,0,0,0,1.000000,3.487680
EXP-SCN004-backstop-enabled-41fa58ff,1010.000000,4.800000,3.600000,CONSTRAIN,0,0,0,1.000000,3.486352
EXP-SCN004-backstop-enabled-41fa58ff,1010.500000,4.800000,3.600000,CONSTRAIN,0,0,0,1.000000,3.484962
EXP-SCN004-backstop-enabled-41fa58ff,1011.000000,4.800000,3.600000,CONSTRAIN,0,0,0,1.000000,3.483580
EXP-SCN004-backstop-enabled-41fa58ff,1011.500000,4.800000,3.600000,CONSTRAIN,0,0,0,1.000000,3.481982
EXP-SCN004-backstop-enabled-41fa58ff,1012.000000,4.800000,3.600000,CONSTRAIN,0,0,0,1.000000,3.480424
EXP-SCN004-backstop-enabled-41fa58ff,1012.500000,4.800000,3.600000,CONSTRAIN,0,0,0,1.000000,3.478980
EXP-SCN004-backstop-enabled-41fa58ff,1013.000000,4.800000,3.600000,CONSTRAIN,0,0,0,1.000000,3.477665
EXP-SCN004-backstop-enabled-41fa58ff,1013.500000,4.800000,3.600000,CONSTRAIN,0,0,0,1.000000,3.476152
EXP-SCN004-backstop-enabled-41fa58ff,1014.000000,4.800000,3.600000,CONSTRAIN,0,0,0,1.000000,3.474587
EXP-SCN004-backstop-enabled-41fa58ff,1014.500000,4.800000,3.600000,CONSTRAIN,0,0,0,1.000000,3.473272
EXP-SCN004-backstop-enabled-41fa58ff,1015.000000,4.800000,3.600000,CONSTRAIN,0,0,0,1.000000,3.471756
EXP-SCN004-backstop-enabled-41fa58ff,1015.500000,4.800000,3.600000,CONSTRAIN,0,0,0,1.000000,3.470240
EXP-SCN004-backstop-enabled-41fa58ff,1016.000000,4.800000,3.600000,CONSTRAIN,0,0,0,1.000000,3.468713
EXP-SCN004-backstop-enabled-41fa58ff,1016.500000,4.800000,3.600000,CONSTRAIN,0,0,0,1.000000,3.467219
EXP-SCN004-backstop-enabled-41fa58ff,1017.000000,4.800000,3.600000,CONSTRAIN,0,0,0,1.000000,3.465903
EXP-SCN004-backstop-enabled-41fa58ff,1017.500000,4.800000,3.600000,CONSTRAIN,0,0,0,1.000000,3.464516
EXP-SCN004-backstop-enabled-41fa58ff,1018.000000,4.800000,3.600000,CONSTRAIN,0,0,0,1.000000,3.463118
EXP-SCN004-backstop-enabled-41fa58ff,1018.500000,4.800000,3.600000,CONSTRAIN,0,0,0,1.000000,3.461539
EXP-SCN004-backstop-enabled-41fa58ff,1019.000000,4.800000,3.600000,CONSTRAIN,0,0,0,1.000000,3.460099
EXP-SCN004-backstop-enabled-41fa58ff,1019.500000,4.800000,3.600000,CONSTRAIN,0,0,0,1.000000,3.458600
EXP-SCN004-backstop-enabled-41fa58ff,1020.000000,4.800000,3.600000,CONSTRAIN,0,0,0,1.000000,3.457053
EXP-SCN004-backstop-enabled-41fa58ff,1020.500000,4.800000,3.600000,CONSTRAIN,0,0,0,1.000000,3.455482
EXP-SCN004-backstop-enabled-41fa58ff,1021.000000,4.800000,3.600000,CONSTRAIN,0,0,0,1.000000,3.453985
EXP-SCN004-backstop-enabled-41fa58ff,1021.500000,4.800000,3.600000,CONSTRAIN,0,0,0,1.000000,3.452549
EXP-SCN004-backstop-enabled-41fa58ff,1022.000000,4.800000,3.600000,CONSTRAIN,0,0,0,1.000000,3.451155
EXP-SCN004-backstop-enabled-41fa58ff,1022.500000,4.800000,3.600000,CONSTRAIN,0,0,0,1.000000,3.449643
EXP-SCN004-backstop-enabled-41fa58ff,1023.000000,4.800000,3.600000,CONSTRAIN,0,0,0,1.000000,3.448108
EXP-SCN004-backstop-enabled-41fa58ff,1023.500000,4.800000,3.600000,CONSTRAIN,0,0,0,1.000000,3.446714
EXP-SCN004-backstop-enabled-41fa58ff,1024.000000,4.800000,3.600000,CONSTRAIN,0,0,0,1.000000,3.445374
EXP-SCN004-backstop-enabled-41fa58ff,1024.500000,4.800000,3.600000,CONSTRAIN,0,0,0,1.000000,3.443842
EXP-SCN004-backstop-enabled-41fa58ff,1025.000000,4.800000,3.600000,CONSTRAIN,0,0,0,1.000000,3.442486
EXP-SCN004-backstop-enabled-41fa58ff,1025.500000,4.800000,3.600000,CONSTRAIN,0,0,0,1.000000,3.441073
EXP-SCN004-backstop-enabled-41fa58ff,1026.000000,4.800000,3.600000,CONSTRAIN,0,0,0,1.000000,3.439513
EXP-SCN004-backstop-enabled-41fa58ff,1026.500000,4.800000,3.600000,CONSTRAIN,0,0,0,1.000000,3.438121
EXP-SCN004-backstop-enabled-41fa58ff,1027.000000,4.800000,3.600000,CONSTRAIN,0,0,0,1.000000,3.436676
EXP-SCN004-backstop-enabled-41fa58ff,1027.500000,4.800000,3.600000,CONSTRAIN,0,0,0,1.000000,3.435287
EXP-SCN004-backstop-enabled-41fa58ff,1028.000000,4.800000,3.600000,CONSTRAIN,0,0,0,1.000000,3.433758
EXP-SCN004-backstop-enabled-41fa58ff,1028.500000,4.800000,3.600000,CONSTRAIN,0,0,0,1.000000,3.432304
EXP-SCN004-backstop-enabled-41fa58ff,1029.000000,4.800000,3.600000,CONSTRAIN,0,0,0,1.000000,3.430802
EXP-SCN004-backstop-enabled-41fa58ff,1029.500000,4.800000,3.600000,CONSTRAIN,0,0,0,1.000000,3.429410
EXP-SCN004-backstop-enabled-41fa58ff,1030.000000,4.800000,3.600000,CONSTRAIN,0,0,0,1.000000,3.428041
EXP-SCN004-backstop-enabled-41fa58ff,1030.500000,4.800000,3.600000,CONSTRAIN,0,0,0,1.000000,3.426619
EXP-SCN004-backstop-enabled-41fa58ff,1031.000000,4.800000,3.600000,CONSTRAIN,0,0,0,1.000000,3.425256
EXP-SCN004-backstop-enabled-41fa58ff,1031.500000,4.800000,3.600000,CONSTRAIN,0,0,0,1.000000,3.423768
EXP-SCN004-backstop-enabled-41fa58ff,1032.000000,4.800000,3.600000,CONSTRAIN,0,0,0,1.000000,3.422351
EXP-SCN004-backstop-enabled-41fa58ff,1032.500000,4.800000,3.600000,CONSTRAIN,0,0,0,1.000000,3.420863
EXP-SCN004-backstop-enabled-41fa58ff,1033.000000,4.800000,3.600000,CONSTRAIN,0,0,0,1.000000,3.419439
EXP-SCN004-backstop-enabled-41fa58ff,1033.500000,4.800000,3.600000,CONSTRAIN,0,0,0,1.000000,3.418009
EXP-SCN004-backstop-enabled-41fa58ff,1034.000000,4.800000,3.600000,CONSTRAIN,0,0,0,1.000000,3.416456
EXP-SCN004-backstop-enabled-41fa58ff,1034.500000,4.800000,3.600000,CONSTRAIN,0,0,0,1.000000,3.415104
EXP-SCN004-backstop-enabled-41fa58ff,1035.000000,4.800000,3.600000,CONSTRAIN,0,0,0,1.000000,3.413657
EXP-SCN004-backstop-enabled-41fa58ff,1035.500000,4.800000,3.600000,CONSTRAIN,0,0,0,1.000000,3.412120
EXP-SCN004-backstop-enabled-41fa58ff,1036.000000,4.800000,3.600000,CONSTRAIN,0,0,0,1.000000,3.410700
EXP-SCN004-backstop-enabled-41fa58ff,1036.500000,4.800000,3.600000,CONSTRAIN,0,0,0,1.000000,3.409246
EXP-SCN004-backstop-enabled-41fa58ff,1037.000000,4.800000,3.600000,CONSTRAIN,0,0,0,1.000000,3.407756
EXP-SCN004-backstop-enabled-41fa58ff,1037.500000,4.800000,3.600000,CONSTRAIN,0,0,0,1.000000,3.406298
EXP-SCN004-backstop-enabled-41fa58ff,1038.000000,4.800000,3.600000,CONSTRAIN,0,0,0,1.000000,3.404783
EXP-SCN004-backstop-enabled-41fa58ff,1038.500000,4.800000,3.600000,CONSTRAIN,0,0,0,1.000000,3.403305
EXP-SCN004-backstop-enabled-41fa58ff,1039.000000,4.800000,3.600000,CONSTRAIN,0,0,0,1.000000,3.401814
EXP-SCN004-backstop-enabled-41fa58ff,1039.500000,4.800000,3.600000,CONSTRAIN,0,0,0,1.000000,3.400373
EXP-SCN004-backstop-enabled-41fa58ff,1040.000000,4.800000,3.600000,CONSTRAIN,0,0,0,1.000000,3.398880
EXP-SCN004-backstop-enabled-41fa58ff,1040.500000,4.800000,3.600000,CONSTRAIN,0,0,0,1.000000,3.397459
EXP-SCN004-backstop-enabled-41fa58ff,1041.000000,4.800000,3.600000,CONSTRAIN,0,0,0,1.000000,3.396045
EXP-SCN004-backstop-enabled-41fa58ff,1041.500000,4.800000,3.600000,CONSTRAIN,0,0,0,1.000000,3.394670
EXP-SCN004-backstop-enabled-41fa58ff,1042.000000,4.800000,3.600000,CONSTRAIN,0,0,0,1.000000,3.393066
EXP-SCN004-backstop-enabled-41fa58ff,1042.500000,4.800000,3.600000,CONSTRAIN,0,0,0,1.000000,3.391579
EXP-SCN004-backstop-enabled-41fa58ff,1043.000000,4.800000,3.600000,CONSTRAIN,0,0,0,1.000000,3.390047
EXP-SCN004-backstop-enabled-41fa58ff,1043.500000,4.800000,3.600000,CONSTRAIN,0,0,0,1.000000,3.388615
EXP-SCN004-backstop-enabled-41fa58ff,1044.000000,4.800000,3.600000,CONSTRAIN,0,0,0,1.000000,3.387067
EXP-SCN004-backstop-enabled-41fa58ff,1044.500000,4.800000,3.600000,CONSTRAIN,0,0,0,1.000000,3.385583
EXP-SCN004-backstop-enabled-41fa58ff,1045.000000,4.800000,3.600000,CONSTRAIN,0,0,0,1.000000,3.384113
EXP-SCN004-backstop-enabled-41fa58ff,1045.500000,4.800000,3.600000,CONSTRAIN,0,0,0,1.000000,3.382657
EXP-SCN004-backstop-enabled-41fa58ff,1046.000000,4.800000,3.600000,CONSTRAIN,0,0,0,1.000000,3.381145
EXP-SCN004-backstop-enabled-41fa58ff,1046.500000,4.800000,3.600000,CONSTRAIN,0,0,0,1.000000,3.379738
EXP-SCN004-backstop-enabled-41fa58ff,1047.000000,4.800000,3.600000,CONSTRAIN,0,0,0,1.000000,3.378374
EXP-SCN004-backstop-enabled-41fa58ff,1047.500000,4.800000,3.600000,CONSTRAIN,0,0,0,1.000000,3.376948
EXP-SCN004-backstop-enabled-41fa58ff,1048.000000,4.800000,3.600000,CONSTRAIN,0,0,0,1.000000,3.375396
EXP-SCN004-backstop-enabled-41fa58ff,1048.500000,4.800000,3.600000,CONSTRAIN,0,0,0,1.000000,3.373949
EXP-SCN004-backstop-enabled-41fa58ff,1049.000000,4.800000,3.600000,CONSTRAIN,0,0,0,1.000000,3.372398
EXP-SCN004-backstop-enabled-41fa58ff,1049.500000,4.800000,3.600000,CONSTRAIN,0,0,0,1.000000,3.371051
EXP-SCN004-backstop-enabled-41fa58ff,1050.000000,4.800000,3.600000,CONSTRAIN,0,0,0,1.000000,3.369507
EXP-SCN004-backstop-enabled-41fa58ff,1050.500000,4.800000,3.600000,CONSTRAIN,0,0,0,1.000000,3.367920
EXP-SCN004-backstop-enabled-41fa58ff,1051.000000,4.800000,3.600000,CONSTRAIN,0,0,0,1.000000,3.366478
EXP-SCN004-backstop-enabled-41fa58ff,1051.500000,4.800000,3.600000,CONSTRAIN,0,0,0,1.000000,3.365099
EXP-SCN004-backstop-enabled-41fa58ff,1052.000000,4.800000,3.600000,CONSTRAIN,0,0,0,1.000000,3.363615
EXP-SCN004-backstop-enabled-41fa58ff,1052.500000,4.800000,3.600000,CONSTRAIN,0,0,0,1.000000,3.362115
EXP-SCN004-backstop-enabled-41fa58ff,1053.000000,4.800000,3.600000,CONSTRAIN,0,0,0,1.000000,3.360666
EXP-SCN004-backstop-enabled-41fa58ff,1053.500000,4.800000,3.600000,CONSTRAIN,0,0,0,1.000000,3.359086
EXP-SCN004-backstop-enabled-41fa58ff,1054.000000,4.800000,3.600000,CONSTRAIN,0,0,0,1.000000,3.357536
EXP-SCN004-backstop-enabled-41fa58ff,1054.500000,4.800000,3.600000,CONSTRAIN,0,0,0,1.000000,3.355937
EXP-SCN004-backstop-enabled-41fa58ff,1055.000000,4.800000,3.600000,CONSTRAIN,0,0,0,1.000000,3.354501
EXP-SCN004-backstop-enabled-41fa58ff,1055.500000,4.800000,3.600000,CONSTRAIN,0,0,0,1.000000,3.353122
EXP-SCN004-backstop-enabled-41fa58ff,1056.000000,4.800000,3.600000,CONSTRAIN,0,0,0,1.000000,3.351583
EXP-SCN004-backstop-enabled-41fa58ff,1056.500000,4.800000,3.600000,CONSTRAIN,0,0,0,1.000000,3.350209
EXP-SCN004-backstop-enabled-41fa58ff,1057.000000,4.800000,3.600000,CONSTRAIN,0,0,0,1.000000,3.348753
EXP-SCN004-backstop-enabled-41fa58ff,1057.500000,4.800000,3.600000,CONSTRAIN,0,0,0,1.000000,3.347347
EXP-SCN004-backstop-enabled-41fa58ff,1058.000000,4.800000,3.600000,CONSTRAIN,0,0,0,1.000000,3.345835
EXP-SCN004-backstop-enabled-41fa58ff,1058.500000,4.800000,3.600000,CONSTRAIN,0,0,0,1.000000,3.344516
EXP-SCN004-backstop-enabled-41fa58ff,1059.000000,4.800000,3.600000,CONSTRAIN,0,0,0,1.000000,3.342919
EXP-SCN004-backstop-enabled-41fa58ff,1059.500000,4.800000,3.600000,CONSTRAIN,0,0,0,1.000000,3.341575
EXP-SCN004-backstop-enabled-41fa58ff,1060.000000,4.800000,3.600000,CONSTRAIN,0,0,0,1.000000,3.340142
EXP-SCN004-backstop-enabled-41fa58ff,1060.500000,4.800000,3.600000,CONSTRAIN,0,0,0,1.000000,3.338623
EXP-SCN004-backstop-enabled-41fa58ff,1061.000000,4.800000,3.600000,CONSTRAIN,0,0,0,1.000000,3.337034
EXP-SCN004-backstop-enabled-41fa58ff,1061.500000,4.800000,3.600000,CONSTRAIN,0,0,0,1.000000,3.335549
EXP-SCN004-backstop-enabled-41fa58ff,1062.000000,4.800000,3.600000,CONSTRAIN,0,0,0,1.000000,3.334209
EXP-SCN004-backstop-enabled-41fa58ff,1062.500000,4.800000,3.600000,CONSTRAIN,0,0,0,1.000000,3.332783
EXP-SCN004-backstop-enabled-41fa58ff,1063.000000,4.800000,3.600000,CONSTRAIN,0,0,0,1.000000,3.331304
EXP-SCN004-backstop-enabled-41fa58ff,1063.500000,4.800000,3.600000,CONSTRAIN,0,0,0,1.000000,3.329862
EXP-SCN004-backstop-enabled-41fa58ff,1064.000000,4.800000,3.600000,CONSTRAIN,0,0,0,1.000000,3.328438
EXP-SCN004-backstop-enabled-41fa58ff,1064.500000,4.800000,3.600000,CONSTRAIN,0,0,0,1.000000,3.327073
EXP-SCN004-backstop-enabled-41fa58ff,1065.000000,4.800000,3.600000,CONSTRAIN,0,0,0,1.000000,3.325608
EXP-SCN004-backstop-enabled-41fa58ff,1065.500000,4.800000,3.600000,CONSTRAIN,0,0,0,1.000000,3.324117
EXP-SCN004-backstop-enabled-41fa58ff,1066.000000,4.800000,3.600000,CONSTRAIN,0,0,0,1.000000,3.322731
EXP-SCN004-backstop-enabled-41fa58ff,1066.500000,4.800000,3.600000,CONSTRAIN,0,0,0,1.000000,3.321400
EXP-SCN004-backstop-enabled-41fa58ff,1067.000000,4.800000,3.600000,CONSTRAIN,0,0,0,1.000000,3.319913
EXP-SCN004-backstop-enabled-41fa58ff,1067.500000,4.800000,3.600000,CONSTRAIN,0,0,0,1.000000,3.318517
EXP-SCN004-backstop-enabled-41fa58ff,1068.000000,4.800000,3.600000,CONSTRAIN,0,0,0,1.000000,3.317060
EXP-SCN004-backstop-enabled-41fa58ff,1068.500000,4.800000,3.600000,CONSTRAIN,0,0,0,1.000000,3.315523
EXP-SCN004-backstop-enabled-41fa58ff,1069.000000,4.800000,3.600000,CONSTRAIN,0,0,0,1.000000,3.314033
EXP-SCN004-backstop-enabled-41fa58ff,1069.500000,4.800000,3.600000,CONSTRAIN,0,0,0,1.000000,3.312640
EXP-SCN004-backstop-enabled-41fa58ff,1070.000000,4.800000,3.600000,CONSTRAIN,0,0,0,1.000000,3.311278
EXP-SCN004-backstop-enabled-41fa58ff,1070.500000,4.800000,3.600000,CONSTRAIN,0,0,0,1.000000,3.309690
EXP-SCN004-backstop-enabled-41fa58ff,1071.000000,4.800000,3.600000,CONSTRAIN,0,0,0,1.000000,3.308247
EXP-SCN004-backstop-enabled-41fa58ff,1071.500000,4.800000,3.600000,CONSTRAIN,0,0,0,1.000000,3.306794
EXP-SCN004-backstop-enabled-41fa58ff,1072.000000,4.800000,3.600000,CONSTRAIN,0,0,0,1.000000,3.305457
EXP-SCN004-backstop-enabled-41fa58ff,1072.500000,4.800000,3.600000,CONSTRAIN,0,0,0,1.000000,3.303878
EXP-SCN004-backstop-enabled-41fa58ff,1073.000000,4.800000,3.600000,CONSTRAIN,0,0,0,1.000000,3.302332
EXP-SCN004-backstop-enabled-41fa58ff,1073.500000,4.800000,3.600000,CONSTRAIN,0,0,0,1.000000,3.300826
EXP-SCN004-backstop-enabled-41fa58ff,1074.000000,4.800000,3.600000,CONSTRAIN,0,0,0,1.000000,3.299226
EXP-SCN004-backstop-enabled-41fa58ff,1074.500000,4.800000,3.600000,CONSTRAIN,0,0,0,1.000000,3.297770
EXP-SCN004-backstop-enabled-41fa58ff,1075.000000,4.800000,3.600000,CONSTRAIN,0,0,0,1.000000,3.296391
EXP-SCN004-backstop-enabled-41fa58ff,1075.500000,4.800000,3.600000,CONSTRAIN,0,0,0,1.000000,3.295000
EXP-SCN004-backstop-enabled-41fa58ff,1076.000000,4.800000,3.600000,CONSTRAIN,0,0,0,1.000000,3.293421
EXP-SCN004-backstop-enabled-41fa58ff,1076.500000,4.800000,3.600000,CONSTRAIN,0,0,0,1.000000,3.291823
EXP-SCN004-backstop-enabled-41fa58ff,1077.000000,4.800000,3.600000,CONSTRAIN,0,0,0,1.000000,3.290221
EXP-SCN004-backstop-enabled-41fa58ff,1077.500000,4.800000,3.600000,CONSTRAIN,0,0,0,1.000000,3.288647
EXP-SCN004-backstop-enabled-41fa58ff,1078.000000,4.800000,3.600000,CONSTRAIN,0,0,0,1.000000,3.287072
EXP-SCN004-backstop-enabled-41fa58ff,1078.500000,4.800000,3.600000,CONSTRAIN,0,0,0,1.000000,3.285672
EXP-SCN004-backstop-enabled-41fa58ff,1079.000000,4.800000,3.600000,CONSTRAIN,0,0,0,1.000000,3.284269
EXP-SCN004-backstop-enabled-41fa58ff,1079.500000,4.800000,3.600000,CONSTRAIN,0,0,0,1.000000,3.282737
EXP-SCN004-backstop-enabled-41fa58ff,1080.000000,4.800000,3.600000,CONSTRAIN,0,0,0,1.000000,3.281175
EXP-SCN004-backstop-enabled-41fa58ff,1080.500000,4.800000,3.600000,CONSTRAIN,0,0,0,1.000000,3.279857
EXP-SCN004-backstop-enabled-41fa58ff,1081.000000,4.800000,3.600000,CONSTRAIN,0,0,0,1.000000,3.278484
EXP-SCN004-backstop-enabled-41fa58ff,1081.500000,4.800000,3.600000,CONSTRAIN,0,0,0,1.000000,3.277099
EXP-SCN004-backstop-enabled-41fa58ff,1082.000000,4.800000,3.600000,CONSTRAIN,0,0,0,1.000000,3.275749
EXP-SCN004-backstop-enabled-41fa58ff,1082.500000,4.800000,3.600000,CONSTRAIN,0,0,0,1.000000,3.274328
EXP-SCN004-backstop-enabled-41fa58ff,1083.000000,4.800000,3.600000,CONSTRAIN,0,0,0,1.000000,3.272847
EXP-SCN004-backstop-enabled-41fa58ff,1083.500000,4.800000,3.600000,CONSTRAIN,0,0,0,1.000000,3.271306
EXP-SCN004-backstop-enabled-41fa58ff,1084.000000,4.800000,3.600000,CONSTRAIN,0,0,0,1.000000,3.269765
EXP-SCN004-backstop-enabled-41fa58ff,1084.500000,4.800000,3.600000,CONSTRAIN,0,0,0,1.000000,3.268376
EXP-SCN004-backstop-enabled-41fa58ff,1085.000000,4.800000,3.600000,CONSTRAIN,0,0,0,1.000000,3.266833
EXP-SCN004-backstop-enabled-41fa58ff,1085.500000,4.800000,3.600000,CONSTRAIN,0,0,0,1.000000,3.265307
EXP-SCN004-backstop-enabled-41fa58ff,1086.000000,4.800000,3.600000,CONSTRAIN,0,0,0,1.000000,3.263813
EXP-SCN004-backstop-enabled-41fa58ff,1086.500000,4.800000,3.600000,CONSTRAIN,0,0,0,1.000000,3.262347
EXP-SCN004-backstop-enabled-41fa58ff,1087.000000,4.800000,3.600000,CONSTRAIN,0,0,0,1.000000,3.260770
EXP-SCN004-backstop-enabled-41fa58ff,1087.500000,4.800000,3.600000,CONSTRAIN,0,0,0,1.000000,3.259346
EXP-SCN004-backstop-enabled-41fa58ff,1088.000000,4.800000,3.600000,CONSTRAIN,0,0,0,1.000000,3.257921
EXP-SCN004-backstop-enabled-41fa58ff,1088.500000,4.800000,3.600000,CONSTRAIN,0,0,0,1.000000,3.256435
EXP-SCN004-backstop-enabled-41fa58ff,1089.000000,4.800000,3.600000,CONSTRAIN,0,0,0,1.000000,3.254881
EXP-SCN004-backstop-enabled-41fa58ff,1089.500000,4.800000,3.600000,CONSTRAIN,0,0,0,1.000000,3.253556
EXP-SCN004-backstop-enabled-41fa58ff,1090.000000,4.800000,3.600000,CONSTRAIN,0,0,0,1.000000,3.252192
EXP-SCN004-backstop-enabled-41fa58ff,1090.500000,4.800000,3.600000,CONSTRAIN,0,0,0,1.000000,3.250812
EXP-SCN004-backstop-enabled-41fa58ff,1091.000000,4.800000,3.600000,CONSTRAIN,0,0,0,1.000000,3.249262
EXP-SCN004-backstop-enabled-41fa58ff,1091.500000,4.800000,3.600000,CONSTRAIN,0,0,0,1.000000,3.247871
EXP-SCN004-backstop-enabled-41fa58ff,1092.000000,4.800000,3.600000,CONSTRAIN,0,0,0,1.000000,3.246283
EXP-SCN004-backstop-enabled-41fa58ff,1092.500000,4.800000,3.600000,CONSTRAIN,0,0,0,1.000000,3.244913
EXP-SCN004-backstop-enabled-41fa58ff,1093.000000,4.800000,3.600000,CONSTRAIN,0,0,0,1.000000,3.243319
EXP-SCN004-backstop-enabled-41fa58ff,1093.500000,4.800000,3.600000,CONSTRAIN,0,0,0,1.000000,3.241751
EXP-SCN004-backstop-enabled-41fa58ff,1094.000000,4.800000,3.600000,CONSTRAIN,0,0,0,1.000000,3.240221
EXP-SCN004-backstop-enabled-41fa58ff,1094.500000,4.800000,3.600000,CONSTRAIN,0,0,0,1.000000,3.238713
EXP-SCN004-backstop-enabled-41fa58ff,1095.000000,4.800000,3.600000,CONSTRAIN,0,0,0,1.000000,3.237333
EXP-SCN004-backstop-enabled-41fa58ff,1095.500000,4.800000,3.600000,CONSTRAIN,0,0,0,1.000000,3.235790
EXP-SCN004-backstop-enabled-41fa58ff,1096.000000,4.800000,3.600000,CONSTRAIN,0,0,0,1.000000,3.234396
EXP-SCN004-backstop-enabled-41fa58ff,1096.500000,4.800000,3.600000,CONSTRAIN,0,0,0,1.000000,3.233002
EXP-SCN004-backstop-enabled-41fa58ff,1097.000000,4.800000,3.600000,CONSTRAIN,0,0,0,1.000000,3.231600
EXP-SCN004-backstop-enabled-41fa58ff,1097.500000,4.800000,3.600000,CONSTRAIN,0,0,0,1.000000,3.230058
EXP-SCN004-backstop-enabled-41fa58ff,1098.000000,4.800000,3.600000,CONSTRAIN,0,0,0,1.000000,3.228732
EXP-SCN004-backstop-enabled-41fa58ff,1098.500000,4.800000,3.600000,CONSTRAIN,0,0,0,1.000000,3.227221
EXP-SCN004-backstop-enabled-41fa58ff,1099.000000,4.800000,3.600000,CONSTRAIN,0,0,0,1.000000,3.225716
EXP-SCN004-backstop-enabled-41fa58ff,1099.500000,4.800000,3.600000,CONSTRAIN,0,0,0,1.000000,3.224143
EXP-SCN004-backstop-enabled-41fa58ff,1100.000000,4.800000,3.600000,CONSTRAIN,0,0,0,1.000000,3.222735
EXP-SCN004-backstop-enabled-41fa58ff,1100.500000,4.800000,3.600000,CONSTRAIN,0,0,0,1.000000,3.221249
EXP-SCN004-backstop-enabled-41fa58ff,1101.000000,4.800000,3.600000,CONSTRAIN,0,0,0,1.000000,3.219909
EXP-SCN004-backstop-enabled-41fa58ff,1101.500000,4.800000,3.600000,CONSTRAIN,0,0,0,1.000000,3.218576
EXP-SCN004-backstop-enabled-41fa58ff,1102.000000,4.800000,3.600000,CONSTRAIN,0,0,0,1.000000,3.217110
EXP-SCN004-backstop-enabled-41fa58ff,1102.500000,4.800000,3.600000,CONSTRAIN,0,0,0,1.000000,3.215558
EXP-SCN004-backstop-enabled-41fa58ff,1103.000000,4.800000,3.600000,CONSTRAIN,0,0,0,1.000000,3.213994
EXP-SCN004-backstop-enabled-41fa58ff,1103.500000,4.800000,3.600000,CONSTRAIN,0,0,0,1.000000,3.212516
EXP-SCN004-backstop-enabled-41fa58ff,1104.000000,4.800000,3.600000,CONSTRAIN,0,0,0,1.000000,3.210992
EXP-SCN004-backstop-enabled-41fa58ff,1104.500000,4.800000,3.600000,CONSTRAIN,0,0,0,1.000000,3.209556
EXP-SCN004-backstop-enabled-41fa58ff,1105.000000,4.800000,3.600000,CONSTRAIN,0,0,0,1.000000,3.208174
EXP-SCN004-backstop-enabled-41fa58ff,1105.500000,4.800000,3.600000,CONSTRAIN,0,0,0,1.000000,3.206860
EXP-SCN004-backstop-enabled-41fa58ff,1106.000000,4.800000,3.600000,CONSTRAIN,0,0,0,1.000000,3.205483
EXP-SCN004-backstop-enabled-41fa58ff,1106.500000,4.800000,3.600000,CONSTRAIN,0,0,0,1.000000,3.204024
EXP-SCN004-backstop-enabled-41fa58ff,1107.000000,4.800000,3.600000,CONSTRAIN,0,0,0,1.000000,3.202609
EXP-SCN004-backstop-enabled-41fa58ff,1107.500000,4.800000,3.600000,CONSTRAIN,0,0,0,1.000000,3.201237
EXP-SCN004-backstop-enabled-41fa58ff,1108.000000,4.800000,3.600000,CONSTRAIN,1,1,1,1.000000,3.199896
EXP-SCN004-backstop-enabled-41fa58ff,1108.500000,4.800000,3.600000,CONSTRAIN,1,1,1,1.000000,3.202612
EXP-SCN004-backstop-enabled-41fa58ff,1109.000000,4.800000,3.600000,CONSTRAIN,1,1,1,1.000000,3.205355
EXP-SCN004-backstop-enabled-41fa58ff,1109.500000,4.800000,3.600000,CONSTRAIN,1,1,1,1.000000,3.208191
EXP-SCN004-backstop-enabled-41fa58ff,1110.000000,4.800000,3.600000,CONSTRAIN,1,1,1,1.000000,3.211066
EXP-SCN004-backstop-enabled-41fa58ff,1110.500000,4.800000,3.600000,CONSTRAIN,1,1,1,1.000000,3.213854
EXP-SCN004-backstop-enabled-41fa58ff,1111.000000,4.800000,3.600000,CONSTRAIN,1,1,1,1.000000,3.216637
EXP-SCN004-backstop-enabled-41fa58ff,1111.500000,4.800000,3.600000,CONSTRAIN,1,1,1,1.000000,3.219279
EXP-SCN004-backstop-enabled-41fa58ff,1112.000000,4.800000,3.600000,CONSTRAIN,1,1,1,1.000000,3.221945
EXP-SCN004-backstop-enabled-41fa58ff,1112.500000,4.800000,3.600000,CONSTRAIN,1,1,1,1.000000,3.224551
EXP-SCN004-backstop-enabled-41fa58ff,1113.000000,4.800000,3.600000,CONSTRAIN,1,1,1,1.000000,3.227225
EXP-SCN004-backstop-enabled-41fa58ff,1113.500000,4.800000,3.600000,CONSTRAIN,1,1,1,1.000000,3.229925
EXP-SCN004-backstop-enabled-41fa58ff,1114.000000,4.800000,3.600000,CONSTRAIN,1,1,1,1.000000,3.232519
EXP-SCN004-backstop-enabled-41fa58ff,1114.500000,4.800000,3.600000,CONSTRAIN,1,1,1,1.000000,3.235326
EXP-SCN004-backstop-enabled-41fa58ff,1115.000000,4.800000,3.600000,CONSTRAIN,1,1,1,1.000000,3.238156
EXP-SCN004-backstop-enabled-41fa58ff,1115.500000,4.800000,3.600000,CONSTRAIN,1,1,1,1.000000,3.240749
EXP-SCN004-backstop-enabled-41fa58ff,1116.000000,4.800000,3.600000,CONSTRAIN,1,1,1,1.000000,3.243521
EXP-SCN004-backstop-enabled-41fa58ff,1116.500000,4.800000,3.600000,CONSTRAIN,1,1,1,1.000000,3.246175
EXP-SCN004-backstop-enabled-41fa58ff,1117.000000,4.800000,3.600000,CONSTRAIN,1,1,1,1.000000,3.248981
EXP-SCN004-backstop-enabled-41fa58ff,1117.500000,4.800000,3.600000,CONSTRAIN,1,1,1,1.000000,3.251663
EXP-SCN004-backstop-enabled-41fa58ff,1118.000000,4.800000,3.600000,CONSTRAIN,1,1,1,1.000000,3.254349
EXP-SCN004-backstop-enabled-41fa58ff,1118.500000,4.800000,3.600000,CONSTRAIN,1,1,1,1.000000,3.257142
EXP-SCN004-backstop-enabled-41fa58ff,1119.000000,4.800000,3.600000,CONSTRAIN,1,1,1,1.000000,3.259731
EXP-SCN004-backstop-enabled-41fa58ff,1119.500000,4.800000,3.600000,CONSTRAIN,1,1,1,1.000000,3.262354
EXP-SCN004-backstop-enabled-41fa58ff,1120.000000,4.800000,3.600000,CONSTRAIN,1,1,1,1.000000,3.265061
EXP-SCN004-backstop-enabled-41fa58ff,1120.500000,4.800000,3.600000,CONSTRAIN,1,1,1,1.000000,3.267680
EXP-SCN004-backstop-enabled-41fa58ff,1121.000000,4.800000,3.600000,CONSTRAIN,1,1,1,1.000000,3.270330
EXP-SCN004-backstop-enabled-41fa58ff,1121.500000,4.800000,3.600000,CONSTRAIN,1,1,1,1.000000,3.273042
EXP-SCN004-backstop-enabled-41fa58ff,1122.000000,4.800000,3.600000,CONSTRAIN,1,1,1,1.000000,3.275714
EXP-SCN004-backstop-enabled-41fa58ff,1122.500000,4.800000,3.600000,CONSTRAIN,1,1,1,1.000000,3.278421
EXP-SCN004-backstop-enabled-41fa58ff,1123.000000,4.800000,3.600000,CONSTRAIN,1,1,1,1.000000,3.281038
EXP-SCN004-backstop-enabled-41fa58ff,1123.500000,4.800000,3.600000,CONSTRAIN,1,1,1,1.000000,3.283617
EXP-SCN004-backstop-enabled-41fa58ff,1124.000000,4.800000,3.600000,CONSTRAIN,1,1,1,1.000000,3.286240
EXP-SCN004-backstop-enabled-41fa58ff,1124.500000,4.800000,3.600000,CONSTRAIN,1,1,1,1.000000,3.288811
EXP-SCN004-backstop-enabled-41fa58ff,1125.000000,4.800000,3.600000,CONSTRAIN,1,1,1,1.000000,3.291445
EXP-SCN004-backstop-enabled-41fa58ff,1125.500000,4.800000,3.600000,CONSTRAIN,1,1,1,1.000000,3.294245
EXP-SCN004-backstop-enabled-41fa58ff,1126.000000,4.800000,3.600000,CONSTRAIN,1,1,1,1.000000,3.296884
EXP-SCN004-backstop-enabled-41fa58ff,1126.500000,4.800000,3.600000,CONSTRAIN,1,1,1,1.000000,3.299488
EXP-SCN004-backstop-enabled-41fa58ff,1127.000000,4.800000,3.600000,CONSTRAIN,1,1,1,1.000000,3.302245
EXP-SCN004-backstop-enabled-41fa58ff,1127.500000,4.800000,3.600000,CONSTRAIN,1,1,1,1.000000,3.304951
EXP-SCN004-backstop-enabled-41fa58ff,1128.000000,4.800000,3.600000,CONSTRAIN,1,1,1,1.000000,3.307503
EXP-SCN004-backstop-enabled-41fa58ff,1128.500000,4.800000,3.600000,CONSTRAIN,1,1,1,1.000000,3.310075
EXP-SCN004-backstop-enabled-41fa58ff,1129.000000,4.800000,3.600000,CONSTRAIN,1,1,1,1.000000,3.312578
EXP-SCN004-backstop-enabled-41fa58ff,1129.500000,4.800000,3.600000,CONSTRAIN,1,1,1,1.000000,3.315348
EXP-SCN004-backstop-enabled-41fa58ff,1130.000000,4.800000,3.600000,CONSTRAIN,1,1,1,1.000000,3.318001
EXP-SCN004-backstop-enabled-41fa58ff,1130.500000,4.800000,3.600000,CONSTRAIN,1,1,1,1.000000,3.320747
EXP-SCN004-backstop-enabled-41fa58ff,1131.000000,4.800000,3.600000,CONSTRAIN,1,1,1,1.000000,3.323434
EXP-SCN004-backstop-enabled-41fa58ff,1131.500000,4.800000,3.600000,CONSTRAIN,1,1,1,1.000000,3.326159
EXP-SCN004-backstop-enabled-41fa58ff,1132.000000,4.800000,3.600000,CONSTRAIN,1,1,1,1.000000,3.328756
EXP-SCN004-backstop-enabled-41fa58ff,1132.500000,4.800000,3.600000,CONSTRAIN,1,1,1,1.000000,3.331489
EXP-SCN004-backstop-enabled-41fa58ff,1133.000000,4.800000,3.600000,CONSTRAIN,1,1,1,1.000000,3.334161
EXP-SCN004-backstop-enabled-41fa58ff,1133.500000,4.800000,3.600000,CONSTRAIN,1,1,1,1.000000,3.336693
EXP-SCN004-backstop-enabled-41fa58ff,1134.000000,4.800000,3.600000,CONSTRAIN,1,1,1,1.000000,3.339429
EXP-SCN004-backstop-enabled-41fa58ff,1134.500000,4.800000,3.600000,CONSTRAIN,1,1,1,1.000000,3.342116
EXP-SCN004-backstop-enabled-41fa58ff,1135.000000,4.800000,3.600000,CONSTRAIN,1,1,1,1.000000,3.344833
EXP-SCN004-backstop-enabled-41fa58ff,1135.500000,4.800000,3.600000,CONSTRAIN,1,1,1,1.000000,3.347349
EXP-SCN004-backstop-enabled-41fa58ff,1136.000000,4.800000,3.600000,CONSTRAIN,1,1,1,1.000000,3.349898
EXP-SCN004-backstop-enabled-41fa58ff,1136.500000,4.800000,3.600000,CONSTRAIN,1,1,1,1.000000,3.352485
EXP-SCN004-backstop-enabled-41fa58ff,1137.000000,4.800000,3.600000,CONSTRAIN,1,1,1,1.000000,3.355160
EXP-SCN004-backstop-enabled-41fa58ff,1137.500000,4.800000,3.600000,CONSTRAIN,1,1,1,1.000000,3.357831
EXP-SCN004-backstop-enabled-41fa58ff,1138.000000,4.800000,3.600000,CONSTRAIN,1,1,1,1.000000,3.360311
EXP-SCN004-backstop-enabled-41fa58ff,1138.500000,4.800000,3.600000,CONSTRAIN,1,1,1,1.000000,3.362867
EXP-SCN004-backstop-enabled-41fa58ff,1139.000000,4.800000,3.600000,CONSTRAIN,1,1,1,1.000000,3.365315
EXP-SCN004-backstop-enabled-41fa58ff,1139.500000,4.800000,3.600000,CONSTRAIN,1,1,1,1.000000,3.367823
EXP-SCN004-backstop-enabled-41fa58ff,1140.000000,4.800000,3.600000,CONSTRAIN,1,1,1,1.000000,3.370511
EXP-SCN004-backstop-enabled-41fa58ff,1140.500000,4.800000,3.600000,CONSTRAIN,1,1,1,1.000000,3.373198
EXP-SCN004-backstop-enabled-41fa58ff,1141.000000,4.800000,3.600000,CONSTRAIN,1,1,1,1.000000,3.375775
EXP-SCN004-backstop-enabled-41fa58ff,1141.500000,4.800000,3.600000,CONSTRAIN,1,1,1,1.000000,3.378404
EXP-SCN004-backstop-enabled-41fa58ff,1142.000000,4.800000,3.600000,CONSTRAIN,1,1,1,1.000000,3.381058
EXP-SCN004-backstop-enabled-41fa58ff,1142.500000,4.800000,3.600000,CONSTRAIN,1,1,1,1.000000,3.383662
EXP-SCN004-backstop-enabled-41fa58ff,1143.000000,4.800000,3.600000,CONSTRAIN,1,1,1,1.000000,3.386252
EXP-SCN004-backstop-enabled-41fa58ff,1143.500000,4.800000,3.600000,CONSTRAIN,1,1,1,1.000000,3.388854
EXP-SCN004-backstop-enabled-41fa58ff,1144.000000,4.800000,3.600000,CONSTRAIN,1,1,1,1.000000,3.391406
EXP-SCN004-backstop-enabled-41fa58ff,1144.500000,4.800000,3.600000,CONSTRAIN,1,1,1,1.000000,3.393998
EXP-SCN004-backstop-enabled-41fa58ff,1145.000000,4.800000,3.600000,CONSTRAIN,1,1,1,1.000000,3.396648
EXP-SCN004-backstop-enabled-41fa58ff,1145.500000,4.800000,3.600000,CONSTRAIN,1,1,1,1.000000,3.399083
EXP-SCN004-backstop-enabled-41fa58ff,1146.000000,4.800000,3.600000,CONSTRAIN,1,1,1,1.000000,3.401558
EXP-SCN004-backstop-enabled-41fa58ff,1146.500000,4.800000,3.600000,CONSTRAIN,1,1,1,1.000000,3.404047
EXP-SCN004-backstop-enabled-41fa58ff,1147.000000,4.800000,3.600000,CONSTRAIN,1,1,1,1.000000,3.406512
EXP-SCN004-backstop-enabled-41fa58ff,1147.500000,4.800000,3.600000,CONSTRAIN,1,1,1,1.000000,3.408937
EXP-SCN004-backstop-enabled-41fa58ff,1148.000000,4.800000,3.600000,CONSTRAIN,1,1,1,1.000000,3.411536
EXP-SCN004-backstop-enabled-41fa58ff,1148.500000,4.800000,3.600000,CONSTRAIN,1,1,1,1.000000,3.414119
EXP-SCN004-backstop-enabled-41fa58ff,1149.000000,4.800000,3.600000,CONSTRAIN,1,1,1,1.000000,3.416678
EXP-SCN004-backstop-enabled-41fa58ff,1149.500000,4.800000,3.600000,CONSTRAIN,1,1,1,1.000000,3.419280
EXP-SCN004-backstop-enabled-41fa58ff,1150.000000,4.800000,3.600000,CONSTRAIN,1,1,1,1.000000,3.421847
EXP-SCN004-backstop-enabled-41fa58ff,1150.500000,4.800000,3.600000,CONSTRAIN,1,1,1,1.000000,3.424440
EXP-SCN004-backstop-enabled-41fa58ff,1151.000000,4.800000,3.600000,CONSTRAIN,1,1,1,1.000000,3.426915
EXP-SCN004-backstop-enabled-41fa58ff,1151.500000,4.800000,3.600000,CONSTRAIN,1,1,1,1.000000,3.429449
EXP-SCN004-backstop-enabled-41fa58ff,1152.000000,4.800000,3.600000,CONSTRAIN,1,1,1,1.000000,3.431929
EXP-SCN004-backstop-enabled-41fa58ff,1152.500000,4.800000,3.600000,CONSTRAIN,1,1,1,1.000000,3.434528
EXP-SCN004-backstop-enabled-41fa58ff,1153.000000,4.800000,3.600000,CONSTRAIN,1,1,1,1.000000,3.437060
EXP-SCN004-backstop-enabled-41fa58ff,1153.500000,4.800000,3.600000,CONSTRAIN,1,1,1,1.000000,3.439480
EXP-SCN004-backstop-enabled-41fa58ff,1154.000000,4.800000,3.600000,CONSTRAIN,1,1,1,1.000000,3.441965
EXP-SCN004-backstop-enabled-41fa58ff,1154.500000,4.800000,3.600000,CONSTRAIN,1,1,1,1.000000,3.444390
EXP-SCN004-backstop-enabled-41fa58ff,1155.000000,4.800000,3.600000,CONSTRAIN,1,1,1,1.000000,3.446862
EXP-SCN004-backstop-enabled-41fa58ff,1155.500000,4.800000,3.600000,CONSTRAIN,1,1,1,1.000000,3.449381
EXP-SCN004-backstop-enabled-41fa58ff,1156.000000,4.800000,3.600000,CONSTRAIN,1,1,1,1.000000,3.451951
EXP-SCN004-backstop-enabled-41fa58ff,1156.500000,4.800000,3.600000,CONSTRAIN,1,1,1,1.000000,3.454532
EXP-SCN004-backstop-enabled-41fa58ff,1157.000000,4.800000,3.600000,CONSTRAIN,1,1,1,1.000000,3.456908
EXP-SCN004-backstop-enabled-41fa58ff,1157.500000,4.800000,3.600000,CONSTRAIN,1,1,1,1.000000,3.459239
EXP-SCN004-backstop-enabled-41fa58ff,1158.000000,4.800000,3.600000,CONSTRAIN,1,1,1,1.000000,3.461714
EXP-SCN004-backstop-enabled-41fa58ff,1158.500000,4.800000,3.600000,CONSTRAIN,1,1,1,1.000000,3.464089
EXP-SCN004-backstop-enabled-41fa58ff,1159.000000,4.800000,3.600000,CONSTRAIN,1,1,1,1.000000,3.466560
EXP-SCN004-backstop-enabled-41fa58ff,1159.500000,4.800000,3.600000,CONSTRAIN,1,1,1,1.000000,3.468981
EXP-SCN004-backstop-enabled-41fa58ff,1160.000000,4.800000,3.600000,CONSTRAIN,1,1,1,1.000000,3.471418
EXP-SCN004-backstop-enabled-41fa58ff,1160.500000,4.800000,3.600000,CONSTRAIN,1,1,1,1.000000,3.473849
EXP-SCN004-backstop-enabled-41fa58ff,1161.000000,4.800000,3.600000,CONSTRAIN,1,1,1,1.000000,3.476409
EXP-SCN004-backstop-enabled-41fa58ff,1161.500000,4.800000,3.600000,CONSTRAIN,1,1,1,1.000000,3.478895
EXP-SCN004-backstop-enabled-41fa58ff,1162.000000,4.800000,3.600000,CONSTRAIN,1,1,1,1.000000,3.481455
EXP-SCN004-backstop-enabled-41fa58ff,1162.500000,4.800000,3.600000,CONSTRAIN,1,1,1,1.000000,3.483976
EXP-SCN004-backstop-enabled-41fa58ff,1163.000000,4.800000,3.600000,CONSTRAIN,1,1,1,1.000000,3.486447
EXP-SCN004-backstop-enabled-41fa58ff,1163.500000,4.800000,3.600000,CONSTRAIN,1,1,1,1.000000,3.488797
EXP-SCN004-backstop-enabled-41fa58ff,1164.000000,4.800000,3.600000,CONSTRAIN,1,1,1,1.000000,3.491199
EXP-SCN004-backstop-enabled-41fa58ff,1164.500000,4.800000,3.600000,CONSTRAIN,1,1,1,1.000000,3.493504
EXP-SCN004-backstop-enabled-41fa58ff,1165.000000,4.800000,3.600000,CONSTRAIN,1,1,1,1.000000,3.495814
EXP-SCN004-backstop-enabled-41fa58ff,1165.500000,4.800000,3.600000,CONSTRAIN,1,1,1,1.000000,3.498318
EXP-SCN004-backstop-enabled-41fa58ff,1166.000000,4.800000,3.600000,CONSTRAIN,1,1,1,1.000000,3.500693
EXP-SCN004-backstop-enabled-41fa58ff,1166.500000,4.800000,3.600000,CONSTRAIN,1,1,1,1.000000,3.503183
EXP-SCN004-backstop-enabled-41fa58ff,1167.000000,4.800000,3.600000,CONSTRAIN,1,1,1,1.000000,3.505641
EXP-SCN004-backstop-enabled-41fa58ff,1167.500000,4.800000,3.600000,CONSTRAIN,1,1,1,1.000000,3.507876
EXP-SCN004-backstop-enabled-41fa58ff,1168.000000,4.800000,3.600000,CONSTRAIN,1,1,1,1.000000,3.510226
EXP-SCN004-backstop-enabled-41fa58ff,1168.500000,4.800000,3.600000,CONSTRAIN,1,1,1,1.000000,3.512523
EXP-SCN004-backstop-enabled-41fa58ff,1169.000000,4.800000,3.600000,CONSTRAIN,1,1,1,1.000000,3.514872
EXP-SCN004-backstop-enabled-41fa58ff,1169.500000,4.800000,3.600000,CONSTRAIN,1,1,1,1.000000,3.517374
EXP-SCN004-backstop-enabled-41fa58ff,1170.000000,4.800000,3.600000,CONSTRAIN,1,1,1,1.000000,3.519740
EXP-SCN004-backstop-enabled-41fa58ff,1170.500000,4.800000,3.600000,CONSTRAIN,1,1,1,1.000000,3.522190
EXP-SCN004-backstop-enabled-41fa58ff,1171.000000,4.800000,3.600000,CONSTRAIN,1,1,1,1.000000,3.524470
EXP-SCN004-backstop-enabled-41fa58ff,1171.500000,4.800000,3.600000,CONSTRAIN,1,1,1,1.000000,3.526716
EXP-SCN004-backstop-enabled-41fa58ff,1172.000000,4.800000,3.600000,CONSTRAIN,1,1,1,1.000000,3.529064
EXP-SCN004-backstop-enabled-41fa58ff,1172.500000,4.800000,3.600000,CONSTRAIN,1,1,1,1.000000,3.531554
EXP-SCN004-backstop-enabled-41fa58ff,1173.000000,4.800000,3.600000,CONSTRAIN,1,1,1,1.000000,3.533914
EXP-SCN004-backstop-enabled-41fa58ff,1173.500000,4.800000,3.600000,CONSTRAIN,1,1,1,1.000000,3.536393
EXP-SCN004-backstop-enabled-41fa58ff,1174.000000,4.800000,3.600000,CONSTRAIN,1,1,1,1.000000,3.538624
EXP-SCN004-backstop-enabled-41fa58ff,1174.500000,4.800000,3.600000,CONSTRAIN,1,1,1,1.000000,3.541090
EXP-SCN004-backstop-enabled-41fa58ff,1175.000000,4.800000,3.600000,CONSTRAIN,1,1,1,1.000000,3.543568
EXP-SCN004-backstop-enabled-41fa58ff,1175.500000,4.800000,3.600000,CONSTRAIN,1,1,1,1.000000,3.546019
EXP-SCN004-backstop-enabled-41fa58ff,1176.000000,4.800000,3.600000,CONSTRAIN,1,1,1,1.000000,3.548217
EXP-SCN004-backstop-enabled-41fa58ff,1176.500000,4.800000,3.600000,CONSTRAIN,1,1,1,1.000000,3.550436
EXP-SCN004-backstop-enabled-41fa58ff,1177.000000,4.800000,3.600000,CONSTRAIN,1,1,1,1.000000,3.552833
EXP-SCN004-backstop-enabled-41fa58ff,1177.500000,4.800000,3.600000,CONSTRAIN,1,1,1,1.000000,3.555277
EXP-SCN004-backstop-enabled-41fa58ff,1178.000000,4.800000,3.600000,CONSTRAIN,1,1,1,1.000000,3.557494
EXP-SCN004-backstop-enabled-41fa58ff,1178.500000,4.800000,3.600000,CONSTRAIN,1,1,1,1.000000,3.559715
EXP-SCN004-backstop-enabled-41fa58ff,1179.000000,4.800000,3.600000,CONSTRAIN,1,1,1,1.000000,3.561980
EXP-SCN004-backstop-enabled-41fa58ff,1179.500000,4.800000,3.600000,CONSTRAIN,1,1,1,1.000000,3.564378
EXP-SCN004-backstop-enabled-41fa58ff,1180.000000,4.800000,3.600000,CONSTRAIN,1,1,1,1.000000,3.566702
EXP-SCN004-backstop-enabled-41fa58ff,1180.500000,4.800000,3.600000,CONSTRAIN,1,1,1,1.000000,3.569027
EXP-SCN004-backstop-enabled-41fa58ff,1181.000000,4.800000,3.600000,CONSTRAIN,1,1,1,1.000000,3.571329
EXP-SCN004-backstop-enabled-41fa58ff,1181.500000,4.800000,3.600000,CONSTRAIN,1,1,1,1.000000,3.573734
EXP-SCN004-backstop-enabled-41fa58ff,1182.000000,4.800000,3.600000,CONSTRAIN,1,1,1,1.000000,3.576028
EXP-SCN004-backstop-enabled-41fa58ff,1182.500000,4.800000,3.600000,CONSTRAIN,1,1,1,1.000000,3.578184
EXP-SCN004-backstop-enabled-41fa58ff,1183.000000,4.800000,3.600000,CONSTRAIN,1,1,1,1.000000,3.580596
EXP-SCN004-backstop-enabled-41fa58ff,1183.500000,4.800000,3.600000,CONSTRAIN,1,1,1,1.000000,3.582882
EXP-SCN004-backstop-enabled-41fa58ff,1184.000000,4.800000,3.600000,CONSTRAIN,1,1,1,1.000000,3.585135
EXP-SCN004-backstop-enabled-41fa58ff,1184.500000,4.800000,3.600000,CONSTRAIN,1,1,1,1.000000,3.587304
EXP-SCN004-backstop-enabled-41fa58ff,1185.000000,4.800000,3.600000,CONSTRAIN,1,1,1,1.000000,3.589454
EXP-SCN004-backstop-enabled-41fa58ff,1185.500000,4.800000,3.600000,CONSTRAIN,1,1,1,1.000000,3.591714
EXP-SCN004-backstop-enabled-41fa58ff,1186.000000,4.800000,3.600000,CONSTRAIN,1,1,1,1.000000,3.593889
EXP-SCN004-backstop-enabled-41fa58ff,1186.500000,4.800000,3.600000,CONSTRAIN,1,1,1,1.000000,3.596022
EXP-SCN004-backstop-enabled-41fa58ff,1187.000000,4.800000,3.600000,CONSTRAIN,1,1,1,1.000000,3.598407
EXP-SCN004-backstop-enabled-41fa58ff,1187.500000,4.800000,3.600000,CONSTRAIN,1,1,1,1.000000,3.600610
EXP-SCN004-backstop-enabled-41fa58ff,1188.000000,4.800000,3.600000,CONSTRAIN,1,1,1,1.000000,3.602919
EXP-SCN004-backstop-enabled-41fa58ff,1188.500000,4.800000,3.600000,CONSTRAIN,1,1,1,1.000000,3.605229
EXP-SCN004-backstop-enabled-41fa58ff,1189.000000,4.800000,3.600000,CONSTRAIN,1,1,1,1.000000,3.607338
EXP-SCN004-backstop-enabled-41fa58ff,1189.500000,4.800000,3.600000,CONSTRAIN,1,1,1,1.000000,3.609560
EXP-SCN004-backstop-enabled-41fa58ff,1190.000000,4.800000,3.600000,CONSTRAIN,1,1,1,1.000000,3.611775
EXP-SCN004-backstop-enabled-41fa58ff,1190.500000,4.800000,3.600000,CONSTRAIN,1,1,1,1.000000,3.614129
EXP-SCN004-backstop-enabled-41fa58ff,1191.000000,4.800000,3.600000,CONSTRAIN,1,1,1,1.000000,3.616412
EXP-SCN004-backstop-enabled-41fa58ff,1191.500000,4.800000,3.600000,CONSTRAIN,1,1,1,1.000000,3.618550
EXP-SCN004-backstop-enabled-41fa58ff,1192.000000,4.800000,3.600000,CONSTRAIN,1,1,1,1.000000,3.620821
EXP-SCN004-backstop-enabled-41fa58ff,1192.500000,4.800000,3.600000,CONSTRAIN,1,1,1,1.000000,3.622996
EXP-SCN004-backstop-enabled-41fa58ff,1193.000000,4.800000,3.600000,CONSTRAIN,1,1,1,1.000000,3.625181
EXP-SCN004-backstop-enabled-41fa58ff,1193.500000,4.800000,3.600000,CONSTRAIN,1,1,1,1.000000,3.627494
EXP-SCN004-backstop-enabled-41fa58ff,1194.000000,4.800000,3.600000,CONSTRAIN,1,1,1,1.000000,3.629676
EXP-SCN004-backstop-enabled-41fa58ff,1194.500000,4.800000,3.600000,CONSTRAIN,1,1,1,1.000000,3.631761
EXP-SCN004-backstop-enabled-41fa58ff,1195.000000,4.800000,3.600000,CONSTRAIN,1,1,1,1.000000,3.633844
EXP-SCN004-backstop-enabled-41fa58ff,1195.500000,4.800000,3.600000,CONSTRAIN,1,1,1,1.000000,3.636190
EXP-SCN004-backstop-enabled-41fa58ff,1196.000000,4.800000,3.600000,CONSTRAIN,1,1,1,1.000000,3.638299
EXP-SCN004-backstop-enabled-41fa58ff,1196.500000,4.800000,3.600000,CONSTRAIN,1,1,1,1.000000,3.640577
EXP-SCN004-backstop-enabled-41fa58ff,1197.000000,4.800000,3.600000,CONSTRAIN,1,1,1,1.000000,3.642817
EXP-SCN004-backstop-enabled-41fa58ff,1197.500000,4.800000,3.600000,CONSTRAIN,1,1,1,1.000000,3.644956
EXP-SCN004-backstop-enabled-41fa58ff,1198.000000,4.800000,3.600000,CONSTRAIN,1,1,1,1.000000,3.647281
EXP-SCN004-backstop-enabled-41fa58ff,1198.500000,4.800000,3.600000,CONSTRAIN,1,1,1,1.000000,3.649468
EXP-SCN004-backstop-enabled-41fa58ff,1199.000000,4.800000,3.600000,CONSTRAIN,1,1,1,1.000000,3.651589
EXP-SCN004-backstop-enabled-41fa58ff,1199.500000,4.800000,3.600000,CONSTRAIN,1,1,1,1.000000,3.653644
