t_s,true_tank_level_m,reported_tank_level_m,independent_level_m,true_source_level_m,true_inflow_m3_s,true_outflow_m3_s,demand_m3_s,service_shortfall_ratio,spill_volume_m3,pump_energised,pump_permitted,valve_position,requested_setpoint_m,effective_setpoint_m,supervisory_available,consequence_level,violated_invariants
0.000000,3.200000,3.199000,3.210000,6.000000,0.000000,0.000000,0.000000,0.000000,0.000000,0,0,1.000000,3.200000,3.200000,1,C0,
0.500000,3.198473,3.194000,3.200000,6.000000,0.000000,0.036655,0.036655,0.000000,0.000000,0,0,1.000000,3.200000,3.200000,1,C0,
1.000000,3.197152,3.198000,3.200000,6.000000,0.000000,0.031709,0.031709,0.000000,0.000000,0,0,1.000000,3.200000,3.200000,1,C0,
1.500000,3.195649,3.192000,3.190000,6.000000,0.000000,0.036049,0.036049,0.000000,0.000000,0,0,1.000000,3.200000,3.200000,1,C0,
2.000000,3.194335,3.197000,3.200000,6.000000,0.000000,0.031545,0.031545,0.000000,0.000000,0,0,1.000000,3.200000,3.200000,1,C0,
2.500000,3.192743,3.192000,3.200000,6.000000,0.000000,0.038200,0.038200,0.000000,0.000000,0,0,1.000000,3.200000,3.200000,1,C0,
3.000000,3.191255,3.194000,3.190000,6.000000,0.000000,0.035726,0.035726,0.000000,0.000000,0,0,1.000000,3.200000,3.200000,1,C0,
3.500000,3.189832,3.181000,3.180000,6.000000,0.000000,0.034150,0.034150,0.000000,0.000000,0,0,1.000000,3.200000,3.200000,1,C0,
4.000000,3.188351,3.188000,3.200000,6.000000,0.000000,0.035541,0.035541,0.000000,0.000000,0,0,1.000000,3.200000,3.200000,1,C0,
4.500000,3.187015,3.187000,3.200000,6.000000,0.000000,0.032059,0.032059,0.000000,0.000000,0,0,1.000000,3.200000,3.200000,1,C0,
5.000000,3.185596,3.183000,3.210000,6.000000,0.000000,0.034054,0.034054,0.000000,0.000000,0,0,1.000000,3.200000,3.200000,1,C0,
5.500000,3.184095,3.182000,3.180000,6.000000,0.000000,0.036036,0.036036,0.000000,0.000000,0,0,1.000000,3.200000,3.200000,1,C0,
6.000000,3.182672,3.190000,3.180000,6.000000,0.000000,0.034156,0.034156,0.000000,0.000000,0,0,1.000000,3.200000,3.200000,1,C0,
6.500000,3.181113,3.182000,3.180000,6.000000,0.000000,0.037400,0.037400,0.000000,0.000000,0,0,1.000000,3.200000,3.200000,1,C0,
7.000000,3.179723,3.183000,3.170000,6.000000,0.000000,0.033374,0.033374,0.000000,0.000000,0,0,1.000000,3.200000,3.200000,1,C0,
7.500000,3.178219,3.169000,3.180000,6.000000,0.000000,0.036088,0.036088,0.000000,0.000000,0,0,1.000000,3.200000,3.200000,1,C0,
8.000000,3.176835,3.173000,3.170000,6.000000,0.000000,0.033226,0.033226,0.000000,0.000000,0,0,1.000000,3.200000,3.200000,1,C0,
8.500000,3.175406,3.179000,3.180000,6.000000,0.000000,0.034296,0.034296,0.000000,0.000000,0,0,1.000000,3.200000,3.200000,1,C0,
9.000000,3.174079,3.180000,3.160000,6.000000,0.000000,0.031830,0.031830,0.000000,0.000000,0,0,1.000000,3.200000,3.200000,1,C0,
9.500000,3.172748,3.160000,3.170000,6.000000,0.000000,0.031945,0.031945,0.000000,0.000000,0,0,1.000000,3.200000,3.200000,1,C0,
10.000000,3.171185,3.179000,3.160000,6.000000,0.000000,0.037525,0.037525,0.000000,0.000000,0,0,1.000000,3.200000,3.200000,1,C0,
10.500000,3.169794,3.168000,3.170000,6.000000,0.000000,0.033368,0.033368,0.000000,0.000000,0,0,1.000000,3.200000,3.200000,1,C0,
11.000000,3.168204,3.171000,3.170000,6.000000,0.000000,0.038177,0.038177,0.000000,0.000000,0,0,1.000000,3.200000,3.200000,1,C0,
11.500000,3.166625,3.170000,3.160000,6.000000,0.000000,0.037888,0.037888,0.000000,0.000000,0,0,1.000000,3.200000,3.200000,1,C0,
12.000000,3.165268,3.166000,3.150000,6.000000,0.000000,0.032570,0.032570,0.000000,0.000000,0,0,1.000000,3.200000,3.200000,1,C0,
12.500000,3.163955,3.164000,3.160000,6.000000,0.000000,0.031504,0.031504,0.000000,0.000000,0,0,1.000000,3.200000,3.200000,1,C0,
13.000000,3.162400,3.162000,3.150000,6.000000,0.000000,0.037322,0.037322,0.000000,0.000000,0,0,1.000000,3.200000,3.200000,1,C0,
13.500000,3.161063,3.159000,3.140000,6.000000,0.000000,0.032100,0.032100,0.000000,0.000000,0,0,1.000000,3.200000,3.200000,1,C0,
14.000000,3.159713,3.153000,3.180000,6.000000,0.000000,0.032399,0.032399,0.000000,0.000000,0,0,1.000000,3.200000,3.200000,1,C0,
14.500000,3.158277,3.160000,3.150000,6.000000,0.000000,0.034462,0.034462,0.000000,0.000000,0,0,1.000000,3.200000,3.200000,1,C0,
15.000000,3.156873,3.164000,3.160000,6.000000,0.000000,0.033682,0.033682,0.000000,0.000000,0,0,1.000000,3.200000,3.200000,1,C0,
15.500000,3.155526,3.156000,3.150000,6.000000,0.000000,0.032347,0.032347,0.000000,0.000000,0,0,1.000000,3.200000,3.200000,1,C0,
16.000000,3.154149,3.161000,3.180000,6.000000,0.000000,0.033042,0.033042,0.000000,0.000000,0,0,1.000000,3.200000,3.200000,1,C0,
16.500000,3.152586,3.156000,3.150000,6.000000,0.000000,0.037517,0.037517,0.000000,0.000000,0,0,1.000000,3.200000,3.200000,1,C0,
17.000000,3.151235,3.157000,3.150000,6.000000,0.000000,0.032426,0.032426,0.000000,0.000000,0,0,1.000000,3.200000,3.200000,1,C0,
17.500000,3.149687,3.151000,3.150000,6.000000,0.000000,0.037152,0.037152,0.000000,0.000000,0,0,1.000000,3.200000,3.200000,1,C0,
18.000000,3.148238,3.147000,3.150000,6.000000,0.000000,0.034769,0.034769,0.000000,0.000000,0,0,1.000000,3.200000,3.200000,1,C0,
18.500000,3.146808,3.142000,3.150000,6.000000,0.000000,0.034318,0.034318,0.000000,0.000000,0,0,1.000000,3.200000,3.200000,1,C0,
19.000000,3.145365,3.142000,3.170000,6.000000,0.000000,0.034640,0.034640,0.000000,0.000000,0,0,1.000000,3.200000,3.200000,1,C0,
19.500000,3.143923,3.148000,3.160000,6.000000,0.000000,0.034602,0.034602,0.000000,0.000000,0,0,1.000000,3.200000,3.200000,1,C0,
20.000000,3.142367,3.154000,3.140000,6.000000,0.000000,0.037352,0.037352,0.000000,0.000000,0,0,1.000000,3.200000,3.200000,1,C0,
20.500000,3.140912,3.142000,3.140000,6.000000,0.000000,0.034899,0.034899,0.000000,0.000000,0,0,1.000000,3.200000,3.200000,1,C0,
21.000000,3.139313,3.138000,3.140000,6.000000,0.000000,0.038397,0.038397,0.000000,0.000000,0,0,1.000000,3.200000,3.200000,1,C0,
21.500000,3.137721,3.144000,3.130000,6.000000,0.000000,0.038201,0.038201,0.000000,0.000000,0,0,1.000000,3.200000,3.200000,1,C0,
22.000000,3.136322,3.143000,3.130000,6.000000,0.000000,0.033577,0.033577,0.000000,0.000000,0,0,1.000000,3.200000,3.200000,1,C0,
22.500000,3.134993,3.130000,3.130000,6.000000,0.000000,0.031900,0.031900,0.000000,0.000000,0,0,1.000000,3.200000,3.200000,1,C0,
23.000000,3.133400,3.136000,3.120000,6.000000,0.000000,0.038225,0.038225,0.000000,0.000000,0,0,1.000000,3.200000,3.200000,1,C0,
23.500000,3.132019,3.140000,3.150000,6.000000,0.000000,0.033146,0.033146,0.000000,0.000000,0,0,1.000000,3.200000,3.200000,1,C0,
24.000000,3.130526,3.125000,3.130000,6.000000,0.000000,0.035836,0.035836,0.000000,0.000000,0,0,1.000000,3.200000,3.200000,1,C0,
24.500000,3.129154,3.128000,3.140000,6.000000,0.000000,0.032930,0.032930,0.000000,0.000000,0,0,1.000000,3.200000,3.200000,1,C0,
25.000000,3.127754,3.124000,3.130000,6.000000,0.000000,0.033600,0.033600,0.000000,0.000000,0,0,1.000000,3.200000,3.200000,1,C0,
25.500000,3.126150,3.128000,3.130000,6.000000,0.000000,0.038489,0.038489,0.000000,0.000000,0,0,1.000000,3.200000,3.200000,1,C0,
26.000000,3.124565,3.132000,3.130000,6.000000,0.000000,0.038033,0.038033,0.000000,0.000000,0,0,1.000000,3.200000,3.200000,1,C0,
26.500000,3.123009,3.121000,3.120000,6.000000,0.000000,0.037336,0.037336,0.000000,0.000000,0,0,1.000000,3.200000,3.200000,1,C0,
27.000000,3.121695,3.123000,3.100000,6.000000,0.000000,0.031555,0.031555,0.000000,0.000000,0,0,1.000000,3.200000,3.200000,1,C0,
27.500000,3.120343,3.122000,3.120000,6.000000,0.000000,0.032440,0.032440,0.000000,0.000000,0,0,1.000000,3.200000,3.200000,1,C0,
28.000000,3.118854,3.118000,3.110000,6.000000,0.000000,0.035734,0.035734,0.000000,0.000000,0,0,1.000000,3.200000,3.200000,1,C0,
28.500000,3.117399,3.125000,3.120000,6.000000,0.000000,0.034920,0.034920,0.000000,0.000000,0,0,1.000000,3.200000,3.200000,1,C0,
29.000000,3.116006,3.125000,3.110000,6.000000,0.000000,0.033437,0.033437,0.000000,0.000000,0,0,1.000000,3.200000,3.200000,1,C0,
29.500000,3.114477,3.109000,3.110000,6.000000,0.000000,0.036689,0.036689,0.000000,0.000000,0,0,1.000000,3.200000,3.200000,1,C0,
30.000000,3.112907,3.118000,3.100000,6.000000,0.000000,0.037682,0.037682,0.000000,0.000000,0,0,1.000000,3.200000,3.200000,1,C0,
30.500000,3.111551,3.115000,3.100000,6.000000,0.000000,0.032537,0.032537,0.000000,0.000000,0,0,1.000000,3.200000,3.200000,1,C0,
31.000000,3.109988,3.113000,3.110000,6.000000,0.000000,0.037525,0.037525,0.000000,0.000000,0,0,1.000000,3.200000,3.200000,1,C0,
31.500000,3.108448,3.112000,3.100000,6.000000,0.000000,0.036961,0.036961,0.000000,0.000000,0,0,1.000000,3.200000,3.200000,1,C0,
32.000000,3.106864,3.116000,3.090000,6.000000,0.000000,0.038009,0.038009,0.000000,0.000000,0,0,1.000000,3.200000,3.200000,1,C0,
32.500000,3.105544,3.105000,3.100000,6.000000,0.000000,0.031674,0.031674,0.000000,0.000000,0,0,1.000000,3.200000,3.200000,1,C0,
33.000000,3.103980,3.105000,3.100000,6.000000,0.000000,0.037548,0.037548,0.000000,0.000000,0,0,1.000000,3.200000,3.200000,1,C0,
33.500000,3.102413,3.105000,3.090000,6.000000,0.000000,0.037605,0.037605,0.000000,0.000000,0,0,1.000000,3.200000,3.200000,1,C0,
34.000000,3.101012,3.102000,3.100000,6.000000,0.000000,0.033636,0.033636,0.000000,0.000000,0,0,1.000000,3.200000,3.200000,1,C0,
34.500000,3.099603,3.108000,3.110000,6.000000,0.000000,0.033798,0.033798,0.000000,0.000000,0,0,1.000000,3.200000,3.200000,1,C0,
35.000000,3.098174,3.104000,3.100000,6.000000,0.000000,0.034298,0.034298,0.000000,0.000000,0,0,1.000000,3.200000,3.200000,1,C0,
35.500000,3.096579,3.102000,3.100000,6.000000,0.000000,0.038293,0.038293,0.000000,0.000000,0,0,1.000000,3.200000,3.200000,1,C0,
36.000000,3.095139,3.095000,3.090000,6.000000,0.000000,0.034542,0.034542,0.000000,0.000000,0,0,1.000000,3.200000,3.200000,1,C0,
36.500000,3.093715,3.090000,3.090000,6.000000,0.000000,0.034196,0.034196,0.000000,0.000000,0,0,1.000000,3.200000,3.200000,1,C0,
37.000000,3.092132,3.084000,3.080000,6.000000,0.000000,0.037979,0.037979,0.000000,0.000000,0,0,1.000000,3.200000,3.200000,1,C0,
37.500000,3.090713,3.097000,3.100000,6.000000,0.000000,0.034050,0.034050,0.000000,0.000000,0,0,1.000000,3.200000,3.200000,1,C0,
38.000000,3.089154,3.088000,3.100000,6.000000,0.000000,0.037436,0.037436,0.000000,0.000000,0,0,1.000000,3.200000,3.200000,1,C0,
38.500000,3.087724,3.087000,3.100000,6.000000,0.000000,0.034317,0.034317,0.000000,0.000000,0,0,1.000000,3.200000,3.200000,1,C0,
39.000000,3.086214,3.092000,3.100000,6.000000,0.000000,0.036241,0.036241,0.000000,0.000000,0,0,1.000000,3.200000,3.200000,1,C0,
39.500000,3.084901,3.084000,3.080000,6.000000,0.000000,0.031503,0.031503,0.000000,0.000000,0,0,1.000000,3.200000,3.200000,1,C0,
40.000000,3.083453,3.080000,3.090000,6.000000,0.000000,0.034755,0.034755,0.000000,0.000000,0,0,1.000000,3.200000,3.200000,1,C0,
40.500000,3.081908,3.083000,3.080000,6.000000,0.000000,0.037072,0.037072,0.000000,0.000000,0,0,1.000000,3.200000,3.200000,1,C0,
41.000000,3.080498,3.084000,3.070000,6.000000,0.000000,0.033846,0.033846,0.000000,0.000000,0,0,1.000000,3.200000,3.200000,1,C0,
41.500000,3.079127,3.083000,3.080000,6.000000,0.000000,0.032894,0.032894,0.000000,0.000000,0,0,1.000000,3.200000,3.200000,1,C0,
42.000000,3.077794,3.072000,3.090000,6.000000,0.000000,0.032010,0.032010,0.000000,0.000000,0,0,1.000000,3.200000,3.200000,1,C0,
42.500000,3.076337,3.077000,3.080000,6.000000,0.000000,0.034961,0.034961,0.000000,0.000000,0,0,1.000000,3.200000,3.200000,1,C0,
43.000000,3.074800,3.079000,3.100000,6.000000,0.000000,0.036890,0.036890,0.000000,0.000000,0,0,1.000000,3.200000,3.200000,1,C0,
43.500000,3.073336,3.077000,3.060000,6.000000,0.000000,0.035126,0.035126,0.000000,0.000000,0,0,1.000000,3.200000,3.200000,1,C0,
44.000000,3.071790,3.064000,3.060000,6.000000,0.000000,0.037110,0.037110,0.000000,0.000000,0,0,1.000000,3.200000,3.200000,1,C0,
44.500000,3.070218,3.064000,3.070000,6.000000,0.000000,0.037740,0.037740,0.000000,0.000000,0,0,1.000000,3.200000,3.200000,1,C0,
45.000000,3.068745,3.075000,3.070000,6.000000,0.000000,0.035335,0.035335,0.000000,0.000000,0,0,1.000000,3.200000,3.200000,1,C0,
45.500000,3.067361,3.062000,3.070000,6.000000,0.000000,0.033231,0.033231,0.000000,0.000000,0,0,1.000000,3.200000,3.200000,1,C0,
46.000000,3.065968,3.070000,3.070000,6.000000,0.000000,0.033422,0.033422,0.000000,0.000000,0,0,1.000000,3.200000,3.200000,1,C0,
46.500000,3.064498,3.067000,3.050000,6.000000,0.000000,0.035281,0.035281,0.000000,0.000000,0,0,1.000000,3.200000,3.200000,1,C0,
47.000000,3.063167,3.058000,3.070000,6.000000,0.000000,0.031950,0.031950,0.000000,0.000000,0,0,1.000000,3.200000,3.200000,1,C0,
47.500000,3.061732,3.067000,3.040000,6.000000,0.000000,0.034441,0.034441,0.000000,0.000000,0,0,1.000000,3.200000,3.200000,1,C0,
48.000000,3.060196,3.060000,3.070000,6.000000,0.000000,0.036859,0.036859,0.000000,0.000000,0,0,1.000000,3.200000,3.200000,1,C0,
48.500000,3.058634,3.064000,3.050000,6.000000,0.000000,0.037474,0.037474,0.000000,0.000000,0,0,1.000000,3.200000,3.200000,1,C0,
49.000000,3.057146,3.058000,3.060000,6.000000,0.000000,0.035723,0.035723,0.000000,0.000000,0,0,1.000000,3.200000,3.200000,1,C0,
49.500000,3.055735,3.054000,3.070000,6.000000,0.000000,0.033853,0.033853,0.000000,0.000000,0,0,1.000000,3.200000,3.200000,1,C0,
50.000000,3.054386,3.054000,3.060000,6.000000,0.000000,0.032393,0.032393,0.000000,0.000000,0,0,1.000000,3.200000,3.200000,1,C0,
50.500000,3.053065,3.051000,3.050000,6.000000,0.000000,0.031690,0.031690,0.000000,0.000000,0,0,1.000000,3.200000,3.200000,1,C0,
51.000000,3.051642,3.053000,3.040000,6.000000,0.000000,0.034154,0.034154,0.000000,0.000000,0,0,1.000000,3.200000,3.200000,1,C0,
51.500000,3.050110,3.052000,3.050000,6.000000,0.000000,0.036764,0.036764,0.000000,0.000000,0,0,1.000000,3.200000,3.200000,1,C0,
52.000000,3.048641,3.053000,3.030000,6.000000,0.000000,0.035276,0.035276,0.000000,0.000000,0,0,1.000000,3.200000,3.200000,1,C0,
52.500000,3.047138,3.047000,3.050000,6.000000,0.000000,0.036062,0.036062,0.000000,0.000000,0,0,1.000000,3.200000,3.200000,1,C0,
53.000000,3.045781,3.051000,3.040000,6.000000,0.000000,0.032567,0.032567,0.000000,0.000000,0,0,1.000000,3.200000,3.200000,1,C0,
53.500000,3.044265,3.045000,3.030000,6.000000,0.000000,0.036396,0.036396,0.000000,0.000000,0,0,1.000000,3.200000,3.200000,1,C0,
54.000000,3.042919,3.048000,3.040000,6.000000,0.000000,0.032302,0.032302,0.000000,0.000000,0,0,1.000000,3.200000,3.200000,1,C0,
54.500000,3.041515,3.036000,3.050000,6.000000,0.000000,0.033684,0.033684,0.000000,0.000000,0,0,1.000000,3.200000,3.200000,1,C0,
55.000000,3.040181,3.038000,3.050000,6.000000,0.000000,0.032032,0.032032,0.000000,0.000000,0,0,1.000000,3.200000,3.200000,1,C0,
55.500000,3.038620,3.037000,3.040000,6.000000,0.000000,0.037452,0.037452,0.000000,0.000000,0,0,1.000000,3.200000,3.200000,1,C0,
56.000000,3.037206,3.033000,3.040000,6.000000,0.000000,0.033930,0.033930,0.000000,0.000000,0,0,1.000000,3.200000,3.200000,1,C0,
56.500000,3.035646,3.037000,3.030000,6.000000,0.000000,0.037447,0.037447,0.000000,0.000000,0,0,1.000000,3.200000,3.200000,1,C0,
57.000000,3.034092,3.033000,3.010000,6.000000,0.000000,0.037301,0.037301,0.000000,0.000000,0,0,1.000000,3.200000,3.200000,1,C0,
57.500000,3.032700,3.035000,3.030000,6.000000,0.000000,0.033391,0.033391,0.000000,0.000000,0,0,1.000000,3.200000,3.200000,1,C0,
58.000000,3.031175,3.030000,3.030000,6.000000,0.000000,0.036617,0.036617,0.000000,0.000000,0,0,1.000000,3.200000,3.200000,1,C0,
58.500000,3.029605,3.030000,3.020000,6.000000,0.000000,0.037671,0.037671,0.000000,0.000000,0,0,1.000000,3.200000,3.200000,1,C0,
59.000000,3.028284,3.030000,3.050000,6.000000,0.000000,0.031701,0.031701,0.000000,0.000000,0,0,1.000000,3.200000,3.200000,1,C0,
59.500000,3.026872,3.033000,3.030000,6.000000,0.000000,0.033882,0.033882,0.000000,0.000000,0,0,1.000000,3.200000,3.200000,1,C0,
60.000000,3.025283,3.032000,3.030000,6.000000,0.000000,0.038136,0.038136,0.000000,0.000000,0,0,1.000000,3.200000,3.200000,1,C0,
60.500000,3.023770,3.020000,3.020000,6.000000,0.000000,0.036334,0.036334,0.000000,0.000000,0,0,1.000000,3.200000,3.200000,1,C0,
61.000000,3.022392,3.021000,3.020000,6.000000,0.000000,0.033051,0.033051,0.000000,0.000000,0,0,1.000000,3.200000,3.200000,1,C0,
61.500000,3.020925,3.014000,3.030000,6.000000,0.000000,0.035216,0.035216,0.000000,0.000000,0,0,1.000000,3.200000,3.200000,1,C0,
62.000000,3.019534,3.020000,3.020000,6.000000,0.000000,0.033396,0.033396,0.000000,0.000000,0,0,1.000000,3.200000,3.200000,1,C0,
62.500000,3.018065,3.018000,3.030000,6.000000,0.000000,0.035251,0.035251,0.000000,0.000000,0,0,1.000000,3.200000,3.200000,1,C0,
63.000000,3.016541,3.023000,3.020000,6.000000,0.000000,0.036572,0.036572,0.000000,0.000000,0,0,1.000000,3.200000,3.200000,1,C0,
63.500000,3.015172,3.016000,3.020000,6.000000,0.000000,0.032859,0.032859,0.000000,0.000000,0,0,1.000000,3.200000,3.200000,1,C0,
64.000000,3.013779,3.020000,3.010000,6.000000,0.000000,0.033420,0.033420,0.000000,0.000000,0,0,1.000000,3.200000,3.200000,1,C0,
64.500000,3.012213,3.002000,3.010000,6.000000,0.000000,0.037579,0.037579,0.000000,0.000000,0,0,1.000000,3.200000,3.200000,1,C0,
65.000000,3.010772,3.011000,3.010000,6.000000,0.000000,0.034583,0.034583,0.000000,0.000000,0,0,1.000000,3.200000,3.200000,1,C0,
65.500000,3.009220,3.008000,3.010000,6.000000,0.000000,0.037255,0.037255,0.000000,0.000000,0,0,1.000000,3.200000,3.200000,1,C0,
66.000000,3.007864,3.004000,3.010000,6.000000,0.000000,0.032544,0.032544,0.000000,0.000000,0,0,1.000000,3.200000,3.200000,1,C0,
66.500000,3.006329,2.999000,3.020000,6.000000,0.000000,0.036851,0.036851,0.000000,0.000000,0,0,1.000000,3.200000,3.200000,1,C0,
67.000000,3.004885,2.996000,3.000000,6.000000,0.000000,0.034654,0.034654,0.000000,0.000000,0,0,1.000000,3.200000,3.200000,1,C0,
67.500000,3.003391,2.997000,3.000000,6.000000,0.000000,0.035847,0.035847,0.000000,0.000000,0,0,1.000000,3.200000,3.200000,1,C0,
68.000000,3.002017,3.000000,3.010000,6.000000,0.000000,0.032977,0.032977,0.000000,0.000000,0,0,1.000000,3.200000,3.200000,1,C0,
68.500000,3.000704,2.994000,3.010000,6.000000,0.000000,0.031519,0.031519,0.000000,0.000000,0,0,1.000000,3.200000,3.200000,1,C0,
69.000000,2.999185,2.998000,2.980000,6.000000,0.000000,0.036449,0.036449,0.000000,0.000000,0,0,1.000000,3.200000,3.200000,1,C0,
69.500000,2.997643,2.992000,2.990000,6.000000,0.000000,0.037015,0.037015,0.000000,0.000000,0,0,1.000000,3.200000,3.200000,1,C0,
70.000000,2.996172,2.990000,2.990000,6.000000,0.000000,0.035312,0.035312,0.000000,0.000000,0,0,1.000000,3.200000,3.200000,1,C0,
70.500000,2.994811,2.992000,2.990000,6.000000,0.000000,0.032661,0.032661,0.000000,0.000000,0,0,1.000000,3.200000,3.200000,1,C0,
71.000000,2.993462,2.991000,2.990000,6.000000,0.000000,0.032370,0.032370,0.000000,0.000000,0,0,1.000000,3.200000,3.200000,1,C0,
71.500000,2.992005,2.993000,3.000000,6.000000,0.000000,0.034957,0.034957,0.000000,0.000000,0,0,1.000000,3.200000,3.200000,1,C0,
72.000000,2.990620,3.001000,2.980000,6.000000,0.000000,0.033253,0.033253,0.000000,0.000000,0,0,1.000000,3.200000,3.200000,1,C0,
72.500000,2.989030,2.996000,2.990000,6.000000,0.000000,0.038156,0.038156,0.000000,0.000000,0,0,1.000000,3.200000,3.200000,1,C0,
73.000000,2.987497,2.980000,2.980000,6.000000,0.000000,0.036794,0.036794,0.000000,0.000000,0,0,1.000000,3.200000,3.200000,1,C0,
73.500000,2.986014,2.982000,2.990000,6.000000,0.000000,0.035597,0.035597,0.000000,0.000000,0,0,1.000000,3.200000,3.200000,1,C0,
74.000000,2.984604,2.980000,3.000000,6.000000,0.000000,0.033833,0.033833,0.000000,0.000000,0,0,1.000000,3.200000,3.200000,1,C0,
74.500000,2.983207,2.992000,2.980000,6.000000,0.000000,0.033518,0.033518,0.000000,0.000000,0,0,1.000000,3.200000,3.200000,1,C0,
75.000000,2.981803,2.976000,2.990000,6.000000,0.000000,0.033702,0.033702,0.000000,0.000000,0,0,1.000000,3.200000,3.200000,1,C0,
75.500000,2.980203,2.977000,2.980000,6.000000,0.000000,0.038417,0.038417,0.000000,0.000000,0,0,1.000000,3.200000,3.200000,1,C0,
76.000000,2.978785,2.979000,2.970000,6.000000,0.000000,0.034032,0.034032,0.000000,0.000000,0,0,1.000000,3.200000,3.200000,1,C0,
76.500000,2.977312,2.982000,2.970000,6.000000,0.000000,0.035345,0.035345,0.000000,0.000000,0,0,1.000000,3.200000,3.200000,1,C0,
77.000000,2.975715,2.973000,2.990000,6.000000,0.000000,0.038312,0.038312,0.000000,0.000000,0,0,1.000000,3.200000,3.200000,1,C0,
77.500000,2.974242,2.987000,2.970000,6.000000,0.000000,0.035366,0.035366,0.000000,0.000000,0,0,1.000000,3.200000,3.200000,1,C0,
78.000000,2.972895,2.976000,2.960000,6.000000,0.000000,0.032322,0.032322,0.000000,0.000000,0,0,1.000000,3.200000,3.200000,1,C0,
78.500000,2.971503,2.979000,2.980000,6.000000,0.000000,0.033414,0.033414,0.000000,0.000000,0,0,1.000000,3.200000,3.200000,1,C0,
79.000000,2.970079,2.975000,2.960000,6.000000,0.000000,0.034185,0.034185,0.000000,0.000000,0,0,1.000000,3.200000,3.200000,1,C0,
79.500000,2.968685,2.970000,2.960000,6.000000,0.000000,0.033434,0.033434,0.000000,0.000000,0,0,1.000000,3.200000,3.200000,1,C0,
80.000000,2.967134,2.966000,2.950000,6.000000,0.000000,0.037244,0.037244,0.000000,0.000000,0,0,1.000000,3.200000,3.200000,1,C0,
80.500000,2.965678,2.969000,2.980000,6.000000,0.000000,0.034927,0.034927,0.000000,0.000000,0,0,1.000000,3.200000,3.200000,1,C0,
81.000000,2.964207,2.960000,2.980000,6.000000,0.000000,0.035304,0.035304,0.000000,0.000000,0,0,1.000000,3.200000,3.200000,1,C0,
81.500000,2.962728,2.964000,2.970000,6.000000,0.000000,0.035503,0.035503,0.000000,0.000000,0,0,1.000000,3.200000,3.200000,1,C0,
82.000000,2.961210,2.963000,2.950000,6.000000,0.000000,0.036437,0.036437,0.000000,0.000000,0,0,1.000000,3.200000,3.200000,1,C0,
82.500000,2.959611,2.958000,2.960000,6.000000,0.000000,0.038366,0.038366,0.000000,0.000000,0,0,1.000000,3.200000,3.200000,1,C0,
83.000000,2.958045,2.962000,2.960000,6.000000,0.000000,0.037588,0.037588,0.000000,0.000000,0,0,1.000000,3.200000,3.200000,1,C0,
83.500000,2.956522,2.950000,2.970000,6.000000,0.000000,0.036557,0.036557,0.000000,0.000000,0,0,1.000000,3.200000,3.200000,1,C0,
84.000000,2.954927,2.951000,2.940000,6.000000,0.000000,0.038284,0.038284,0.000000,0.000000,0,0,1.000000,3.200000,3.200000,1,C0,
84.500000,2.953366,2.956000,2.970000,6.000000,0.000000,0.037466,0.037466,0.000000,0.000000,0,0,1.000000,3.200000,3.200000,1,C0,
85.000000,2.951832,2.953000,2.960000,6.000000,0.000000,0.036816,0.036816,0.000000,0.000000,0,0,1.000000,3.200000,3.200000,1,C0,
85.500000,2.950251,2.959000,2.950000,6.000000,0.000000,0.037947,0.037947,0.000000,0.000000,0,0,1.000000,3.200000,3.200000,1,C0,
86.000000,2.948753,2.953000,2.930000,6.000000,0.000000,0.035936,0.035936,0.000000,0.000000,0,0,1.000000,3.200000,3.200000,1,C0,
86.500000,2.947427,2.949000,2.950000,6.000000,0.000000,0.031822,0.031822,0.000000,0.000000,0,0,1.000000,3.200000,3.200000,1,C0,
87.000000,2.945960,2.938000,2.950000,6.000000,0.000000,0.035218,0.035218,0.000000,0.000000,0,0,1.000000,3.200000,3.200000,1,C0,
87.500000,2.944393,2.942000,2.940000,6.000000,0.000000,0.037596,0.037596,0.000000,0.000000,0,0,1.000000,3.200000,3.200000,1,C0,
88.000000,2.942946,2.943000,2.940000,6.000000,0.000000,0.034728,0.034728,0.000000,0.000000,0,0,1.000000,3.200000,3.200000,1,C0,
88.500000,2.941371,2.940000,2.940000,6.000000,0.000000,0.037808,0.037808,0.000000,0.000000,0,0,1.000000,3.200000,3.200000,1,C0,
89.000000,2.939887,2.937000,2.960000,6.000000,0.000000,0.035613,0.035613,0.000000,0.000000,0,0,1.000000,3.200000,3.200000,1,C0,
89.500000,2.938517,2.934000,2.950000,6.000000,0.000000,0.032895,0.032895,0.000000,0.000000,0,0,1.000000,3.200000,3.200000,1,C0,
90.000000,2.937036,2.941000,2.940000,6.000000,0.000000,0.035524,0.035524,0.000000,0.000000,0,0,1.000000,3.200000,3.200000,1,C0,
90.500000,2.935644,2.929000,2.930000,6.000000,0.000000,0.033421,0.033421,0.000000,0.000000,0,0,1.000000,3.200000,3.200000,1,C0,
91.000000,2.934154,2.923000,2.950000,6.000000,0.000000,0.035745,0.035745,0.000000,0.000000,0,0,1.000000,3.200000,3.200000,1,C0,
91.500000,2.932665,2.928000,2.920000,6.000000,0.000000,0.035749,0.035749,0.000000,0.000000,0,0,1.000000,3.200000,3.200000,1,C0,
92.000000,2.931142,2.926000,2.920000,6.000000,0.000000,0.036546,0.036546,0.000000,0.000000,0,0,1.000000,3.200000,3.200000,1,C0,
92.500000,2.929641,2.928000,2.920000,6.000000,0.000000,0.036024,0.036024,0.000000,0.000000,0,0,1.000000,3.200000,3.200000,1,C0,
93.000000,2.928302,2.926000,2.930000,6.000000,0.000000,0.032131,0.032131,0.000000,0.000000,0,0,1.000000,3.200000,3.200000,1,C0,
93.500000,2.926832,2.933000,2.920000,6.000000,0.000000,0.035276,0.035276,0.000000,0.000000,0,0,1.000000,3.200000,3.200000,1,C0,
94.000000,2.925445,2.928000,2.910000,6.000000,0.000000,0.033299,0.033299,0.000000,0.000000,0,0,1.000000,3.200000,3.200000,1,C0,
94.500000,2.924034,2.934000,2.940000,6.000000,0.000000,0.033871,0.033871,0.000000,0.000000,0,0,1.000000,3.200000,3.200000,1,C0,
95.000000,2.922470,2.920000,2.920000,6.000000,0.000000,0.037521,0.037521,0.000000,0.000000,0,0,1.000000,3.200000,3.200000,1,C0,
95.500000,2.921051,2.921000,2.920000,6.000000,0.000000,0.034060,0.034060,0.000000,0.000000,0,0,1.000000,3.200000,3.200000,1,C0,
96.000000,2.919542,2.916000,2.900000,6.000000,0.000000,0.036210,0.036210,0.000000,0.000000,0,0,1.000000,3.200000,3.200000,1,C0,
96.500000,2.918198,2.918000,2.910000,6.000000,0.000000,0.032258,0.032258,0.000000,0.000000,0,0,1.000000,3.200000,3.200000,1,C0,
97.000000,2.916619,2.917000,2.900000,6.000000,0.000000,0.037907,0.037907,0.000000,0.000000,0,0,1.000000,3.200000,3.200000,1,C0,
97.500000,2.915218,2.913000,2.910000,6.000000,0.000000,0.033615,0.033615,0.000000,0.000000,0,0,1.000000,3.200000,3.200000,1,C0,
98.000000,2.913762,2.922000,2.920000,6.000000,0.000000,0.034948,0.034948,0.000000,0.000000,0,0,1.000000,3.200000,3.200000,1,C0,
98.500000,2.912254,2.912000,2.920000,6.000000,0.000000,0.036193,0.036193,0.000000,0.000000,0,0,1.000000,3.200000,3.200000,1,C0,
99.000000,2.910896,2.909000,2.910000,6.000000,0.000000,0.032582,0.032582,0.000000,0.000000,0,0,1.000000,3.200000,3.200000,1,C0,
99.500000,2.909306,2.914000,2.920000,6.000000,0.000000,0.038161,0.038161,0.000000,0.000000,0,0,1.000000,3.200000,3.200000,1,C0,
100.000000,2.907744,2.914000,2.900000,6.000000,0.000000,0.037488,0.037488,0.000000,0.000000,0,0,1.000000,3.200000,3.200000,1,C0,
100.500000,2.906327,2.904000,2.920000,6.000000,0.000000,0.034011,0.034011,0.000000,0.000000,0,0,1.000000,3.200000,3.200000,1,C0,
101.000000,2.904882,2.901000,2.900000,6.000000,0.000000,0.034683,0.034683,0.000000,0.000000,0,0,1.000000,3.200000,3.200000,1,C0,
101.500000,2.903340,2.903000,2.900000,6.000000,0.000000,0.037008,0.037008,0.000000,0.000000,0,0,1.000000,3.200000,3.200000,1,C0,
102.000000,2.901804,2.903000,2.900000,6.000000,0.000000,0.036856,0.036856,0.000000,0.000000,0,0,1.000000,3.200000,3.200000,1,C0,
102.500000,2.900449,2.901000,2.900000,6.000000,0.000000,0.032533,0.032533,0.000000,0.000000,0,0,1.000000,3.200000,3.200000,1,C0,
103.000000,2.899099,2.899000,2.900000,6.000000,0.000000,0.032410,0.032410,0.000000,0.000000,0,0,1.000000,3.200000,3.200000,1,C0,
103.500000,2.897782,2.899000,2.900000,6.000000,0.000000,0.031604,0.031604,0.000000,0.000000,0,0,1.000000,3.200000,3.200000,1,C0,
104.000000,2.896454,2.896000,2.890000,6.000000,0.000000,0.031867,0.031867,0.000000,0.000000,0,0,1.000000,3.200000,3.200000,1,C0,
104.500000,2.894915,2.893000,2.890000,6.000000,0.000000,0.036946,0.036946,0.000000,0.000000,0,0,1.000000,3.200000,3.200000,1,C0,
105.000000,2.893589,2.896000,2.890000,6.000000,0.000000,0.031804,0.031804,0.000000,0.000000,0,0,1.000000,3.200000,3.200000,1,C0,
105.500000,2.891996,2.897000,2.900000,6.000000,0.000000,0.038248,0.038248,0.000000,0.000000,0,0,1.000000,3.200000,3.200000,1,C0,
106.000000,2.890540,2.892000,2.900000,6.000000,0.000000,0.034932,0.034932,0.000000,0.000000,0,0,1.000000,3.200000,3.200000,1,C0,
106.500000,2.889209,2.888000,2.890000,6.000000,0.000000,0.031960,0.031960,0.000000,0.000000,0,0,1.000000,3.200000,3.200000,1,C0,
107.000000,2.887606,2.882000,2.880000,6.000000,0.000000,0.038462,0.038462,0.000000,0.000000,0,0,1.000000,3.200000,3.200000,1,C0,
107.500000,2.886089,2.890000,2.870000,6.000000,0.000000,0.036412,0.036412,0.000000,0.000000,0,0,1.000000,3.200000,3.200000,1,C0,
108.000000,2.884714,2.881000,2.890000,6.000000,0.000000,0.033005,0.033005,0.000000,0.000000,0,0,1.000000,3.200000,3.200000,1,C0,
108.500000,2.883280,2.888000,2.870000,6.000000,0.000000,0.034412,0.034412,0.000000,0.000000,0,0,1.000000,3.200000,3.200000,1,C0,
109.000000,2.881923,2.884000,2.880000,6.000000,0.000000,0.032568,0.032568,0.000000,0.000000,0,0,1.000000,3.200000,3.200000,1,C0,
109.500000,2.880582,2.880000,2.880000,6.000000,0.000000,0.032176,0.032176,0.000000,0.000000,0,0,1.000000,3.200000,3.200000,1,C0,
110.000000,2.879106,2.878000,2.890000,6.000000,0.000000,0.035431,0.035431,0.000000,0.000000,0,0,1.000000,3.200000,3.200000,1,C0,
110.500000,2.877574,2.883000,2.870000,6.000000,0.000000,0.036752,0.036752,0.000000,0.000000,0,0,1.000000,3.200000,3.200000,1,C0,
111.000000,2.876159,2.873000,2.870000,6.000000,0.000000,0.033962,0.033962,0.000000,0.000000,0,0,1.000000,3.200000,3.200000,1,C0,
111.500000,2.874815,2.878000,2.860000,6.000000,0.000000,0.032258,0.032258,0.000000,0.000000,0,0,1.000000,3.200000,3.200000,1,C0,
112.000000,2.873267,2.881000,2.860000,6.000000,0.000000,0.037151,0.037151,0.000000,0.000000,0,0,1.000000,3.200000,3.200000,1,C0,
112.500000,2.871767,2.883000,2.860000,6.000000,0.000000,0.035999,0.035999,0.000000,0.000000,0,0,1.000000,3.200000,3.200000,1,C0,
113.000000,2.870402,2.869000,2.870000,6.000000,0.000000,0.032763,0.032763,0.000000,0.000000,0,0,1.000000,3.200000,3.200000,1,C0,
113.500000,2.868836,2.864000,2.880000,6.000000,0.000000,0.037589,0.037589,0.000000,0.000000,0,0,1.000000,3.200000,3.200000,1,C0,
114.000000,2.867515,2.867000,2.870000,6.000000,0.000000,0.031715,0.031715,0.000000,0.000000,0,0,1.000000,3.200000,3.200000,1,C0,
114.500000,2.866094,2.865000,2.860000,6.000000,0.000000,0.034090,0.034090,0.000000,0.000000,0,0,1.000000,3.200000,3.200000,1,C0,
115.000000,2.864766,2.869000,2.860000,6.000000,0.000000,0.031868,0.031868,0.000000,0.000000,0,0,1.000000,3.200000,3.200000,1,C0,
115.500000,2.863261,2.858000,2.880000,6.000000,0.000000,0.036134,0.036134,0.000000,0.000000,0,0,1.000000,3.200000,3.200000,1,C0,
116.000000,2.861915,2.858000,2.850000,6.000000,0.000000,0.032297,0.032297,0.000000,0.000000,0,0,1.000000,3.200000,3.200000,1,C0,
116.500000,2.860408,2.865000,2.860000,6.000000,0.000000,0.036170,0.036170,0.000000,0.000000,0,0,1.000000,3.200000,3.200000,1,C0,
117.000000,2.859008,2.860000,2.870000,6.000000,0.000000,0.033610,0.033610,0.000000,0.000000,0,0,1.000000,3.200000,3.200000,1,C0,
117.500000,2.857693,2.858000,2.870000,6.000000,0.000000,0.031554,0.031554,0.000000,0.000000,0,0,1.000000,3.200000,3.200000,1,C0,
118.000000,2.856234,2.861000,2.860000,6.000000,0.000000,0.035002,0.035002,0.000000,0.000000,0,0,1.000000,3.200000,3.200000,1,C0,
118.500000,2.854910,2.866000,2.840000,6.000000,0.000000,0.031796,0.031796,0.000000,0.000000,0,0,1.000000,3.200000,3.200000,1,C0,
119.000000,2.853430,2.852000,2.850000,6.000000,0.000000,0.035514,0.035514,0.000000,0.000000,0,0,1.000000,3.200000,3.200000,1,C0,
119.500000,2.852023,2.854000,2.830000,6.000000,0.000000,0.033773,0.033773,0.000000,0.000000,0,0,1.000000,3.200000,3.200000,1,C0,
120.000000,2.850684,2.853000,2.840000,6.000000,0.000000,0.032117,0.032117,0.000000,0.000000,0,0,1.000000,3.200000,3.200000,1,C0,
120.500000,2.849256,2.848000,2.850000,6.000000,0.000000,0.034270,0.034270,0.000000,0.000000,0,0,1.000000,3.200000,3.200000,1,C0,
121.000000,2.847795,2.852000,2.840000,6.000000,0.000000,0.035073,0.035073,0.000000,0.000000,0,0,1.000000,3.200000,3.200000,1,C0,
121.500000,2.846270,2.850000,2.850000,6.000000,0.000000,0.036592,0.036592,0.000000,0.000000,0,0,1.000000,3.200000,3.200000,1,C0,
122.000000,2.844900,2.838000,2.840000,6.000000,0.000000,0.032881,0.032881,0.000000,0.000000,0,0,1.000000,3.200000,3.200000,1,C0,
122.500000,2.843362,2.835000,2.830000,6.000000,0.000000,0.036910,0.036910,0.000000,0.000000,0,0,1.000000,3.200000,3.200000,1,C0,
123.000000,2.841780,2.835000,2.830000,6.000000,0.000000,0.037969,0.037969,0.000000,0.000000,0,0,1.000000,3.200000,3.200000,1,C0,
123.500000,2.840285,2.841000,2.840000,6.000000,0.000000,0.035891,0.035891,0.000000,0.000000,0,0,1.000000,3.200000,3.200000,1,C0,
124.000000,2.838892,2.844000,2.850000,6.000000,0.000000,0.033423,0.033423,0.000000,0.000000,0,0,1.000000,3.200000,3.200000,1,C0,
124.500000,2.837563,2.839000,2.820000,6.000000,0.000000,0.031898,0.031898,0.000000,0.000000,0,0,1.000000,3.200000,3.200000,1,C0,
125.000000,2.836071,2.831000,2.830000,6.000000,0.000000,0.035805,0.035805,0.000000,0.000000,0,0,1.000000,3.200000,3.200000,1,C0,
125.500000,2.834498,2.826000,2.830000,6.000000,0.000000,0.037771,0.037771,0.000000,0.000000,0,0,1.000000,3.200000,3.200000,1,C0,
126.000000,2.833046,2.834000,2.850000,6.000000,0.000000,0.034829,0.034829,0.000000,0.000000,0,0,1.000000,3.200000,3.200000,1,C0,
126.500000,2.831634,2.830000,2.840000,6.000000,0.000000,0.033904,0.033904,0.000000,0.000000,0,0,1.000000,3.200000,3.200000,1,C0,
127.000000,2.830194,2.825000,2.840000,6.000000,0.000000,0.034564,0.034564,0.000000,0.000000,0,0,1.000000,3.200000,3.200000,1,C0,
127.500000,2.828799,2.825000,2.820000,6.000000,0.000000,0.033480,0.033480,0.000000,0.000000,0,0,1.000000,3.200000,3.200000,1,C0,
128.000000,2.827297,2.829000,2.820000,6.000000,0.000000,0.036031,0.036031,0.000000,0.000000,0,0,1.000000,3.200000,3.200000,1,C0,
128.500000,2.825774,2.820000,2.820000,6.000000,0.000000,0.036566,0.036566,0.000000,0.000000,0,0,1.000000,3.200000,3.200000,1,C0,
129.000000,2.824291,2.827000,2.820000,6.000000,0.000000,0.035579,0.035579,0.000000,0.000000,0,0,1.000000,3.200000,3.200000,1,C0,
129.500000,2.822864,2.813000,2.830000,6.000000,0.000000,0.034244,0.034244,0.000000,0.000000,0,0,1.000000,3.200000,3.200000,1,C0,
130.000000,2.821321,2.824000,2.810000,6.000000,0.000000,0.037042,0.037042,0.000000,0.000000,0,0,1.000000,3.200000,3.200000,1,C0,
130.500000,2.819809,2.813000,2.820000,6.000000,0.000000,0.036298,0.036298,0.000000,0.000000,0,0,1.000000,3.200000,3.200000,1,C0,
131.000000,2.818390,2.820000,2.810000,6.000000,0.000000,0.034038,0.034038,0.000000,0.000000,0,0,1.000000,3.200000,3.200000,1,C0,
131.500000,2.817012,2.818000,2.810000,6.000000,0.000000,0.033086,0.033086,0.000000,0.000000,0,0,1.000000,3.200000,3.200000,1,C0,
132.000000,2.815474,2.821000,2.820000,6.000000,0.000000,0.036896,0.036896,0.000000,0.000000,0,0,1.000000,3.200000,3.200000,1,C0,
132.500000,2.813938,2.817000,2.830000,6.000000,0.000000,0.036864,0.036864,0.000000,0.000000,0,0,1.000000,3.200000,3.200000,1,C0,
133.000000,2.812401,2.813000,2.820000,6.000000,0.000000,0.036898,0.036898,0.000000,0.000000,0,0,1.000000,3.200000,3.200000,1,C0,
133.500000,2.810891,2.811000,2.830000,6.000000,0.000000,0.036235,0.036235,0.000000,0.000000,0,0,1.000000,3.200000,3.200000,1,C0,
134.000000,2.809448,2.805000,2.800000,6.000000,0.000000,0.034642,0.034642,0.000000,0.000000,0,0,1.000000,3.200000,3.200000,1,C0,
134.500000,2.807892,2.800000,2.810000,6.000000,0.000000,0.037346,0.037346,0.000000,0.000000,0,0,1.000000,3.200000,3.200000,1,C0,
135.000000,2.806497,2.802000,2.800000,6.000000,0.000000,0.033472,0.033472,0.000000,0.000000,0,0,1.000000,3.200000,3.200000,1,C0,
135.500000,2.804951,2.807000,2.790000,6.000000,0.000000,0.037109,0.037109,0.000000,0.000000,0,0,1.000000,3.200000,3.200000,1,C0,
136.000000,2.803477,2.811000,2.800000,6.000000,0.000000,0.035382,0.035382,0.000000,0.000000,0,0,1.000000,3.200000,3.200000,1,C0,
136.500000,2.801941,2.800000,2.810000,6.000000,0.000000,0.036842,0.036842,0.000000,0.000000,0,0,1.000000,3.200000,3.200000,1,C0,
137.000000,2.800353,2.801000,2.800000,6.000000,0.000000,0.038125,0.038125,0.000000,0.000000,0,0,1.000000,3.200000,3.200000,1,C0,
137.500000,2.799025,2.795000,2.800000,6.000000,0.000000,0.031873,0.031873,0.000000,0.000000,0,0,1.000000,3.200000,3.200000,1,C0,
138.000000,2.797704,2.806000,2.780000,6.000000,0.000000,0.031697,0.031697,0.000000,0.000000,0,0,1.000000,3.200000,3.200000,1,C0,
138.500000,2.796352,2.794000,2.790000,6.000000,0.000000,0.032463,0.032463,0.000000,0.000000,0,0,1.000000,3.200000,3.200000,1,C0,
139.000000,2.794833,2.794000,2.800000,6.000000,0.000000,0.036439,0.036439,0.000000,0.000000,1,1,1.000000,3.200000,3.200000,1,C0,
139.500000,2.798027,2.790000,2.800000,6.000000,0.114005,0.037345,0.037345,0.000000,0.000000,1,1,1.000000,3.200000,3.200000,1,C0,
140.000000,2.801377,2.801000,2.810000,6.000000,0.113907,0.033517,0.033517,0.000000,0.000000,1,1,1.000000,3.200000,3.200000,1,C0,
140.500000,2.804673,2.813000,2.800000,6.000000,0.113804,0.034700,0.034700,0.000000,0.000000,1,1,1.000000,3.200000,3.200000,1,C0,
141.000000,2.807948,2.808000,2.810000,6.000000,0.113702,0.035108,0.035108,0.000000,0.000000,1,1,1.000000,3.200000,3.200000,1,C0,
141.500000,2.811299,2.805000,2.830000,6.000000,0.113602,0.033184,0.033184,0.000000,0.000000,1,1,1.000000,3.200000,3.200000,1,C0,
142.000000,2.814695,2.809000,2.810000,6.000000,0.113499,0.031974,0.031974,0.000000,0.000000,1,1,1.000000,3.200000,3.200000,1,C0,
142.500000,2.817994,2.811000,2.820000,6.000000,0.113394,0.034233,0.034233,0.000000,0.000000,1,1,1.000000,3.200000,3.200000,1,C0,
143.000000,2.821397,2.822000,2.810000,6.000000,0.113292,0.031614,0.031614,0.000000,0.000000,1,1,1.000000,3.200000,3.200000,1,C0,
143.500000,2.824576,2.824000,2.830000,6.000000,0.113188,0.036901,0.036901,0.000000,0.000000,1,1,1.000000,3.200000,3.200000,1,C0,
144.000000,2.827738,2.832000,2.830000,6.000000,0.113090,0.037195,0.037195,0.000000,0.000000,1,1,1.000000,3.200000,3.200000,1,C0,
144.500000,2.830949,2.832000,2.820000,6.000000,0.112993,0.035922,0.035922,0.000000,0.000000,1,1,1.000000,3.200000,3.200000,1,C0,
145.000000,2.834255,2.837000,2.840000,6.000000,0.112894,0.033554,0.033554,0.000000,0.000000,1,1,1.000000,3.200000,3.200000,1,C0,
145.500000,2.837492,2.844000,2.850000,6.000000,0.112792,0.035108,0.035108,0.000000,0.000000,1,1,1.000000,3.200000,3.200000,1,C0,
146.000000,2.840819,2.835000,2.830000,6.000000,0.112693,0.032838,0.032838,0.000000,0.000000,1,1,1.000000,3.200000,3.200000,1,C0,
146.500000,2.844162,2.837000,2.820000,6.000000,0.112590,0.032371,0.032371,0.000000,0.000000,1,1,1.000000,3.200000,3.200000,1,C0,
147.000000,2.847423,2.853000,2.850000,6.000000,0.112487,0.034207,0.034207,0.000000,0.000000,1,1,1.000000,3.200000,3.200000,1,C0,
147.500000,2.850642,2.853000,2.860000,6.000000,0.112387,0.035135,0.035135,0.000000,0.000000,1,1,1.000000,3.200000,3.200000,1,C0,
148.000000,2.853769,2.850000,2.860000,6.000000,0.112288,0.037256,0.037256,0.000000,0.000000,1,1,1.000000,3.200000,3.200000,1,C0,
148.500000,2.857041,2.853000,2.850000,6.000000,0.112192,0.033645,0.033645,0.000000,0.000000,1,1,1.000000,3.200000,3.200000,1,C0,
149.000000,2.860387,2.864000,2.860000,6.000000,0.112091,0.031796,0.031796,0.000000,0.000000,1,1,1.000000,3.200000,3.200000,1,C0,
149.500000,2.863455,2.865000,2.860000,6.000000,0.111988,0.038360,0.038360,0.000000,0.000000,1,1,1.000000,3.200000,3.200000,1,C0,
150.000000,2.866571,2.861000,2.880000,6.000000,0.111894,0.037108,0.037108,0.000000,0.000000,1,1,1.000000,3.200000,3.200000,1,C0,
150.500000,2.869689,2.872000,2.860000,6.000000,0.111798,0.036969,0.036969,0.000000,0.000000,1,1,1.000000,3.200000,3.200000,1,C0,
151.000000,2.872919,2.867000,2.850000,6.000000,0.111702,0.034180,0.034180,0.000000,0.000000,1,1,1.000000,3.200000,3.200000,1,C0,
151.500000,2.876148,2.877000,2.870000,6.000000,0.111602,0.034104,0.034104,0.000000,0.000000,1,1,1.000000,3.200000,3.200000,1,C0,
152.000000,2.879292,2.879000,2.870000,6.000000,0.111503,0.036047,0.036047,0.000000,0.000000,1,1,1.000000,3.200000,3.200000,1,C0,
152.500000,2.882508,2.879000,2.890000,6.000000,0.111406,0.034209,0.034209,0.000000,0.000000,1,1,1.000000,3.200000,3.200000,1,C0,
153.000000,2.885543,2.883000,2.890000,6.000000,0.111307,0.038475,0.038475,0.000000,0.000000,1,1,1.000000,3.200000,3.200000,1,C0,
153.500000,2.888616,2.878000,2.890000,6.000000,0.111214,0.037470,0.037470,0.000000,0.000000,1,1,1.000000,3.200000,3.200000,1,C0,
154.000000,2.891734,2.894000,2.890000,6.000000,0.111120,0.036274,0.036274,0.000000,0.000000,1,1,1.000000,3.200000,3.200000,1,C0,
154.500000,2.894890,2.902000,2.870000,6.000000,0.111024,0.035295,0.035295,0.000000,0.000000,1,1,1.000000,3.200000,3.200000,1,C0,
155.000000,2.898013,2.900000,2.900000,6.000000,0.110926,0.035964,0.035964,0.000000,0.000000,1,1,1.000000,3.200000,3.200000,1,C0,
155.500000,2.901278,2.902000,2.900000,6.000000,0.110830,0.032472,0.032472,0.000000,0.000000,1,1,1.000000,3.200000,3.200000,1,C0,
156.000000,2.904345,2.898000,2.910000,6.000000,0.110730,0.037126,0.037126,0.000000,0.000000,1,1,1.000000,3.200000,3.200000,1,C0,
156.500000,2.907351,2.906000,2.890000,6.000000,0.110636,0.038497,0.038497,0.000000,0.000000,1,1,1.000000,3.200000,3.200000,1,C0,
157.000000,2.910623,2.918000,2.920000,6.000000,0.110543,0.032016,0.032016,0.000000,0.000000,1,1,1.000000,3.200000,3.200000,1,C0,
157.500000,2.913811,2.920000,2.910000,6.000000,0.110442,0.033912,0.033912,0.000000,0.000000,1,1,1.000000,3.200000,3.200000,1,C0,
158.000000,2.916815,2.907000,2.920000,6.000000,0.110344,0.038264,0.038264,0.000000,0.000000,1,1,1.000000,3.200000,3.200000,1,C0,
158.500000,2.920051,2.922000,2.910000,6.000000,0.110252,0.032571,0.032571,0.000000,0.000000,1,1,1.000000,3.200000,3.200000,1,C0,
159.000000,2.923054,2.931000,2.940000,6.000000,0.110152,0.038086,0.038086,0.000000,0.000000,1,1,1.000000,3.200000,3.200000,1,C0,
159.500000,2.926167,2.929000,2.920000,6.000000,0.110060,0.035356,0.035356,0.000000,0.000000,1,1,1.000000,3.200000,3.200000,1,C0,
160.000000,2.929387,2.932000,2.920000,6.000000,0.109964,0.032680,0.032680,0.000000,0.000000,1,1,1.000000,3.200000,3.200000,1,C0,
160.500000,2.932476,2.936000,2.930000,6.000000,0.109865,0.035736,0.035736,0.000000,0.000000,1,1,1.000000,3.200000,3.200000,1,C0,
161.000000,2.935724,2.932000,2.920000,6.000000,0.109770,0.031818,0.031818,0.000000,0.000000,1,1,1.000000,3.200000,3.200000,1,C0,
161.500000,2.938859,2.935000,2.930000,6.000000,0.109670,0.034416,0.034416,0.000000,0.000000,1,1,1.000000,3.200000,3.200000,1,C0,
162.000000,2.941833,2.933000,2.930000,6.000000,0.109574,0.038197,0.038197,0.000000,0.000000,1,1,1.000000,3.200000,3.200000,1,C0,
162.500000,2.945061,2.950000,2.950000,6.000000,0.109482,0.032011,0.032011,0.000000,0.000000,1,1,1.000000,3.200000,3.200000,1,C0,
163.000000,2.948130,2.945000,2.930000,6.000000,0.109383,0.035747,0.035747,0.000000,0.000000,1,1,1.000000,3.200000,3.200000,1,C0,
163.500000,2.951086,2.954000,2.950000,6.000000,0.109288,0.038328,0.038328,0.000000,0.000000,1,1,1.000000,3.200000,3.200000,1,C0,
164.000000,2.954188,2.954000,2.960000,6.000000,0.109197,0.034765,0.034765,0.000000,0.000000,1,1,1.000000,3.200000,3.200000,1,C0,
164.500000,2.957309,2.954000,2.950000,6.000000,0.109102,0.034189,0.034189,0.000000,0.000000,1,1,1.000000,3.200000,3.200000,1,C0,
165.000000,2.960443,2.957000,2.950000,6.000000,0.109006,0.033792,0.033792,0.000000,0.000000,1,1,1.000000,3.200000,3.200000,1,C0,
165.500000,2.963518,2.959000,2.970000,6.000000,0.108909,0.035103,0.035103,0.000000,0.000000,1,1,1.000000,3.200000,3.200000,1,C0,
166.000000,2.966592,2.970000,2.970000,6.000000,0.108815,0.035038,0.035038,0.000000,0.000000,1,1,1.000000,3.200000,3.200000,1,C0,
166.500000,2.969665,2.975000,2.970000,6.000000,0.108720,0.034964,0.034964,0.000000,0.000000,1,1,1.000000,3.200000,3.200000,1,C0,
167.000000,2.972632,2.963000,2.960000,6.000000,0.108626,0.037430,0.037430,0.000000,0.000000,1,1,1.000000,3.200000,3.200000,1,C0,
167.500000,2.975735,2.970000,2.990000,6.000000,0.108534,0.034062,0.034062,0.000000,0.000000,1,1,1.000000,3.200000,3.200000,1,C0,
168.000000,2.978919,2.970000,3.010000,6.000000,0.108439,0.032015,0.032015,0.000000,0.000000,1,1,1.000000,3.200000,3.200000,1,C0,
168.500000,2.981922,2.992000,2.990000,6.000000,0.108341,0.036263,0.036263,0.000000,0.000000,1,1,1.000000,3.200000,3.200000,1,C0,
169.000000,2.985021,2.993000,3.000000,6.000000,0.108249,0.033874,0.033874,0.000000,0.000000,1,1,1.000000,3.200000,3.200000,1,C0,
169.500000,2.988069,2.991000,3.000000,6.000000,0.108153,0.035001,0.035001,0.000000,0.000000,1,1,1.000000,3.200000,3.200000,1,C0,
170.000000,2.991126,2.986000,3.000000,6.000000,0.108059,0.034699,0.034699,0.000000,0.000000,1,1,1.000000,3.200000,3.200000,1,C0,
170.500000,2.994265,3.002000,3.000000,6.000000,0.107965,0.032638,0.032638,0.000000,0.000000,1,1,1.000000,3.200000,3.200000,1,C0,
171.000000,2.997205,2.990000,3.010000,6.000000,0.107869,0.037298,0.037298,0.000000,0.000000,1,1,1.000000,3.200000,3.200000,1,C0,
171.500000,3.000276,2.994000,2.990000,6.000000,0.107778,0.034079,0.034079,0.000000,0.000000,1,1,1.000000,3.200000,3.200000,1,C0,
172.000000,3.003239,3.003000,3.010000,6.000000,0.107684,0.036577,0.036577,0.000000,0.000000,1,1,1.000000,3.200000,3.200000,1,C0,
172.500000,3.006181,3.007000,2.990000,6.000000,0.107593,0.036980,0.036980,0.000000,0.000000,1,1,1.000000,3.200000,3.200000,1,C0,
173.000000,3.009298,3.005000,3.000000,6.000000,0.107502,0.032694,0.032694,0.000000,0.000000,1,1,1.000000,3.200000,3.200000,1,C0,
173.500000,3.012262,3.024000,3.010000,6.000000,0.107406,0.036265,0.036265,0.000000,0.000000,1,1,1.000000,3.200000,3.200000,1,C0,
174.000000,3.015330,3.020000,3.020000,6.000000,0.107315,0.033696,0.033696,0.000000,0.000000,1,1,1.000000,3.200000,3.200000,1,C0,
174.500000,3.018216,3.024000,3.020000,6.000000,0.107221,0.037944,0.037944,0.000000,0.000000,1,1,1.000000,3.200000,3.200000,1,C0,
175.000000,3.021307,3.018000,3.020000,6.000000,0.107132,0.032951,0.032951,0.000000,0.000000,1,1,1.000000,3.200000,3.200000,1,C0,
175.500000,3.024404,3.028000,3.040000,6.000000,0.107037,0.032712,0.032712,0.000000,0.000000,1,1,1.000000,3.200000,3.200000,1,C0,
176.000000,3.027337,3.023000,3.020000,6.000000,0.106941,0.036546,0.036546,0.000000,0.000000,1,1,1.000000,3.200000,3.200000,1,C0,
176.500000,3.030405,3.027000,3.030000,6.000000,0.106851,0.033226,0.033226,0.000000,0.000000,1,1,1.000000,3.200000,3.200000,1,C0,
177.000000,3.033456,3.036000,3.040000,6.000000,0.106757,0.033523,0.033523,0.000000,0.000000,1,1,1.000000,3.200000,3.200000,1,C0,
177.500000,3.036316,3.037000,3.050000,6.000000,0.106663,0.038036,0.038036,0.000000,0.000000,1,1,1.000000,3.200000,3.200000,1,C0,
178.000000,3.039333,3.048000,3.030000,6.000000,0.106575,0.034158,0.034158,0.000000,0.000000,1,1,1.000000,3.200000,3.200000,1,C0,
178.500000,3.042373,3.041000,3.050000,6.000000,0.106482,0.033533,0.033533,0.000000,0.000000,1,1,1.000000,3.200000,3.200000,1,C0,
179.000000,3.045418,3.042000,3.040000,6.000000,0.106389,0.033295,0.033295,0.000000,0.000000,1,1,1.000000,3.200000,3.200000,1,C0,
179.500000,3.048331,3.053000,3.040000,6.000000,0.106295,0.036373,0.036373,0.000000,0.000000,1,1,1.000000,3.200000,3.200000,1,C0,
180.000000,3.051249,3.044000,3.050000,6.000000,0.106205,0.036189,0.036189,0.000000,0.000000,1,1,1.000000,3.200000,3.200000,1,C0,
180.500000,3.054149,3.061000,3.050000,6.000000,0.106115,0.036522,0.036522,0.000000,0.000000,1,1,1.000000,3.200000,3.200000,1,C0,
181.000000,3.056983,3.047000,3.050000,6.000000,0.106026,0.038004,0.038004,0.000000,0.000000,1,1,1.000000,3.200000,3.200000,1,C0,
181.500000,3.060026,3.064000,3.040000,6.000000,0.105939,0.032896,0.032896,0.000000,0.000000,1,1,1.000000,3.200000,3.200000,1,C0,
182.000000,3.063098,3.058000,3.040000,6.000000,0.105845,0.032126,0.032126,0.000000,0.000000,1,1,1.000000,3.200000,3.200000,1,C0,
182.500000,3.065925,3.071000,3.090000,6.000000,0.105751,0.037893,0.037893,0.000000,0.000000,1,1,1.000000,3.200000,3.200000,1,C0,
183.000000,3.068725,3.064000,3.060000,6.000000,0.105664,0.038480,0.038480,0.000000,0.000000,1,1,1.000000,3.200000,3.200000,1,C0,
183.500000,3.071541,3.072000,3.070000,6.000000,0.105578,0.037982,0.037982,0.000000,0.000000,1,1,1.000000,3.200000,3.200000,1,C0,
184.000000,3.074337,3.071000,3.070000,6.000000,0.105491,0.038381,0.038381,0.000000,0.000000,1,1,1.000000,3.200000,3.200000,1,C0,
184.500000,3.077143,3.080000,3.080000,6.000000,0.105405,0.038070,0.038070,0.000000,0.000000,1,1,1.000000,3.200000,3.200000,1,C0,
185.000000,3.080171,3.076000,3.100000,6.000000,0.105319,0.032637,0.032637,0.000000,0.000000,1,1,1.000000,3.200000,3.200000,1,C0,
185.500000,3.083013,3.075000,3.100000,6.000000,0.105225,0.037035,0.037035,0.000000,0.000000,1,1,1.000000,3.200000,3.200000,1,C0,
186.000000,3.085819,3.089000,3.090000,6.000000,0.105138,0.037779,0.037779,0.000000,0.000000,1,1,1.000000,3.200000,3.200000,1,C0,
186.500000,3.088830,3.092000,3.100000,6.000000,0.105052,0.032793,0.032793,0.000000,0.000000,1,1,1.000000,3.200000,3.200000,1,C0,
187.000000,3.091822,3.092000,3.110000,6.000000,0.104959,0.033149,0.033149,0.000000,0.000000,1,1,1.000000,3.200000,3.200000,1,C0,
187.500000,3.094876,3.091000,3.100000,6.000000,0.104867,0.031580,0.031580,0.000000,0.000000,1,1,1.000000,3.200000,3.200000,1,C0,
188.000000,3.097839,3.093000,3.090000,6.000000,0.104773,0.033648,0.033648,0.000000,0.000000,1,1,1.000000,3.200000,3.200000,1,C0,
188.500000,3.100798,3.109000,3.110000,6.000000,0.104682,0.033677,0.033677,0.000000,0.000000,1,1,1.000000,3.200000,3.200000,1,C0,
189.000000,3.103779,3.106000,3.090000,6.000000,0.104591,0.033034,0.033034,0.000000,0.000000,1,1,1.000000,3.200000,3.200000,1,C0,
189.500000,3.106700,3.101000,3.100000,6.000000,0.104499,0.034411,0.034411,0.000000,0.000000,1,1,1.000000,3.200000,3.200000,1,C0,
190.000000,3.109674,3.110000,3.110000,6.000000,0.104409,0.033029,0.033029,0.000000,0.000000,1,1,1.000000,3.200000,3.200000,1,C0,
190.500000,3.112578,3.112000,3.110000,6.000000,0.104318,0.034627,0.034627,0.000000,0.000000,1,1,1.000000,3.200000,3.200000,1,C0,
191.000000,3.115448,3.109000,3.120000,6.000000,0.104228,0.035334,0.035334,0.000000,0.000000,1,1,1.000000,3.200000,3.200000,1,C0,
191.500000,3.118323,3.121000,3.120000,6.000000,0.104140,0.035142,0.035142,0.000000,0.000000,1,1,1.000000,3.200000,3.200000,1,C0,
192.000000,3.121197,3.123000,3.120000,6.000000,0.104052,0.035073,0.035073,0.000000,0.000000,1,1,1.000000,3.200000,3.200000,1,C0,
192.500000,3.124200,3.115000,3.110000,6.000000,0.103963,0.031904,0.031904,0.000000,0.000000,1,1,1.000000,3.200000,3.200000,1,C0,
193.000000,3.126977,3.127000,3.130000,6.000000,0.103871,0.037215,0.037215,0.000000,0.000000,1,1,1.000000,3.200000,3.200000,1,C0,
193.500000,3.129970,3.142000,3.140000,6.000000,0.103785,0.031946,0.031946,0.000000,0.000000,1,1,1.000000,3.200000,3.200000,1,C0,
194.000000,3.132969,3.126000,3.110000,6.000000,0.103693,0.031722,0.031722,0.000000,0.000000,1,1,1.000000,3.200000,3.200000,1,C0,
194.500000,3.135785,3.122000,3.150000,6.000000,0.103601,0.036021,0.036021,0.000000,0.000000,1,1,1.000000,3.200000,3.200000,1,C0,
195.000000,3.138521,3.133000,3.130000,6.000000,0.103514,0.037847,0.037847,0.000000,0.000000,1,1,1.000000,3.200000,3.200000,1,C0,
195.500000,3.141328,3.140000,3.140000,6.000000,0.103430,0.036075,0.036075,0.000000,0.000000,1,1,1.000000,3.200000,3.200000,1,C0,
196.000000,3.144109,3.144000,3.150000,6.000000,0.103344,0.036595,0.036595,0.000000,0.000000,1,1,1.000000,3.200000,3.200000,1,C0,
196.500000,3.146902,3.141000,3.140000,6.000000,0.103258,0.036214,0.036214,0.000000,0.000000,1,1,1.000000,3.200000,3.200000,1,C0,
197.000000,3.149788,3.148000,3.140000,6.000000,0.103172,0.033923,0.033923,0.000000,0.000000,1,1,1.000000,3.200000,3.200000,1,C0,
197.500000,3.152534,3.145000,3.150000,6.000000,0.103083,0.037166,0.037166,0.000000,0.000000,1,1,1.000000,3.200000,3.200000,1,C0,
198.000000,3.155453,3.157000,3.150000,6.000000,0.102999,0.032943,0.032943,0.000000,0.000000,1,1,1.000000,3.200000,3.200000,1,C0,
198.500000,3.158414,3.158000,3.170000,6.000000,0.102909,0.031841,0.031841,0.000000,0.000000,1,1,1.000000,3.200000,3.200000,1,C0,
199.000000,3.161134,3.167000,3.180000,6.000000,0.102818,0.037546,0.037546,0.000000,0.000000,1,1,1.000000,3.200000,3.200000,1,C0,
199.500000,3.163889,3.161000,3.160000,6.000000,0.102734,0.036621,0.036621,0.000000,0.000000,1,1,1.000000,3.200000,3.200000,1,C0,
200.000000,3.166765,3.171000,3.180000,6.000000,0.102650,0.033612,0.033612,0.000000,0.000000,1,1,1.000000,3.200000,3.200000,1,C0,
200.500000,3.169709,3.179000,3.160000,6.000000,0.102561,0.031927,0.031927,0.000000,0.000000,1,1,1.000000,3.200000,3.200000,1,C0,
201.000000,3.172541,3.159000,3.170000,6.000000,0.102471,0.034490,0.034490,0.000000,0.000000,1,1,1.000000,3.200000,3.200000,1,C0,
201.500000,3.175265,3.173000,3.180000,6.000000,0.102383,0.037001,0.037001,0.000000,0.000000,1,1,1.000000,3.200000,3.200000,1,C0,
202.000000,3.177995,3.168000,3.190000,6.000000,0.102300,0.036781,0.036781,0.000000,0.000000,1,1,1.000000,3.200000,3.200000,1,C0,
202.500000,3.180707,3.186000,3.180000,6.000000,0.102216,0.037140,0.037140,0.000000,0.000000,1,1,1.000000,3.200000,3.200000,1,C0,
203.000000,3.183611,3.184000,3.170000,6.000000,0.102132,0.032439,0.032439,0.000000,0.000000,1,1,1.000000,3.200000,3.200000,1,C0,
203.500000,3.186303,3.193000,3.190000,6.000000,0.102043,0.037430,0.037430,0.000000,0.000000,1,1,1.000000,3.200000,3.200000,1,C0,
204.000000,3.189042,3.181000,3.200000,6.000000,0.101960,0.036216,0.036216,0.000000,0.000000,1,1,1.000000,3.200000,3.200000,1,C0,
204.500000,3.191763,3.186000,3.190000,6.000000,0.101876,0.036570,0.036570,0.000000,0.000000,1,1,1.000000,3.200000,3.200000,1,C0,
205.000000,3.194413,3.206000,3.190000,6.000000,0.101792,0.038199,0.038199,0.000000,0.000000,1,1,1.000000,3.200000,3.200000,1,C0,
205.500000,3.197047,3.193000,3.190000,6.000000,0.101710,0.038497,0.038497,0.000000,0.000000,1,1,1.000000,3.200000,3.200000,1,C0,
206.000000,3.199702,3.192000,3.210000,6.000000,0.101629,0.037906,0.037906,0.000000,0.000000,1,1,1.000000,3.200000,3.200000,1,C0,
206.500000,3.202516,3.202000,3.200000,6.000000,0.101548,0.034015,0.034015,0.000000,0.000000,1,1,1.000000,3.200000,3.200000,1,C0,
207.000000,3.205145,3.196000,3.200000,6.000000,0.101461,0.038369,0.038369,0.000000,0.000000,1,1,1.000000,3.200000,3.200000,1,C0,
207.500000,3.207936,3.205000,3.210000,6.000000,0.101380,0.034398,0.034398,0.000000,0.000000,1,1,1.000000,3.200000,3.200000,1,C0,
208.000000,3.210571,3.206000,3.220000,6.000000,0.101294,0.038043,0.038043,0.000000,0.000000,1,1,1.000000,3.200000,3.200000,1,C0,
208.500000,3.213365,3.216000,3.200000,6.000000,0.101213,0.034159,0.034159,0.000000,0.000000,1,1,1.000000,3.200000,3.200000,1,C0,
209.000000,3.216191,3.222000,3.210000,6.000000,0.101127,0.033301,0.033301,0.000000,0.000000,1,1,1.000000,3.200000,3.200000,1,C0,
209.500000,3.219039,3.220000,3.210000,6.000000,0.101040,0.032678,0.032678,0.000000,0.000000,1,1,1.000000,3.200000,3.200000,1,C0,
210.000000,3.221666,3.215000,3.220000,6.000000,0.100953,0.037918,0.037918,0.000000,0.000000,1,1,1.000000,3.200000,3.200000,1,C0,
210.500000,3.224309,3.231000,3.210000,6.000000,0.100872,0.037427,0.037427,0.000000,0.000000,1,1,1.000000,3.200000,3.200000,1,C0,
211.000000,3.226951,3.228000,3.230000,6.000000,0.100790,0.037398,0.037398,0.000000,0.000000,1,1,1.000000,3.200000,3.200000,1,C0,
211.500000,3.229726,3.224000,3.220000,6.000000,0.100709,0.034112,0.034112,0.000000,0.000000,1,1,1.000000,3.200000,3.200000,1,C0,
212.000000,3.232464,3.239000,3.230000,6.000000,0.100624,0.034915,0.034915,0.000000,0.000000,1,1,1.000000,3.200000,3.200000,1,C0,
212.500000,3.235260,3.236000,3.220000,6.000000,0.100540,0.033423,0.033423,0.000000,0.000000,1,1,1.000000,3.200000,3.200000,1,C0,
213.000000,3.237898,3.240000,3.240000,6.000000,0.100454,0.037143,0.037143,0.000000,0.000000,1,1,1.000000,3.200000,3.200000,1,C0,
213.500000,3.240712,3.232000,3.250000,6.000000,0.100372,0.032844,0.032844,0.000000,0.000000,1,1,1.000000,3.200000,3.200000,1,C0,
214.000000,3.243469,3.238000,3.240000,6.000000,0.100286,0.034111,0.034111,0.000000,0.000000,1,1,1.000000,3.200000,3.200000,1,C0,
214.500000,3.246132,3.250000,3.230000,6.000000,0.100201,0.036288,0.036288,0.000000,0.000000,1,1,1.000000,3.200000,3.200000,1,C0,
215.000000,3.248964,3.244000,3.250000,6.000000,0.100119,0.032155,0.032155,0.000000,0.000000,1,1,1.000000,3.200000,3.200000,1,C0,
215.500000,3.251769,3.246000,3.240000,6.000000,0.100032,0.032700,0.032700,0.000000,0.000000,1,1,1.000000,3.200000,3.200000,1,C0,
216.000000,3.254371,3.259000,3.260000,6.000000,0.099946,0.037506,0.037506,0.000000,0.000000,1,1,1.000000,3.200000,3.200000,1,C0,
216.500000,3.256966,3.261000,3.260000,6.000000,0.099866,0.037577,0.037577,0.000000,0.000000,1,1,1.000000,3.200000,3.200000,1,C0,
217.000000,3.259542,3.265000,3.260000,6.000000,0.099786,0.037979,0.037979,0.000000,0.000000,1,1,1.000000,3.200000,3.200000,1,C0,
217.500000,3.262292,3.269000,3.250000,6.000000,0.099706,0.033701,0.033701,0.000000,0.000000,1,1,1.000000,3.200000,3.200000,1,C0,
218.000000,3.265014,3.268000,3.280000,6.000000,0.099622,0.034288,0.034288,0.000000,0.000000,1,1,1.000000,3.200000,3.200000,1,C0,
218.500000,3.267736,3.271000,3.260000,6.000000,0.099538,0.034224,0.034224,0.000000,0.000000,1,1,1.000000,3.200000,3.200000,1,C0,
219.000000,3.270279,3.269000,3.270000,6.000000,0.099454,0.038419,0.038419,0.000000,0.000000,1,1,1.000000,3.200000,3.200000,1,C0,
219.500000,3.272979,3.275000,3.250000,6.000000,0.099376,0.034560,0.034560,0.000000,0.000000,1,1,1.000000,3.200000,3.200000,1,C0,
220.000000,3.275688,3.276000,3.310000,6.000000,0.099293,0.034277,0.034277,0.000000,0.000000,1,1,1.000000,3.200000,3.200000,1,C0,
220.500000,3.278366,3.271000,3.280000,6.000000,0.099210,0.034934,0.034934,0.000000,0.000000,1,1,1.000000,3.200000,3.200000,1,C0,
221.000000,3.280992,3.287000,3.270000,6.000000,0.099127,0.036125,0.036125,0.000000,0.000000,1,1,1.000000,3.200000,3.200000,1,C0,
221.500000,3.283782,3.288000,3.270000,6.000000,0.099046,0.032074,0.032074,0.000000,0.000000,1,1,1.000000,3.200000,3.200000,1,C0,
222.000000,3.286501,3.287000,3.300000,6.000000,0.098961,0.033717,0.033717,0.000000,0.000000,1,1,1.000000,3.200000,3.200000,1,C0,
222.500000,3.289229,3.291000,3.290000,6.000000,0.098877,0.033388,0.033388,0.000000,0.000000,1,1,1.000000,3.200000,3.200000,1,C0,
223.000000,3.291914,3.297000,3.300000,6.000000,0.098793,0.034356,0.034356,0.000000,0.000000,1,1,1.000000,3.200000,3.200000,1,C0,
223.500000,3.294620,3.291000,3.300000,6.000000,0.098710,0.033771,0.033771,0.000000,0.000000,1,1,1.000000,3.200000,3.200000,1,C0,
224.000000,3.297154,3.309000,3.290000,6.000000,0.098627,0.037808,0.037808,0.000000,0.000000,1,1,1.000000,3.200000,3.200000,1,C0,
224.500000,3.299837,3.303000,3.300000,6.000000,0.098549,0.034165,0.034165,0.000000,0.000000,1,1,1.000000,3.200000,3.200000,1,C0,
225.000000,3.302500,3.297000,3.310000,6.000000,0.098467,0.034543,0.034543,0.000000,0.000000,1,1,1.000000,3.200000,3.200000,1,C0,
225.500000,3.305215,3.300000,3.310000,6.000000,0.098385,0.033226,0.033226,0.000000,0.000000,1,1,1.000000,3.200000,3.200000,1,C0,
226.000000,3.307910,3.312000,3.300000,6.000000,0.098301,0.033633,0.033633,0.000000,0.000000,1,1,1.000000,3.200000,3.200000,1,C0,
226.500000,3.310593,3.306000,3.290000,6.000000,0.098218,0.033807,0.033807,0.000000,0.000000,1,1,1.000000,3.200000,3.200000,1,C0,
227.000000,3.313330,3.308000,3.320000,6.000000,0.098136,0.032453,0.032453,0.000000,0.000000,1,1,1.000000,3.200000,3.200000,1,C0,
227.500000,3.315822,3.320000,3.300000,6.000000,0.098051,0.038252,0.038252,0.000000,0.000000,1,1,1.000000,3.200000,3.200000,1,C0,
228.000000,3.318424,3.319000,3.310000,6.000000,0.097975,0.035531,0.035531,0.000000,0.000000,1,1,1.000000,3.200000,3.200000,1,C0,
228.500000,3.321157,3.315000,3.320000,6.000000,0.097895,0.032297,0.032297,0.000000,0.000000,1,1,1.000000,3.200000,3.200000,1,C0,
229.000000,3.323759,3.329000,3.310000,6.000000,0.097811,0.035351,0.035351,0.000000,0.000000,1,1,1.000000,3.200000,3.200000,1,C0,
229.500000,3.326434,3.323000,3.320000,6.000000,0.097730,0.033539,0.033539,0.000000,0.000000,1,1,1.000000,3.200000,3.200000,1,C0,
230.000000,3.329045,3.327000,3.320000,6.000000,0.097648,0.034995,0.034995,0.000000,0.000000,1,1,1.000000,3.200000,3.200000,1,C0,
230.500000,3.331567,3.345000,3.330000,6.000000,0.097568,0.037024,0.037024,0.000000,0.000000,1,1,1.000000,3.200000,3.200000,1,C0,
231.000000,3.334169,3.341000,3.330000,6.000000,0.097490,0.035046,0.035046,0.000000,0.000000,1,1,1.000000,3.200000,3.200000,1,C0,
231.500000,3.336810,3.342000,3.330000,6.000000,0.097410,0.034017,0.034017,0.000000,0.000000,1,1,1.000000,3.200000,3.200000,1,C0,
232.000000,3.339329,3.337000,3.340000,6.000000,0.097329,0.036883,0.036883,0.000000,0.000000,1,1,1.000000,3.200000,3.200000,1,C0,
232.500000,3.341782,3.340000,3.320000,6.000000,0.097251,0.038385,0.038385,0.000000,0.000000,1,1,1.000000,3.200000,3.200000,1,C0,
233.000000,3.344393,3.348000,3.340000,6.000000,0.097176,0.034513,0.034513,0.000000,0.000000,1,1,1.000000,3.200000,3.200000,1,C0,
233.500000,3.346957,3.342000,3.360000,6.000000,0.097096,0.035564,0.035564,0.000000,0.000000,1,1,1.000000,3.200000,3.200000,1,C0,
234.000000,3.349515,3.345000,3.350000,6.000000,0.097017,0.035620,0.035620,0.000000,0.000000,1,1,1.000000,3.200000,3.200000,1,C0,
234.500000,3.352120,3.355000,3.350000,6.000000,0.096938,0.034412,0.034412,0.000000,0.000000,1,1,1.000000,3.200000,3.200000,1,C0,
235.000000,3.354752,3.351000,3.360000,6.000000,0.096858,0.033683,0.033683,0.000000,0.000000,1,1,1.000000,3.200000,3.200000,1,C0,
235.500000,3.357344,3.356000,3.370000,6.000000,0.096777,0.034567,0.034567,0.000000,0.000000,1,1,1.000000,3.200000,3.200000,1,C0,
236.000000,3.360027,3.364000,3.350000,6.000000,0.096697,0.032306,0.032306,0.000000,0.000000,1,1,1.000000,3.200000,3.200000,1,C0,
236.500000,3.362454,3.363000,3.370000,6.000000,0.096615,0.038387,0.038387,0.000000,0.000000,1,1,1.000000,3.200000,3.200000,1,C0,
237.000000,3.364884,3.365000,3.380000,6.000000,0.096540,0.038209,0.038209,0.000000,0.000000,1,1,1.000000,3.200000,3.200000,1,C0,
237.500000,3.367465,3.374000,3.380000,6.000000,0.096465,0.034525,0.034525,0.000000,0.000000,1,1,1.000000,3.200000,3.200000,1,C0,
238.000000,3.370055,3.369000,3.350000,6.000000,0.096386,0.034222,0.034222,0.000000,0.000000,1,1,1.000000,3.200000,3.200000,1,C0,
238.500000,3.372737,3.381000,3.380000,6.000000,0.096306,0.031938,0.031938,0.000000,0.000000,1,1,1.000000,3.200000,3.200000,1,C0,
239.000000,3.375300,3.375000,3.370000,6.000000,0.096223,0.034703,0.034703,0.000000,0.000000,1,1,1.000000,3.200000,3.200000,1,C0,
239.500000,3.377820,3.373000,3.390000,6.000000,0.096145,0.035679,0.035679,0.000000,0.000000,1,1,1.000000,3.200000,3.200000,1,C0,
240.000000,3.380330,3.383000,3.390000,6.000000,0.096067,0.035822,0.035822,0.000000,0.000000,1,1,1.000000,3.200000,3.200000,1,C0,
240.500000,3.382992,3.385000,3.390000,6.000000,0.095990,0.032093,0.032093,0.000000,0.000000,1,1,1.000000,3.200000,3.200000,1,C0,
241.000000,3.385474,3.380000,3.390000,6.000000,0.095908,0.036354,0.036354,0.000000,0.000000,1,1,1.000000,3.200000,3.200000,1,C0,
241.500000,3.388100,3.383000,3.350000,6.000000,0.095832,0.032800,0.032800,0.000000,0.000000,1,1,1.000000,3.200000,3.200000,1,C0,
242.000000,3.390615,3.388000,3.400000,6.000000,0.095751,0.035384,0.035384,0.000000,0.000000,1,1,1.000000,3.200000,3.200000,1,C0,
242.500000,3.393274,3.393000,3.410000,6.000000,0.095673,0.031875,0.031875,0.000000,0.000000,1,1,1.000000,3.200000,3.200000,1,C0,
243.000000,3.395663,3.390000,3.390000,6.000000,0.095592,0.038247,0.038247,0.000000,0.000000,1,1,1.000000,3.200000,3.200000,1,C0,
243.500000,3.398085,3.396000,3.400000,6.000000,0.095518,0.037379,0.037379,0.000000,0.000000,1,1,1.000000,3.200000,3.200000,1,C0,
244.000000,3.400665,3.400000,3.410000,6.000000,0.095444,0.033545,0.033545,0.000000,0.000000,1,1,1.000000,3.200000,3.200000,1,C0,
244.500000,3.403109,3.404000,3.410000,6.000000,0.095364,0.036698,0.036698,0.000000,0.000000,1,1,1.000000,3.200000,3.200000,1,C0,
245.000000,3.405541,3.408000,3.400000,6.000000,0.095289,0.036926,0.036926,0.000000,0.000000,1,1,1.000000,3.200000,3.200000,1,C0,
245.500000,3.407986,3.393000,3.420000,6.000000,0.095214,0.036533,0.036533,0.000000,0.000000,1,1,1.000000,3.200000,3.200000,1,C0,
246.000000,3.410418,3.405000,3.410000,6.000000,0.095139,0.036759,0.036759,0.000000,0.000000,1,1,1.000000,3.200000,3.200000,1,C0,
246.500000,3.412829,3.398000,3.410000,6.000000,0.095064,0.037217,0.037217,0.000000,0.000000,1,1,1.000000,3.200000,3.200000,1,C0,
247.000000,3.415238,3.411000,3.400000,6.000000,0.094990,0.037175,0.037175,0.000000,0.000000,1,1,1.000000,3.200000,3.200000,1,C0,
247.500000,3.417831,3.420000,3.420000,6.000000,0.094916,0.032662,0.032662,0.000000,0.000000,1,1,1.000000,3.200000,3.200000,1,C0,
248.000000,3.420368,3.419000,3.430000,6.000000,0.094836,0.033956,0.033956,0.000000,0.000000,1,1,1.000000,3.200000,3.200000,1,C0,
248.500000,3.422919,3.422000,3.420000,6.000000,0.094758,0.033525,0.033525,0.000000,0.000000,1,1,1.000000,3.200000,3.200000,1,C0,
249.000000,3.425524,3.434000,3.410000,6.000000,0.094679,0.032167,0.032167,0.000000,0.000000,1,1,1.000000,3.200000,3.200000,1,C0,
249.500000,3.427900,3.435000,3.440000,6.000000,0.094599,0.037569,0.037569,0.000000,0.000000,1,1,1.000000,3.200000,3.200000,1,C0,
250.000000,3.430285,3.431000,3.430000,6.000000,0.094526,0.037299,0.037299,0.000000,0.000000,1,1,1.000000,3.200000,3.200000,1,C0,
250.500000,3.432830,3.428000,3.420000,6.000000,0.094453,0.033381,0.033381,0.000000,0.000000,1,1,1.000000,3.200000,3.200000,1,C0,
251.000000,3.435422,3.431000,3.430000,6.000000,0.094374,0.032152,0.032152,0.000000,0.000000,1,1,1.000000,3.200000,3.200000,1,C0,
251.500000,3.437761,3.438000,3.420000,6.000000,0.094295,0.038152,0.038152,0.000000,0.000000,1,1,1.000000,3.200000,3.200000,1,C0,
252.000000,3.440162,3.433000,3.440000,6.000000,0.094223,0.036617,0.036617,0.000000,0.000000,1,1,1.000000,3.200000,3.200000,1,C0,
252.500000,3.442616,3.444000,3.450000,6.000000,0.094149,0.035241,0.035241,0.000000,0.000000,1,1,1.000000,3.200000,3.200000,1,C0,
253.000000,3.444982,3.442000,3.440000,6.000000,0.094073,0.037298,0.037298,0.000000,0.000000,1,1,1.000000,3.200000,3.200000,1,C0,
253.500000,3.447486,3.447000,3.460000,6.000000,0.094001,0.033906,0.033906,0.000000,0.000000,1,1,1.000000,3.200000,3.200000,1,C0,
254.000000,3.449953,3.457000,3.450000,6.000000,0.093924,0.034717,0.034717,0.000000,0.000000,1,1,1.000000,3.200000,3.200000,1,C0,
254.500000,3.452271,3.455000,3.460000,6.000000,0.093848,0.038206,0.038206,0.000000,0.000000,1,1,1.000000,3.200000,3.200000,1,C0,
255.000000,3.454820,3.458000,3.450000,6.000000,0.093776,0.032613,0.032613,0.000000,0.000000,1,1,1.000000,3.200000,3.200000,1,C0,
255.500000,3.457303,3.460000,3.460000,6.000000,0.093698,0.034103,0.034103,0.000000,0.000000,1,1,1.000000,3.200000,3.200000,1,C0,
256.000000,3.459687,3.460000,3.460000,6.000000,0.093621,0.036396,0.036396,0.000000,0.000000,1,1,1.000000,3.200000,3.200000,1,C0,
256.500000,3.462133,3.465000,3.460000,6.000000,0.093548,0.034838,0.034838,0.000000,0.000000,1,1,1.000000,3.200000,3.200000,1,C0,
257.000000,3.464513,3.471000,3.470000,6.000000,0.093473,0.036369,0.036369,0.000000,0.000000,1,1,1.000000,3.200000,3.200000,1,C0,
257.500000,3.467071,3.461000,3.470000,6.000000,0.093400,0.031996,0.031996,0.000000,0.000000,1,1,1.000000,3.200000,3.200000,1,C0,
258.000000,3.469390,3.475000,3.460000,6.000000,0.093321,0.037667,0.037667,0.000000,0.000000,1,1,1.000000,3.200000,3.200000,1,C0,
258.500000,3.471673,3.476000,3.470000,6.000000,0.093250,0.038451,0.038451,0.000000,0.000000,1,1,1.000000,3.200000,3.200000,1,C0,
259.000000,3.474115,3.473000,3.480000,6.000000,0.093179,0.034581,0.034581,0.000000,0.000000,1,1,1.000000,3.200000,3.200000,1,C0,
259.500000,3.476482,3.478000,3.490000,6.000000,0.093104,0.036306,0.036306,0.000000,0.000000,1,1,1.000000,3.200000,3.200000,1,C0,
260.000000,3.478873,3.469000,3.480000,6.000000,0.093031,0.035627,0.035627,0.000000,0.000000,1,1,1.000000,3.200000,3.200000,1,C0,
260.500000,3.481353,3.487000,3.470000,6.000000,0.092958,0.033439,0.033439,0.000000,0.000000,1,1,1.000000,3.200000,3.200000,1,C0,
261.000000,3.483684,3.480000,3.480000,6.000000,0.092881,0.036953,0.036953,0.000000,0.000000,1,1,1.000000,3.200000,3.200000,1,C0,
261.500000,3.486087,3.478000,3.490000,6.000000,0.092810,0.035124,0.035124,0.000000,0.000000,1,1,1.000000,3.200000,3.200000,1,C0,
262.000000,3.488377,3.494000,3.500000,6.000000,0.092736,0.037785,0.037785,0.000000,0.000000,1,1,1.000000,3.200000,3.200000,1,C0,
262.500000,3.490752,3.477000,3.490000,6.000000,0.092665,0.035658,0.035658,0.000000,0.000000,1,1,1.000000,3.200000,3.200000,1,C0,
263.000000,3.493259,3.497000,3.500000,6.000000,0.092592,0.032424,0.032424,0.000000,0.000000,1,1,1.000000,3.200000,3.200000,1,C0,
263.500000,3.495579,3.504000,3.500000,6.000000,0.092515,0.036839,0.036839,0.000000,0.000000,1,1,1.000000,3.200000,3.200000,1,C0,
264.000000,3.498042,3.500000,3.490000,6.000000,0.092444,0.033335,0.033335,0.000000,0.000000,1,1,1.000000,3.200000,3.200000,1,C0,
264.500000,3.500395,3.495000,3.500000,6.000000,0.092368,0.035900,0.035900,0.000000,0.000000,1,1,1.000000,3.200000,3.200000,1,C0,
265.000000,3.502771,3.500000,3.510000,6.000000,0.092296,0.035256,0.035256,0.000000,0.000000,1,1,1.000000,3.200000,3.200000,1,C0,
265.500000,3.505242,3.507000,3.510000,6.000000,0.092222,0.032922,0.032922,0.000000,0.000000,1,1,1.000000,3.200000,3.200000,1,C0,
266.000000,3.507526,3.507000,3.490000,6.000000,0.092146,0.037342,0.037342,0.000000,0.000000,1,1,1.000000,3.200000,3.200000,1,C0,
266.500000,3.509803,3.512000,3.510000,6.000000,0.092076,0.037425,0.037425,0.000000,0.000000,1,1,1.000000,3.200000,3.200000,1,C0,
267.000000,3.512146,3.509000,3.510000,6.000000,0.092006,0.035762,0.035762,0.000000,0.000000,1,1,1.000000,3.200000,3.200000,1,C0,
267.500000,3.514458,3.514000,3.510000,6.000000,0.091934,0.036455,0.036455,0.000000,0.000000,1,1,1.000000,3.200000,3.200000,1,C0,
268.000000,3.516745,3.516000,3.530000,6.000000,0.091863,0.036981,0.036981,0.000000,0.000000,1,1,1.000000,3.200000,3.200000,1,C0,
268.500000,3.519179,3.526000,3.520000,6.000000,0.091792,0.033381,0.033381,0.000000,0.000000,1,1,1.000000,3.200000,3.200000,1,C0,
269.000000,3.521608,3.529000,3.520000,6.000000,0.091718,0.033404,0.033404,0.000000,0.000000,1,1,1.000000,3.200000,3.200000,1,C0,
269.500000,3.523981,3.520000,3.520000,6.000000,0.091643,0.034686,0.034686,0.000000,0.000000,1,1,1.000000,3.200000,3.200000,1,C0,
270.000000,3.526410,3.532000,3.520000,6.000000,0.091570,0.033286,0.033286,0.000000,0.000000,1,1,1.000000,3.200000,3.200000,1,C0,
270.500000,3.528761,3.538000,3.540000,6.000000,0.091495,0.035062,0.035062,0.000000,0.000000,1,1,1.000000,3.200000,3.200000,1,C0,
271.000000,3.531146,3.538000,3.520000,6.000000,0.091423,0.034181,0.034181,0.000000,0.000000,1,1,1.000000,3.200000,3.200000,1,C0,
271.500000,3.533374,3.533000,3.540000,6.000000,0.091349,0.037898,0.037898,0.000000,0.000000,1,1,1.000000,3.200000,3.200000,1,C0,
272.000000,3.535654,3.535000,3.540000,6.000000,0.091281,0.036542,0.036542,0.000000,0.000000,1,1,1.000000,3.200000,3.200000,1,C0,
272.500000,3.537879,3.542000,3.530000,6.000000,0.091211,0.037814,0.037814,0.000000,0.000000,1,1,1.000000,3.200000,3.200000,1,C0,
273.000000,3.540344,3.536000,3.530000,6.000000,0.091142,0.031982,0.031982,0.000000,0.000000,1,1,1.000000,3.200000,3.200000,1,C0,
273.500000,3.542665,3.546000,3.540000,6.000000,0.091066,0.035372,0.035372,0.000000,0.000000,1,1,1.000000,3.200000,3.200000,1,C0,
274.000000,3.544962,3.538000,3.550000,6.000000,0.090995,0.035859,0.035859,0.000000,0.000000,1,1,1.000000,3.200000,3.200000,1,C0,
274.500000,3.547381,3.554000,3.550000,6.000000,0.090924,0.032868,0.032868,0.000000,0.000000,1,1,1.000000,3.200000,3.200000,1,C0,
275.000000,3.549734,3.550000,3.530000,6.000000,0.090850,0.034370,0.034370,0.000000,0.000000,1,1,1.000000,3.200000,3.200000,1,C0,
275.500000,3.551927,3.559000,3.540000,6.000000,0.090777,0.038157,0.038157,0.000000,0.000000,1,1,1.000000,3.200000,3.200000,1,C0,
276.000000,3.554364,3.551000,3.550000,6.000000,0.090710,0.032228,0.032228,0.000000,0.000000,1,1,1.000000,3.200000,3.200000,1,C0,
276.500000,3.556537,3.556000,3.550000,6.000000,0.090635,0.038479,0.038479,0.000000,0.000000,1,1,1.000000,3.200000,3.200000,1,C0,
277.000000,3.558847,3.557000,3.560000,6.000000,0.090568,0.035138,0.035138,0.000000,0.000000,1,1,1.000000,3.200000,3.200000,1,C0,
277.500000,3.561277,3.567000,3.570000,6.000000,0.090497,0.032169,0.032169,0.000000,0.000000,1,1,1.000000,3.200000,3.200000,1,C0,
278.000000,3.563605,3.567000,3.570000,6.000000,0.090422,0.034545,0.034545,0.000000,0.000000,1,1,1.000000,3.200000,3.200000,1,C0,
278.500000,3.565824,3.563000,3.570000,6.000000,0.090351,0.037106,0.037106,0.000000,0.000000,1,1,1.000000,3.200000,3.200000,1,C0,
279.000000,3.568251,3.571000,3.570000,6.000000,0.090282,0.032023,0.032023,0.000000,0.000000,1,1,1.000000,3.200000,3.200000,1,C0,
279.500000,3.570649,3.566000,3.560000,6.000000,0.090208,0.032651,0.032651,0.000000,0.000000,1,1,1.000000,3.200000,3.200000,1,C0,
280.000000,3.573032,3.572000,3.580000,6.000000,0.090134,0.032953,0.032953,0.000000,0.000000,1,1,1.000000,3.200000,3.200000,1,C0,
280.500000,3.575272,3.579000,3.580000,6.000000,0.090061,0.036302,0.036302,0.000000,0.000000,1,1,1.000000,3.200000,3.200000,1,C0,
281.000000,3.577613,3.581000,3.590000,6.000000,0.089992,0.033795,0.033795,0.000000,0.000000,1,1,1.000000,3.200000,3.200000,1,C0,
281.500000,3.579850,3.579000,3.580000,6.000000,0.089920,0.036240,0.036240,0.000000,0.000000,1,1,1.000000,3.200000,3.200000,1,C0,
282.000000,3.582149,3.582000,3.590000,6.000000,0.089851,0.034665,0.034665,0.000000,0.000000,1,1,1.000000,3.200000,3.200000,1,C0,
282.500000,3.584537,3.594000,3.580000,6.000000,0.089780,0.032479,0.032479,0.000000,0.000000,1,1,1.000000,3.200000,3.200000,1,C0,
283.000000,3.586722,3.582000,3.580000,6.000000,0.089707,0.037266,0.037266,0.000000,0.000000,1,1,1.000000,3.200000,3.200000,1,C0,
283.500000,3.589069,3.589000,3.600000,6.000000,0.089639,0.033312,0.033312,0.000000,0.000000,1,1,1.000000,3.200000,3.200000,1,C0,
284.000000,3.591359,3.599000,3.580000,6.000000,0.089567,0.034604,0.034604,0.000000,0.000000,1,1,1.000000,3.200000,3.200000,1,C0,
284.500000,3.593763,3.591000,3.590000,6.000000,0.089497,0.031799,0.031799,0.000000,0.000000,1,1,1.000000,3.200000,3.200000,1,C0,
285.000000,3.596061,3.604000,3.600000,6.000000,0.089423,0.034265,0.034265,0.000000,0.000000,0,0,1.000000,3.200000,3.200000,1,C0,
285.500000,3.594694,3.593000,3.600000,6.000000,0.000000,0.032810,0.032810,0.000000,0.000000,0,0,1.000000,3.200000,3.200000,1,C0,
286.000000,3.593310,3.592000,3.590000,6.000000,0.000000,0.033220,0.033220,0.000000,0.000000,0,0,1.000000,3.200000,3.200000,1,C0,
286.500000,3.591916,3.594000,3.580000,6.000000,0.000000,0.033458,0.033458,0.000000,0.000000,0,0,1.000000,3.200000,3.200000,1,C0,
287.000000,3.590419,3.593000,3.590000,6.000000,0.000000,0.035915,0.035915,0.000000,0.000000,0,0,1.000000,3.200000,3.200000,1,C0,
287.500000,3.589002,3.583000,3.580000,6.000000,0.000000,0.034014,0.034014,0.000000,0.000000,0,0,1.000000,3.200000,3.200000,1,C0,
288.000000,3.587576,3.589000,3.610000,6.000000,0.000000,0.034219,0.034219,0.000000,0.000000,0,0,1.000000,3.200000,3.200000,1,C0,
288.500000,3.586037,3.600000,3.580000,6.000000,0.000000,0.036950,0.036950,0.000000,0.000000,0,0,1.000000,3.200000,3.200000,1,C0,
289.000000,3.584433,3.587000,3.580000,6.000000,0.000000,0.038497,0.038497,0.000000,0.000000,0,0,1.000000,3.200000,3.200000,1,C0,
289.500000,3.582882,3.584000,3.580000,6.000000,0.000000,0.037214,0.037214,0.000000,0.000000,0,0,1.000000,3.200000,3.200000,1,C0,
290.000000,3.581323,3.583000,3.560000,6.000000,0.000000,0.037426,0.037426,0.000000,0.000000,0,0,1.000000,3.200000,3.200000,1,C0,
290.500000,3.579959,3.572000,3.560000,6.000000,0.000000,0.032733,0.032733,0.000000,0.000000,0,0,1.000000,3.200000,3.200000,1,C0,
291.000000,3.578638,3.575000,3.570000,6.000000,0.000000,0.031697,0.031697,0.000000,0.000000,0,0,1.000000,3.200000,3.200000,1,C0,
291.500000,3.577271,3.588000,3.580000,6.000000,0.000000,0.032818,0.032818,0.000000,0.000000,0,0,1.000000,3.200000,3.200000,1,C0,
292.000000,3.575815,3.579000,3.590000,6.000000,0.000000,0.034933,0.034933,0.000000,0.000000,0,0,1.000000,3.200000,3.200000,1,C0,
292.500000,3.574503,3.577000,3.590000,6.000000,0.000000,0.031505,0.031505,0.000000,0.000000,0,0,1.000000,3.200000,3.200000,1,C0,
293.000000,3.572922,3.575000,3.570000,6.000000,0.000000,0.037931,0.037931,0.000000,0.000000,0,0,1.000000,3.200000,3.200000,1,C0,
293.500000,3.571342,3.573000,3.550000,6.000000,0.000000,0.037921,0.037921,0.000000,0.000000,0,0,1.000000,3.200000,3.200000,1,C0,
294.000000,3.569921,3.575000,3.570000,6.000000,0.000000,0.034115,0.034115,0.000000,0.000000,0,0,1.000000,3.200000,3.200000,1,C0,
294.500000,3.568568,3.575000,3.540000,6.000000,0.000000,0.032455,0.032455,0.000000,0.000000,0,0,1.000000,3.200000,3.200000,1,C0,
295.000000,3.567067,3.573000,3.550000,6.000000,0.000000,0.036044,0.036044,0.000000,0.000000,0,0,1.000000,3.200000,3.200000,1,C0,
295.500000,3.565524,3.567000,3.570000,6.000000,0.000000,0.037009,0.037009,0.000000,0.000000,0,0,1.000000,3.200000,3.200000,1,C0,
296.000000,3.564011,3.570000,3.560000,6.000000,0.000000,0.036319,0.036319,0.000000,0.000000,0,0,1.000000,3.200000,3.200000,1,C0,
296.500000,3.562584,3.576000,3.570000,6.000000,0.000000,0.034241,0.034241,0.000000,0.000000,0,0,1.000000,3.200000,3.200000,1,C0,
297.000000,3.561003,3.564000,3.550000,6.000000,0.000000,0.037947,0.037947,0.000000,0.000000,0,0,1.000000,3.200000,3.200000,1,C0,
297.500000,3.559650,3.560000,3.560000,6.000000,0.000000,0.032485,0.032485,0.000000,0.000000,0,0,1.000000,3.200000,3.200000,1,C0,
298.000000,3.558079,3.565000,3.540000,6.000000,0.000000,0.037697,0.037697,0.000000,0.000000,0,0,1.000000,3.200000,3.200000,1,C0,
298.500000,3.556636,3.556000,3.560000,6.000000,0.000000,0.034626,0.034626,0.000000,0.000000,0,0,1.000000,3.200000,3.200000,1,C0,
299.000000,3.555292,3.560000,3.530000,6.000000,0.000000,0.032256,0.032256,0.000000,0.000000,0,0,1.000000,3.200000,3.200000,1,C0,
299.500000,3.553722,3.549000,3.550000,6.000000,0.000000,0.037692,0.037692,0.000000,0.000000,0,0,1.000000,3.200000,3.200000,1,C0,
300.000000,3.552269,3.557000,3.550000,6.000000,0.000000,0.034856,0.034856,0.000000,0.000000,0,0,1.000000,3.200000,3.200000,1,C0,
300.500000,3.550935,3.553000,3.570000,6.000000,0.000000,0.032016,0.032016,0.000000,0.000000,0,0,1.000000,3.200000,3.200000,1,C0,
301.000000,3.549601,3.552000,3.540000,6.000000,0.000000,0.032019,0.032019,0.000000,0.000000,0,0,1.000000,3.200000,3.200000,1,C0,
301.500000,3.548027,3.554000,3.540000,6.000000,0.000000,0.037787,0.037787,0.000000,0.000000,0,0,1.000000,3.200000,3.200000,1,C0,
302.000000,3.546705,3.550000,3.540000,6.000000,0.000000,0.031717,0.031717,0.000000,0.000000,0,0,1.000000,3.200000,3.200000,1,C0,
302.500000,3.545363,3.546000,3.530000,6.000000,0.000000,0.032209,0.032209,0.000000,0.000000,0,0,1.000000,3.200000,3.200000,1,C0,
303.000000,3.543838,3.543000,3.550000,6.000000,0.000000,0.036610,0.036610,0.000000,0.000000,0,0,1.000000,3.200000,3.200000,1,C0,
303.500000,3.542359,3.544000,3.550000,6.000000,0.000000,0.035502,0.035502,0.000000,0.000000,0,0,1.000000,3.200000,3.200000,1,C0,
304.000000,3.540960,3.537000,3.540000,6.000000,0.000000,0.033562,0.033562,0.000000,0.000000,0,0,1.000000,3.200000,3.200000,1,C0,
304.500000,3.539598,3.539000,3.530000,6.000000,0.000000,0.032696,0.032696,0.000000,0.000000,0,0,1.000000,3.200000,3.200000,1,C0,
305.000000,3.538169,3.531000,3.540000,6.000000,0.000000,0.034282,0.034282,0.000000,0.000000,0,0,1.000000,3.200000,3.200000,1,C0,
305.500000,3.536803,3.540000,3.540000,6.000000,0.000000,0.032794,0.032794,0.000000,0.000000,0,0,1.000000,3.200000,3.200000,1,C0,
306.000000,3.535355,3.536000,3.540000,6.000000,0.000000,0.034755,0.034755,0.000000,0.000000,0,0,1.000000,3.200000,3.200000,1,C0,
306.500000,3.533848,3.538000,3.530000,6.000000,0.000000,0.036172,0.036172,0.000000,0.000000,0,0,1.000000,3.200000,3.200000,1,C0,
307.000000,3.532363,3.523000,3.520000,6.000000,0.000000,0.035628,0.035628,0.000000,0.000000,0,0,1.000000,3.200000,3.200000,1,C0,
307.500000,3.530895,3.535000,3.520000,6.000000,0.000000,0.035249,0.035249,0.000000,0.000000,0,0,1.000000,3.200000,3.200000,1,C0,
308.000000,3.529559,3.536000,3.530000,6.000000,0.000000,0.032053,0.032053,0.000000,0.000000,0,0,1.000000,3.200000,3.200000,1,C0,
308.500000,3.528013,3.525000,3.540000,6.000000,0.000000,0.037103,0.037103,0.000000,0.000000,0,0,1.000000,3.200000,3.200000,1,C0,
309.000000,3.526650,3.540000,3.520000,6.000000,0.000000,0.032710,0.032710,0.000000,0.000000,0,0,1.000000,3.200000,3.200000,1,C0,
309.500000,3.525214,3.531000,3.520000,6.000000,0.000000,0.034464,0.034464,0.000000,0.000000,0,0,1.000000,3.200000,3.200000,1,C0,
310.000000,3.523658,3.523000,3.520000,6.000000,0.000000,0.037339,0.037339,0.000000,0.000000,0,0,1.000000,3.200000,3.200000,1,C0,
310.500000,3.522233,3.519000,3.530000,6.000000,0.000000,0.034217,0.034217,0.000000,0.000000,0,0,1.000000,3.200000,3.200000,1,C0,
311.000000,3.520665,3.522000,3.520000,6.000000,0.000000,0.037614,0.037614,0.000000,0.000000,0,0,1.000000,3.200000,3.200000,1,C0,
311.500000,3.519232,3.523000,3.500000,6.000000,0.000000,0.034401,0.034401,0.000000,0.000000,0,0,1.000000,3.200000,3.200000,1,C0,
312.000000,3.517650,3.516000,3.530000,6.000000,0.000000,0.037974,0.037974,0.000000,0.000000,0,0,1.000000,3.200000,3.200000,1,C0,
312.500000,3.516237,3.512000,3.520000,6.000000,0.000000,0.033907,0.033907,0.000000,0.000000,0,0,1.000000,3.200000,3.200000,1,C0,
313.000000,3.514913,3.514000,3.510000,6.000000,0.000000,0.031762,0.031762,0.000000,0.000000,0,0,1.000000,3.200000,3.200000,1,C0,
313.500000,3.513590,3.517000,3.530000,6.000000,0.000000,0.031771,0.031771,0.000000,0.000000,0,0,1.000000,3.200000,3.200000,1,C0,
314.000000,3.512009,3.513000,3.500000,6.000000,0.000000,0.037946,0.037946,0.000000,0.000000,0,0,1.000000,3.200000,3.200000,1,C0,
314.500000,3.510614,3.503000,3.520000,6.000000,0.000000,0.033462,0.033462,0.000000,0.000000,0,0,1.000000,3.200000,3.200000,1,C0,
315.000000,3.509263,3.515000,3.500000,6.000000,0.000000,0.032441,0.032441,0.000000,0.000000,0,0,1.000000,3.200000,3.200000,1,C0,
315.500000,3.507829,3.506000,3.530000,6.000000,0.000000,0.034417,0.034417,0.000000,0.000000,0,0,1.000000,3.200000,3.200000,1,C0,
316.000000,3.506300,3.507000,3.500000,6.000000,0.000000,0.036687,0.036687,0.000000,0.000000,0,0,1.000000,3.200000,3.200000,1,C0,
316.500000,3.504941,3.503000,3.520000,6.000000,0.000000,0.032613,0.032613,0.000000,0.000000,0,0,1.000000,3.200000,3.200000,1,C0,
317.000000,3.503372,3.507000,3.490000,6.000000,0.000000,0.037655,0.037655,0.000000,0.000000,0,0,1.000000,3.200000,3.200000,1,C0,
317.500000,3.501987,3.491000,3.490000,6.000000,0.000000,0.033246,0.033246,0.000000,0.000000,0,0,1.000000,3.200000,3.200000,1,C0,
318.000000,3.500434,3.493000,3.500000,6.000000,0.000000,0.037265,0.037265,0.000000,0.000000,0,0,1.000000,3.200000,3.200000,1,C0,
318.500000,3.499013,3.496000,3.490000,6.000000,0.000000,0.034107,0.034107,0.000000,0.000000,0,0,1.000000,3.200000,3.200000,1,C0,
319.000000,3.497599,3.503000,3.480000,6.000000,0.000000,0.033948,0.033948,0.000000,0.000000,0,0,1.000000,3.200000,3.200000,1,C0,
319.500000,3.496203,3.494000,3.480000,6.000000,0.000000,0.033495,0.033495,0.000000,0.000000,0,0,1.000000,3.200000,3.200000,1,C0,
320.000000,3.494640,3.490000,3.500000,6.000000,0.000000,0.037500,0.037500,0.000000,0.000000,0,0,1.000000,3.200000,3.200000,1,C0,
320.500000,3.493322,3.495000,3.490000,6.000000,0.000000,0.031640,0.031640,0.000000,0.000000,0,0,1.000000,3.200000,3.200000,1,C0,
321.000000,3.491821,3.491000,3.510000,6.000000,0.000000,0.036032,0.036032,0.000000,0.000000,0,0,1.000000,3.200000,3.200000,1,C0,
321.500000,3.490419,3.497000,3.490000,6.000000,0.000000,0.033638,0.033638,0.000000,0.000000,0,0,1.000000,3.200000,3.200000,1,C0,
322.000000,3.489005,3.489000,3.470000,6.000000,0.000000,0.033941,0.033941,0.000000,0.000000,0,0,1.000000,3.200000,3.200000,1,C0,
322.500000,3.487577,3.492000,3.470000,6.000000,0.000000,0.034280,0.034280,0.000000,0.000000,0,0,1.000000,3.200000,3.200000,1,C0,
323.000000,3.486155,3.482000,3.490000,6.000000,0.000000,0.034120,0.034120,0.000000,0.000000,0,0,1.000000,3.200000,3.200000,1,C0,
323.500000,3.484824,3.492000,3.480000,6.000000,0.000000,0.031947,0.031947,0.000000,0.000000,0,0,1.000000,3.200000,3.200000,1,C0,
324.000000,3.483304,3.487000,3.500000,6.000000,0.000000,0.036478,0.036478,0.000000,0.000000,0,0,1.000000,3.200000,3.200000,1,C0,
324.500000,3.481729,3.485000,3.470000,6.000000,0.000000,0.037798,0.037798,0.000000,0.000000,0,0,1.000000,3.200000,3.200000,1,C0,
325.000000,3.480218,3.479000,3.480000,6.000000,0.000000,0.036265,0.036265,0.000000,0.000000,0,0,1.000000,3.200000,3.200000,1,C0,
325.500000,3.478783,3.478000,3.470000,6.000000,0.000000,0.034430,0.034430,0.000000,0.000000,0,0,1.000000,3.200000,3.200000,1,C0,
326.000000,3.477415,3.477000,3.470000,6.000000,0.000000,0.032829,0.032829,0.000000,0.000000,0,0,1.000000,3.200000,3.200000,1,C0,
326.500000,3.475839,3.473000,3.460000,6.000000,0.000000,0.037846,0.037846,0.000000,0.000000,0,0,1.000000,3.200000,3.200000,1,C0,
327.000000,3.474270,3.475000,3.480000,6.000000,0.000000,0.037635,0.037635,0.000000,0.000000,0,0,1.000000,3.200000,3.200000,1,C0,
327.500000,3.472722,3.473000,3.460000,6.000000,0.000000,0.037158,0.037158,0.000000,0.000000,0,0,1.000000,3.200000,3.200000,1,C0,
328.000000,3.471384,3.466000,3.490000,6.000000,0.000000,0.032125,0.032125,0.000000,0.000000,0,0,1.000000,3.200000,3.200000,1,C0,
328.500000,3.469974,3.470000,3.460000,6.000000,0.000000,0.033819,0.033819,0.000000,0.000000,0,0,1.000000,3.200000,3.200000,1,C0,
329.000000,3.468409,3.458000,3.480000,6.000000,0.000000,0.037565,0.037565,0.000000,0.000000,0,0,1.000000,3.200000,3.200000,1,C0,
329.500000,3.466951,3.470000,3.470000,6.000000,0.000000,0.035003,0.035003,0.000000,0.000000,0,0,1.000000,3.200000,3.200000,1,C0,
330.000000,3.465389,3.468000,3.470000,6.000000,0.000000,0.037480,0.037480,0.000000,0.000000,0,0,1.000000,3.200000,3.200000,1,C0,
330.500000,3.463812,3.460000,3.450000,6.000000,0.000000,0.037846,0.037846,0.000000,0.000000,0,0,1.000000,3.200000,3.200000,1,C0,
331.000000,3.462358,3.460000,3.460000,6.000000,0.000000,0.034913,0.034913,0.000000,0.000000,0,0,1.000000,3.200000,3.200000,1,C0,
331.500000,3.460965,3.461000,3.450000,6.000000,0.000000,0.033415,0.033415,0.000000,0.000000,0,0,1.000000,3.200000,3.200000,1,C0,
332.000000,3.459430,3.465000,3.450000,6.000000,0.000000,0.036845,0.036845,0.000000,0.000000,0,0,1.000000,3.200000,3.200000,1,C0,
332.500000,3.457836,3.457000,3.470000,6.000000,0.000000,0.038257,0.038257,0.000000,0.000000,0,0,1.000000,3.200000,3.200000,1,C0,
333.000000,3.456519,3.452000,3.470000,6.000000,0.000000,0.031599,0.031599,0.000000,0.000000,0,0,1.000000,3.200000,3.200000,1,C0,
333.500000,3.455024,3.455000,3.460000,6.000000,0.000000,0.035887,0.035887,0.000000,0.000000,0,0,1.000000,3.200000,3.200000,1,C0,
334.000000,3.453600,3.451000,3.450000,6.000000,0.000000,0.034185,0.034185,0.000000,0.000000,0,0,1.000000,3.200000,3.200000,1,C0,
334.500000,3.452202,3.451000,3.470000,6.000000,0.000000,0.033536,0.033536,0.000000,0.000000,0,0,1.000000,3.200000,3.200000,1,C0,
335.000000,3.450600,3.445000,3.460000,6.000000,0.000000,0.038468,0.038468,0.000000,0.000000,0,0,1.000000,3.200000,3.200000,1,C0,
335.500000,3.449011,3.453000,3.460000,6.000000,0.000000,0.038137,0.038137,0.000000,0.000000,0,0,1.000000,3.200000,3.200000,1,C0,
336.000000,3.447660,3.447000,3.460000,6.000000,0.000000,0.032418,0.032418,0.000000,0.000000,0,0,1.000000,3.200000,3.200000,1,C0,
336.500000,3.446158,3.456000,3.460000,6.000000,0.000000,0.036054,0.036054,0.000000,0.000000,0,0,1.000000,3.200000,3.200000,1,C0,
337.000000,3.444831,3.452000,3.440000,6.000000,0.000000,0.031840,0.031840,0.000000,0.000000,0,0,1.000000,3.200000,3.200000,1,C0,
337.500000,3.443317,3.439000,3.440000,6.000000,0.000000,0.036328,0.036328,0.000000,0.000000,0,0,1.000000,3.200000,3.200000,1,C0,
338.000000,3.441960,3.440000,3.460000,6.000000,0.000000,0.032572,0.032572,0.000000,0.000000,0,0,1.000000,3.200000,3.200000,1,C0,
338.500000,3.440454,3.440000,3.450000,6.000000,0.000000,0.036137,0.036137,0.000000,0.000000,0,0,1.000000,3.200000,3.200000,1,C0,
339.000000,3.439111,3.439000,3.440000,6.000000,0.000000,0.032234,0.032234,0.000000,0.000000,0,0,1.000000,3.200000,3.200000,1,C0,
339.500000,3.437741,3.439000,3.440000,6.000000,0.000000,0.032891,0.032891,0.000000,0.000000,0,0,1.000000,3.200000,3.200000,1,C0,
340.000000,3.436223,3.436000,3.440000,6.000000,0.000000,0.036424,0.036424,0.000000,0.000000,0,0,1.000000,3.200000,3.200000,1,C0,
340.500000,3.434638,3.434000,3.420000,6.000000,0.000000,0.038032,0.038032,0.000000,0.000000,0,0,1.000000,3.200000,3.200000,1,C0,
341.000000,3.433082,3.432000,3.440000,6.000000,0.000000,0.037347,0.037347,0.000000,0.000000,0,0,1.000000,3.200000,3.200000,1,C0,
341.500000,3.431559,3.435000,3.460000,6.000000,0.000000,0.036565,0.036565,0.000000,0.000000,0,0,1.000000,3.200000,3.200000,1,C0,
342.000000,3.430160,3.428000,3.430000,6.000000,0.000000,0.033572,0.033572,0.000000,0.000000,0,0,1.000000,3.200000,3.200000,1,C0,
342.500000,3.428763,3.430000,3.420000,6.000000,0.000000,0.033534,0.033534,0.000000,0.000000,0,0,1.000000,3.200000,3.200000,1,C0,
343.000000,3.427229,3.437000,3.420000,6.000000,0.000000,0.036807,0.036807,0.000000,0.000000,0,0,1.000000,3.200000,3.200000,1,C0,
343.500000,3.425812,3.419000,3.420000,6.000000,0.000000,0.034003,0.034003,0.000000,0.000000,0,0,1.000000,3.200000,3.200000,1,C0,
344.000000,3.424262,3.426000,3.420000,6.000000,0.000000,0.037205,0.037205,0.000000,0.000000,0,0,1.000000,3.200000,3.200000,1,C0,
344.500000,3.422837,3.428000,3.410000,6.000000,0.000000,0.034200,0.034200,0.000000,0.000000,0,0,1.000000,3.200000,3.200000,1,C0,
345.000000,3.421492,3.421000,3.420000,6.000000,0.000000,0.032291,0.032291,0.000000,0.000000,0,0,1.000000,3.200000,3.200000,1,C0,
345.500000,3.420058,3.412000,3.410000,6.000000,0.000000,0.034412,0.034412,0.000000,0.000000,0,0,1.000000,3.200000,3.200000,1,C0,
346.000000,3.418634,3.418000,3.400000,6.000000,0.000000,0.034158,0.034158,0.000000,0.000000,0,0,1.000000,3.200000,3.200000,1,C0,
346.500000,3.417038,3.425000,3.420000,6.000000,0.000000,0.038314,0.038314,0.000000,0.000000,0,0,1.000000,3.200000,3.200000,1,C0,
347.000000,3.415712,3.415000,3.400000,6.000000,0.000000,0.031822,0.031822,0.000000,0.000000,0,0,1.000000,3.200000,3.200000,1,C0,
347.500000,3.414176,3.408000,3.410000,6.000000,0.000000,0.036873,0.036873,0.000000,0.000000,0,0,1.000000,3.200000,3.200000,1,C0,
348.000000,3.412765,3.405000,3.420000,6.000000,0.000000,0.033868,0.033868,0.000000,0.000000,0,0,1.000000,3.200000,3.200000,1,C0,
348.500000,3.411380,3.407000,3.420000,6.000000,0.000000,0.033240,0.033240,0.000000,0.000000,0,0,1.000000,3.200000,3.200000,1,C0,
349.000000,3.409904,3.412000,3.410000,6.000000,0.000000,0.035408,0.035408,0.000000,0.000000,0,0,1.000000,3.200000,3.200000,1,C0,
349.500000,3.408344,3.414000,3.410000,6.000000,0.000000,0.037442,0.037442,0.000000,0.000000,0,0,1.000000,3.200000,3.200000,1,C0,
350.000000,3.406961,3.409000,3.420000,6.000000,0.000000,0.033186,0.033186,0.000000,0.000000,0,0,1.000000,3.200000,3.200000,1,C0,
350.500000,3.405531,3.406000,3.400000,6.000000,0.000000,0.034323,0.034323,0.000000,0.000000,0,0,1.000000,3.200000,3.200000,1,C0,
351.000000,3.403969,3.402000,3.400000,6.000000,0.000000,0.037496,0.037496,0.000000,0.000000,0,0,1.000000,3.200000,3.200000,1,C0,
351.500000,3.402627,3.397000,3.400000,6.000000,0.000000,0.032219,0.032219,0.000000,0.000000,0,0,1.000000,3.200000,3.200000,1,C0,
352.000000,3.401138,3.398000,3.400000,6.000000,0.000000,0.035729,0.035729,0.000000,0.000000,0,0,1.000000,3.200000,3.200000,1,C0,
352.500000,3.399629,3.404000,3.400000,6.000000,0.000000,0.036200,0.036200,0.000000,0.000000,0,0,1.000000,3.200000,3.200000,1,C0,
353.000000,3.398184,3.392000,3.400000,6.000000,0.000000,0.034681,0.034681,0.000000,0.000000,0,0,1.000000,3.200000,3.200000,1,C0,
353.500000,3.396663,3.403000,3.410000,6.000000,0.000000,0.036511,0.036511,0.000000,0.000000,0,0,1.000000,3.200000,3.200000,1,C0,
354.000000,3.395109,3.399000,3.390000,6.000000,0.000000,0.037309,0.037309,0.000000,0.000000,0,0,1.000000,3.200000,3.200000,1,C0,
354.500000,3.393783,3.395000,3.380000,6.000000,0.000000,0.031820,0.031820,0.000000,0.000000,0,0,1.000000,3.200000,3.200000,1,C0,
355.000000,3.392439,3.390000,3.390000,6.000000,0.000000,0.032249,0.032249,0.000000,0.000000,0,0,1.000000,3.200000,3.200000,1,C0,
355.500000,3.390993,3.393000,3.400000,6.000000,0.000000,0.034699,0.034699,0.000000,0.000000,0,0,1.000000,3.200000,3.200000,1,C0,
356.000000,3.389410,3.393000,3.380000,6.000000,0.000000,0.037986,0.037986,0.000000,0.000000,0,0,1.000000,3.200000,3.200000,1,C0,
356.500000,3.387906,3.390000,3.390000,6.000000,0.000000,0.036109,0.036109,0.000000,0.000000,0,0,1.000000,3.200000,3.200000,1,C0,
357.000000,3.386579,3.395000,3.390000,6.000000,0.000000,0.031840,0.031840,0.000000,0.000000,0,0,1.000000,3.200000,3.200000,1,C0,
357.500000,3.384998,3.388000,3.380000,6.000000,0.000000,0.037948,0.037948,0.000000,0.000000,0,0,1.000000,3.200000,3.200000,1,C0,
358.000000,3.383573,3.375000,3.380000,6.000000,0.000000,0.034212,0.034212,0.000000,0.000000,0,0,1.000000,3.200000,3.200000,1,C0,
358.500000,3.381974,3.389000,3.410000,6.000000,0.000000,0.038357,0.038357,0.000000,0.000000,0,0,1.000000,3.200000,3.200000,1,C0,
359.000000,3.380379,3.378000,3.390000,6.000000,0.000000,0.038293,0.038293,0.000000,0.000000,0,0,1.000000,3.200000,3.200000,1,C0,
359.500000,3.378848,3.376000,3.370000,6.000000,0.000000,0.036739,0.036739,0.000000,0.000000,0,0,1.000000,3.200000,3.200000,1,C0,
360.000000,3.377263,3.375000,3.370000,6.000000,0.000000,0.038049,0.038049,0.000000,0.000000,0,0,1.000000,3.200000,3.200000,1,C0,
360.500000,3.375849,3.369000,3.360000,6.000000,0.000000,0.033917,0.033917,0.000000,0.000000,0,0,1.000000,3.200000,3.200000,1,C0,
361.000000,3.374390,3.373000,3.380000,6.000000,0.000000,0.035027,0.035027,0.000000,0.000000,0,0,1.000000,3.200000,3.200000,1,C0,
361.500000,3.372937,3.366000,3.380000,6.000000,0.000000,0.034863,0.034863,0.000000,0.000000,0,0,1.000000,3.200000,3.200000,1,C0,
362.000000,3.371379,3.369000,3.360000,6.000000,0.000000,0.037390,0.037390,0.000000,0.000000,0,0,1.000000,3.200000,3.200000,1,C0,
362.500000,3.370060,3.375000,3.390000,6.000000,0.000000,0.031677,0.031677,0.000000,0.000000,0,0,1.000000,3.200000,3.200000,1,C0,
363.000000,3.368700,3.368000,3.360000,6.000000,0.000000,0.032627,0.032627,0.000000,0.000000,0,0,1.000000,3.200000,3.200000,1,C0,
363.500000,3.367302,3.367000,3.360000,6.000000,0.000000,0.033566,0.033566,0.000000,0.000000,0,0,1.000000,3.200000,3.200000,1,C0,
364.000000,3.365736,3.365000,3.350000,6.000000,0.000000,0.037576,0.037576,0.000000,0.000000,0,0,1.000000,3.200000,3.200000,1,C0,
364.500000,3.364354,3.366000,3.380000,6.000000,0.000000,0.033163,0.033163,0.000000,0.000000,0,0,1.000000,3.200000,3.200000,1,C0,
365.000000,3.362771,3.353000,3.360000,6.000000,0.000000,0.037985,0.037985,0.000000,0.000000,0,0,1.000000,3.200000,3.200000,1,C0,
365.500000,3.361298,3.365000,3.350000,6.000000,0.000000,0.035365,0.035365,0.000000,0.000000,0,0,1.000000,3.200000,3.200000,1,C0,
366.000000,3.359732,3.365000,3.350000,6.000000,0.000000,0.037591,0.037591,0.000000,0.000000,0,0,1.000000,3.200000,3.200000,1,C0,
366.500000,3.358199,3.352000,3.330000,6.000000,0.000000,0.036786,0.036786,0.000000,0.000000,0,0,1.000000,3.200000,3.200000,1,C0,
367.000000,3.356800,3.360000,3.360000,6.000000,0.000000,0.033559,0.033559,0.000000,0.000000,0,0,1.000000,3.200000,3.200000,1,C0,
367.500000,3.355338,3.352000,3.350000,6.000000,0.000000,0.035097,0.035097,0.000000,0.000000,0,0,1.000000,3.200000,3.200000,1,C0,
368.000000,3.353855,3.354000,3.350000,6.000000,0.000000,0.035588,0.035588,0.000000,0.000000,0,0,1.000000,3.200000,3.200000,1,C0,
368.500000,3.352498,3.352000,3.350000,6.000000,0.000000,0.032576,0.032576,0.000000,0.000000,0,0,1.000000,3.200000,3.200000,1,C0,
369.000000,3.350992,3.344000,3.360000,6.000000,0.000000,0.036133,0.036133,0.000000,0.000000,0,0,1.000000,3.200000,3.200000,1,C0,
369.500000,3.349587,3.350000,3.350000,6.000000,0.000000,0.033725,0.033725,0.000000,0.000000,0,0,1.000000,3.200000,3.200000,1,C0,
370.000000,3.348153,3.346000,3.350000,6.000000,0.000000,0.034412,0.034412,0.000000,0.000000,0,0,1.000000,3.200000,3.200000,1,C0,
370.500000,3.346744,3.344000,3.330000,6.000000,0.000000,0.033823,0.033823,0.000000,0.000000,0,0,1.000000,3.200000,3.200000,1,C0,
371.000000,3.345141,3.351000,3.350000,6.000000,0.000000,0.038476,0.038476,0.000000,0.000000,0,0,1.000000,3.200000,3.200000,1,C0,
371.500000,3.343698,3.349000,3.330000,6.000000,0.000000,0.034620,0.034620,0.000000,0.000000,0,0,1.000000,3.200000,3.200000,1,C0,
372.000000,3.342187,3.337000,3.340000,6.000000,0.000000,0.036278,0.036278,0.000000,0.000000,0,0,1.000000,3.200000,3.200000,1,C0,
372.500000,3.340717,3.338000,3.330000,6.000000,0.000000,0.035282,0.035282,0.000000,0.000000,0,0,1.000000,3.200000,3.200000,1,C0,
373.000000,3.339170,3.338000,3.340000,6.000000,0.000000,0.037120,0.037120,0.000000,0.000000,0,0,1.000000,3.200000,3.200000,1,C0,
373.500000,3.337708,3.341000,3.330000,6.000000,0.000000,0.035097,0.035097,0.000000,0.000000,0,0,1.000000,3.200000,3.200000,1,C0,
374.000000,3.336393,3.343000,3.320000,6.000000,0.000000,0.031551,0.031551,0.000000,0.000000,0,0,1.000000,3.200000,3.200000,1,C0,
374.500000,3.334957,3.340000,3.310000,6.000000,0.000000,0.034469,0.034469,0.000000,0.000000,0,0,1.000000,3.200000,3.200000,1,C0,
375.000000,3.333418,3.326000,3.330000,6.000000,0.000000,0.036926,0.036926,0.000000,0.000000,0,0,1.000000,3.200000,3.200000,1,C0,
375.500000,3.331972,3.331000,3.340000,6.000000,0.000000,0.034715,0.034715,0.000000,0.000000,0,0,1.000000,3.200000,3.200000,1,C0,
376.000000,3.330497,3.327000,3.340000,6.000000,0.000000,0.035407,0.035407,0.000000,0.000000,0,0,1.000000,3.200000,3.200000,1,C0,
376.500000,3.329000,3.328000,3.320000,6.000000,0.000000,0.035912,0.035912,0.000000,0.000000,0,0,1.000000,3.200000,3.200000,1,C0,
377.000000,3.327501,3.321000,3.320000,6.000000,0.000000,0.035990,0.035990,0.000000,0.000000,0,0,1.000000,3.200000,3.200000,1,C0,
377.500000,3.326167,3.328000,3.320000,6.000000,0.000000,0.032008,0.032008,0.000000,0.000000,0,0,1.000000,3.200000,3.200000,1,C0,
378.000000,3.324829,3.325000,3.330000,6.000000,0.000000,0.032106,0.032106,0.000000,0.000000,0,0,1.000000,3.200000,3.200000,1,C0,
378.500000,3.323379,3.321000,3.330000,6.000000,0.000000,0.034818,0.034818,0.000000,0.000000,0,0,1.000000,3.200000,3.200000,1,C0,
379.000000,3.321907,3.325000,3.300000,6.000000,0.000000,0.035320,0.035320,0.000000,0.000000,0,0,1.000000,3.200000,3.200000,1,C0,
379.500000,3.320362,3.320000,3.320000,6.000000,0.000000,0.037065,0.037065,0.000000,0.000000,0,0,1.000000,3.200000,3.200000,1,C0,
380.000000,3.318888,3.319000,3.310000,6.000000,0.000000,0.035385,0.035385,0.000000,0.000000,0,0,1.000000,3.200000,3.200000,1,C0,
380.500000,3.317299,3.315000,3.310000,6.000000,0.000000,0.038129,0.038129,0.000000,0.000000,0,0,1.000000,3.200000,3.200000,1,C0,
381.000000,3.315867,3.312000,3.320000,6.000000,0.000000,0.034389,0.034389,0.000000,0.000000,0,0,1.000000,3.200000,3.200000,1,C0,
381.500000,3.314311,3.315000,3.300000,6.000000,0.000000,0.037343,0.037343,0.000000,0.000000,0,0,1.000000,3.200000,3.200000,1,C0,
382.000000,3.312750,3.327000,3.320000,6.000000,0.000000,0.037460,0.037460,0.000000,0.000000,0,0,1.000000,3.200000,3.200000,1,C0,
382.500000,3.311352,3.313000,3.300000,6.000000,0.000000,0.033535,0.033535,0.000000,0.000000,0,0,1.000000,3.200000,3.200000,1,C0,
383.000000,3.309943,3.315000,3.320000,6.000000,0.000000,0.033816,0.033816,0.000000,0.000000,0,0,1.000000,3.200000,3.200000,1,C0,
383.500000,3.308368,3.306000,3.300000,6.000000,0.000000,0.037801,0.037801,0.000000,0.000000,0,0,1.000000,3.200000,3.200000,1,C0,
384.000000,3.306886,3.303000,3.320000,6.000000,0.000000,0.035589,0.035589,0.000000,0.000000,0,0,1.000000,3.200000,3.200000,1,C0,
384.500000,3.305572,3.306000,3.290000,6.000000,0.000000,0.031534,0.031534,0.000000,0.000000,0,0,1.000000,3.200000,3.200000,1,C0,
385.000000,3.304014,3.309000,3.300000,6.000000,0.000000,0.037381,0.037381,0.000000,0.000000,0,0,1.000000,3.200000,3.200000,1,C0,
385.500000,3.302597,3.300000,3.310000,6.000000,0.000000,0.034011,0.034011,0.000000,0.000000,0,0,1.000000,3.200000,3.200000,1,C0,
386.000000,3.301039,3.303000,3.300000,6.000000,0.000000,0.037393,0.037393,0.000000,0.000000,0,0,1.000000,3.200000,3.200000,1,C0,
386.500000,3.299468,3.301000,3.300000,6.000000,0.000000,0.037704,0.037704,0.000000,0.000000,0,0,1.000000,3.200000,3.200000,1,C0,
387.000000,3.298146,3.294000,3.290000,6.000000,0.000000,0.031718,0.031718,0.000000,0.000000,0,0,1.000000,3.200000,3.200000,1,C0,
387.500000,3.296673,3.279000,3.300000,6.000000,0.000000,0.035361,0.035361,0.000000,0.000000,0,0,1.000000,3.200000,3.200000,1,C0,
388.000000,3.295254,3.297000,3.290000,6.000000,0.000000,0.034061,0.034061,0.000000,0.000000,0,0,1.000000,3.200000,3.200000,1,C0,
388.500000,3.293806,3.289000,3.290000,6.000000,0.000000,0.034753,0.034753,0.000000,0.000000,0,0,1.000000,3.200000,3.200000,1,C0,
389.000000,3.292246,3.295000,3.300000,6.000000,0.000000,0.037436,0.037436,0.000000,0.000000,0,0,1.000000,3.200000,3.200000,1,C0,
389.500000,3.290803,3.296000,3.270000,6.000000,0.000000,0.034624,0.034624,0.000000,0.000000,0,0,1.000000,3.200000,3.200000,1,C0,
390.000000,3.289276,3.285000,3.300000,6.000000,0.000000,0.036651,0.036651,0.000000,0.000000,0,0,1.000000,3.200000,3.200000,1,C0,
390.500000,3.287945,3.287000,3.310000,6.000000,0.000000,0.031940,0.031940,0.000000,0.000000,0,0,1.000000,3.200000,3.200000,1,C0,
391.000000,3.286527,3.281000,3.290000,6.000000,0.000000,0.034029,0.034029,0.000000,0.000000,0,0,1.000000,3.200000,3.200000,1,C0,
391.500000,3.285120,3.283000,3.270000,6.000000,0.000000,0.033768,0.033768,0.000000,0.000000,0,0,1.000000,3.200000,3.200000,1,C0,
392.000000,3.283731,3.281000,3.280000,6.000000,0.000000,0.033343,0.033343,0.000000,0.000000,0,0,1.000000,3.200000,3.200000,1,C0,
392.500000,3.282228,3.285000,3.300000,6.000000,0.000000,0.036073,0.036073,0.000000,0.000000,0,0,1.000000,3.200000,3.200000,1,C0,
393.000000,3.280765,3.275000,3.280000,6.000000,0.000000,0.035115,0.035115,0.000000,0.000000,0,0,1.000000,3.200000,3.200000,1,C0,
393.500000,3.279276,3.277000,3.280000,6.000000,0.000000,0.035729,0.035729,0.000000,0.000000,0,0,1.000000,3.200000,3.200000,1,C0,
394.000000,3.277776,3.279000,3.290000,6.000000,0.000000,0.036004,0.036004,0.000000,0.000000,0,0,1.000000,3.200000,3.200000,1,C0,
394.500000,3.276429,3.278000,3.270000,6.000000,0.000000,0.032328,0.032328,0.000000,0.000000,0,0,1.000000,3.200000,3.200000,1,C0,
395.000000,3.274977,3.276000,3.270000,6.000000,0.000000,0.034852,0.034852,0.000000,0.000000,0,0,1.000000,3.200000,3.200000,1,C0,
395.500000,3.273652,3.271000,3.270000,6.000000,0.000000,0.031802,0.031802,0.000000,0.000000,0,0,1.000000,3.200000,3.200000,1,C0,
396.000000,3.272172,3.276000,3.290000,6.000000,0.000000,0.035506,0.035506,0.000000,0.000000,0,0,1.000000,3.200000,3.200000,1,C0,
396.500000,3.270685,3.270000,3.260000,6.000000,0.000000,0.035696,0.035696,0.000000,0.000000,0,0,1.000000,3.200000,3.200000,1,C0,
397.000000,3.269290,3.274000,3.270000,6.000000,0.000000,0.033484,0.033484,0.000000,0.000000,0,0,1.000000,3.200000,3.200000,1,C0,
397.500000,3.267928,3.271000,3.250000,6.000000,0.000000,0.032694,0.032694,0.000000,0.000000,0,0,1.000000,3.200000,3.200000,1,C0,
398.000000,3.266562,3.264000,3.260000,6.000000,0.000000,0.032773,0.032773,0.000000,0.000000,0,0,1.000000,3.200000,3.200000,1,C0,
398.500000,3.265117,3.262000,3.270000,6.000000,0.000000,0.034674,0.034674,0.000000,0.000000,0,0,1.000000,3.200000,3.200000,1,C0,
399.000000,3.263746,3.268000,3.270000,6.000000,0.000000,0.032916,0.032916,0.000000,0.000000,0,0,1.000000,3.200000,3.200000,1,C0,
399.500000,3.262405,3.256000,3.270000,6.000000,0.000000,0.032174,0.032174,0.000000,0.000000,0,0,1.000000,3.200000,3.200000,1,C0,
400.000000,3.260946,3.265000,3.270000,6.000000,0.000000,0.035023,0.035023,0.000000,0.000000,0,0,1.000000,3.200000,3.200000,1,C0,
400.500000,3.259392,3.266000,3.250000,6.000000,0.000000,0.037293,0.037293,0.000000,0.000000,0,0,1.000000,3.200000,3.200000,1,C0,
401.000000,3.257971,3.264000,3.280000,6.000000,0.000000,0.034093,0.034093,0.000000,0.000000,0,0,1.000000,3.200000,3.200000,1,C0,
401.500000,3.256429,3.252000,3.240000,6.000000,0.000000,0.037027,0.037027,0.000000,0.000000,0,0,1.000000,3.200000,3.200000,1,C0,
402.000000,3.254913,3.257000,3.260000,6.000000,0.000000,0.036377,0.036377,0.000000,0.000000,0,0,1.000000,3.200000,3.200000,1,C0,
402.500000,3.253350,3.251000,3.260000,6.000000,0.000000,0.037513,0.037513,0.000000,0.000000,0,0,1.000000,3.200000,3.200000,1,C0,
403.000000,3.251831,3.253000,3.250000,6.000000,0.000000,0.036464,0.036464,0.000000,0.000000,0,0,1.000000,3.200000,3.200000,1,C0,
403.500000,3.250327,3.249000,3.250000,6.000000,0.000000,0.036082,0.036082,0.000000,0.000000,0,0,1.000000,3.200000,3.200000,1,C0,
404.000000,3.248825,3.249000,3.250000,6.000000,0.000000,0.036061,0.036061,0.000000,0.000000,0,0,1.000000,3.200000,3.200000,1,C0,
404.500000,3.247432,3.244000,3.260000,6.000000,0.000000,0.033429,0.033429,0.000000,0.000000,0,0,1.000000,3.200000,3.200000,1,C0,
405.000000,3.245979,3.242000,3.250000,6.000000,0.000000,0.034877,0.034877,0.000000,0.000000,0,0,1.000000,3.200000,3.200000,1,C0,
405.500000,3.244566,3.242000,3.230000,6.000000,0.000000,0.033910,0.033910,0.000000,0.000000,0,0,1.000000,3.200000,3.200000,1,C0,
406.000000,3.243035,3.236000,3.250000,6.000000,0.000000,0.036735,0.036735,0.000000,0.000000,0,0,1.000000,3.200000,3.200000,1,C0,
406.500000,3.241606,3.238000,3.230000,6.000000,0.000000,0.034304,0.034304,0.000000,0.000000,0,0,1.000000,3.200000,3.200000,1,C0,
407.000000,3.240246,3.241000,3.240000,6.000000,0.000000,0.032625,0.032625,0.000000,0.000000,0,0,1.000000,3.200000,3.200000,1,C0,
407.500000,3.238664,3.237000,3.240000,6.000000,0.000000,0.037981,0.037981,0.000000,0.000000,0,0,1.000000,3.200000,3.200000,1,C0,
408.000000,3.237340,3.227000,3.230000,6.000000,0.000000,0.031764,0.031764,0.000000,0.000000,0,0,1.000000,3.200000,3.200000,1,C0,
408.500000,3.235820,3.226000,3.220000,6.000000,0.000000,0.036481,0.036481,0.000000,0.000000,0,0,1.000000,3.200000,3.200000,1,C0,
409.000000,3.234380,3.237000,3.230000,6.000000,0.000000,0.034573,0.034573,0.000000,0.000000,0,0,1.000000,3.200000,3.200000,1,C0,
409.500000,3.233057,3.228000,3.240000,6.000000,0.000000,0.031735,0.031735,0.000000,0.000000,0,0,1.000000,3.200000,3.200000,1,C0,
410.000000,3.231734,3.232000,3.260000,6.000000,0.000000,0.031752,0.031752,0.000000,0.000000,0,0,1.000000,3.200000,3.200000,1,C0,
410.500000,3.230194,3.227000,3.220000,6.000000,0.000000,0.036958,0.036958,0.000000,0.000000,0,0,1.000000,3.200000,3.200000,1,C0,
411.000000,3.228667,3.231000,3.250000,6.000000,0.000000,0.036658,0.036658,0.000000,0.000000,0,0,1.000000,3.200000,3.200000,1,C0,
411.500000,3.227088,3.220000,3.240000,6.000000,0.000000,0.037905,0.037905,0.000000,0.000000,0,0,1.000000,3.200000,3.200000,1,C0,
412.000000,3.225718,3.232000,3.240000,6.000000,0.000000,0.032862,0.032862,0.000000,0.000000,0,0,1.000000,3.200000,3.200000,1,C0,
412.500000,3.224375,3.228000,3.220000,6.000000,0.000000,0.032245,0.032245,0.000000,0.000000,0,0,1.000000,3.200000,3.200000,1,C0,
413.000000,3.222783,3.229000,3.220000,6.000000,0.000000,0.038197,0.038197,0.000000,0.000000,0,0,1.000000,3.200000,3.200000,1,C0,
413.500000,3.221189,3.213000,3.200000,6.000000,0.000000,0.038262,0.038262,0.000000,0.000000,0,0,1.000000,3.200000,3.200000,1,C0,
414.000000,3.219743,3.213000,3.220000,6.000000,0.000000,0.034712,0.034712,0.000000,0.000000,0,0,1.000000,3.200000,3.200000,1,C0,
414.500000,3.218410,3.208000,3.210000,6.000000,0.000000,0.031973,0.031973,0.000000,0.000000,0,0,1.000000,3.200000,3.200000,1,C0,
415.000000,3.217006,3.223000,3.220000,6.000000,0.000000,0.033710,0.033710,0.000000,0.000000,0,0,1.000000,3.200000,3.200000,1,C0,
415.500000,3.215621,3.222000,3.210000,6.000000,0.000000,0.033238,0.033238,0.000000,0.000000,0,0,1.000000,3.200000,3.200000,1,C0,
416.000000,3.214037,3.209000,3.210000,6.000000,0.000000,0.038020,0.038020,0.000000,0.000000,0,0,1.000000,3.200000,3.200000,1,C0,
416.500000,3.212448,3.208000,3.210000,6.000000,0.000000,0.038130,0.038130,0.000000,0.000000,0,0,1.000000,3.200000,3.200000,1,C0,
417.000000,3.210921,3.213000,3.220000,6.000000,0.000000,0.036648,0.036648,0.000000,0.000000,0,0,1.000000,3.200000,3.200000,1,C0,
417.500000,3.209428,3.211000,3.200000,6.000000,0.000000,0.035830,0.035830,0.000000,0.000000,0,0,1.000000,3.200000,3.200000,1,C0,
418.000000,3.207922,3.202000,3.210000,6.000000,0.000000,0.036144,0.036144,0.000000,0.000000,0,0,1.000000,3.200000,3.200000,1,C0,
418.500000,3.206469,3.202000,3.200000,6.000000,0.000000,0.034876,0.034876,0.000000,0.000000,0,0,1.000000,3.200000,3.200000,1,C0,
419.000000,3.204903,3.191000,3.200000,6.000000,0.000000,0.037581,0.037581,0.000000,0.000000,0,0,1.000000,3.200000,3.200000,1,C0,
419.500000,3.203526,3.202000,3.190000,6.000000,0.000000,0.033055,0.033055,0.000000,0.000000,0,0,1.000000,3.200000,3.200000,1,C0,
420.000000,3.202056,3.197000,3.200000,6.000000,0.000000,0.035285,0.035285,0.000000,0.000000,0,0,1.000000,3.200000,3.200000,1,C0,
420.500000,3.200458,3.199000,3.200000,6.000000,0.000000,0.038336,0.038336,0.000000,0.000000,0,0,1.000000,3.200000,3.200000,1,C0,
421.000000,3.199084,3.195000,3.190000,6.000000,0.000000,0.032975,0.032975,0.000000,0.000000,0,0,1.000000,3.200000,3.200000,1,C0,
421.500000,3.197612,3.198000,3.190000,6.000000,0.000000,0.035340,0.035340,0.000000,0.000000,0,0,1.000000,3.200000,3.200000,1,C0,
422.000000,3.196154,3.198000,3.210000,6.000000,0.000000,0.034991,0.034991,0.000000,0.000000,0,0,1.000000,3.200000,3.200000,1,C0,
422.500000,3.194760,3.196000,3.190000,6.000000,0.000000,0.033457,0.033457,0.000000,0.000000,0,0,1.000000,3.200000,3.200000,1,C0,
423.000000,3.193418,3.193000,3.200000,6.000000,0.000000,0.032199,0.032199,0.000000,0.000000,0,0,1.000000,3.200000,3.200000,1,C0,
423.500000,3.192063,3.195000,3.190000,6.000000,0.000000,0.032521,0.032521,0.000000,0.000000,0,0,1.000000,3.200000,3.200000,1,C0,
424.000000,3.190605,3.200000,3.190000,6.000000,0.000000,0.034997,0.034997,0.000000,0.000000,0,0,1.000000,3.200000,3.200000,1,C0,
424.500000,3.189063,3.187000,3.180000,6.000000,0.000000,0.036997,0.036997,0.000000,0.000000,0,0,1.000000,3.200000,3.200000,1,C0,
425.000000,3.187549,3.196000,3.190000,6.000000,0.000000,0.036334,0.036334,0.000000,0.000000,0,0,1.000000,3.200000,3.200000,1,C0,
425.500000,3.186106,3.184000,3.180000,6.000000,0.000000,0.034649,0.034649,0.000000,0.000000,0,0,1.000000,3.200000,3.200000,1,C0,
426.000000,3.184718,3.187000,3.170000,6.000000,0.000000,0.033304,0.033304,0.000000,0.000000,0,0,1.000000,3.200000,3.200000,1,C0,
426.500000,3.183348,3.177000,3.200000,6.000000,0.000000,0.032893,0.032893,0.000000,0.000000,0,0,1.000000,3.200000,3.200000,1,C0,
427.000000,3.181931,3.179000,3.160000,6.000000,0.000000,0.033986,0.033986,0.000000,0.000000,0,0,1.000000,3.200000,3.200000,1,C0,
427.500000,3.180508,3.179000,3.190000,6.000000,0.000000,0.034167,0.034167,0.000000,0.000000,0,0,1.000000,3.200000,3.200000,1,C0,
428.000000,3.178960,3.175000,3.170000,6.000000,0.000000,0.037154,0.037154,0.000000,0.000000,0,0,1.000000,3.200000,3.200000,1,C0,
428.500000,3.177626,3.180000,3.190000,6.000000,0.000000,0.031999,0.031999,0.000000,0.000000,0,0,1.000000,3.200000,3.200000,1,C0,
429.000000,3.176236,3.174000,3.180000,6.000000,0.000000,0.033372,0.033372,0.000000,0.000000,0,0,1.000000,3.200000,3.200000,1,C0,
429.500000,3.174817,3.164000,3.180000,6.000000,0.000000,0.034042,0.034042,0.000000,0.000000,0,0,1.000000,3.200000,3.200000,1,C0,
430.000000,3.173498,3.172000,3.170000,6.000000,0.000000,0.031662,0.031662,0.000000,0.000000,0,0,1.000000,3.200000,3.200000,1,C0,
430.500000,3.172162,3.173000,3.180000,6.000000,0.000000,0.032060,0.032060,0.000000,0.000000,0,0,1.000000,3.200000,3.200000,1,C0,
431.000000,3.170690,3.176000,3.170000,6.000000,0.000000,0.035339,0.035339,0.000000,0.000000,0,0,1.000000,3.200000,3.200000,1,C0,
431.500000,3.169301,3.173000,3.160000,6.000000,0.000000,0.033337,0.033337,0.000000,0.000000,0,0,1.000000,3.200000,3.200000,1,C0,
432.000000,3.167916,3.166000,3.180000,6.000000,0.000000,0.033232,0.033232,0.000000,0.000000,0,0,1.000000,3.200000,3.200000,1,C0,
432.500000,3.166595,3.161000,3.180000,6.000000,0.000000,0.031700,0.031700,0.000000,0.000000,0,0,1.000000,3.200000,3.200000,1,C0,
433.000000,3.164999,3.161000,3.170000,6.000000,0.000000,0.038325,0.038325,0.000000,0.000000,0,0,1.000000,3.200000,3.200000,1,C0,
433.500000,3.163483,3.166000,3.150000,6.000000,0.000000,0.036383,0.036383,0.000000,0.000000,0,0,1.000000,3.200000,3.200000,1,C0,
434.000000,3.162006,3.155000,3.170000,6.000000,0.000000,0.035448,0.035448,0.000000,0.000000,0,0,1.000000,3.200000,3.200000,1,C0,
434.500000,3.160536,3.162000,3.170000,6.000000,0.000000,0.035278,0.035278,0.000000,0.000000,0,0,1.000000,3.200000,3.200000,1,C0,
435.000000,3.159135,3.168000,3.150000,6.000000,0.000000,0.033625,0.033625,0.000000,0.000000,0,0,1.000000,3.200000,3.200000,1,C0,
435.500000,3.157685,3.169000,3.150000,6.000000,0.000000,0.034784,0.034784,0.000000,0.000000,0,0,1.000000,3.200000,3.200000,1,C0,
436.000000,3.156370,3.153000,3.160000,6.000000,0.000000,0.031564,0.031564,0.000000,0.000000,0,0,1.000000,3.200000,3.200000,1,C0,
436.500000,3.154949,3.149000,3.160000,6.000000,0.000000,0.034116,0.034116,0.000000,0.000000,0,0,1.000000,3.200000,3.200000,1,C0,
437.000000,3.153421,3.150000,3.160000,6.000000,0.000000,0.036660,0.036660,0.000000,0.000000,0,0,1.000000,3.200000,3.200000,1,C0,
437.500000,3.152039,3.153000,3.140000,6.000000,0.000000,0.033177,0.033177,0.000000,0.000000,0,0,1.000000,3.200000,3.200000,1,C0,
438.000000,3.150643,3.150000,3.160000,6.000000,0.000000,0.033493,0.033493,0.000000,0.000000,0,0,1.000000,3.200000,3.200000,1,C0,
438.500000,3.149278,3.148000,3.140000,6.000000,0.000000,0.032777,0.032777,0.000000,0.000000,0,0,1.000000,3.200000,3.200000,1,C0,
439.000000,3.147783,3.148000,3.150000,6.000000,0.000000,0.035859,0.035859,0.000000,0.000000,0,0,1.000000,3.200000,3.200000,1,C0,
439.500000,3.146417,3.150000,3.130000,6.000000,0.000000,0.032802,0.032802,0.000000,0.000000,0,0,1.000000,3.200000,3.200000,1,C0,
440.000000,3.145036,3.148000,3.150000,6.000000,0.000000,0.033130,0.033130,0.000000,0.000000,0,0,1.000000,3.200000,3.200000,1,C0,
440.500000,3.143491,3.149000,3.130000,6.000000,0.000000,0.037096,0.037096,0.000000,0.000000,0,0,1.000000,3.200000,3.200000,1,C0,
441.000000,3.141932,3.144000,3.140000,6.000000,0.000000,0.037405,0.037405,0.000000,0.000000,0,0,1.000000,3.200000,3.200000,1,C0,
441.500000,3.140482,3.144000,3.120000,6.000000,0.000000,0.034791,0.034791,0.000000,0.000000,0,0,1.000000,3.200000,3.200000,1,C0,
442.000000,3.139134,3.140000,3.130000,6.000000,0.000000,0.032354,0.032354,0.000000,0.000000,0,0,1.000000,3.200000,3.200000,1,C0,
442.500000,3.137607,3.143000,3.130000,6.000000,0.000000,0.036663,0.036663,0.000000,0.000000,0,0,1.000000,3.200000,3.200000,1,C0,
443.000000,3.136008,3.129000,3.140000,6.000000,0.000000,0.038375,0.038375,0.000000,0.000000,0,0,1.000000,3.200000,3.200000,1,C0,
443.500000,3.134512,3.146000,3.130000,6.000000,0.000000,0.035904,0.035904,0.000000,0.000000,0,0,1.000000,3.200000,3.200000,1,C0,
444.000000,3.133013,3.136000,3.130000,6.000000,0.000000,0.035970,0.035970,0.000000,0.000000,0,0,1.000000,3.200000,3.200000,1,C0,
444.500000,3.131668,3.129000,3.140000,6.000000,0.000000,0.032290,0.032290,0.000000,0.000000,0,0,1.000000,3.200000,3.200000,1,C0,
445.000000,3.130320,3.130000,3.130000,6.000000,0.000000,0.032338,0.032338,0.000000,0.000000,0,0,1.000000,3.200000,3.200000,1,C0,
445.500000,3.128869,3.125000,3.130000,6.000000,0.000000,0.034827,0.034827,0.000000,0.000000,0,0,1.000000,3.200000,3.200000,1,C0,
446.000000,3.127530,3.119000,3.130000,6.000000,0.000000,0.032140,0.032140,0.000000,0.000000,0,0,1.000000,3.200000,3.200000,1,C0,
446.500000,3.126200,3.121000,3.120000,6.000000,0.000000,0.031918,0.031918,0.000000,0.000000,0,0,1.000000,3.200000,3.200000,1,C0,
447.000000,3.124820,3.134000,3.110000,6.000000,0.000000,0.033129,0.033129,0.000000,0.000000,0,0,1.000000,3.200000,3.200000,1,C0,
447.500000,3.123379,3.126000,3.130000,6.000000,0.000000,0.034571,0.034571,0.000000,0.000000,0,0,1.000000,3.200000,3.200000,1,C0,
448.000000,3.121805,3.116000,3.140000,6.000000,0.000000,0.037791,0.037791,0.000000,0.000000,0,0,1.000000,3.200000,3.200000,1,C0,
448.500000,3.120437,3.122000,3.110000,6.000000,0.000000,0.032828,0.032828,0.000000,0.000000,0,0,1.000000,3.200000,3.200000,1,C0,
449.000000,3.118882,3.124000,3.120000,6.000000,0.000000,0.037319,0.037319,0.000000,0.000000,0,0,1.000000,3.200000,3.200000,1,C0,
449.500000,3.117483,3.117000,3.120000,6.000000,0.000000,0.033570,0.033570,0.000000,0.000000,0,0,1.000000,3.200000,3.200000,1,C0,
450.000000,3.116060,3.116000,3.100000,6.000000,0.000000,0.034153,0.034153,0.000000,0.000000,0,0,1.000000,3.200000,3.200000,1,C0,
450.500000,3.114678,3.113000,3.110000,6.000000,0.000000,0.033172,0.033172,0.000000,0.000000,0,0,1.000000,3.200000,3.200000,1,C0,
451.000000,3.113212,3.107000,3.110000,6.000000,0.000000,0.035168,0.035168,0.000000,0.000000,0,0,1.000000,3.200000,3.200000,1,C0,
451.500000,3.111713,3.116000,3.120000,6.000000,0.000000,0.035986,0.035986,0.000000,0.000000,0,0,1.000000,3.200000,3.200000,1,C0,
452.000000,3.110363,3.113000,3.110000,6.000000,0.000000,0.032408,0.032408,0.000000,0.000000,0,0,1.000000,3.200000,3.200000,1,C0,
452.500000,3.108884,3.113000,3.110000,6.000000,0.000000,0.035497,0.035497,0.000000,0.000000,0,0,1.000000,3.200000,3.200000,1,C0,
453.000000,3.107496,3.103000,3.120000,6.000000,0.000000,0.033292,0.033292,0.000000,0.000000,0,0,1.000000,3.200000,3.200000,1,C0,
453.500000,3.106123,3.096000,3.110000,6.000000,0.000000,0.032961,0.032961,0.000000,0.000000,0,0,1.000000,3.200000,3.200000,1,C0,
454.000000,3.104793,3.094000,3.110000,6.000000,0.000000,0.031925,0.031925,0.000000,0.000000,0,0,1.000000,3.200000,3.200000,1,C0,
454.500000,3.103274,3.105000,3.100000,6.000000,0.000000,0.036459,0.036459,0.000000,0.000000,0,0,1.000000,3.200000,3.200000,1,C0,
455.000000,3.101873,3.114000,3.110000,6.000000,0.000000,0.033627,0.033627,0.000000,0.000000,0,0,1.000000,3.200000,3.200000,1,C0,
455.500000,3.100405,3.103000,3.110000,6.000000,0.000000,0.035222,0.035222,0.000000,0.000000,0,0,1.000000,3.200000,3.200000,1,C0,
456.000000,3.099040,3.099000,3.110000,6.000000,0.000000,0.032752,0.032752,0.000000,0.000000,0,0,1.000000,3.200000,3.200000,1,C0,
456.500000,3.097623,3.090000,3.090000,6.000000,0.000000,0.034006,0.034006,0.000000,0.000000,0,0,1.000000,3.200000,3.200000,1,C0,
457.000000,3.096258,3.093000,3.130000,6.000000,0.000000,0.032763,0.032763,0.000000,0.000000,0,0,1.000000,3.200000,3.200000,1,C0,
457.500000,3.094817,3.092000,3.090000,6.000000,0.000000,0.034601,0.034601,0.000000,0.000000,0,0,1.000000,3.200000,3.200000,1,C0,
458.000000,3.093396,3.094000,3.080000,6.000000,0.000000,0.034102,0.034102,0.000000,0.000000,0,0,1.000000,3.200000,3.200000,1,C0,
458.500000,3.091919,3.094000,3.090000,6.000000,0.000000,0.035442,0.035442,0.000000,0.000000,0,0,1.000000,3.200000,3.200000,1,C0,
459.000000,3.090326,3.086000,3.060000,6.000000,0.000000,0.038232,0.038232,0.000000,0.000000,0,0,1.000000,3.200000,3.200000,1,C0,
459.500000,3.088840,3.073000,3.100000,6.000000,0.000000,0.035670,0.035670,0.000000,0.000000,0,0,1.000000,3.200000,3.200000,1,C0,
460.000000,3.087462,3.088000,3.070000,6.000000,0.000000,0.033053,0.033053,0.000000,0.000000,0,0,1.000000,3.200000,3.200000,1,C0,
460.500000,3.086069,3.080000,3.080000,6.000000,0.000000,0.033432,0.033432,0.000000,0.000000,0,0,1.000000,3.200000,3.200000,1,C0,
461.000000,3.084746,3.083000,3.090000,6.000000,0.000000,0.031764,0.031764,0.000000,0.000000,0,0,1.000000,3.200000,3.200000,1,C0,
461.500000,3.083366,3.084000,3.100000,6.000000,0.000000,0.033131,0.033131,0.000000,0.000000,0,0,1.000000,3.200000,3.200000,1,C0,
462.000000,3.081839,3.080000,3.100000,6.000000,0.000000,0.036640,0.036640,0.000000,0.000000,0,0,1.000000,3.200000,3.200000,1,C0,
462.500000,3.080325,3.071000,3.080000,6.000000,0.000000,0.036327,0.036327,0.000000,0.000000,0,0,1.000000,3.200000,3.200000,1,C0,
463.000000,3.078800,3.077000,3.080000,6.000000,0.000000,0.036616,0.036616,0.000000,0.000000,0,0,1.000000,3.200000,3.200000,1,C0,
463.500000,3.077386,3.080000,3.060000,6.000000,0.000000,0.033936,0.033936,0.000000,0.000000,0,0,1.000000,3.200000,3.200000,1,C0,
464.000000,3.076007,3.072000,3.080000,6.000000,0.000000,0.033087,0.033087,0.000000,0.000000,0,0,1.000000,3.200000,3.200000,1,C0,
464.500000,3.074583,3.074000,3.070000,6.000000,0.000000,0.034177,0.034177,0.000000,0.000000,0,0,1.000000,3.200000,3.200000,1,C0,
465.000000,3.073124,3.073000,3.060000,6.000000,0.000000,0.035017,0.035017,0.000000,0.000000,0,0,1.000000,3.200000,3.200000,1,C0,
465.500000,3.071681,3.067000,3.080000,6.000000,0.000000,0.034619,0.034619,0.000000,0.000000,0,0,1.000000,3.200000,3.200000,1,C0,
466.000000,3.070254,3.072000,3.070000,6.000000,0.000000,0.034260,0.034260,0.000000,0.000000,0,0,1.000000,3.200000,3.200000,1,C0,
466.500000,3.068825,3.074000,3.060000,6.000000,0.000000,0.034294,0.034294,0.000000,0.000000,0,0,1.000000,3.200000,3.200000,1,C0,
467.000000,3.067473,3.062000,3.060000,6.000000,0.000000,0.032444,0.032444,0.000000,0.000000,0,0,1.000000,3.200000,3.200000,1,C0,
467.500000,3.065981,3.066000,3.070000,6.000000,0.000000,0.035812,0.035812,0.000000,0.000000,0,0,1.000000,3.200000,3.200000,1,C0,
468.000000,3.064574,3.066000,3.060000,6.000000,0.000000,0.033764,0.033764,0.000000,0.000000,0,0,1.000000,3.200000,3.200000,1,C0,
468.500000,3.063160,3.060000,3.060000,6.000000,0.000000,0.033938,0.033938,0.000000,0.000000,0,0,1.000000,3.200000,3.200000,1,C0,
469.000000,3.061559,3.050000,3.060000,6.000000,0.000000,0.038414,0.038414,0.000000,0.000000,0,0,1.000000,3.200000,3.200000,1,C0,
469.500000,3.060234,3.062000,3.070000,6.000000,0.000000,0.031814,0.031814,0.000000,0.000000,0,0,1.000000,3.200000,3.200000,1,C0,
470.000000,3.058673,3.060000,3.050000,6.000000,0.000000,0.037469,0.037469,0.000000,0.000000,0,0,1.000000,3.200000,3.200000,1,C0,
470.500000,3.057107,3.057000,3.050000,6.000000,0.000000,0.037581,0.037581,0.000000,0.000000,0,0,1.000000,3.200000,3.200000,1,C0,
471.000000,3.055663,3.059000,3.050000,6.000000,0.000000,0.034650,0.034650,0.000000,0.000000,0,0,1.000000,3.200000,3.200000,1,C0,
471.500000,3.054198,3.054000,3.050000,6.000000,0.000000,0.035163,0.035163,0.000000,0.000000,0,0,1.000000,3.200000,3.200000,1,C0,
472.000000,3.052682,3.059000,3.050000,6.000000,0.000000,0.036391,0.036391,0.000000,0.000000,0,0,1.000000,3.200000,3.200000,1,C0,
472.500000,3.051319,3.049000,3.050000,6.000000,0.000000,0.032692,0.032692,0.000000,0.000000,0,0,1.000000,3.200000,3.200000,1,C0,
473.000000,3.049816,3.055000,3.070000,6.000000,0.000000,0.036083,0.036083,0.000000,0.000000,0,0,1.000000,3.200000,3.200000,1,C0,
473.500000,3.048311,3.049000,3.040000,6.000000,0.000000,0.036121,0.036121,0.000000,0.000000,0,0,1.000000,3.200000,3.200000,1,C0,
474.000000,3.046931,3.037000,3.050000,6.000000,0.000000,0.033118,0.033118,0.000000,0.000000,0,0,1.000000,3.200000,3.200000,1,C0,
474.500000,3.045366,3.042000,3.050000,6.000000,0.000000,0.037567,0.037567,0.000000,0.000000,0,0,1.000000,3.200000,3.200000,1,C0,
475.000000,3.043783,3.048000,3.040000,6.000000,0.000000,0.037984,0.037984,0.000000,0.000000,0,0,1.000000,3.200000,3.200000,1,C0,
475.500000,3.042356,3.045000,3.050000,6.000000,0.000000,0.034254,0.034254,0.000000,0.000000,0,0,1.000000,3.200000,3.200000,1,C0,
476.000000,3.040974,3.047000,3.030000,6.000000,0.000000,0.033153,0.033153,0.000000,0.000000,0,0,1.000000,3.200000,3.200000,1,C0,
476.500000,3.039406,3.046000,3.040000,6.000000,0.000000,0.037651,0.037651,0.000000,0.000000,0,0,1.000000,3.200000,3.200000,1,C0,
477.000000,3.038011,3.044000,3.030000,6.000000,0.000000,0.033461,0.033461,0.000000,0.000000,0,0,1.000000,3.200000,3.200000,1,C0,
477.500000,3.036587,3.043000,3.030000,6.000000,0.000000,0.034175,0.034175,0.000000,0.000000,0,0,1.000000,3.200000,3.200000,1,C0,
478.000000,3.035205,3.043000,3.030000,6.000000,0.000000,0.033183,0.033183,0.000000,0.000000,0,0,1.000000,3.200000,3.200000,1,C0,
478.500000,3.033734,3.034000,3.030000,6.000000,0.000000,0.035296,0.035296,0.000000,0.000000,0,0,1.000000,3.200000,3.200000,1,C0,
479.000000,3.032170,3.029000,3.030000,6.000000,0.000000,0.037538,0.037538,0.000000,0.000000,0,0,1.000000,3.200000,3.200000,1,C0,
479.500000,3.030567,3.033000,3.020000,6.000000,0.000000,0.038470,0.038470,0.000000,0.000000,0,0,1.000000,3.200000,3.200000,1,C0,
480.000000,3.029162,3.018000,3.040000,6.000000,0.000000,0.033722,0.033722,0.000000,0.000000,0,0,1.000000,3.200000,3.200000,1,C0,
480.500000,3.027593,3.026000,3.020000,6.000000,0.000000,0.037657,0.037657,0.000000,0.000000,0,0,1.000000,3.200000,3.200000,1,C0,
481.000000,3.026161,3.015000,3.010000,6.000000,0.000000,0.034379,0.034379,0.000000,0.000000,0,0,1.000000,3.200000,3.200000,1,C0,
481.500000,3.024768,3.025000,3.040000,6.000000,0.000000,0.033417,0.033417,0.000000,0.000000,0,0,1.000000,3.200000,3.200000,1,C0,
482.000000,3.023277,3.023000,3.030000,6.000000,0.000000,0.035784,0.035784,0.000000,0.000000,0,0,1.000000,3.200000,3.200000,1,C0,
482.500000,3.021764,3.017000,3.020000,6.000000,0.000000,0.036312,0.036312,0.000000,0.000000,0,0,1.000000,3.200000,3.200000,1,C0,
483.000000,3.020275,3.019000,3.010000,6.000000,0.000000,0.035733,0.035733,0.000000,0.000000,0,0,1.000000,3.200000,3.200000,1,C0,
483.500000,3.018923,3.019000,3.020000,6.000000,0.000000,0.032463,0.032463,0.000000,0.000000,0,0,1.000000,3.200000,3.200000,1,C0,
484.000000,3.017531,3.010000,3.020000,6.000000,0.000000,0.033389,0.033389,0.000000,0.000000,0,0,1.000000,3.200000,3.200000,1,C0,
484.500000,3.016200,3.029000,3.010000,6.000000,0.000000,0.031963,0.031963,0.000000,0.000000,0,0,1.000000,3.200000,3.200000,1,C0,
485.000000,3.014792,3.011000,3.020000,6.000000,0.000000,0.033774,0.033774,0.000000,0.000000,0,0,1.000000,3.200000,3.200000,1,C0,
485.500000,3.013265,3.010000,3.000000,6.000000,0.000000,0.036647,0.036647,0.000000,0.000000,0,0,1.000000,3.200000,3.200000,1,C0,
486.000000,3.011780,3.002000,3.000000,6.000000,0.000000,0.035657,0.035657,0.000000,0.000000,0,0,1.000000,3.200000,3.200000,1,C0,
486.500000,3.010336,3.011000,3.010000,6.000000,0.000000,0.034661,0.034661,0.000000,0.000000,0,0,1.000000,3.200000,3.200000,1,C0,
487.000000,3.008908,3.008000,3.010000,6.000000,0.000000,0.034269,0.034269,0.000000,0.000000,0,0,1.000000,3.200000,3.200000,1,C0,
487.500000,3.007581,3.006000,3.030000,6.000000,0.000000,0.031845,0.031845,0.000000,0.000000,0,0,1.000000,3.200000,3.200000,1,C0,
488.000000,3.006134,3.000000,3.010000,6.000000,0.000000,0.034729,0.034729,0.000000,0.000000,0,0,1.000000,3.200000,3.200000,1,C0,
488.500000,3.004780,3.007000,3.000000,6.000000,0.000000,0.032496,0.032496,0.000000,0.000000,0,0,1.000000,3.200000,3.200000,1,C0,
489.000000,3.003240,3.010000,3.010000,6.000000,0.000000,0.036951,0.036951,0.000000,0.000000,0,0,1.000000,3.200000,3.200000,1,C0,
489.500000,3.001796,3.005000,3.000000,6.000000,0.000000,0.034656,0.034656,0.000000,0.000000,0,0,1.000000,3.200000,3.200000,1,C0,
490.000000,3.000351,3.000000,2.990000,6.000000,0.000000,0.034683,0.034683,0.000000,0.000000,0,0,1.000000,3.200000,3.200000,1,C0,
490.500000,2.998829,3.001000,3.000000,6.000000,0.000000,0.036529,0.036529,0.000000,0.000000,0,0,1.000000,3.200000,3.200000,1,C0,
491.000000,2.997364,2.991000,3.000000,6.000000,0.000000,0.035167,0.035167,0.000000,0.000000,0,0,1.000000,3.200000,3.200000,1,C0,
491.500000,2.995941,2.990000,2.990000,6.000000,0.000000,0.034151,0.034151,0.000000,0.000000,0,0,1.000000,3.200000,3.200000,1,C0,
492.000000,2.994436,3.000000,3.010000,6.000000,0.000000,0.036117,0.036117,0.000000,0.000000,0,0,1.000000,3.200000,3.200000,1,C0,
492.500000,2.993001,2.990000,3.000000,6.000000,0.000000,0.034437,0.034437,0.000000,0.000000,0,0,1.000000,3.200000,3.200000,1,C0,
493.000000,2.991654,2.994000,2.990000,6.000000,0.000000,0.032323,0.032323,0.000000,0.000000,0,0,1.000000,3.200000,3.200000,1,C0,
493.500000,2.990208,2.994000,2.990000,6.000000,0.000000,0.034710,0.034710,0.000000,0.000000,0,0,1.000000,3.200000,3.200000,1,C0,
494.000000,2.988826,2.984000,2.990000,6.000000,0.000000,0.033165,0.033165,0.000000,0.000000,0,0,1.000000,3.200000,3.200000,1,C0,
494.500000,2.987339,2.988000,2.980000,6.000000,0.000000,0.035701,0.035701,0.000000,0.000000,0,0,1.000000,3.200000,3.200000,1,C0,
495.000000,2.985785,2.988000,2.980000,6.000000,0.000000,0.037277,0.037277,0.000000,0.000000,0,0,1.000000,3.200000,3.200000,1,C0,
495.500000,2.984224,2.979000,3.010000,6.000000,0.000000,0.037477,0.037477,0.000000,0.000000,0,0,1.000000,3.200000,3.200000,1,C0,
496.000000,2.982897,2.980000,2.970000,6.000000,0.000000,0.031843,0.031843,0.000000,0.000000,0,0,1.000000,3.200000,3.200000,1,C0,
496.500000,2.981383,2.974000,2.990000,6.000000,0.000000,0.036341,0.036341,0.000000,0.000000,0,0,1.000000,3.200000,3.200000,1,C0,
497.000000,2.979901,2.982000,2.990000,6.000000,0.000000,0.035553,0.035553,0.000000,0.000000,0,0,1.000000,3.200000,3.200000,1,C0,
497.500000,2.978478,2.983000,2.980000,6.000000,0.000000,0.034153,0.034153,0.000000,0.000000,0,0,1.000000,3.200000,3.200000,1,C0,
498.000000,2.977127,2.976000,2.980000,6.000000,0.000000,0.032442,0.032442,0.000000,0.000000,0,0,1.000000,3.200000,3.200000,1,C0,
498.500000,2.975611,2.974000,2.960000,6.000000,0.000000,0.036371,0.036371,0.000000,0.000000,0,0,1.000000,3.200000,3.200000,1,C0,
499.000000,2.974011,2.966000,2.960000,6.000000,0.000000,0.038410,0.038410,0.000000,0.000000,0,0,1.000000,3.200000,3.200000,1,C0,
499.500000,2.972615,2.969000,2.970000,6.000000,0.000000,0.033510,0.033510,0.000000,0.000000,0,0,1.000000,3.200000,3.200000,1,C0,
500.000000,2.971199,2.976000,2.970000,6.000000,0.000000,0.033977,0.033977,0.000000,0.000000,0,0,1.000000,3.200000,3.200000,1,C0,
500.500000,2.969743,2.973000,2.940000,6.000000,0.000000,0.034948,0.034948,0.000000,0.000000,0,0,1.000000,3.200000,3.200000,1,C0,
501.000000,2.968430,2.975000,2.980000,6.000000,0.000000,0.031511,0.031511,0.000000,0.000000,0,0,1.000000,3.200000,3.200000,1,C0,
501.500000,2.966884,2.972000,2.980000,6.000000,0.000000,0.037097,0.037097,0.000000,0.000000,0,0,1.000000,3.200000,3.200000,1,C0,
502.000000,2.965386,2.969000,2.980000,6.000000,0.000000,0.035963,0.035963,0.000000,0.000000,0,0,1.000000,3.200000,3.200000,1,C0,
502.500000,2.963983,2.960000,2.960000,6.000000,0.000000,0.033654,0.033654,0.000000,0.000000,0,0,1.000000,3.200000,3.200000,1,C0,
503.000000,2.962571,2.961000,2.960000,6.000000,0.000000,0.033890,0.033890,0.000000,0.000000,0,0,1.000000,3.200000,3.200000,1,C0,
503.500000,2.961162,2.957000,2.950000,6.000000,0.000000,0.033814,0.033814,0.000000,0.000000,0,0,1.000000,3.200000,3.200000,1,C0,
504.000000,2.959662,2.953000,2.950000,6.000000,0.000000,0.036020,0.036020,0.000000,0.000000,0,0,1.000000,3.200000,3.200000,1,C0,
504.500000,2.958251,2.959000,2.940000,6.000000,0.000000,0.033846,0.033846,0.000000,0.000000,0,0,1.000000,3.200000,3.200000,1,C0,
505.000000,2.956851,2.956000,2.960000,6.000000,0.000000,0.033595,0.033595,0.000000,0.000000,0,0,1.000000,3.200000,3.200000,1,C0,
505.500000,2.955339,2.959000,2.980000,6.000000,0.000000,0.036298,0.036298,0.000000,0.000000,0,0,1.000000,3.200000,3.200000,1,C0,
506.000000,2.953945,2.968000,2.940000,6.000000,0.000000,0.033463,0.033463,0.000000,0.000000,0,0,1.000000,3.200000,3.200000,1,C0,
506.500000,2.952466,2.947000,2.940000,6.000000,0.000000,0.035497,0.035497,0.000000,0.000000,0,0,1.000000,3.200000,3.200000,1,C0,
507.000000,2.950947,2.950000,2.960000,6.000000,0.000000,0.036437,0.036437,0.000000,0.000000,0,0,1.000000,3.200000,3.200000,1,C0,
507.500000,2.949566,2.938000,2.960000,6.000000,0.000000,0.033163,0.033163,0.000000,0.000000,0,0,1.000000,3.200000,3.200000,1,C0,
508.000000,2.948220,2.950000,2.940000,6.000000,0.000000,0.032286,0.032286,0.000000,0.000000,0,0,1.000000,3.200000,3.200000,1,C0,
508.500000,2.946901,2.941000,2.970000,6.000000,0.000000,0.031675,0.031675,0.000000,0.000000,0,0,1.000000,3.200000,3.200000,1,C0,
509.000000,2.945375,2.937000,2.960000,6.000000,0.000000,0.036627,0.036627,0.000000,0.000000,0,0,1.000000,3.200000,3.200000,1,C0,
509.500000,2.943822,2.951000,2.960000,6.000000,0.000000,0.037255,0.037255,0.000000,0.000000,0,0,1.000000,3.200000,3.200000,1,C0,
510.000000,2.942376,2.941000,2.940000,6.000000,0.000000,0.034716,0.034716,0.000000,0.000000,0,0,1.000000,3.200000,3.200000,1,C0,
510.500000,2.940863,2.939000,2.940000,6.000000,0.000000,0.036309,0.036309,0.000000,0.000000,0,0,1.000000,3.200000,3.200000,1,C0,
511.000000,2.939399,2.937000,2.940000,6.000000,0.000000,0.035144,0.035144,0.000000,0.000000,0,0,1.000000,3.200000,3.200000,1,C0,
511.500000,2.937826,2.936000,2.950000,6.000000,0.000000,0.037745,0.037745,0.000000,0.000000,0,0,1.000000,3.200000,3.200000,1,C0,
512.000000,2.936385,2.938000,2.940000,6.000000,0.000000,0.034588,0.034588,0.000000,0.000000,0,0,1.000000,3.200000,3.200000,1,C0,
512.500000,2.934890,2.932000,2.940000,6.000000,0.000000,0.035861,0.035861,0.000000,0.000000,0,0,1.000000,3.200000,3.200000,1,C0,
513.000000,2.933537,2.932000,2.940000,6.000000,0.000000,0.032491,0.032491,0.000000,0.000000,0,0,1.000000,3.200000,3.200000,1,C0,
513.500000,2.932045,2.929000,2.940000,6.000000,0.000000,0.035793,0.035793,0.000000,0.000000,0,0,1.000000,3.200000,3.200000,1,C0,
514.000000,2.930536,2.932000,2.930000,6.000000,0.000000,0.036228,0.036228,0.000000,0.000000,0,0,1.000000,3.200000,3.200000,1,C0,
514.500000,2.929049,2.921000,2.920000,6.000000,0.000000,0.035673,0.035673,0.000000,0.000000,0,0,1.000000,3.200000,3.200000,1,C0,
515.000000,2.927646,2.931000,2.920000,6.000000,0.000000,0.033687,0.033687,0.000000,0.000000,0,0,1.000000,3.200000,3.200000,1,C0,
515.500000,2.926049,2.926000,2.940000,6.000000,0.000000,0.038316,0.038316,0.000000,0.000000,0,0,1.000000,3.200000,3.200000,1,C0,
516.000000,2.924469,2.919000,2.910000,6.000000,0.000000,0.037938,0.037938,0.000000,0.000000,0,0,1.000000,3.200000,3.200000,1,C0,
516.500000,2.923020,2.923000,2.910000,6.000000,0.000000,0.034758,0.034758,0.000000,0.000000,0,0,1.000000,3.200000,3.200000,1,C0,
517.000000,2.921442,2.915000,2.910000,6.000000,0.000000,0.037890,0.037890,0.000000,0.000000,0,0,1.000000,3.200000,3.200000,1,C0,
517.500000,2.919872,2.919000,2.920000,6.000000,0.000000,0.037677,0.037677,0.000000,0.000000,0,0,1.000000,3.200000,3.200000,1,C0,
518.000000,2.918425,2.923000,2.920000,6.000000,0.000000,0.034729,0.034729,0.000000,0.000000,0,0,1.000000,3.200000,3.200000,1,C0,
518.500000,2.917082,2.921000,2.930000,6.000000,0.000000,0.032221,0.032221,0.000000,0.000000,0,0,1.000000,3.200000,3.200000,1,C0,
519.000000,2.915539,2.911000,2.920000,6.000000,0.000000,0.037047,0.037047,0.000000,0.000000,0,0,1.000000,3.200000,3.200000,1,C0,
519.500000,2.914066,2.919000,2.930000,6.000000,0.000000,0.035336,0.035336,0.000000,0.000000,0,0,1.000000,3.200000,3.200000,1,C0,
520.000000,2.912581,2.914000,2.900000,6.000000,0.000000,0.035637,0.035637,0.000000,0.000000,0,0,1.000000,3.200000,3.200000,1,C0,
520.500000,2.911200,2.910000,2.910000,6.000000,0.000000,0.033153,0.033153,0.000000,0.000000,0,0,1.000000,3.200000,3.200000,1,C0,
521.000000,2.909746,2.905000,2.900000,6.000000,0.000000,0.034906,0.034906,0.000000,0.000000,0,0,1.000000,3.200000,3.200000,1,C0,
521.500000,2.908382,2.910000,2.920000,6.000000,0.000000,0.032733,0.032733,0.000000,0.000000,0,0,1.000000,3.200000,3.200000,1,C0,
522.000000,2.906844,2.903000,2.900000,6.000000,0.000000,0.036899,0.036899,0.000000,0.000000,0,0,1.000000,3.200000,3.200000,1,C0,
522.500000,2.905293,2.914000,2.910000,6.000000,0.000000,0.037219,0.037219,0.000000,0.000000,0,0,1.000000,3.200000,3.200000,1,C0,
523.000000,2.903938,2.908000,2.910000,6.000000,0.000000,0.032527,0.032527,0.000000,0.000000,0,0,1.000000,3.200000,3.200000,1,C0,
523.500000,2.902569,2.901000,2.890000,6.000000,0.000000,0.032870,0.032870,0.000000,0.000000,0,0,1.000000,3.200000,3.200000,1,C0,
524.000000,2.901167,2.906000,2.900000,6.000000,0.000000,0.033632,0.033632,0.000000,0.000000,0,0,1.000000,3.200000,3.200000,1,C0,
524.500000,2.899829,2.914000,2.900000,6.000000,0.000000,0.032125,0.032125,0.000000,0.000000,0,0,1.000000,3.200000,3.200000,1,C0,
525.000000,2.898430,2.894000,2.900000,6.000000,0.000000,0.033559,0.033559,0.000000,0.000000,0,0,1.000000,3.200000,3.200000,1,C0,
525.500000,2.896878,2.891000,2.890000,6.000000,0.000000,0.037245,0.037245,0.000000,0.000000,0,0,1.000000,3.200000,3.200000,1,C0,
526.000000,2.895361,2.892000,2.900000,6.000000,0.000000,0.036416,0.036416,0.000000,0.000000,0,0,1.000000,3.200000,3.200000,1,C0,
526.500000,2.893890,2.891000,2.900000,6.000000,0.000000,0.035316,0.035316,0.000000,0.000000,0,0,1.000000,3.200000,3.200000,1,C0,
527.000000,2.892308,2.894000,2.890000,6.000000,0.000000,0.037971,0.037971,0.000000,0.000000,0,0,1.000000,3.200000,3.200000,1,C0,
527.500000,2.890956,2.892000,2.880000,6.000000,0.000000,0.032440,0.032440,0.000000,0.000000,0,0,1.000000,3.200000,3.200000,1,C0,
528.000000,2.889516,2.892000,2.880000,6.000000,0.000000,0.034557,0.034557,0.000000,0.000000,0,0,1.000000,3.200000,3.200000,1,C0,
528.500000,2.888070,2.890000,2.890000,6.000000,0.000000,0.034692,0.034692,0.000000,0.000000,0,0,1.000000,3.200000,3.200000,1,C0,
529.000000,2.886609,2.881000,2.890000,6.000000,0.000000,0.035066,0.035066,0.000000,0.000000,0,0,1.000000,3.200000,3.200000,1,C0,
529.500000,2.885121,2.877000,2.900000,6.000000,0.000000,0.035732,0.035732,0.000000,0.000000,0,0,1.000000,3.200000,3.200000,1,C0,
530.000000,2.883688,2.879000,2.880000,6.000000,0.000000,0.034376,0.034376,0.000000,0.000000,0,0,1.000000,3.200000,3.200000,1,C0,
530.500000,2.882170,2.887000,2.880000,6.000000,0.000000,0.036434,0.036434,0.000000,0.000000,0,0,1.000000,3.200000,3.200000,1,C0,
531.000000,2.880644,2.895000,2.870000,6.000000,0.000000,0.036619,0.036619,0.000000,0.000000,0,0,1.000000,3.200000,3.200000,1,C0,
531.500000,2.879309,2.881000,2.880000,6.000000,0.000000,0.032048,0.032048,0.000000,0.000000,0,0,1.000000,3.200000,3.200000,1,C0,
532.000000,2.877716,2.884000,2.870000,6.000000,0.000000,0.038223,0.038223,0.000000,0.000000,0,0,1.000000,3.200000,3.200000,1,C0,
532.500000,2.876389,2.872000,2.880000,6.000000,0.000000,0.031869,0.031869,0.000000,0.000000,0,0,1.000000,3.200000,3.200000,1,C0,
533.000000,2.874939,2.874000,2.870000,6.000000,0.000000,0.034785,0.034785,0.000000,0.000000,0,0,1.000000,3.200000,3.200000,1,C0,
533.500000,2.873542,2.885000,2.860000,6.000000,0.000000,0.033524,0.033524,0.000000,0.000000,0,0,1.000000,3.200000,3.200000,1,C0,
534.000000,2.872065,2.877000,2.870000,6.000000,0.000000,0.035446,0.035446,0.000000,0.000000,0,0,1.000000,3.200000,3.200000,1,C0,
534.500000,2.870464,2.873000,2.870000,6.000000,0.000000,0.038433,0.038433,0.000000,0.000000,0,0,1.000000,3.200000,3.200000,1,C0,
535.000000,2.869004,2.871000,2.880000,6.000000,0.000000,0.035039,0.035039,0.000000,0.000000,0,0,1.000000,3.200000,3.200000,1,C0,
535.500000,2.867441,2.870000,2.880000,6.000000,0.000000,0.037505,0.037505,0.000000,0.000000,0,0,1.000000,3.200000,3.200000,1,C0,
536.000000,2.866085,2.858000,2.880000,6.000000,0.000000,0.032558,0.032558,0.000000,0.000000,0,0,1.000000,3.200000,3.200000,1,C0,
536.500000,2.864631,2.868000,2.870000,6.000000,0.000000,0.034894,0.034894,0.000000,0.000000,0,0,1.000000,3.200000,3.200000,1,C0,
537.000000,2.863276,2.866000,2.860000,6.000000,0.000000,0.032515,0.032515,0.000000,0.000000,0,0,1.000000,3.200000,3.200000,1,C0,
537.500000,2.861739,2.862000,2.860000,6.000000,0.000000,0.036893,0.036893,0.000000,0.000000,0,0,1.000000,3.200000,3.200000,1,C0,
538.000000,2.860212,2.856000,2.860000,6.000000,0.000000,0.036641,0.036641,0.000000,0.000000,0,0,1.000000,3.200000,3.200000,1,C0,
538.500000,2.858851,2.855000,2.840000,6.000000,0.000000,0.032673,0.032673,0.000000,0.000000,0,0,1.000000,3.200000,3.200000,1,C0,
539.000000,2.857383,2.852000,2.860000,6.000000,0.000000,0.035228,0.035228,0.000000,0.000000,0,0,1.000000,3.200000,3.200000,1,C0,
539.500000,2.855817,2.867000,2.860000,6.000000,0.000000,0.037592,0.037592,0.000000,0.000000,0,0,1.000000,3.200000,3.200000,1,C0,
540.000000,2.854224,2.854000,2.850000,6.000000,0.000000,0.038232,0.038232,0.000000,0.000000,0,0,1.000000,3.200000,3.200000,1,C0,
540.500000,2.852632,2.842000,2.850000,6.000000,0.000000,0.038193,0.038193,0.000000,0.000000,0,0,1.000000,3.200000,3.200000,1,C0,
541.000000,2.851242,2.857000,2.860000,6.000000,0.000000,0.033370,0.033370,0.000000,0.000000,0,0,1.000000,3.200000,3.200000,1,C0,
541.500000,2.849711,2.849000,2.860000,6.000000,0.000000,0.036744,0.036744,0.000000,0.000000,0,0,1.000000,3.200000,3.200000,1,C0,
542.000000,2.848197,2.851000,2.830000,6.000000,0.000000,0.036332,0.036332,0.000000,0.000000,0,0,1.000000,3.200000,3.200000,1,C0,
542.500000,2.846881,2.849000,2.850000,6.000000,0.000000,0.031584,0.031584,0.000000,0.000000,0,0,1.000000,3.200000,3.200000,1,C0,
543.000000,2.845486,2.846000,2.860000,6.000000,0.000000,0.033483,0.033483,0.000000,0.000000,0,0,1.000000,3.200000,3.200000,1,C0,
543.500000,2.843982,2.850000,2.830000,6.000000,0.000000,0.036096,0.036096,0.000000,0.000000,0,0,1.000000,3.200000,3.200000,1,C0,
544.000000,2.842634,2.844000,2.820000,6.000000,0.000000,0.032340,0.032340,0.000000,0.000000,0,0,1.000000,3.200000,3.200000,1,C0,
544.500000,2.841157,2.852000,2.830000,6.000000,0.000000,0.035462,0.035462,0.000000,0.000000,0,0,1.000000,3.200000,3.200000,1,C0,
545.000000,2.839708,2.846000,2.840000,6.000000,0.000000,0.034769,0.034769,0.000000,0.000000,0,0,1.000000,3.200000,3.200000,1,C0,
545.500000,2.838271,2.845000,2.840000,6.000000,0.000000,0.034489,0.034489,0.000000,0.000000,0,0,1.000000,3.200000,3.200000,1,C0,
546.000000,2.836937,2.838000,2.840000,6.000000,0.000000,0.032018,0.032018,0.000000,0.000000,0,0,1.000000,3.200000,3.200000,1,C0,
546.500000,2.835346,2.835000,2.840000,6.000000,0.000000,0.038189,0.038189,0.000000,0.000000,0,0,1.000000,3.200000,3.200000,1,C0,
547.000000,2.833855,2.836000,2.850000,6.000000,0.000000,0.035772,0.035772,0.000000,0.000000,0,0,1.000000,3.200000,3.200000,1,C0,
547.500000,2.832479,2.826000,2.830000,6.000000,0.000000,0.033029,0.033029,0.000000,0.000000,0,0,1.000000,3.200000,3.200000,1,C0,
548.000000,2.831145,2.828000,2.840000,6.000000,0.000000,0.032010,0.032010,0.000000,0.000000,0,0,1.000000,3.200000,3.200000,1,C0,
548.500000,2.829789,2.822000,2.820000,6.000000,0.000000,0.032542,0.032542,0.000000,0.000000,0,0,1.000000,3.200000,3.200000,1,C0,
549.000000,2.828273,2.834000,2.830000,6.000000,0.000000,0.036400,0.036400,0.000000,0.000000,0,0,1.000000,3.200000,3.200000,1,C0,
549.500000,2.826817,2.818000,2.810000,6.000000,0.000000,0.034935,0.034935,0.000000,0.000000,0,0,1.000000,3.200000,3.200000,1,C0,
550.000000,2.825347,2.838000,2.810000,6.000000,0.000000,0.035281,0.035281,0.000000,0.000000,0,0,1.000000,3.200000,3.200000,1,C0,
550.500000,2.823869,2.828000,2.810000,6.000000,0.000000,0.035471,0.035471,0.000000,0.000000,0,0,1.000000,3.200000,3.200000,1,C0,
551.000000,2.822372,2.824000,2.820000,6.000000,0.000000,0.035926,0.035926,0.000000,0.000000,0,0,1.000000,3.200000,3.200000,1,C0,
551.500000,2.821036,2.813000,2.820000,6.000000,0.000000,0.032063,0.032063,0.000000,0.000000,0,0,1.000000,3.200000,3.200000,1,C0,
552.000000,2.819712,2.817000,2.800000,6.000000,0.000000,0.031775,0.031775,0.000000,0.000000,0,0,1.000000,3.200000,3.200000,1,C0,
552.500000,2.818216,2.817000,2.810000,6.000000,0.000000,0.035914,0.035914,0.000000,0.000000,0,0,1.000000,3.200000,3.200000,1,C0,
553.000000,2.816862,2.820000,2.810000,6.000000,0.000000,0.032480,0.032480,0.000000,0.000000,0,0,1.000000,3.200000,3.200000,1,C0,
553.500000,2.815532,2.811000,2.810000,6.000000,0.000000,0.031941,0.031941,0.000000,0.000000,0,0,1.000000,3.200000,3.200000,1,C0,
554.000000,2.814088,2.815000,2.820000,6.000000,0.000000,0.034645,0.034645,0.000000,0.000000,0,0,1.000000,3.200000,3.200000,1,C0,
554.500000,2.812763,2.819000,2.800000,6.000000,0.000000,0.031800,0.031800,0.000000,0.000000,0,0,1.000000,3.200000,3.200000,1,C0,
555.000000,2.811253,2.813000,2.800000,6.000000,0.000000,0.036247,0.036247,0.000000,0.000000,0,0,1.000000,3.200000,3.200000,1,C0,
555.500000,2.809930,2.815000,2.810000,6.000000,0.000000,0.031758,0.031758,0.000000,0.000000,0,0,1.000000,3.200000,3.200000,1,C0,
556.000000,2.808604,2.808000,2.810000,6.000000,0.000000,0.031821,0.031821,0.000000,0.000000,0,0,1.000000,3.200000,3.200000,1,C0,
556.500000,2.807202,2.809000,2.820000,6.000000,0.000000,0.033651,0.033651,0.000000,0.000000,0,0,1.000000,3.200000,3.200000,1,C0,
557.000000,2.805651,2.810000,2.800000,6.000000,0.000000,0.037225,0.037225,0.000000,0.000000,0,0,1.000000,3.200000,3.200000,1,C0,
557.500000,2.804103,2.796000,2.800000,6.000000,0.000000,0.037131,0.037131,0.000000,0.000000,0,0,1.000000,3.200000,3.200000,1,C0,
558.000000,2.802696,2.809000,2.820000,6.000000,0.000000,0.033770,0.033770,0.000000,0.000000,0,0,1.000000,3.200000,3.200000,1,C0,
558.500000,2.801152,2.802000,2.810000,6.000000,0.000000,0.037052,0.037052,0.000000,0.000000,0,0,1.000000,3.200000,3.200000,1,C0,
559.000000,2.799799,2.793000,2.800000,6.000000,0.000000,0.032489,0.032489,0.000000,0.000000,1,1,1.000000,3.200000,3.200000,1,C0,
559.500000,2.802960,2.805000,2.790000,6.000000,0.113852,0.037980,0.037980,0.000000,0.000000,1,1,1.000000,3.200000,3.200000,1,C0,
560.000000,2.806161,2.812000,2.810000,6.000000,0.113755,0.036944,0.036944,0.000000,0.000000,1,1,1.000000,3.200000,3.200000,1,C0,
560.500000,2.809558,2.804000,2.820000,6.000000,0.113657,0.032124,0.032124,0.000000,0.000000,1,1,1.000000,3.200000,3.200000,1,C0,
561.000000,2.812751,2.812000,2.800000,6.000000,0.113552,0.036908,0.036908,0.000000,0.000000,1,1,1.000000,3.200000,3.200000,1,C0,
561.500000,2.816046,2.822000,2.820000,6.000000,0.113454,0.034384,0.034384,0.000000,0.000000,1,1,1.000000,3.200000,3.200000,1,C0,
562.000000,2.819311,2.826000,2.810000,6.000000,0.113352,0.034999,0.034999,0.000000,0.000000,1,1,1.000000,3.200000,3.200000,1,C0,
562.500000,2.822716,2.823000,2.820000,6.000000,0.113252,0.031532,0.031532,0.000000,0.000000,1,1,1.000000,3.200000,3.200000,1,C0,
563.000000,2.826012,2.826000,2.840000,6.000000,0.113147,0.034033,0.034033,0.000000,0.000000,1,1,1.000000,3.200000,3.200000,1,C0,
563.500000,2.829217,2.829000,2.810000,6.000000,0.113046,0.036115,0.036115,0.000000,0.000000,1,1,1.000000,3.200000,3.200000,1,C0,
564.000000,2.832329,2.829000,2.830000,6.000000,0.112947,0.038280,0.038280,0.000000,0.000000,1,1,1.000000,3.200000,3.200000,1,C0,
564.500000,2.835530,2.834000,2.850000,6.000000,0.112851,0.036014,0.036014,0.000000,0.000000,1,1,1.000000,3.200000,3.200000,1,C0,
565.000000,2.838694,2.847000,2.840000,6.000000,0.112753,0.036809,0.036809,0.000000,0.000000,1,1,1.000000,3.200000,3.200000,1,C0,
565.500000,2.841847,2.839000,2.830000,6.000000,0.112656,0.036998,0.036998,0.000000,0.000000,1,1,1.000000,3.200000,3.200000,1,C0,
566.000000,2.845051,2.844000,2.840000,6.000000,0.112559,0.035649,0.035649,0.000000,0.000000,1,1,1.000000,3.200000,3.200000,1,C0,
566.500000,2.848198,2.847000,2.830000,6.000000,0.112460,0.036953,0.036953,0.000000,0.000000,1,1,1.000000,3.200000,3.200000,1,C0,
567.000000,2.851457,2.852000,2.850000,6.000000,0.112363,0.034129,0.034129,0.000000,0.000000,1,1,1.000000,3.200000,3.200000,1,C0,
567.500000,2.854780,2.860000,2.860000,6.000000,0.112263,0.032515,0.032515,0.000000,0.000000,1,1,1.000000,3.200000,3.200000,1,C0,
568.000000,2.857931,2.849000,2.860000,6.000000,0.112161,0.036539,0.036539,0.000000,0.000000,1,1,1.000000,3.200000,3.200000,1,C0,
568.500000,2.861086,2.864000,2.850000,6.000000,0.112064,0.036345,0.036345,0.000000,0.000000,1,1,1.000000,3.200000,3.200000,1,C0,
569.000000,2.864389,2.859000,2.850000,6.000000,0.111967,0.032698,0.032698,0.000000,0.000000,1,1,1.000000,3.200000,3.200000,1,C0,
569.500000,2.867551,2.865000,2.860000,6.000000,0.111865,0.035966,0.035966,0.000000,0.000000,1,1,1.000000,3.200000,3.200000,1,C0,
570.000000,2.870871,2.874000,2.870000,6.000000,0.111768,0.032105,0.032105,0.000000,0.000000,1,1,1.000000,3.200000,3.200000,1,C0,
570.500000,2.873967,2.872000,2.870000,6.000000,0.111666,0.037359,0.037359,0.000000,0.000000,1,1,1.000000,3.200000,3.200000,1,C0,
571.000000,2.877207,2.868000,2.870000,6.000000,0.111570,0.033791,0.033791,0.000000,0.000000,1,1,1.000000,3.200000,3.200000,1,C0,
571.500000,2.880372,2.894000,2.880000,6.000000,0.111471,0.035516,0.035516,0.000000,0.000000,1,1,1.000000,3.200000,3.200000,1,C0,
572.000000,2.883476,2.889000,2.890000,6.000000,0.111373,0.036880,0.036880,0.000000,0.000000,1,1,1.000000,3.200000,3.200000,1,C0,
572.500000,2.886561,2.883000,2.890000,6.000000,0.111278,0.037249,0.037249,0.000000,0.000000,1,1,1.000000,3.200000,3.200000,1,C0,
573.000000,2.889667,2.892000,2.900000,6.000000,0.111183,0.036623,0.036623,0.000000,0.000000,1,1,1.000000,3.200000,3.200000,1,C0,
573.500000,2.892957,2.889000,2.870000,6.000000,0.111087,0.032135,0.032135,0.000000,0.000000,1,1,1.000000,3.200000,3.200000,1,C0,
574.000000,2.896051,2.901000,2.880000,6.000000,0.110986,0.036731,0.036731,0.000000,0.000000,1,1,1.000000,3.200000,3.200000,1,C0,
574.500000,2.899241,2.900000,2.900000,6.000000,0.110891,0.034338,0.034338,0.000000,0.000000,1,1,1.000000,3.200000,3.200000,1,C0,
575.000000,2.902294,2.912000,2.900000,6.000000,0.110793,0.037523,0.037523,0.000000,0.000000,1,1,1.000000,3.200000,3.200000,1,C0,
575.500000,2.905469,2.904000,2.900000,6.000000,0.110699,0.034481,0.034481,0.000000,0.000000,1,1,1.000000,3.200000,3.200000,1,C0,
576.000000,2.908535,2.918000,2.910000,6.000000,0.110601,0.037014,0.037014,0.000000,0.000000,1,1,1.000000,3.200000,3.200000,1,C0,
576.500000,2.911552,2.907000,2.920000,6.000000,0.110507,0.038117,0.038117,0.000000,0.000000,1,1,1.000000,3.200000,3.200000,1,C0,
577.000000,2.914659,2.913000,2.910000,6.000000,0.110414,0.035834,0.035834,0.000000,0.000000,1,1,1.000000,3.200000,3.200000,1,C0,
577.500000,2.917736,2.922000,2.920000,6.000000,0.110318,0.036465,0.036465,0.000000,0.000000,1,1,1.000000,3.200000,3.200000,1,C0,
578.000000,2.920877,2.927000,2.920000,6.000000,0.110223,0.034849,0.034849,0.000000,0.000000,1,1,1.000000,3.200000,3.200000,1,C0,
578.500000,2.923936,2.925000,2.940000,6.000000,0.110127,0.036715,0.036715,0.000000,0.000000,1,1,1.000000,3.200000,3.200000,1,C0,
579.000000,2.927127,2.931000,2.930000,6.000000,0.110033,0.033440,0.033440,0.000000,0.000000,1,1,1.000000,3.200000,3.200000,1,C0,
579.500000,2.930359,2.928000,2.930000,6.000000,0.109935,0.032359,0.032359,0.000000,0.000000,1,1,1.000000,3.200000,3.200000,1,C0,
580.000000,2.933442,2.937000,2.910000,6.000000,0.109835,0.035847,0.035847,0.000000,0.000000,1,1,1.000000,3.200000,3.200000,1,C0,
580.500000,2.936683,2.941000,2.950000,6.000000,0.109740,0.031959,0.031959,0.000000,0.000000,1,1,1.000000,3.200000,3.200000,1,C0,
581.000000,2.939855,2.942000,2.960000,6.000000,0.109641,0.033519,0.033519,0.000000,0.000000,1,1,1.000000,3.200000,3.200000,1,C0,
581.500000,2.942962,2.947000,2.940000,6.000000,0.109543,0.034974,0.034974,0.000000,0.000000,1,1,1.000000,3.200000,3.200000,1,C0,
582.000000,2.945927,2.943000,2.950000,6.000000,0.109447,0.038287,0.038287,0.000000,0.000000,1,1,1.000000,3.200000,3.200000,1,C0,
582.500000,2.948983,2.949000,2.940000,6.000000,0.109356,0.036013,0.036013,0.000000,0.000000,1,1,1.000000,3.200000,3.200000,1,C0,
583.000000,2.951947,2.949000,2.960000,6.000000,0.109262,0.038132,0.038132,0.000000,0.000000,1,1,1.000000,3.200000,3.200000,1,C0,
583.500000,2.955088,2.949000,2.950000,6.000000,0.109171,0.033784,0.033784,0.000000,0.000000,1,1,1.000000,3.200000,3.200000,1,C0,
584.000000,2.958231,2.964000,2.970000,6.000000,0.109074,0.033629,0.033629,0.000000,0.000000,1,1,1.000000,3.200000,3.200000,1,C0,
584.500000,2.961318,2.970000,2.960000,6.000000,0.108977,0.034890,0.034890,0.000000,0.000000,1,1,1.000000,3.200000,3.200000,1,C0,
585.000000,2.964410,2.970000,2.960000,6.000000,0.108883,0.034691,0.034691,0.000000,0.000000,1,1,1.000000,3.200000,3.200000,1,C0,
585.500000,2.967346,2.971000,2.960000,6.000000,0.108787,0.038312,0.038312,0.000000,0.000000,1,1,1.000000,3.200000,3.200000,1,C0,
586.000000,2.970493,2.975000,2.980000,6.000000,0.108697,0.033165,0.033165,0.000000,0.000000,1,1,1.000000,3.200000,3.200000,1,C0,
586.500000,2.973652,2.972000,2.980000,6.000000,0.108600,0.032791,0.032791,0.000000,0.000000,1,1,1.000000,3.200000,3.200000,1,C0,
587.000000,2.976752,2.974000,3.000000,6.000000,0.108503,0.034110,0.034110,0.000000,0.000000,1,1,1.000000,3.200000,3.200000,1,C0,
587.500000,2.979838,2.977000,2.980000,6.000000,0.108408,0.034332,0.034332,0.000000,0.000000,1,1,1.000000,3.200000,3.200000,1,C0,
588.000000,2.983037,2.982000,3.000000,6.000000,0.108313,0.031530,0.031530,0.000000,0.000000,1,1,1.000000,3.200000,3.200000,1,C0,
588.500000,2.986096,2.983000,2.980000,6.000000,0.108214,0.034817,0.034817,0.000000,0.000000,1,1,1.000000,3.200000,3.200000,1,C0,
589.000000,2.989245,2.979000,2.990000,6.000000,0.108120,0.032530,0.032530,0.000000,0.000000,1,1,1.000000,3.200000,3.200000,1,C0,
589.500000,2.992220,2.994000,2.990000,6.000000,0.108023,0.036621,0.036621,0.000000,0.000000,1,1,1.000000,3.200000,3.200000,1,C0,
590.000000,2.995288,2.998000,3.000000,6.000000,0.107932,0.034311,0.034311,0.000000,0.000000,1,1,1.000000,3.200000,3.200000,1,C0,
590.500000,2.998281,2.995000,3.000000,6.000000,0.107837,0.035989,0.035989,0.000000,0.000000,1,1,1.000000,3.200000,3.200000,1,C0,
591.000000,3.001452,2.996000,3.000000,6.000000,0.107745,0.031658,0.031658,0.000000,0.000000,1,1,1.000000,3.200000,3.200000,1,C0,
591.500000,3.004475,3.006000,2.990000,6.000000,0.107648,0.035083,0.035083,0.000000,0.000000,1,1,1.000000,3.200000,3.200000,1,C0,
592.000000,3.007379,3.006000,3.000000,6.000000,0.107555,0.037859,0.037859,0.000000,0.000000,1,1,1.000000,3.200000,3.200000,1,C0,
592.500000,3.010436,3.009000,3.010000,6.000000,0.107465,0.034110,0.034110,0.000000,0.000000,1,1,1.000000,3.200000,3.200000,1,C0,
593.000000,3.013572,3.013000,3.010000,6.000000,0.107371,0.032113,0.032113,0.000000,0.000000,1,1,1.000000,3.200000,3.200000,1,C0,
593.500000,3.016645,3.021000,3.030000,6.000000,0.107275,0.033520,0.033520,0.000000,0.000000,1,1,1.000000,3.200000,3.200000,1,C0,
594.000000,3.019757,3.018000,3.030000,6.000000,0.107180,0.032477,0.032477,0.000000,0.000000,1,1,1.000000,3.200000,3.200000,1,C0,
594.500000,3.022654,3.024000,3.020000,6.000000,0.107084,0.037573,0.037573,0.000000,0.000000,1,1,1.000000,3.200000,3.200000,1,C0,
595.000000,3.025773,3.016000,3.030000,6.000000,0.106995,0.032119,0.032119,0.000000,0.000000,1,1,1.000000,3.200000,3.200000,1,C0,
595.500000,3.028708,3.029000,3.040000,6.000000,0.106899,0.036472,0.036472,0.000000,0.000000,1,1,1.000000,3.200000,3.200000,1,C0,
596.000000,3.031684,3.041000,3.020000,6.000000,0.106809,0.035377,0.035377,0.000000,0.000000,1,1,1.000000,3.200000,3.200000,1,C0,
596.500000,3.034655,3.034000,3.030000,6.000000,0.106717,0.035415,0.035415,0.000000,0.000000,1,1,1.000000,3.200000,3.200000,1,C0,
597.000000,3.037507,3.040000,3.020000,6.000000,0.106626,0.038192,0.038192,0.000000,0.000000,1,1,1.000000,3.200000,3.200000,1,C0,
597.500000,3.040511,3.033000,3.050000,6.000000,0.106538,0.034420,0.034420,0.000000,0.000000,1,1,1.000000,3.200000,3.200000,1,C0,
598.000000,3.043553,3.045000,3.030000,6.000000,0.106446,0.033441,0.033441,0.000000,0.000000,1,1,1.000000,3.200000,3.200000,1,C0,
598.500000,3.046507,3.051000,3.050000,6.000000,0.106352,0.035459,0.035459,0.000000,0.000000,1,1,1.000000,3.200000,3.200000,1,C0,
599.000000,3.049587,3.043000,3.040000,6.000000,0.106261,0.032337,0.032337,0.000000,0.000000,1,1,1.000000,3.200000,3.200000,1,C0,
599.500000,3.052681,3.048000,3.060000,6.000000,0.106167,0.031910,0.031910,0.000000,0.000000,1,1,1.000000,3.200000,3.200000,1,C0,
600.000000,3.055709,3.046000,3.060000,6.000000,0.106071,0.033409,0.033409,0.000000,0.000000,1,1,1.000000,3.200000,3.200000,1,C0,
600.500000,3.058658,3.064000,3.050000,6.000000,0.105978,0.035207,0.035207,0.000000,0.000000,1,1,1.000000,3.200000,3.200000,1,C0,
601.000000,3.061730,3.062000,3.050000,6.000000,0.105887,0.032162,0.032162,0.000000,0.000000,1,1,1.000000,3.200000,3.200000,1,C0,
601.500000,3.064626,3.062000,3.060000,6.000000,0.105793,0.036295,0.036295,0.000000,0.000000,1,1,1.000000,3.200000,3.200000,1,C0,
602.000000,3.067548,3.068000,3.070000,6.000000,0.105704,0.035560,0.035560,0.000000,0.000000,1,1,1.000000,3.200000,3.200000,1,C0,
602.500000,3.070495,3.065000,3.070000,6.000000,0.105614,0.034894,0.034894,0.000000,0.000000,1,1,1.000000,3.200000,3.200000,1,C0,
603.000000,3.073515,3.078000,3.060000,6.000000,0.105523,0.033048,0.033048,0.000000,0.000000,1,1,1.000000,3.200000,3.200000,1,C0,
603.500000,3.076442,3.070000,3.070000,6.000000,0.105430,0.035180,0.035180,0.000000,0.000000,1,1,1.000000,3.200000,3.200000,1,C0,
604.000000,3.079384,3.088000,3.070000,6.000000,0.105340,0.034723,0.034723,0.000000,0.000000,1,1,1.000000,3.200000,3.200000,1,C0,
604.500000,3.082366,3.076000,3.070000,6.000000,0.105250,0.033681,0.033681,0.000000,0.000000,1,1,1.000000,3.200000,3.200000,1,C0,
605.000000,3.085213,3.081000,3.090000,6.000000,0.105158,0.036845,0.036845,0.000000,0.000000,1,1,1.000000,3.200000,3.200000,1,C0,
605.500000,3.088213,3.090000,3.090000,6.000000,0.105070,0.033057,0.033057,0.000000,0.000000,1,1,1.000000,3.200000,3.200000,1,C0,
606.000000,3.091237,3.098000,3.090000,6.000000,0.104978,0.032412,0.032412,0.000000,0.000000,1,1,1.000000,3.200000,3.200000,1,C0,
606.500000,3.094068,3.094000,3.110000,6.000000,0.104885,0.036923,0.036923,0.000000,0.000000,1,1,1.000000,3.200000,3.200000,1,C0,
607.000000,3.096973,3.099000,3.100000,6.000000,0.104798,0.035094,0.035094,0.000000,0.000000,1,1,1.000000,3.200000,3.200000,1,C0,
607.500000,3.099828,3.100000,3.100000,6.000000,0.104709,0.036173,0.036173,0.000000,0.000000,1,1,1.000000,3.200000,3.200000,1,C0,
608.000000,3.102612,3.104000,3.110000,6.000000,0.104621,0.037808,0.037808,0.000000,0.000000,1,1,1.000000,3.200000,3.200000,1,C0,
608.500000,3.105381,3.110000,3.120000,6.000000,0.104535,0.038093,0.038093,0.000000,0.000000,1,1,1.000000,3.200000,3.200000,1,C0,
609.000000,3.108208,3.109000,3.120000,6.000000,0.104450,0.036600,0.036600,0.000000,0.000000,1,1,1.000000,3.200000,3.200000,1,C0,
609.500000,3.111240,3.112000,3.130000,6.000000,0.104363,0.031598,0.031598,0.000000,0.000000,1,1,1.000000,3.200000,3.200000,1,C0,
610.000000,3.114115,3.116000,3.130000,6.000000,0.104270,0.035260,0.035260,0.000000,0.000000,1,1,1.000000,3.200000,3.200000,1,C0,
610.500000,3.116937,3.112000,3.130000,6.000000,0.104181,0.036454,0.036454,0.000000,0.000000,1,1,1.000000,3.200000,3.200000,1,C0,
611.000000,3.119909,3.117000,3.130000,6.000000,0.104094,0.032766,0.032766,0.000000,0.000000,1,1,1.000000,3.200000,3.200000,1,C0,
611.500000,3.122897,3.125000,3.130000,6.000000,0.104003,0.032290,0.032290,0.000000,0.000000,1,1,1.000000,3.200000,3.200000,1,C0,
612.000000,3.125692,3.124000,3.130000,6.000000,0.103911,0.036836,0.036836,0.000000,0.000000,1,1,1.000000,3.200000,3.200000,1,C0,
612.500000,3.128672,3.127000,3.150000,6.000000,0.103825,0.032310,0.032310,0.000000,0.000000,1,1,1.000000,3.200000,3.200000,1,C0,
613.000000,3.131552,3.128000,3.130000,6.000000,0.103733,0.034608,0.034608,0.000000,0.000000,1,1,1.000000,3.200000,3.200000,1,C0,
613.500000,3.134538,3.138000,3.130000,6.000000,0.103645,0.031987,0.031987,0.000000,0.000000,1,1,1.000000,3.200000,3.200000,1,C0,
614.000000,3.137248,3.135000,3.140000,6.000000,0.103553,0.038491,0.038491,0.000000,0.000000,1,1,1.000000,3.200000,3.200000,1,C0,
614.500000,3.140222,3.143000,3.140000,6.000000,0.103469,0.032095,0.032095,0.000000,0.000000,1,1,1.000000,3.200000,3.200000,1,C0,
615.000000,3.142947,3.145000,3.140000,6.000000,0.103378,0.037977,0.037977,0.000000,0.000000,1,1,1.000000,3.200000,3.200000,1,C0,
615.500000,3.145765,3.148000,3.130000,6.000000,0.103294,0.035665,0.035665,0.000000,0.000000,1,1,1.000000,3.200000,3.200000,1,C0,
616.000000,3.148672,3.147000,3.170000,6.000000,0.103207,0.033450,0.033450,0.000000,0.000000,1,1,1.000000,3.200000,3.200000,1,C0,
616.500000,3.151468,3.147000,3.150000,6.000000,0.103118,0.036007,0.036007,0.000000,0.000000,1,1,1.000000,3.200000,3.200000,1,C0,
617.000000,3.154307,3.153000,3.160000,6.000000,0.103032,0.034892,0.034892,0.000000,0.000000,1,1,1.000000,3.200000,3.200000,1,C0,
617.500000,3.157139,3.155000,3.160000,6.000000,0.102944,0.034981,0.034981,0.000000,0.000000,1,1,1.000000,3.200000,3.200000,1,C0,
618.000000,3.160092,3.154000,3.170000,6.000000,0.102857,0.031978,0.031978,0.000000,0.000000,1,1,1.000000,3.200000,3.200000,1,C0,
618.500000,3.163017,3.161000,3.170000,6.000000,0.102766,0.032569,0.032569,0.000000,0.000000,1,1,1.000000,3.200000,3.200000,1,C0,
619.000000,3.165759,3.167000,3.160000,6.000000,0.102676,0.036873,0.036873,0.000000,0.000000,1,1,1.000000,3.200000,3.200000,1,C0,
619.500000,3.168645,3.163000,3.160000,6.000000,0.102592,0.033332,0.033332,0.000000,0.000000,1,1,1.000000,3.200000,3.200000,1,C0,
620.000000,3.171594,3.162000,3.180000,6.000000,0.102503,0.031721,0.031721,0.000000,0.000000,1,1,1.000000,3.200000,3.200000,1,C0,
620.500000,3.174439,3.173000,3.170000,6.000000,0.102412,0.034134,0.034134,0.000000,0.000000,1,1,1.000000,3.200000,3.200000,1,C0,
621.000000,3.177302,3.176000,3.190000,6.000000,0.102325,0.033621,0.033621,0.000000,0.000000,1,1,1.000000,3.200000,3.200000,1,C0,
621.500000,3.180107,3.186000,3.170000,6.000000,0.102237,0.034912,0.034912,0.000000,0.000000,1,1,1.000000,3.200000,3.200000,1,C0,
622.000000,3.182884,3.173000,3.180000,6.000000,0.102151,0.035505,0.035505,0.000000,0.000000,1,1,1.000000,3.200000,3.200000,1,C0,
622.500000,3.185680,3.192000,3.210000,6.000000,0.102065,0.034963,0.034963,0.000000,0.000000,1,1,1.000000,3.200000,3.200000,1,C0,
623.000000,3.188523,3.190000,3.180000,6.000000,0.101979,0.033743,0.033743,0.000000,0.000000,1,1,1.000000,3.200000,3.200000,1,C0,
623.500000,3.191240,3.202000,3.200000,6.000000,0.101892,0.036694,0.036694,0.000000,0.000000,1,1,1.000000,3.200000,3.200000,1,C0,
624.000000,3.194068,3.191000,3.190000,6.000000,0.101808,0.033916,0.033916,0.000000,0.000000,1,1,1.000000,3.200000,3.200000,1,C0,
624.500000,3.196805,3.188000,3.200000,6.000000,0.101721,0.036037,0.036037,0.000000,0.000000,1,1,1.000000,3.200000,3.200000,1,C0,
625.000000,3.199629,3.204000,3.200000,6.000000,0.101637,0.033863,0.033863,0.000000,0.000000,1,1,1.000000,3.200000,3.200000,1,C0,
625.500000,3.202382,3.206000,3.190000,6.000000,0.101550,0.035476,0.035476,0.000000,0.000000,1,1,1.000000,3.200000,3.200000,1,C0,
626.000000,3.205010,3.201000,3.200000,6.000000,0.101465,0.038400,0.038400,0.000000,0.000000,1,1,1.000000,3.200000,3.200000,1,C0,
626.500000,3.207893,3.206000,3.210000,6.000000,0.101384,0.032200,0.032200,0.000000,0.000000,1,1,1.000000,3.200000,3.200000,1,C0,
627.000000,3.210702,3.207000,3.220000,6.000000,0.101296,0.033877,0.033877,0.000000,0.000000,1,1,1.000000,3.200000,3.200000,1,C0,
627.500000,3.213359,3.216000,3.210000,6.000000,0.101209,0.037431,0.037431,0.000000,0.000000,1,1,1.000000,3.200000,3.200000,1,C0,
628.000000,3.216246,3.221000,3.230000,6.000000,0.101127,0.031833,0.031833,0.000000,0.000000,1,1,1.000000,3.200000,3.200000,1,C0,
628.500000,3.219117,3.220000,3.220000,6.000000,0.101039,0.032144,0.032144,0.000000,0.000000,1,1,1.000000,3.200000,3.200000,1,C0,
629.000000,3.221777,3.218000,3.210000,6.000000,0.100950,0.037108,0.037108,0.000000,0.000000,1,1,1.000000,3.200000,3.200000,1,C0,
629.500000,3.224579,3.226000,3.220000,6.000000,0.100868,0.033613,0.033613,0.000000,0.000000,1,1,1.000000,3.200000,3.200000,1,C0,
630.000000,3.227349,3.223000,3.220000,6.000000,0.100782,0.034316,0.034316,0.000000,0.000000,1,1,1.000000,3.200000,3.200000,1,C0,
630.500000,3.230227,3.227000,3.230000,6.000000,0.100697,0.031630,0.031630,0.000000,0.000000,1,1,1.000000,3.200000,3.200000,1,C0,
631.000000,3.232825,3.233000,3.230000,6.000000,0.100608,0.038235,0.038235,0.000000,0.000000,1,1,1.000000,3.200000,3.200000,1,C0,
631.500000,3.235522,3.236000,3.230000,6.000000,0.100528,0.035801,0.035801,0.000000,0.000000,1,1,1.000000,3.200000,3.200000,1,C0,
632.000000,3.238243,3.236000,3.250000,6.000000,0.100445,0.035156,0.035156,0.000000,0.000000,1,1,1.000000,3.200000,3.200000,1,C0,
632.500000,3.241025,3.237000,3.240000,6.000000,0.100362,0.033602,0.033602,0.000000,0.000000,1,1,1.000000,3.200000,3.200000,1,C0,
633.000000,3.243831,3.236000,3.240000,6.000000,0.100276,0.032925,0.032925,0.000000,0.000000,1,1,1.000000,3.200000,3.200000,1,C0,
633.500000,3.246518,3.244000,3.250000,6.000000,0.100190,0.035709,0.035709,0.000000,0.000000,1,1,1.000000,3.200000,3.200000,1,C0,
634.000000,3.249135,3.243000,3.250000,6.000000,0.100107,0.037291,0.037291,0.000000,0.000000,1,1,1.000000,3.200000,3.200000,1,C0,
634.500000,3.251979,3.253000,3.270000,6.000000,0.100027,0.031759,0.031759,0.000000,0.000000,1,1,1.000000,3.200000,3.200000,1,C0,
635.000000,3.254639,3.259000,3.250000,6.000000,0.099939,0.036111,0.036111,0.000000,0.000000,1,1,1.000000,3.200000,3.200000,1,C0,
635.500000,3.257481,3.259000,3.250000,6.000000,0.099857,0.031639,0.031639,0.000000,0.000000,1,1,1.000000,3.200000,3.200000,1,C0,
636.000000,3.260063,3.256000,3.260000,6.000000,0.099770,0.037804,0.037804,0.000000,0.000000,1,1,1.000000,3.200000,3.200000,1,C0,
636.500000,3.262629,3.262000,3.270000,6.000000,0.099690,0.038102,0.038102,0.000000,0.000000,1,1,1.000000,3.200000,3.200000,1,C0,
637.000000,3.265195,3.256000,3.260000,6.000000,0.099611,0.038031,0.038031,0.000000,0.000000,1,1,1.000000,3.200000,3.200000,1,C0,
637.500000,3.267956,3.271000,3.280000,6.000000,0.099532,0.033263,0.033263,0.000000,0.000000,1,1,1.000000,3.200000,3.200000,1,C0,
638.000000,3.270692,3.266000,3.260000,6.000000,0.099447,0.033805,0.033805,0.000000,0.000000,1,1,1.000000,3.200000,3.200000,1,C0,
638.500000,3.273396,3.275000,3.270000,6.000000,0.099363,0.034460,0.034460,0.000000,0.000000,1,1,1.000000,3.200000,3.200000,1,C0,
639.000000,3.276146,3.271000,3.290000,6.000000,0.099280,0.033280,0.033280,0.000000,0.000000,1,1,1.000000,3.200000,3.200000,1,C0,
639.500000,3.278874,3.272000,3.270000,6.000000,0.099196,0.033715,0.033715,0.000000,0.000000,1,1,1.000000,3.200000,3.200000,1,C0,
640.000000,3.281418,3.276000,3.280000,6.000000,0.099112,0.038059,0.038059,0.000000,0.000000,1,1,1.000000,3.200000,3.200000,1,C0,
640.500000,3.283950,3.276000,3.260000,6.000000,0.099033,0.038268,0.038268,0.000000,0.000000,1,1,1.000000,3.200000,3.200000,1,C0,
641.000000,3.286559,3.287000,3.280000,6.000000,0.098955,0.036335,0.036335,0.000000,0.000000,1,1,1.000000,3.200000,3.200000,1,C0,
641.500000,3.289087,3.283000,3.300000,6.000000,0.098875,0.038209,0.038209,0.000000,0.000000,1,1,1.000000,3.200000,3.200000,1,C0,
642.000000,3.291641,3.283000,3.310000,6.000000,0.098797,0.037504,0.037504,0.000000,0.000000,1,1,1.000000,3.200000,3.200000,1,C0,
642.500000,3.294367,3.302000,3.300000,6.000000,0.098719,0.033289,0.033289,0.000000,0.000000,1,1,1.000000,3.200000,3.200000,1,C0,
643.000000,3.296905,3.303000,3.290000,6.000000,0.098635,0.037732,0.037732,0.000000,0.000000,1,1,1.000000,3.200000,3.200000,1,C0,
643.500000,3.299580,3.309000,3.280000,6.000000,0.098557,0.034344,0.034344,0.000000,0.000000,1,1,1.000000,3.200000,3.200000,1,C0,
644.000000,3.302233,3.294000,3.280000,6.000000,0.098474,0.034798,0.034798,0.000000,0.000000,1,1,1.000000,3.200000,3.200000,1,C0,
644.500000,3.304781,3.308000,3.300000,6.000000,0.098393,0.037242,0.037242,0.000000,0.000000,1,1,1.000000,3.200000,3.200000,1,C0,
645.000000,3.307390,3.311000,3.310000,6.000000,0.098314,0.035715,0.035715,0.000000,0.000000,1,1,1.000000,3.200000,3.200000,1,C0,
645.500000,3.310155,3.306000,3.300000,6.000000,0.098234,0.031865,0.031865,0.000000,0.000000,1,1,1.000000,3.200000,3.200000,1,C0,
646.000000,3.312815,3.310000,3.320000,6.000000,0.098149,0.034305,0.034305,0.000000,0.000000,1,1,1.000000,3.200000,3.200000,1,C0,
646.500000,3.315438,3.325000,3.300000,6.000000,0.098067,0.035115,0.035115,0.000000,0.000000,1,1,1.000000,3.200000,3.200000,1,C0,
647.000000,3.318009,3.319000,3.320000,6.000000,0.097987,0.036300,0.036300,0.000000,0.000000,1,1,1.000000,3.200000,3.200000,1,C0,
647.500000,3.320700,3.317000,3.310000,6.000000,0.097907,0.033325,0.033325,0.000000,0.000000,1,1,1.000000,3.200000,3.200000,1,C0,
648.000000,3.323342,3.328000,3.320000,6.000000,0.097825,0.034401,0.034401,0.000000,0.000000,1,1,1.000000,3.200000,3.200000,1,C0,
648.500000,3.326037,3.337000,3.310000,6.000000,0.097743,0.033071,0.033071,0.000000,0.000000,1,1,1.000000,3.200000,3.200000,1,C0,
649.000000,3.328529,3.332000,3.320000,6.000000,0.097660,0.037848,0.037848,0.000000,0.000000,1,1,1.000000,3.200000,3.200000,1,C0,
649.500000,3.331166,3.328000,3.340000,6.000000,0.097584,0.034307,0.034307,0.000000,0.000000,1,1,1.000000,3.200000,3.200000,1,C0,
650.000000,3.333639,3.340000,3.340000,6.000000,0.097503,0.038131,0.038131,0.000000,0.000000,1,1,1.000000,3.200000,3.200000,1,C0,
650.500000,3.336254,3.335000,3.330000,6.000000,0.097426,0.034676,0.034676,0.000000,0.000000,1,1,1.000000,3.200000,3.200000,1,C0,
651.000000,3.338746,3.340000,3.340000,6.000000,0.097346,0.037534,0.037534,0.000000,0.000000,1,1,1.000000,3.200000,3.200000,1,C0,
651.500000,3.341237,3.328000,3.360000,6.000000,0.097269,0.037494,0.037494,0.000000,0.000000,1,1,1.000000,3.200000,3.200000,1,C0,
652.000000,3.343852,3.341000,3.350000,6.000000,0.097193,0.034428,0.034428,0.000000,0.000000,1,1,1.000000,3.200000,3.200000,1,C0,
652.500000,3.346406,3.350000,3.340000,6.000000,0.097112,0.035824,0.035824,0.000000,0.000000,1,1,1.000000,3.200000,3.200000,1,C0,
653.000000,3.349133,3.352000,3.330000,6.000000,0.097034,0.031572,0.031572,0.000000,0.000000,1,1,1.000000,3.200000,3.200000,1,C0,
653.500000,3.351652,3.350000,3.360000,6.000000,0.096950,0.036493,0.036493,0.000000,0.000000,1,1,1.000000,3.200000,3.200000,1,C0,
654.000000,3.354359,3.353000,3.340000,6.000000,0.096872,0.031911,0.031911,0.000000,0.000000,1,1,1.000000,3.200000,3.200000,1,C0,
654.500000,3.356805,3.363000,3.350000,6.000000,0.096789,0.038075,0.038075,0.000000,0.000000,1,1,1.000000,3.200000,3.200000,1,C0,
655.000000,3.359449,3.356000,3.370000,6.000000,0.096714,0.033276,0.033276,0.000000,0.000000,1,1,1.000000,3.200000,3.200000,1,C0,
655.500000,3.361880,3.356000,3.370000,6.000000,0.096632,0.038276,0.038276,0.000000,0.000000,1,1,1.000000,3.200000,3.200000,1,C0,
656.000000,3.364319,3.366000,3.380000,6.000000,0.096558,0.038012,0.038012,0.000000,0.000000,1,1,1.000000,3.200000,3.200000,1,C0,
656.500000,3.366986,3.368000,3.380000,6.000000,0.096482,0.032493,0.032493,0.000000,0.000000,1,1,1.000000,3.200000,3.200000,1,C0,
657.000000,3.369446,3.369000,3.390000,6.000000,0.096400,0.037344,0.037344,0.000000,0.000000,1,1,1.000000,3.200000,3.200000,1,C0,
657.500000,3.371969,3.372000,3.390000,6.000000,0.096325,0.035791,0.035791,0.000000,0.000000,1,1,1.000000,3.200000,3.200000,1,C0,
658.000000,3.374574,3.383000,3.390000,6.000000,0.096247,0.033709,0.033709,0.000000,0.000000,1,1,1.000000,3.200000,3.200000,1,C0,
658.500000,3.377077,3.378000,3.380000,6.000000,0.096167,0.036102,0.036102,0.000000,0.000000,1,1,1.000000,3.200000,3.200000,1,C0,
659.000000,3.379758,3.379000,3.390000,6.000000,0.096090,0.031751,0.031751,0.000000,0.000000,1,1,1.000000,3.200000,3.200000,1,C0,
659.500000,3.382175,3.387000,3.370000,6.000000,0.096007,0.037990,0.037990,0.000000,0.000000,1,1,1.000000,3.200000,3.200000,1,C0,
660.000000,3.384716,3.390000,3.390000,6.000000,0.095933,0.034951,0.034951,0.000000,0.000000,1,1,1.000000,3.200000,3.200000,1,C0,
660.500000,3.387144,3.388000,3.390000,6.000000,0.095855,0.037577,0.037577,0.000000,0.000000,1,1,1.000000,3.200000,3.200000,1,C0,
661.000000,3.389563,3.384000,3.390000,6.000000,0.095780,0.037736,0.037736,0.000000,0.000000,1,1,1.000000,3.200000,3.200000,1,C0,
661.500000,3.392072,3.390000,3.380000,6.000000,0.095706,0.035496,0.035496,0.000000,0.000000,1,1,1.000000,3.200000,3.200000,1,C0,
662.000000,3.394485,3.402000,3.390000,6.000000,0.095629,0.037712,0.037712,0.000000,0.000000,1,1,1.000000,3.200000,3.200000,1,C0,
662.500000,3.396982,3.406000,3.400000,6.000000,0.095554,0.035632,0.035632,0.000000,0.000000,1,1,1.000000,3.200000,3.200000,1,C0,
663.000000,3.399405,3.396000,3.400000,6.000000,0.095477,0.037315,0.037315,0.000000,0.000000,1,1,1.000000,3.200000,3.200000,1,C0,
663.500000,3.402066,3.409000,3.400000,6.000000,0.095403,0.031541,0.031541,0.000000,0.000000,1,1,1.000000,3.200000,3.200000,1,C0,
664.000000,3.404512,3.403000,3.400000,6.000000,0.095321,0.036621,0.036621,0.000000,0.000000,1,1,1.000000,3.200000,3.200000,1,C0,
664.500000,3.407154,3.404000,3.410000,6.000000,0.095246,0.031841,0.031841,0.000000,0.000000,1,1,1.000000,3.200000,3.200000,1,C0,
665.000000,3.409529,3.406000,3.430000,6.000000,0.095164,0.038163,0.038163,0.000000,0.000000,1,1,1.000000,3.200000,3.200000,1,C0,
665.500000,3.411926,3.420000,3.430000,6.000000,0.095091,0.037559,0.037559,0.000000,0.000000,1,1,1.000000,3.200000,3.200000,1,C0,
666.000000,3.414489,3.415000,3.420000,6.000000,0.095018,0.033495,0.033495,0.000000,0.000000,1,1,1.000000,3.200000,3.200000,1,C0,
666.500000,3.417007,3.419000,3.410000,6.000000,0.094939,0.034527,0.034527,0.000000,0.000000,1,1,1.000000,3.200000,3.200000,1,C0,
667.000000,3.419453,3.422000,3.420000,6.000000,0.094861,0.036159,0.036159,0.000000,0.000000,1,1,1.000000,3.200000,3.200000,1,C0,
667.500000,3.421951,3.417000,3.400000,6.000000,0.094786,0.034835,0.034835,0.000000,0.000000,1,1,1.000000,3.200000,3.200000,1,C0,
668.000000,3.424405,3.420000,3.430000,6.000000,0.094709,0.035797,0.035797,0.000000,0.000000,1,1,1.000000,3.200000,3.200000,1,C0,
668.500000,3.426901,3.428000,3.440000,6.000000,0.094634,0.034745,0.034745,0.000000,0.000000,1,1,1.000000,3.200000,3.200000,1,C0,
669.000000,3.429344,3.425000,3.440000,6.000000,0.094557,0.035907,0.035907,0.000000,0.000000,1,1,1.000000,3.200000,3.200000,1,C0,
669.500000,3.431829,3.433000,3.420000,6.000000,0.094482,0.034843,0.034843,0.000000,0.000000,1,1,1.000000,3.200000,3.200000,1,C0,
670.000000,3.434298,3.434000,3.440000,6.000000,0.094405,0.035162,0.035162,0.000000,0.000000,1,1,1.000000,3.200000,3.200000,1,C0,
670.500000,3.436884,3.435000,3.430000,6.000000,0.094329,0.032253,0.032253,0.000000,0.000000,1,1,1.000000,3.200000,3.200000,1,C0,
671.000000,3.439425,3.439000,3.440000,6.000000,0.094250,0.033274,0.033274,0.000000,0.000000,1,1,1.000000,3.200000,3.200000,1,C0,
671.500000,3.441843,3.443000,3.440000,6.000000,0.094172,0.036131,0.036131,0.000000,0.000000,1,1,1.000000,3.200000,3.200000,1,C0,
672.000000,3.444196,3.442000,3.450000,6.000000,0.094097,0.037637,0.037637,0.000000,0.000000,1,1,1.000000,3.200000,3.200000,1,C0,
672.500000,3.446619,3.445000,3.440000,6.000000,0.094025,0.035867,0.035867,0.000000,0.000000,1,1,1.000000,3.200000,3.200000,1,C0,
673.000000,3.449167,3.449000,3.450000,6.000000,0.093950,0.032796,0.032796,0.000000,0.000000,1,1,1.000000,3.200000,3.200000,1,C0,
673.500000,3.451610,3.454000,3.460000,6.000000,0.093872,0.035241,0.035241,0.000000,0.000000,1,1,1.000000,3.200000,3.200000,1,C0,
674.000000,3.454004,3.463000,3.450000,6.000000,0.093797,0.036343,0.036343,0.000000,0.000000,1,1,1.000000,3.200000,3.200000,1,C0,
674.500000,3.456416,3.461000,3.440000,6.000000,0.093723,0.035829,0.035829,0.000000,0.000000,1,1,1.000000,3.200000,3.200000,1,C0,
675.000000,3.458891,3.458000,3.460000,6.000000,0.093649,0.034265,0.034265,0.000000,0.000000,1,1,1.000000,3.200000,3.200000,1,C0,
675.500000,3.461472,3.471000,3.480000,6.000000,0.093573,0.031611,0.031611,0.000000,0.000000,1,1,1.000000,3.200000,3.200000,1,C0,
676.000000,3.463866,3.457000,3.460000,6.000000,0.093493,0.036048,0.036048,0.000000,0.000000,1,1,1.000000,3.200000,3.200000,1,C0,
676.500000,3.466358,3.461000,3.470000,6.000000,0.093420,0.033606,0.033606,0.000000,0.000000,1,1,1.000000,3.200000,3.200000,1,C0,
677.000000,3.468890,3.465000,3.470000,6.000000,0.093343,0.032567,0.032567,0.000000,0.000000,1,1,1.000000,3.200000,3.200000,1,C0,
677.500000,3.471293,3.473000,3.470000,6.000000,0.093265,0.035597,0.035597,0.000000,0.000000,1,1,1.000000,3.200000,3.200000,1,C0,
678.000000,3.473861,3.468000,3.470000,6.000000,0.093191,0.031555,0.031555,0.000000,0.000000,1,1,1.000000,3.200000,3.200000,1,C0,
678.500000,3.476214,3.471000,3.490000,6.000000,0.093112,0.036660,0.036660,0.000000,0.000000,1,1,1.000000,3.200000,3.200000,1,C0,
679.000000,3.478636,3.473000,3.460000,6.000000,0.093040,0.034903,0.034903,0.000000,0.000000,1,1,1.000000,3.200000,3.200000,1,C0,
679.500000,3.481055,3.480000,3.490000,6.000000,0.092965,0.034915,0.034915,0.000000,0.000000,1,1,1.000000,3.200000,3.200000,1,C0,
680.000000,3.483594,3.488000,3.490000,6.000000,0.092891,0.031945,0.031945,0.000000,0.000000,1,1,1.000000,3.200000,3.200000,1,C0,
680.500000,3.485875,3.481000,3.490000,6.000000,0.092812,0.038073,0.038073,0.000000,0.000000,1,1,1.000000,3.200000,3.200000,1,C0,
681.000000,3.488371,3.486000,3.510000,6.000000,0.092742,0.032845,0.032845,0.000000,0.000000,1,1,1.000000,3.200000,3.200000,1,C0,
681.500000,3.490820,3.483000,3.490000,6.000000,0.092666,0.033874,0.033874,0.000000,0.000000,1,1,1.000000,3.200000,3.200000,1,C0,
682.000000,3.493280,3.490000,3.480000,6.000000,0.092590,0.033554,0.033554,0.000000,0.000000,1,1,1.000000,3.200000,3.200000,1,C0,
682.500000,3.495608,3.498000,3.480000,6.000000,0.092514,0.036642,0.036642,0.000000,0.000000,1,1,1.000000,3.200000,3.200000,1,C0,
683.000000,3.498065,3.498000,3.500000,6.000000,0.092443,0.033477,0.033477,0.000000,0.000000,1,1,1.000000,3.200000,3.200000,1,C0,
683.500000,3.500425,3.505000,3.500000,6.000000,0.092367,0.035740,0.035740,0.000000,0.000000,1,1,1.000000,3.200000,3.200000,1,C0,
684.000000,3.502897,3.504000,3.500000,6.000000,0.092295,0.032966,0.032966,0.000000,0.000000,1,1,1.000000,3.200000,3.200000,1,C0,
684.500000,3.505380,3.510000,3.510000,6.000000,0.092219,0.032610,0.032610,0.000000,0.000000,1,1,1.000000,3.200000,3.200000,1,C0,
685.000000,3.507781,3.506000,3.520000,6.000000,0.092142,0.034514,0.034514,0.000000,0.000000,1,1,1.000000,3.200000,3.200000,1,C0,
685.500000,3.510206,3.509000,3.500000,6.000000,0.092068,0.033882,0.033882,0.000000,0.000000,1,1,1.000000,3.200000,3.200000,1,C0,
686.000000,3.512682,3.510000,3.500000,6.000000,0.091994,0.032558,0.032558,0.000000,0.000000,1,1,1.000000,3.200000,3.200000,1,C0,
686.500000,3.514929,3.510000,3.510000,6.000000,0.091917,0.037986,0.037986,0.000000,0.000000,1,1,1.000000,3.200000,3.200000,1,C0,
687.000000,3.517413,3.511000,3.510000,6.000000,0.091848,0.032241,0.032241,0.000000,0.000000,1,1,1.000000,3.200000,3.200000,1,C0,
687.500000,3.519912,3.525000,3.500000,6.000000,0.091772,0.031794,0.031794,0.000000,0.000000,1,1,1.000000,3.200000,3.200000,1,C0,
688.000000,3.522374,3.521000,3.520000,6.000000,0.091695,0.032599,0.032599,0.000000,0.000000,1,1,1.000000,3.200000,3.200000,1,C0,
688.500000,3.524850,3.522000,3.540000,6.000000,0.091619,0.032195,0.032195,0.000000,0.000000,1,1,1.000000,3.200000,3.200000,1,C0,
689.000000,3.527224,3.520000,3.550000,6.000000,0.091543,0.034574,0.034574,0.000000,0.000000,1,1,1.000000,3.200000,3.200000,1,C0,
689.500000,3.529623,3.528000,3.540000,6.000000,0.091470,0.033889,0.033889,0.000000,0.000000,1,1,1.000000,3.200000,3.200000,1,C0,
690.000000,3.532014,3.531000,3.520000,6.000000,0.091396,0.034025,0.034025,0.000000,0.000000,1,1,1.000000,3.200000,3.200000,1,C0,
690.500000,3.534440,3.536000,3.540000,6.000000,0.091323,0.033097,0.033097,0.000000,0.000000,1,1,1.000000,3.200000,3.200000,1,C0,
691.000000,3.536681,3.538000,3.540000,6.000000,0.091248,0.037467,0.037467,0.000000,0.000000,1,1,1.000000,3.200000,3.200000,1,C0,
691.500000,3.539165,3.543000,3.540000,6.000000,0.091179,0.031570,0.031570,0.000000,0.000000,1,1,1.000000,3.200000,3.200000,1,C0,
692.000000,3.541362,3.542000,3.530000,6.000000,0.091103,0.038374,0.038374,0.000000,0.000000,1,1,1.000000,3.200000,3.200000,1,C0,
692.500000,3.543655,3.545000,3.530000,6.000000,0.091035,0.035990,0.035990,0.000000,0.000000,1,1,1.000000,3.200000,3.200000,1,C0,
693.000000,3.545940,3.542000,3.550000,6.000000,0.090964,0.036123,0.036123,0.000000,0.000000,1,1,1.000000,3.200000,3.200000,1,C0,
693.500000,3.548253,3.545000,3.550000,6.000000,0.090894,0.035375,0.035375,0.000000,0.000000,1,1,1.000000,3.200000,3.200000,1,C0,
694.000000,3.550644,3.540000,3.540000,6.000000,0.090823,0.033458,0.033458,0.000000,0.000000,1,1,1.000000,3.200000,3.200000,1,C0,
694.500000,3.553053,3.545000,3.540000,6.000000,0.090749,0.032936,0.032936,0.000000,0.000000,1,1,1.000000,3.200000,3.200000,1,C0,
695.000000,3.555259,3.556000,3.560000,6.000000,0.090675,0.037714,0.037714,0.000000,0.000000,1,1,1.000000,3.200000,3.200000,1,C0,
695.500000,3.557711,3.554000,3.550000,6.000000,0.090607,0.031759,0.031759,0.000000,0.000000,1,1,1.000000,3.200000,3.200000,1,C0,
696.000000,3.559882,3.559000,3.560000,6.000000,0.090532,0.038443,0.038443,0.000000,0.000000,1,1,1.000000,3.200000,3.200000,1,C0,
696.500000,3.562118,3.563000,3.550000,6.000000,0.090465,0.036799,0.036799,0.000000,0.000000,1,1,1.000000,3.200000,3.200000,1,C0,
697.000000,3.564501,3.566000,3.560000,6.000000,0.090396,0.033189,0.033189,0.000000,0.000000,1,1,1.000000,3.200000,3.200000,1,C0,
697.500000,3.566935,3.562000,3.570000,6.000000,0.090323,0.031920,0.031920,0.000000,0.000000,1,1,1.000000,3.200000,3.200000,1,C0,
698.000000,3.569193,3.572000,3.560000,6.000000,0.090248,0.036057,0.036057,0.000000,0.000000,1,1,1.000000,3.200000,3.200000,1,C0,
698.500000,3.571351,3.576000,3.560000,6.000000,0.090179,0.038381,0.038381,0.000000,0.000000,1,1,1.000000,3.200000,3.200000,1,C0,
699.000000,3.573610,3.567000,3.580000,6.000000,0.090112,0.035894,0.035894,0.000000,0.000000,1,1,1.000000,3.200000,3.200000,1,C0,
699.500000,3.575821,3.574000,3.560000,6.000000,0.090043,0.036994,0.036994,0.000000,0.000000,1,1,1.000000,3.200000,3.200000,1,C0,
700.000000,3.578185,3.575000,3.570000,6.000000,0.089975,0.033233,0.033233,0.000000,0.000000,1,1,1.000000,3.200000,3.200000,1,C0,
700.500000,3.580590,3.578000,3.580000,6.000000,0.089902,0.032186,0.032186,0.000000,0.000000,1,1,1.000000,3.200000,3.200000,1,C0,
701.000000,3.582761,3.577000,3.590000,6.000000,0.089828,0.037720,0.037720,0.000000,0.000000,1,1,1.000000,3.200000,3.200000,1,C0,
701.500000,3.585017,3.580000,3.600000,6.000000,0.089761,0.035618,0.035618,0.000000,0.000000,1,1,1.000000,3.200000,3.200000,1,C0,
702.000000,3.587318,3.577000,3.590000,6.000000,0.089692,0.034464,0.034464,0.000000,0.000000,1,1,1.000000,3.200000,3.200000,1,C0,
702.500000,3.589499,3.591000,3.580000,6.000000,0.089621,0.037267,0.037267,0.000000,0.000000,1,1,1.000000,3.200000,3.200000,1,C0,
703.000000,3.591713,3.593000,3.600000,6.000000,0.089554,0.036432,0.036432,0.000000,0.000000,1,1,1.000000,3.200000,3.200000,1,C0,
703.500000,3.593911,3.598000,3.590000,6.000000,0.089486,0.036725,0.036725,0.000000,0.000000,1,1,1.000000,3.200000,3.200000,1,C0,
704.000000,3.596205,3.601000,3.600000,6.000000,0.089418,0.034360,0.034360,0.000000,0.000000,0,0,1.000000,3.200000,3.200000,1,C0,
704.500000,3.594784,3.599000,3.600000,6.000000,0.000000,0.034100,0.034100,0.000000,0.000000,0,0,1.000000,3.200000,3.200000,1,C0,
705.000000,3.593430,3.592000,3.580000,6.000000,0.000000,0.032495,0.032495,0.000000,0.000000,0,0,1.000000,3.200000,3.200000,1,C0,
705.500000,3.592055,3.594000,3.600000,6.000000,0.000000,0.033009,0.033009,0.000000,0.000000,0,0,1.000000,3.200000,3.200000,1,C0,
706.000000,3.590489,3.585000,3.580000,6.000000,0.000000,0.037593,0.037593,0.000000,0.000000,0,0,1.000000,3.200000,3.200000,1,C0,
706.500000,3.588948,3.581000,3.580000,6.000000,0.000000,0.036969,0.036969,0.000000,0.000000,0,0,1.000000,3.200000,3.200000,1,C0,
707.000000,3.587489,3.582000,3.590000,6.000000,0.000000,0.035033,0.035033,0.000000,0.000000,0,0,1.000000,3.200000,3.200000,1,C0,
707.500000,3.586081,3.588000,3.590000,6.000000,0.000000,0.033777,0.033777,0.000000,0.000000,0,0,1.000000,3.200000,3.200000,1,C0,
708.000000,3.584653,3.572000,3.570000,6.000000,0.000000,0.034268,0.034268,0.000000,0.000000,0,0,1.000000,3.200000,3.200000,1,C0,
708.500000,3.583152,3.588000,3.580000,6.000000,0.000000,0.036021,0.036021,0.000000,0.000000,0,0,1.000000,3.200000,3.200000,1,C0,
709.000000,3.581634,3.579000,3.580000,6.000000,0.000000,0.036452,0.036452,0.000000,0.000000,0,0,1.000000,3.200000,3.200000,1,C0,
709.500000,3.580141,3.579000,3.580000,6.000000,0.000000,0.035831,0.035831,0.000000,0.000000,0,0,1.000000,3.200000,3.200000,1,C0,
710.000000,3.578689,3.581000,3.580000,6.000000,0.000000,0.034831,0.034831,0.000000,0.000000,0,0,1.000000,3.200000,3.200000,1,C0,
710.500000,3.577371,3.578000,3.560000,6.000000,0.000000,0.031633,0.031633,0.000000,0.000000,0,0,1.000000,3.200000,3.200000,1,C0,
711.000000,3.575929,3.578000,3.580000,6.000000,0.000000,0.034610,0.034610,0.000000,0.000000,0,0,1.000000,3.200000,3.200000,1,C0,
711.500000,3.574365,3.580000,3.580000,6.000000,0.000000,0.037534,0.037534,0.000000,0.000000,0,0,1.000000,3.200000,3.200000,1,C0,
712.000000,3.572960,3.573000,3.580000,6.000000,0.000000,0.033722,0.033722,0.000000,0.000000,0,0,1.000000,3.200000,3.200000,1,C0,
712.500000,3.571606,3.572000,3.580000,6.000000,0.000000,0.032508,0.032508,0.000000,0.000000,0,0,1.000000,3.200000,3.200000,1,C0,
713.000000,3.570244,3.567000,3.570000,6.000000,0.000000,0.032684,0.032684,0.000000,0.000000,0,0,1.000000,3.200000,3.200000,1,C0,
713.500000,3.568818,3.567000,3.580000,6.000000,0.000000,0.034230,0.034230,0.000000,0.000000,0,0,1.000000,3.200000,3.200000,1,C0,
714.000000,3.567264,3.570000,3.550000,6.000000,0.000000,0.037294,0.037294,0.000000,0.000000,0,0,1.000000,3.200000,3.200000,1,C0,
714.500000,3.565808,3.566000,3.570000,6.000000,0.000000,0.034951,0.034951,0.000000,0.000000,0,0,1.000000,3.200000,3.200000,1,C0,
715.000000,3.564359,3.560000,3.570000,6.000000,0.000000,0.034754,0.034754,0.000000,0.000000,0,0,1.000000,3.200000,3.200000,1,C0,
715.500000,3.562788,3.561000,3.560000,6.000000,0.000000,0.037703,0.037703,0.000000,0.000000,0,0,1.000000,3.200000,3.200000,1,C0,
716.000000,3.561314,3.562000,3.560000,6.000000,0.000000,0.035383,0.035383,0.000000,0.000000,0,0,1.000000,3.200000,3.200000,1,C0,
716.500000,3.559816,3.564000,3.580000,6.000000,0.000000,0.035951,0.035951,0.000000,0.000000,0,0,1.000000,3.200000,3.200000,1,C0,
717.000000,3.558276,3.553000,3.550000,6.000000,0.000000,0.036974,0.036974,0.000000,0.000000,0,0,1.000000,3.200000,3.200000,1,C0,
717.500000,3.556963,3.548000,3.580000,6.000000,0.000000,0.031507,0.031507,0.000000,0.000000,0,0,1.000000,3.200000,3.200000,1,C0,
718.000000,3.555650,3.561000,3.540000,6.000000,0.000000,0.031504,0.031504,0.000000,0.000000,0,0,1.000000,3.200000,3.200000,1,C0,
718.500000,3.554227,3.550000,3.550000,6.000000,0.000000,0.034161,0.034161,0.000000,0.000000,0,0,1.000000,3.200000,3.200000,1,C0,
719.000000,3.552901,3.552000,3.560000,6.000000,0.000000,0.031818,0.031818,0.000000,0.000000,0,0,1.000000,3.200000,3.200000,1,C0,
719.500000,3.551553,3.556000,3.560000,6.000000,0.000000,0.032361,0.032361,0.000000,0.000000,0,0,1.000000,3.200000,3.200000,1,C0,
720.000000,3.550062,3.554000,3.540000,6.000000,0.000000,0.035773,0.035773,0.000000,0.000000,0,0,1.000000,3.200000,3.200000,1,C0,
720.500000,3.548673,3.549000,3.580000,6.000000,0.000000,0.033330,0.033330,0.000000,0.000000,0,0,1.000000,3.200000,3.200000,1,C0,
721.000000,3.547261,3.541000,3.550000,6.000000,0.000000,0.033891,0.033891,0.000000,0.000000,0,0,1.000000,3.200000,3.200000,1,C0,
721.500000,3.545760,3.551000,3.540000,6.000000,0.000000,0.036025,0.036025,0.000000,0.000000,0,0,1.000000,3.200000,3.200000,1,C0,
722.000000,3.544327,3.550000,3.530000,6.000000,0.000000,0.034392,0.034392,0.000000,0.000000,0,0,1.000000,3.200000,3.200000,1,C0,
722.500000,3.542785,3.542000,3.550000,6.000000,0.000000,0.037011,0.037011,0.000000,0.000000,0,0,1.000000,3.200000,3.200000,1,C0,
723.000000,3.541277,3.539000,3.520000,6.000000,0.000000,0.036201,0.036201,0.000000,0.000000,0,0,1.000000,3.200000,3.200000,1,C0,
723.500000,3.539860,3.544000,3.540000,6.000000,0.000000,0.034006,0.034006,0.000000,0.000000,0,0,1.000000,3.200000,3.200000,1,C0,
724.000000,3.538412,3.543000,3.540000,6.000000,0.000000,0.034739,0.034739,0.000000,0.000000,0,0,1.000000,3.200000,3.200000,1,C0,
724.500000,3.537018,3.541000,3.540000,6.000000,0.000000,0.033468,0.033468,0.000000,0.000000,0,0,1.000000,3.200000,3.200000,1,C0,
725.000000,3.535617,3.535000,3.540000,6.000000,0.000000,0.033622,0.033622,0.000000,0.000000,0,0,1.000000,3.200000,3.200000,1,C0,
725.500000,3.534223,3.541000,3.540000,6.000000,0.000000,0.033465,0.033465,0.000000,0.000000,0,0,1.000000,3.200000,3.200000,1,C0,
726.000000,3.532671,3.525000,3.530000,6.000000,0.000000,0.037248,0.037248,0.000000,0.000000,0,0,1.000000,3.200000,3.200000,1,C0,
726.500000,3.531197,3.528000,3.520000,6.000000,0.000000,0.035362,0.035362,0.000000,0.000000,0,0,1.000000,3.200000,3.200000,1,C0,
727.000000,3.529866,3.531000,3.540000,6.000000,0.000000,0.031958,0.031958,0.000000,0.000000,0,0,1.000000,3.200000,3.200000,1,C0,
727.500000,3.528487,3.520000,3.540000,6.000000,0.000000,0.033096,0.033096,0.000000,0.000000,0,0,1.000000,3.200000,3.200000,1,C0,
728.000000,3.526885,3.525000,3.540000,6.000000,0.000000,0.038444,0.038444,0.000000,0.000000,0,0,1.000000,3.200000,3.200000,1,C0,
728.500000,3.525440,3.532000,3.520000,6.000000,0.000000,0.034677,0.034677,0.000000,0.000000,0,0,1.000000,3.200000,3.200000,1,C0,
729.000000,3.523854,3.509000,3.540000,6.000000,0.000000,0.038071,0.038071,0.000000,0.000000,0,0,1.000000,3.200000,3.200000,1,C0,
729.500000,3.522405,3.517000,3.520000,6.000000,0.000000,0.034766,0.034766,0.000000,0.000000,0,0,1.000000,3.200000,3.200000,1,C0,
730.000000,3.521011,3.516000,3.520000,6.000000,0.000000,0.033446,0.033446,0.000000,0.000000,0,0,1.000000,3.200000,3.200000,1,C0,
730.500000,3.519675,3.519000,3.490000,6.000000,0.000000,0.032073,0.032073,0.000000,0.000000,0,0,1.000000,3.200000,3.200000,1,C0,
731.000000,3.518239,3.522000,3.530000,6.000000,0.000000,0.034467,0.034467,0.000000,0.000000,0,0,1.000000,3.200000,3.200000,1,C0,
731.500000,3.516744,3.521000,3.500000,6.000000,0.000000,0.035882,0.035882,0.000000,0.000000,0,0,1.000000,3.200000,3.200000,1,C0,
732.000000,3.515249,3.513000,3.520000,6.000000,0.000000,0.035884,0.035884,0.000000,0.000000,0,0,1.000000,3.200000,3.200000,1,C0,
732.500000,3.513837,3.518000,3.490000,6.000000,0.000000,0.033886,0.033886,0.000000,0.000000,0,0,1.000000,3.200000,3.200000,1,C0,
733.000000,3.512298,3.506000,3.500000,6.000000,0.000000,0.036930,0.036930,0.000000,0.000000,0,0,1.000000,3.200000,3.200000,1,C0,
733.500000,3.510961,3.512000,3.530000,6.000000,0.000000,0.032099,0.032099,0.000000,0.000000,0,0,1.000000,3.200000,3.200000,1,C0,
734.000000,3.509629,3.517000,3.510000,6.000000,0.000000,0.031955,0.031955,0.000000,0.000000,0,0,1.000000,3.200000,3.200000,1,C0,
734.500000,3.508134,3.515000,3.510000,6.000000,0.000000,0.035883,0.035883,0.000000,0.000000,0,0,1.000000,3.200000,3.200000,1,C0,
735.000000,3.506710,3.514000,3.520000,6.000000,0.000000,0.034170,0.034170,0.000000,0.000000,0,0,1.000000,3.200000,3.200000,1,C0,
735.500000,3.505205,3.510000,3.490000,6.000000,0.000000,0.036118,0.036118,0.000000,0.000000,0,0,1.000000,3.200000,3.200000,1,C0,
736.000000,3.503712,3.497000,3.490000,6.000000,0.000000,0.035835,0.035835,0.000000,0.000000,0,0,1.000000,3.200000,3.200000,1,C0,
736.500000,3.502304,3.503000,3.500000,6.000000,0.000000,0.033797,0.033797,0.000000,0.000000,0,0,1.000000,3.200000,3.200000,1,C0,
737.000000,3.500761,3.503000,3.490000,6.000000,0.000000,0.037026,0.037026,0.000000,0.000000,0,0,1.000000,3.200000,3.200000,1,C0,
737.500000,3.499326,3.498000,3.520000,6.000000,0.000000,0.034447,0.034447,0.000000,0.000000,0,0,1.000000,3.200000,3.200000,1,C0,
738.000000,3.497996,3.496000,3.490000,6.000000,0.000000,0.031923,0.031923,0.000000,0.000000,0,0,1.000000,3.200000,3.200000,1,C0,
738.500000,3.496592,3.503000,3.500000,6.000000,0.000000,0.033678,0.033678,0.000000,0.000000,0,0,1.000000,3.200000,3.200000,1,C0,
739.000000,3.495180,3.495000,3.490000,6.000000,0.000000,0.033900,0.033900,0.000000,0.000000,0,0,1.000000,3.200000,3.200000,1,C0,
739.500000,3.493851,3.484000,3.490000,6.000000,0.000000,0.031901,0.031901,0.000000,0.000000,0,0,1.000000,3.200000,3.200000,1,C0,
740.000000,3.492481,3.496000,3.480000,6.000000,0.000000,0.032868,0.032868,0.000000,0.000000,0,0,1.000000,3.200000,3.200000,1,C0,
740.500000,3.490974,3.486000,3.490000,6.000000,0.000000,0.036175,0.036175,0.000000,0.000000,0,0,1.000000,3.200000,3.200000,1,C0,
741.000000,3.489493,3.496000,3.490000,6.000000,0.000000,0.035549,0.035549,0.000000,0.000000,0,0,1.000000,3.200000,3.200000,1,C0,
741.500000,3.488048,3.488000,3.490000,6.000000,0.000000,0.034680,0.034680,0.000000,0.000000,0,0,1.000000,3.200000,3.200000,1,C0,
742.000000,3.486670,3.488000,3.500000,6.000000,0.000000,0.033061,0.033061,0.000000,0.000000,0,0,1.000000,3.200000,3.200000,1,C0,
742.500000,3.485080,3.481000,3.490000,6.000000,0.000000,0.038168,0.038168,0.000000,0.000000,0,0,1.000000,3.200000,3.200000,1,C0,
743.000000,3.483479,3.482000,3.480000,6.000000,0.000000,0.038429,0.038429,0.000000,0.000000,0,0,1.000000,3.200000,3.200000,1,C0,
743.500000,3.482081,3.484000,3.480000,6.000000,0.000000,0.033534,0.033534,0.000000,0.000000,0,0,1.000000,3.200000,3.200000,1,C0,
744.000000,3.480760,3.482000,3.470000,6.000000,0.000000,0.031708,0.031708,0.000000,0.000000,0,0,1.000000,3.200000,3.200000,1,C0,
744.500000,3.479349,3.476000,3.480000,6.000000,0.000000,0.033879,0.033879,0.000000,0.000000,0,0,1.000000,3.200000,3.200000,1,C0,
745.000000,3.477771,3.485000,3.490000,6.000000,0.000000,0.037875,0.037875,0.000000,0.000000,0,0,1.000000,3.200000,3.200000,1,C0,
745.500000,3.476426,3.480000,3.490000,6.000000,0.000000,0.032277,0.032277,0.000000,0.000000,0,0,1.000000,3.200000,3.200000,1,C0,
746.000000,3.474920,3.488000,3.470000,6.000000,0.000000,0.036126,0.036126,0.000000,0.000000,0,0,1.000000,3.200000,3.200000,1,C0,
746.500000,3.473352,3.476000,3.470000,6.000000,0.000000,0.037649,0.037649,0.000000,0.000000,0,0,1.000000,3.200000,3.200000,1,C0,
747.000000,3.471983,3.468000,3.460000,6.000000,0.000000,0.032842,0.032842,0.000000,0.000000,0,0,1.000000,3.200000,3.200000,1,C0,
747.500000,3.470599,3.477000,3.480000,6.000000,0.000000,0.033212,0.033212,0.000000,0.000000,0,0,1.000000,3.200000,3.200000,1,C0,
748.000000,3.469057,3.468000,3.450000,6.000000,0.000000,0.037027,0.037027,0.000000,0.000000,0,0,1.000000,3.200000,3.200000,1,C0,
748.500000,3.467496,3.478000,3.470000,6.000000,0.000000,0.037461,0.037461,0.000000,0.000000,0,0,1.000000,3.200000,3.200000,1,C0,
749.000000,3.466046,3.465000,3.470000,6.000000,0.000000,0.034795,0.034795,0.000000,0.000000,0,0,1.000000,3.200000,3.200000,1,C0,
749.500000,3.464545,3.459000,3.470000,6.000000,0.000000,0.036016,0.036016,0.000000,0.000000,0,0,1.000000,3.200000,3.200000,1,C0,
750.000000,3.463124,3.460000,3.460000,6.000000,0.000000,0.034117,0.034117,0.000000,0.000000,0,0,1.000000,3.200000,3.200000,1,C0,
750.500000,3.461694,3.468000,3.460000,6.000000,0.000000,0.034307,0.034307,0.000000,0.000000,0,0,1.000000,3.200000,3.200000,1,C0,
751.000000,3.460323,3.464000,3.480000,6.000000,0.000000,0.032921,0.032921,0.000000,0.000000,0,0,1.000000,3.200000,3.200000,1,C0,
751.500000,3.458844,3.463000,3.460000,6.000000,0.000000,0.035500,0.035500,0.000000,0.000000,0,0,1.000000,3.200000,3.200000,1,C0,
752.000000,3.457507,3.453000,3.450000,6.000000,0.000000,0.032088,0.032088,0.000000,0.000000,0,0,1.000000,3.200000,3.200000,1,C0,
752.500000,3.456013,3.451000,3.470000,6.000000,0.000000,0.035848,0.035848,0.000000,0.000000,0,0,1.000000,3.200000,3.200000,1,C0,
753.000000,3.454608,3.452000,3.470000,6.000000,0.000000,0.033719,0.033719,0.000000,0.000000,0,0,1.000000,3.200000,3.200000,1,C0,
753.500000,3.453191,3.462000,3.450000,6.000000,0.000000,0.034014,0.034014,0.000000,0.000000,0,0,1.000000,3.200000,3.200000,1,C0,
754.000000,3.451649,3.454000,3.450000,6.000000,0.000000,0.037001,0.037001,0.000000,0.000000,0,0,1.000000,3.200000,3.200000,1,C0,
754.500000,3.450278,3.452000,3.470000,6.000000,0.000000,0.032902,0.032902,0.000000,0.000000,0,0,1.000000,3.200000,3.200000,1,C0,
755.000000,3.448766,3.448000,3.450000,6.000000,0.000000,0.036285,0.036285,0.000000,0.000000,0,0,1.000000,3.200000,3.200000,1,C0,
755.500000,3.447234,3.447000,3.450000,6.000000,0.000000,0.036767,0.036767,0.000000,0.000000,0,0,1.000000,3.200000,3.200000,1,C0,
756.000000,3.445682,3.447000,3.450000,6.000000,0.000000,0.037256,0.037256,0.000000,0.000000,0,0,1.000000,3.200000,3.200000,1,C0,
756.500000,3.444178,3.438000,3.440000,6.000000,0.000000,0.036087,0.036087,0.000000,0.000000,0,0,1.000000,3.200000,3.200000,1,C0,
757.000000,3.442750,3.444000,3.440000,6.000000,0.000000,0.034283,0.034283,0.000000,0.000000,0,0,1.000000,3.200000,3.200000,1,C0,
757.500000,3.441208,3.442000,3.450000,6.000000,0.000000,0.037002,0.037002,0.000000,0.000000,0,0,1.000000,3.200000,3.200000,1,C0,
758.000000,3.439804,3.443000,3.430000,6.000000,0.000000,0.033692,0.033692,0.000000,0.000000,0,0,1.000000,3.200000,3.200000,1,C0,
758.500000,3.438361,3.434000,3.440000,6.000000,0.000000,0.034650,0.034650,0.000000,0.000000,0,0,1.000000,3.200000,3.200000,1,C0,
759.000000,3.436773,3.446000,3.430000,6.000000,0.000000,0.038103,0.038103,0.000000,0.000000,0,0,1.000000,3.200000,3.200000,1,C0,
759.500000,3.435338,3.433000,3.420000,6.000000,0.000000,0.034434,0.034434,0.000000,0.000000,0,0,1.000000,3.200000,3.200000,1,C0,
760.000000,3.433931,3.443000,3.430000,6.000000,0.000000,0.033783,0.033783,0.000000,0.000000,0,0,1.000000,3.200000,3.200000,1,C0,
760.500000,3.432340,3.429000,3.420000,6.000000,0.000000,0.038168,0.038168,0.000000,0.000000,0,0,1.000000,3.200000,3.200000,1,C0,
761.000000,3.430775,3.434000,3.440000,6.000000,0.000000,0.037569,0.037569,0.000000,0.000000,0,0,1.000000,3.200000,3.200000,1,C0,
761.500000,3.429407,3.434000,3.440000,6.000000,0.000000,0.032818,0.032818,0.000000,0.000000,0,0,1.000000,3.200000,3.200000,1,C0,
762.000000,3.428068,3.433000,3.430000,6.000000,0.000000,0.032153,0.032153,0.000000,0.000000,0,0,1.000000,3.200000,3.200000,1,C0,
762.500000,3.426613,3.427000,3.420000,6.000000,0.000000,0.034920,0.034920,0.000000,0.000000,0,0,1.000000,3.200000,3.200000,1,C0,
763.000000,3.425232,3.424000,3.430000,6.000000,0.000000,0.033131,0.033131,0.000000,0.000000,0,0,1.000000,3.200000,3.200000,1,C0,
763.500000,3.423870,3.427000,3.430000,6.000000,0.000000,0.032703,0.032703,0.000000,0.000000,0,0,1.000000,3.200000,3.200000,1,C0,
764.000000,3.422401,3.421000,3.420000,6.000000,0.000000,0.035255,0.035255,0.000000,0.000000,0,0,1.000000,3.200000,3.200000,1,C0,
764.500000,3.421050,3.423000,3.410000,6.000000,0.000000,0.032410,0.032410,0.000000,0.000000,0,0,1.000000,3.200000,3.200000,1,C0,
765.000000,3.419562,3.426000,3.420000,6.000000,0.000000,0.035726,0.035726,0.000000,0.000000,0,0,1.000000,3.200000,3.200000,1,C0,
765.500000,3.418169,3.421000,3.420000,6.000000,0.000000,0.033428,0.033428,0.000000,0.000000,0,0,1.000000,3.200000,3.200000,1,C0,
766.000000,3.416621,3.406000,3.410000,6.000000,0.000000,0.037153,0.037153,0.000000,0.000000,0,0,1.000000,3.200000,3.200000,1,C0,
766.500000,3.415140,3.415000,3.410000,6.000000,0.000000,0.035533,0.035533,0.000000,0.000000,0,0,1.000000,3.200000,3.200000,1,C0,
767.000000,3.413623,3.413000,3.400000,6.000000,0.000000,0.036402,0.036402,0.000000,0.000000,0,0,1.000000,3.200000,3.200000,1,C0,
767.500000,3.412260,3.412000,3.400000,6.000000,0.000000,0.032726,0.032726,0.000000,0.000000,0,0,1.000000,3.200000,3.200000,1,C0,
768.000000,3.410682,3.413000,3.430000,6.000000,0.000000,0.037876,0.037876,0.000000,0.000000,0,0,1.000000,3.200000,3.200000,1,C0,
768.500000,3.409299,3.412000,3.400000,6.000000,0.000000,0.033178,0.033178,0.000000,0.000000,0,0,1.000000,3.200000,3.200000,1,C0,
769.000000,3.407720,3.405000,3.420000,6.000000,0.000000,0.037914,0.037914,0.000000,0.000000,0,0,1.000000,3.200000,3.200000,1,C0,
769.500000,3.406118,3.391000,3.410000,6.000000,0.000000,0.038447,0.038447,0.000000,0.000000,0,0,1.000000,3.200000,3.200000,1,C0,
770.000000,3.404582,3.402000,3.420000,6.000000,0.000000,0.036866,0.036866,0.000000,0.000000,0,0,1.000000,3.200000,3.200000,1,C0,
770.500000,3.403134,3.410000,3.390000,6.000000,0.000000,0.034735,0.034735,0.000000,0.000000,0,0,1.000000,3.200000,3.200000,1,C0,
771.000000,3.401604,3.405000,3.400000,6.000000,0.000000,0.036722,0.036722,0.000000,0.000000,0,0,1.000000,3.200000,3.200000,1,C0,
771.500000,3.400024,3.396000,3.400000,6.000000,0.000000,0.037920,0.037920,0.000000,0.000000,0,0,1.000000,3.200000,3.200000,1,C0,
772.000000,3.398552,3.399000,3.410000,6.000000,0.000000,0.035339,0.035339,0.000000,0.000000,0,0,1.000000,3.200000,3.200000,1,C0,
772.500000,3.396994,3.397000,3.400000,6.000000,0.000000,0.037391,0.037391,0.000000,0.000000,0,0,1.000000,3.200000,3.200000,1,C0,
773.000000,3.395525,3.394000,3.380000,6.000000,0.000000,0.035243,0.035243,0.000000,0.000000,0,0,1.000000,3.200000,3.200000,1,C0,
773.500000,3.394168,3.392000,3.400000,6.000000,0.000000,0.032574,0.032574,0.000000,0.000000,0,0,1.000000,3.200000,3.200000,1,C0,
774.000000,3.392792,3.390000,3.380000,6.000000,0.000000,0.033013,0.033013,0.000000,0.000000,0,0,1.000000,3.200000,3.200000,1,C0,
774.500000,3.391271,3.395000,3.390000,6.000000,0.000000,0.036515,0.036515,0.000000,0.000000,0,0,1.000000,3.200000,3.200000,1,C0,
775.000000,3.389957,3.391000,3.390000,6.000000,0.000000,0.031533,0.031533,0.000000,0.000000,0,0,1.000000,3.200000,3.200000,1,C0,
775.500000,3.388575,3.393000,3.390000,6.000000,0.000000,0.033170,0.033170,0.000000,0.000000,0,0,1.000000,3.200000,3.200000,1,C0,
776.000000,3.387207,3.385000,3.380000,6.000000,0.000000,0.032845,0.032845,0.000000,0.000000,0,0,1.000000,3.200000,3.200000,1,C0,
776.500000,3.385652,3.387000,3.390000,6.000000,0.000000,0.037313,0.037313,0.000000,0.000000,0,0,1.000000,3.200000,3.200000,1,C0,
777.000000,3.384244,3.381000,3.400000,6.000000,0.000000,0.033790,0.033790,0.000000,0.000000,0,0,1.000000,3.200000,3.200000,1,C0,
777.500000,3.382658,3.385000,3.390000,6.000000,0.000000,0.038072,0.038072,0.000000,0.000000,0,0,1.000000,3.200000,3.200000,1,C0,
778.000000,3.381228,3.379000,3.380000,6.000000,0.000000,0.034315,0.034315,0.000000,0.000000,0,0,1.000000,3.200000,3.200000,1,C0,
778.500000,3.379678,3.377000,3.380000,6.000000,0.000000,0.037206,0.037206,0.000000,0.000000,0,0,1.000000,3.200000,3.200000,1,C0,
779.000000,3.378277,3.367000,3.390000,6.000000,0.000000,0.033611,0.033611,0.000000,0.000000,0,0,1.000000,3.200000,3.200000,1,C0,
779.500000,3.376676,3.378000,3.370000,6.000000,0.000000,0.038434,0.038434,0.000000,0.000000,0,0,1.000000,3.200000,3.200000,1,C0,
780.000000,3.375077,3.373000,3.370000,6.000000,0.000000,0.038370,0.038370,0.000000,0.000000,0,0,1.000000,3.200000,3.200000,1,C0,
780.500000,3.373668,3.367000,3.390000,6.000000,0.000000,0.033824,0.033824,0.000000,0.000000,0,0,1.000000,3.200000,3.200000,1,C0,
781.000000,3.372214,3.369000,3.370000,6.000000,0.000000,0.034875,0.034875,0.000000,0.000000,0,0,1.000000,3.200000,3.200000,1,C0,
781.500000,3.370715,3.371000,3.370000,6.000000,0.000000,0.035984,0.035984,0.000000,0.000000,0,0,1.000000,3.200000,3.200000,1,C0,
782.000000,3.369223,3.373000,3.350000,6.000000,0.000000,0.035814,0.035814,0.000000,0.000000,0,0,1.000000,3.200000,3.200000,1,C0,
782.500000,3.367730,3.372000,3.370000,6.000000,0.000000,0.035838,0.035838,0.000000,0.000000,0,0,1.000000,3.200000,3.200000,1,C0,
783.000000,3.366357,3.377000,3.350000,6.000000,0.000000,0.032931,0.032931,0.000000,0.000000,0,0,1.000000,3.200000,3.200000,1,C0,
783.500000,3.364829,3.363000,3.350000,6.000000,0.000000,0.036675,0.036675,0.000000,0.000000,0,0,1.000000,3.200000,3.200000,1,C0,
784.000000,3.363365,3.371000,3.370000,6.000000,0.000000,0.035146,0.035146,0.000000,0.000000,0,0,1.000000,3.200000,3.200000,1,C0,
784.500000,3.361805,3.360000,3.360000,6.000000,0.000000,0.037429,0.037429,0.000000,0.000000,0,0,1.000000,3.200000,3.200000,1,C0,
785.000000,3.360299,3.360000,3.350000,6.000000,0.000000,0.036155,0.036155,0.000000,0.000000,0,0,1.000000,3.200000,3.200000,1,C0,
785.500000,3.358875,3.357000,3.360000,6.000000,0.000000,0.034170,0.034170,0.000000,0.000000,0,0,1.000000,3.200000,3.200000,1,C0,
786.000000,3.357542,3.360000,3.360000,6.000000,0.000000,0.031990,0.031990,0.000000,0.000000,0,0,1.000000,3.200000,3.200000,1,C0,
786.500000,3.356203,3.348000,3.350000,6.000000,0.000000,0.032142,0.032142,0.000000,0.000000,0,0,1.000000,3.200000,3.200000,1,C0,
787.000000,3.354868,3.354000,3.350000,6.000000,0.000000,0.032047,0.032047,0.000000,0.000000,0,0,1.000000,3.200000,3.200000,1,C0,
787.500000,3.353504,3.354000,3.360000,6.000000,0.000000,0.032735,0.032735,0.000000,0.000000,0,0,1.000000,3.200000,3.200000,1,C0,
788.000000,3.352112,3.353000,3.350000,6.000000,0.000000,0.033403,0.033403,0.000000,0.000000,0,0,1.000000,3.200000,3.200000,1,C0,
788.500000,3.350751,3.345000,3.330000,6.000000,0.000000,0.032674,0.032674,0.000000,0.000000,0,0,1.000000,3.200000,3.200000,1,C0,
789.000000,3.349199,3.349000,3.360000,6.000000,0.000000,0.037237,0.037237,0.000000,0.000000,0,0,1.000000,3.200000,3.200000,1,C0,
789.500000,3.347665,3.354000,3.360000,6.000000,0.000000,0.036812,0.036812,0.000000,0.000000,0,0,1.000000,3.200000,3.200000,1,C0,
790.000000,3.346278,3.341000,3.360000,6.000000,0.000000,0.033301,0.033301,0.000000,0.000000,0,0,1.000000,3.200000,3.200000,1,C0,
790.500000,3.344944,3.349000,3.350000,6.000000,0.000000,0.032004,0.032004,0.000000,0.000000,0,0,1.000000,3.200000,3.200000,1,C0,
791.000000,3.343628,3.336000,3.340000,6.000000,0.000000,0.031590,0.031590,0.000000,0.000000,0,0,1.000000,3.200000,3.200000,1,C0,
791.500000,3.342041,3.347000,3.340000,6.000000,0.000000,0.038082,0.038082,0.000000,0.000000,0,0,1.000000,3.200000,3.200000,1,C0,
792.000000,3.340557,3.339000,3.340000,6.000000,0.000000,0.035618,0.035618,0.000000,0.000000,0,0,1.000000,3.200000,3.200000,1,C0,
792.500000,3.339080,3.341000,3.360000,6.000000,0.000000,0.035459,0.035459,0.000000,0.000000,0,0,1.000000,3.200000,3.200000,1,C0,
793.000000,3.337556,3.332000,3.320000,6.000000,0.000000,0.036556,0.036556,0.000000,0.000000,0,0,1.000000,3.200000,3.200000,1,C0,
793.500000,3.336054,3.343000,3.340000,6.000000,0.000000,0.036056,0.036056,0.000000,0.000000,0,0,1.000000,3.200000,3.200000,1,C0,
794.000000,3.334504,3.329000,3.320000,6.000000,0.000000,0.037192,0.037192,0.000000,0.000000,0,0,1.000000,3.200000,3.200000,1,C0,
794.500000,3.333116,3.326000,3.350000,6.000000,0.000000,0.033329,0.033329,0.000000,0.000000,0,0,1.000000,3.200000,3.200000,1,C0,
795.000000,3.331526,3.332000,3.320000,6.000000,0.000000,0.038162,0.038162,0.000000,0.000000,0,0,1.000000,3.200000,3.200000,1,C0,
795.500000,3.329946,3.325000,3.320000,6.000000,0.000000,0.037918,0.037918,0.000000,0.000000,0,0,1.000000,3.200000,3.200000,1,C0,
796.000000,3.328578,3.320000,3.340000,6.000000,0.000000,0.032822,0.032822,0.000000,0.000000,0,0,1.000000,3.200000,3.200000,1,C0,
796.500000,3.326983,3.324000,3.340000,6.000000,0.000000,0.038274,0.038274,0.000000,0.000000,0,0,1.000000,3.200000,3.200000,1,C0,
797.000000,3.325415,3.325000,3.310000,6.000000,0.000000,0.037635,0.037635,0.000000,0.000000,0,0,1.000000,3.200000,3.200000,1,C0,
797.500000,3.324002,3.329000,3.320000,6.000000,0.000000,0.033911,0.033911,0.000000,0.000000,0,0,1.000000,3.200000,3.200000,1,C0,
798.000000,3.322600,3.332000,3.320000,6.000000,0.000000,0.033657,0.033657,0.000000,0.000000,0,0,1.000000,3.200000,3.200000,1,C0,
798.500000,3.321084,3.314000,3.320000,6.000000,0.000000,0.036374,0.036374,0.000000,0.000000,0,0,1.000000,3.200000,3.200000,1,C0,
799.000000,3.319663,3.319000,3.340000,6.000000,0.000000,0.034123,0.034123,0.000000,0.000000,0,0,1.000000,3.200000,3.200000,1,C0,
799.500000,3.318219,3.319000,3.320000,6.000000,0.000000,0.034655,0.034655,0.000000,0.000000,0,0,1.000000,3.200000,3.200000,1,C0,
800.000000,3.316685,3.316000,3.320000,6.000000,0.000000,0.036814,0.036814,0.000000,0.000000,0,0,1.000000,3.200000,3.200000,1,C0,
800.500000,3.315190,3.317000,3.320000,6.000000,0.000000,0.035871,0.035871,0.000000,0.000000,0,0,1.000000,3.200000,3.200000,1,C0,
801.000000,3.313797,3.310000,3.320000,6.000000,0.000000,0.033437,0.033437,0.000000,0.000000,0,0,1.000000,3.200000,3.200000,1,C0,
801.500000,3.312455,3.320000,3.310000,6.000000,0.000000,0.032206,0.032206,0.000000,0.000000,0,0,1.000000,3.200000,3.200000,1,C0,
802.000000,3.310854,3.316000,3.310000,6.000000,0.000000,0.038413,0.038413,0.000000,0.000000,0,0,1.000000,3.200000,3.200000,1,C0,
802.500000,3.309254,3.310000,3.310000,6.000000,0.000000,0.038408,0.038408,0.000000,0.000000,0,0,1.000000,3.200000,3.200000,1,C0,
803.000000,3.307816,3.301000,3.310000,6.000000,0.000000,0.034506,0.034506,0.000000,0.000000,0,0,1.000000,3.200000,3.200000,1,C0,
803.500000,3.306229,3.304000,3.310000,6.000000,0.000000,0.038087,0.038087,0.000000,0.000000,0,0,1.000000,3.200000,3.200000,1,C0,
804.000000,3.304821,3.309000,3.290000,6.000000,0.000000,0.033812,0.033812,0.000000,0.000000,0,0,1.000000,3.200000,3.200000,1,C0,
804.500000,3.303249,3.308000,3.300000,6.000000,0.000000,0.037716,0.037716,0.000000,0.000000,0,0,1.000000,3.200000,3.200000,1,C0,
805.000000,3.301733,3.304000,3.290000,6.000000,0.000000,0.036395,0.036395,0.000000,0.000000,0,0,1.000000,3.200000,3.200000,1,C0,
805.500000,3.300281,3.298000,3.300000,6.000000,0.000000,0.034826,0.034826,0.000000,0.000000,0,0,1.000000,3.200000,3.200000,1,C0,
806.000000,3.298732,3.303000,3.300000,6.000000,0.000000,0.037188,0.037188,0.000000,0.000000,0,0,1.000000,3.200000,3.200000,1,C0,
806.500000,3.297325,3.291000,3.310000,6.000000,0.000000,0.033779,0.033779,0.000000,0.000000,0,0,1.000000,3.200000,3.200000,1,C0,
807.000000,3.295988,3.286000,3.280000,6.000000,0.000000,0.032070,0.032070,0.000000,0.000000,0,0,1.000000,3.200000,3.200000,1,C0,
807.500000,3.294426,3.301000,3.300000,6.000000,0.000000,0.037500,0.037500,0.000000,0.000000,0,0,1.000000,3.200000,3.200000,1,C0,
808.000000,3.293072,3.287000,3.280000,6.000000,0.000000,0.032502,0.032502,0.000000,0.000000,0,0,1.000000,3.200000,3.200000,1,C0,
808.500000,3.291722,3.293000,3.280000,6.000000,0.000000,0.032395,0.032395,0.000000,0.000000,0,0,1.000000,3.200000,3.200000,1,C0,
809.000000,3.290154,3.293000,3.300000,6.000000,0.000000,0.037624,0.037624,0.000000,0.000000,0,0,1.000000,3.200000,3.200000,1,C0,
809.500000,3.288771,3.291000,3.290000,6.000000,0.000000,0.033186,0.033186,0.000000,0.000000,0,0,1.000000,3.200000,3.200000,1,C0,
810.000000,3.287332,3.287000,3.280000,6.000000,0.000000,0.034544,0.034544,0.000000,0.000000,0,0,1.000000,3.200000,3.200000,1,C0,
810.500000,3.285796,3.287000,3.290000,6.000000,0.000000,0.036864,0.036864,0.000000,0.000000,0,0,1.000000,3.200000,3.200000,1,C0,
811.000000,3.284448,3.289000,3.280000,6.000000,0.000000,0.032362,0.032362,0.000000,0.000000,0,0,1.000000,3.200000,3.200000,1,C0,
811.500000,3.282933,3.291000,3.270000,6.000000,0.000000,0.036342,0.036342,0.000000,0.000000,0,0,1.000000,3.200000,3.200000,1,C0,
812.000000,3.281433,3.276000,3.270000,6.000000,0.000000,0.036008,0.036008,0.000000,0.000000,0,0,1.000000,3.200000,3.200000,1,C0,
812.500000,3.279933,3.271000,3.270000,6.000000,0.000000,0.035995,0.035995,0.000000,0.000000,0,0,1.000000,3.200000,3.200000,1,C0,
813.000000,3.278587,3.280000,3.260000,6.000000,0.000000,0.032310,0.032310,0.000000,0.000000,0,0,1.000000,3.200000,3.200000,1,C0,
813.500000,3.277057,3.281000,3.260000,6.000000,0.000000,0.036712,0.036712,0.000000,0.000000,0,0,1.000000,3.200000,3.200000,1,C0,
814.000000,3.275577,3.277000,3.270000,6.000000,0.000000,0.035538,0.035538,0.000000,0.000000,0,0,1.000000,3.200000,3.200000,1,C0,
814.500000,3.273978,3.272000,3.260000,6.000000,0.000000,0.038359,0.038359,0.000000,0.000000,0,0,1.000000,3.200000,3.200000,1,C0,
815.000000,3.272514,3.270000,3.280000,6.000000,0.000000,0.035138,0.035138,0.000000,0.000000,0,0,1.000000,3.200000,3.200000,1,C0,
815.500000,3.271067,3.278000,3.260000,6.000000,0.000000,0.034724,0.034724,0.000000,0.000000,0,0,1.000000,3.200000,3.200000,1,C0,
816.000000,3.269622,3.267000,3.250000,6.000000,0.000000,0.034690,0.034690,0.000000,0.000000,0,0,1.000000,3.200000,3.200000,1,C0,
816.500000,3.268104,3.265000,3.270000,6.000000,0.000000,0.036421,0.036421,0.000000,0.000000,0,0,1.000000,3.200000,3.200000,1,C0,
817.000000,3.266501,3.265000,3.260000,6.000000,0.000000,0.038478,0.038478,0.000000,0.000000,0,0,1.000000,3.200000,3.200000,1,C0,
817.500000,3.264983,3.255000,3.280000,6.000000,0.000000,0.036429,0.036429,0.000000,0.000000,0,0,1.000000,3.200000,3.200000,1,C0,
818.000000,3.263609,3.263000,3.260000,6.000000,0.000000,0.032974,0.032974,0.000000,0.000000,0,0,1.000000,3.200000,3.200000,1,C0,
818.500000,3.262044,3.265000,3.280000,6.000000,0.000000,0.037558,0.037558,0.000000,0.000000,0,0,1.000000,3.200000,3.200000,1,C0,
819.000000,3.260540,3.269000,3.260000,6.000000,0.000000,0.036115,0.036115,0.000000,0.000000,0,0,1.000000,3.200000,3.200000,1,C0,
819.500000,3.259029,3.267000,3.270000,6.000000,0.000000,0.036245,0.036245,0.000000,0.000000,0,0,1.000000,3.200000,3.200000,1,C0,
820.000000,3.257634,3.257000,3.250000,6.000000,0.000000,0.033481,0.033481,0.000000,0.000000,0,0,1.000000,3.200000,3.200000,1,C0,
820.500000,3.256284,3.256000,3.240000,6.000000,0.000000,0.032416,0.032416,0.000000,0.000000,0,0,1.000000,3.200000,3.200000,1,C0,
821.000000,3.254764,3.252000,3.270000,6.000000,0.000000,0.036467,0.036467,0.000000,0.000000,0,0,1.000000,3.200000,3.200000,1,C0,
821.500000,3.253367,3.256000,3.240000,6.000000,0.000000,0.033538,0.033538,0.000000,0.000000,0,0,1.000000,3.200000,3.200000,1,C0,
822.000000,3.252052,3.251000,3.230000,6.000000,0.000000,0.031564,0.031564,0.000000,0.000000,0,0,1.000000,3.200000,3.200000,1,C0,
822.500000,3.250696,3.256000,3.230000,6.000000,0.000000,0.032533,0.032533,0.000000,0.000000,0,0,1.000000,3.200000,3.200000,1,C0,
823.000000,3.249356,3.252000,3.260000,6.000000,0.000000,0.032172,0.032172,0.000000,0.000000,0,0,1.000000,3.200000,3.200000,1,C0,
823.500000,3.247853,3.237000,3.240000,6.000000,0.000000,0.036051,0.036051,0.000000,0.000000,0,0,1.000000,3.200000,3.200000,1,C0,
824.000000,3.246531,3.247000,3.220000,6.000000,0.000000,0.031738,0.031738,0.000000,0.000000,0,0,1.000000,3.200000,3.200000,1,C0,
824.500000,3.245028,3.240000,3.230000,6.000000,0.000000,0.036070,0.036070,0.000000,0.000000,0,0,1.000000,3.200000,3.200000,1,C0,
825.000000,3.243489,3.248000,3.260000,6.000000,0.000000,0.036944,0.036944,0.000000,0.000000,0,0,1.000000,3.200000,3.200000,1,C0,
825.500000,3.242069,3.244000,3.240000,6.000000,0.000000,0.034071,0.034071,0.000000,0.000000,0,0,1.000000,3.200000,3.200000,1,C0,
826.000000,3.240608,3.247000,3.240000,6.000000,0.000000,0.035068,0.035068,0.000000,0.000000,0,0,1.000000,3.200000,3.200000,1,C0,
826.500000,3.239078,3.240000,3.240000,6.000000,0.000000,0.036718,0.036718,0.000000,0.000000,0,0,1.000000,3.200000,3.200000,1,C0,
827.000000,3.237639,3.236000,3.250000,6.000000,0.000000,0.034536,0.034536,0.000000,0.000000,0,0,1.000000,3.200000,3.200000,1,C0,
827.500000,3.236095,3.240000,3.240000,6.000000,0.000000,0.037067,0.037067,0.000000,0.000000,0,0,1.000000,3.200000,3.200000,1,C0,
828.000000,3.234626,3.237000,3.230000,6.000000,0.000000,0.035255,0.035255,0.000000,0.000000,0,0,1.000000,3.200000,3.200000,1,C0,
828.500000,3.233105,3.234000,3.210000,6.000000,0.000000,0.036496,0.036496,0.000000,0.000000,0,0,1.000000,3.200000,3.200000,1,C0,
829.000000,3.231531,3.234000,3.240000,6.000000,0.000000,0.037783,0.037783,0.000000,0.000000,0,0,1.000000,3.200000,3.200000,1,C0,
829.500000,3.229985,3.232000,3.240000,6.000000,0.000000,0.037104,0.037104,0.000000,0.000000,0,0,1.000000,3.200000,3.200000,1,C0,
830.000000,3.228508,3.229000,3.230000,6.000000,0.000000,0.035437,0.035437,0.000000,0.000000,0,0,1.000000,3.200000,3.200000,1,C0,
830.500000,3.227090,3.222000,3.230000,6.000000,0.000000,0.034045,0.034045,0.000000,0.000000,0,0,1.000000,3.200000,3.200000,1,C0,
831.000000,3.225689,3.231000,3.210000,6.000000,0.000000,0.033604,0.033604,0.000000,0.000000,0,0,1.000000,3.200000,3.200000,1,C0,
831.500000,3.224247,3.217000,3.220000,6.000000,0.000000,0.034614,0.034614,0.000000,0.000000,0,0,1.000000,3.200000,3.200000,1,C0,
832.000000,3.222832,3.219000,3.230000,6.000000,0.000000,0.033965,0.033965,0.000000,0.000000,0,0,1.000000,3.200000,3.200000,1,C0,
832.500000,3.221450,3.223000,3.200000,6.000000,0.000000,0.033160,0.033160,0.000000,0.000000,0,0,1.000000,3.200000,3.200000,1,C0,
833.000000,3.219962,3.221000,3.230000,6.000000,0.000000,0.035715,0.035715,0.000000,0.000000,0,0,1.000000,3.200000,3.200000,1,C0,
833.500000,3.218628,3.218000,3.210000,6.000000,0.000000,0.032021,0.032021,0.000000,0.000000,0,0,1.000000,3.200000,3.200000,1,C0,
834.000000,3.217291,3.217000,3.210000,6.000000,0.000000,0.032083,0.032083,0.000000,0.000000,0,0,1.000000,3.200000,3.200000,1,C0,
834.500000,3.215958,3.214000,3.210000,6.000000,0.000000,0.031994,0.031994,0.000000,0.000000,0,0,1.000000,3.200000,3.200000,1,C0,
835.000000,3.214537,3.209000,3.210000,6.000000,0.000000,0.034105,0.034105,0.000000,0.000000,0,0,1.000000,3.200000,3.200000,1,C0,
835.500000,3.213180,3.219000,3.220000,6.000000,0.000000,0.032574,0.032574,0.000000,0.000000,0,0,1.000000,3.200000,3.200000,1,C0,
836.000000,3.211845,3.214000,3.210000,6.000000,0.000000,0.032043,0.032043,0.000000,0.000000,0,0,1.000000,3.200000,3.200000,1,C0,
836.500000,3.210345,3.207000,3.230000,6.000000,0.000000,0.035981,0.035981,0.000000,0.000000,0,0,1.000000,3.200000,3.200000,1,C0,
837.000000,3.208967,3.214000,3.210000,6.000000,0.000000,0.033080,0.033080,0.000000,0.000000,0,0,1.000000,3.200000,3.200000,1,C0,
837.500000,3.207624,3.210000,3.200000,6.000000,0.000000,0.032235,0.032235,0.000000,0.000000,0,0,1.000000,3.200000,3.200000,1,C0,
838.000000,3.206072,3.200000,3.190000,6.000000,0.000000,0.037249,0.037249,0.000000,0.000000,0,0,1.000000,3.200000,3.200000,1,C0,
838.500000,3.204599,3.196000,3.230000,6.000000,0.000000,0.035361,0.035361,0.000000,0.000000,0,0,1.000000,3.200000,3.200000,1,C0,
839.000000,3.203172,3.199000,3.200000,6.000000,0.000000,0.034227,0.034227,0.000000,0.000000,0,0,1.000000,3.200000,3.200000,1,C0,
839.500000,3.201687,3.205000,3.200000,6.000000,0.000000,0.035662,0.035662,0.000000,0.000000,0,0,1.000000,3.200000,3.200000,1,C0,
840.000000,3.200224,3.202000,3.210000,6.000000,0.000000,0.035095,0.035095,0.000000,0.000000,0,0,1.000000,3.200000,3.200000,1,C0,
840.500000,3.198896,3.197000,3.190000,6.000000,0.000000,0.031870,0.031870,0.000000,0.000000,0,0,1.000000,3.200000,3.200000,1,C0,
841.000000,3.197406,3.197000,3.200000,6.000000,0.000000,0.035761,0.035761,0.000000,0.000000,0,0,1.000000,3.200000,3.200000,1,C0,
841.500000,3.195947,3.195000,3.190000,6.000000,0.000000,0.035016,0.035016,0.000000,0.000000,0,0,1.000000,3.200000,3.200000,1,C0,
842.000000,3.194397,3.191000,3.190000,6.000000,0.000000,0.037198,0.037198,0.000000,0.000000,0,0,1.000000,3.200000,3.200000,1,C0,
842.500000,3.192994,3.195000,3.170000,6.000000,0.000000,0.033689,0.033689,0.000000,0.000000,0,0,1.000000,3.200000,3.200000,1,C0,
843.000000,3.191633,3.199000,3.190000,6.000000,0.000000,0.032656,0.032656,0.000000,0.000000,0,0,1.000000,3.200000,3.200000,1,C0,
843.500000,3.190065,3.195000,3.190000,6.000000,0.000000,0.037620,0.037620,0.000000,0.000000,0,0,1.000000,3.200000,3.200000,1,C0,
844.000000,3.188613,3.171000,3.180000,6.000000,0.000000,0.034858,0.034858,0.000000,0.000000,0,0,1.000000,3.200000,3.200000,1,C0,
844.500000,3.187182,3.179000,3.170000,6.000000,0.000000,0.034338,0.034338,0.000000,0.000000,0,0,1.000000,3.200000,3.200000,1,C0,
845.000000,3.185665,3.186000,3.160000,6.000000,0.000000,0.036418,0.036418,0.000000,0.000000,0,0,1.000000,3.200000,3.200000,1,C0,
845.500000,3.184112,3.189000,3.180000,6.000000,0.000000,0.037264,0.037264,0.000000,0.000000,0,0,1.000000,3.200000,3.200000,1,C0,
846.000000,3.182518,3.178000,3.180000,6.000000,0.000000,0.038253,0.038253,0.000000,0.000000,0,0,1.000000,3.200000,3.200000,1,C0,
846.500000,3.181184,3.184000,3.180000,6.000000,0.000000,0.032026,0.032026,0.000000,0.000000,0,0,1.000000,3.200000,3.200000,1,C0,
847.000000,3.179761,3.178000,3.180000,6.000000,0.000000,0.034154,0.034154,0.000000,0.000000,0,0,1.000000,3.200000,3.200000,1,C0,
847.500000,3.178291,3.179000,3.190000,6.000000,0.000000,0.035274,0.035274,0.000000,0.000000,0,0,1.000000,3.200000,3.200000,1,C0,
848.000000,3.176917,3.176000,3.190000,6.000000,0.000000,0.032991,0.032991,0.000000,0.000000,0,0,1.000000,3.200000,3.200000,1,C0,
848.500000,3.175332,3.170000,3.180000,6.000000,0.000000,0.038032,0.038032,0.000000,0.000000,0,0,1.000000,3.200000,3.200000,1,C0,
849.000000,3.173839,3.169000,3.170000,6.000000,0.000000,0.035824,0.035824,0.000000,0.000000,0,0,1.000000,3.200000,3.200000,1,C0,
849.500000,3.172423,3.183000,3.180000,6.000000,0.000000,0.033977,0.033977,0.000000,0.000000,0,0,1.000000,3.200000,3.200000,1,C0,
850.000000,3.171081,3.169000,3.170000,6.000000,0.000000,0.032209,0.032209,0.000000,0.000000,0,0,1.000000,3.200000,3.200000,1,C0,
850.500000,3.169733,3.167000,3.160000,6.000000,0.000000,0.032367,0.032367,0.000000,0.000000,0,0,1.000000,3.200000,3.200000,1,C0,
851.000000,3.168305,3.167000,3.180000,6.000000,0.000000,0.034268,0.034268,0.000000,0.000000,0,0,1.000000,3.200000,3.200000,1,C0,
851.500000,3.166961,3.158000,3.170000,6.000000,0.000000,0.032261,0.032261,0.000000,0.000000,0,0,1.000000,3.200000,3.200000,1,C0,
852.000000,3.165522,3.159000,3.170000,6.000000,0.000000,0.034538,0.034538,0.000000,0.000000,0,0,1.000000,3.200000,3.200000,1,C0,
852.500000,3.164197,3.158000,3.160000,6.000000,0.000000,0.031782,0.031782,0.000000,0.000000,0,0,1.000000,3.200000,3.200000,1,C0,
853.000000,3.162827,3.155000,3.170000,6.000000,0.000000,0.032893,0.032893,0.000000,0.000000,0,0,1.000000,3.200000,3.200000,1,C0,
853.500000,3.161354,3.164000,3.180000,6.000000,0.000000,0.035351,0.035351,0.000000,0.000000,0,0,1.000000,3.200000,3.200000,1,C0,
854.000000,3.159784,3.148000,3.150000,6.000000,0.000000,0.037672,0.037672,0.000000,0.000000,0,0,1.000000,3.200000,3.200000,1,C0,
854.500000,3.158440,3.159000,3.170000,6.000000,0.000000,0.032268,0.032268,0.000000,0.000000,0,0,1.000000,3.200000,3.200000,1,C0,
855.000000,3.156903,3.158000,3.180000,6.000000,0.000000,0.036872,0.036872,0.000000,0.000000,0,0,1.000000,3.200000,3.200000,1,C0,
855.500000,3.155376,3.152000,3.160000,6.000000,0.000000,0.036662,0.036662,0.000000,0.000000,0,0,1.000000,3.200000,3.200000,1,C0,
856.000000,3.153991,3.157000,3.170000,6.000000,0.000000,0.033234,0.033234,0.000000,0.000000,0,0,1.000000,3.200000,3.200000,1,C0,
856.500000,3.152427,3.156000,3.150000,6.000000,0.000000,0.037549,0.037549,0.000000,0.000000,0,0,1.000000,3.200000,3.200000,1,C0,
857.000000,3.150908,3.154000,3.150000,6.000000,0.000000,0.036445,0.036445,0.000000,0.000000,0,0,1.000000,3.200000,3.200000,1,C0,
857.500000,3.149306,3.143000,3.150000,6.000000,0.000000,0.038448,0.038448,0.000000,0.000000,0,0,1.000000,3.200000,3.200000,1,C0,
858.000000,3.147982,3.159000,3.150000,6.000000,0.000000,0.031769,0.031769,0.000000,0.000000,0,0,1.000000,3.200000,3.200000,1,C0,
858.500000,3.146643,3.151000,3.160000,6.000000,0.000000,0.032137,0.032137,0.000000,0.000000,0,0,1.000000,3.200000,3.200000,1,C0,
859.000000,3.145263,3.142000,3.140000,6.000000,0.000000,0.033120,0.033120,0.000000,0.000000,0,0,1.000000,3.200000,3.200000,1,C0,
859.500000,3.143862,3.143000,3.150000,6.000000,0.000000,0.033630,0.033630,0.000000,0.000000,0,0,1.000000,3.200000,3.200000,1,C0,
860.000000,3.142456,3.144000,3.150000,6.000000,0.000000,0.033739,0.033739,0.000000,0.000000,0,0,1.000000,3.200000,3.200000,1,C0,
860.500000,3.141082,3.130000,3.140000,6.000000,0.000000,0.032984,0.032984,0.000000,0.000000,0,0,1.000000,3.200000,3.200000,1,C0,
861.000000,3.139493,3.137000,3.140000,6.000000,0.000000,0.038138,0.038138,0.000000,0.000000,0,0,1.000000,3.200000,3.200000,1,C0,
861.500000,3.138019,3.141000,3.130000,6.000000,0.000000,0.035362,0.035362,0.000000,0.000000,0,0,1.000000,3.200000,3.200000,1,C0,
862.000000,3.136480,3.132000,3.130000,6.000000,0.000000,0.036952,0.036952,0.000000,0.000000,0,0,1.000000,3.200000,3.200000,1,C0,
862.500000,3.135055,3.137000,3.130000,6.000000,0.000000,0.034188,0.034188,0.000000,0.000000,0,0,1.000000,3.200000,3.200000,1,C0,
863.000000,3.133572,3.140000,3.150000,6.000000,0.000000,0.035606,0.035606,0.000000,0.000000,0,0,1.000000,3.200000,3.200000,1,C0,
863.500000,3.131989,3.138000,3.150000,6.000000,0.000000,0.037979,0.037979,0.000000,0.000000,0,0,1.000000,3.200000,3.200000,1,C0,
864.000000,3.130388,3.133000,3.130000,6.000000,0.000000,0.038428,0.038428,0.000000,0.000000,0,0,1.000000,3.200000,3.200000,1,C0,
864.500000,3.128915,3.129000,3.110000,6.000000,0.000000,0.035353,0.035353,0.000000,0.000000,0,0,1.000000,3.200000,3.200000,1,C0,
865.000000,3.127318,3.132000,3.110000,6.000000,0.000000,0.038326,0.038326,0.000000,0.000000,0,0,1.000000,3.200000,3.200000,1,C0,
865.500000,3.125986,3.116000,3.130000,6.000000,0.000000,0.031974,0.031974,0.000000,0.000000,0,0,1.000000,3.200000,3.200000,1,C0,
866.000000,3.124499,3.124000,3.130000,6.000000,0.000000,0.035694,0.035694,0.000000,0.000000,0,0,1.000000,3.200000,3.200000,1,C0,
866.500000,3.122954,3.120000,3.130000,6.000000,0.000000,0.037061,0.037061,0.000000,0.000000,0,0,1.000000,3.200000,3.200000,1,C0,
867.000000,3.121388,3.124000,3.110000,6.000000,0.000000,0.037592,0.037592,0.000000,0.000000,0,0,1.000000,3.200000,3.200000,1,C0,
867.500000,3.119848,3.117000,3.130000,6.000000,0.000000,0.036956,0.036956,0.000000,0.000000,0,0,1.000000,3.200000,3.200000,1,C0,
868.000000,3.118472,3.115000,3.110000,6.000000,0.000000,0.033025,0.033025,0.000000,0.000000,0,0,1.000000,3.200000,3.200000,1,C0,
868.500000,3.116953,3.113000,3.130000,6.000000,0.000000,0.036454,0.036454,0.000000,0.000000,0,0,1.000000,3.200000,3.200000,1,C0,
869.000000,3.115480,3.116000,3.120000,6.000000,0.000000,0.035365,0.035365,0.000000,0.000000,0,0,1.000000,3.200000,3.200000,1,C0,
869.500000,3.114124,3.123000,3.130000,6.000000,0.000000,0.032537,0.032537,0.000000,0.000000,0,0,1.000000,3.200000,3.200000,1,C0,
870.000000,3.112624,3.113000,3.110000,6.000000,0.000000,0.035997,0.035997,0.000000,0.000000,0,0,1.000000,3.200000,3.200000,1,C0,
870.500000,3.111210,3.107000,3.120000,6.000000,0.000000,0.033932,0.033932,0.000000,0.000000,0,0,1.000000,3.200000,3.200000,1,C0,
871.000000,3.109738,3.109000,3.100000,6.000000,0.000000,0.035345,0.035345,0.000000,0.000000,0,0,1.000000,3.200000,3.200000,1,C0,
871.500000,3.108408,3.112000,3.130000,6.000000,0.000000,0.031901,0.031901,0.000000,0.000000,0,0,1.000000,3.200000,3.200000,1,C0,
872.000000,3.107044,3.113000,3.100000,6.000000,0.000000,0.032737,0.032737,0.000000,0.000000,0,0,1.000000,3.200000,3.200000,1,C0,
872.500000,3.105504,3.112000,3.120000,6.000000,0.000000,0.036964,0.036964,0.000000,0.000000,0,0,1.000000,3.200000,3.200000,1,C0,
873.000000,3.103938,3.100000,3.100000,6.000000,0.000000,0.037590,0.037590,0.000000,0.000000,0,0,1.000000,3.200000,3.200000,1,C0,
873.500000,3.102547,3.095000,3.100000,6.000000,0.000000,0.033382,0.033382,0.000000,0.000000,0,0,1.000000,3.200000,3.200000,1,C0,
874.000000,3.101167,3.100000,3.100000,6.000000,0.000000,0.033122,0.033122,0.000000,0.000000,0,0,1.000000,3.200000,3.200000,1,C0,
874.500000,3.099802,3.104000,3.110000,6.000000,0.000000,0.032771,0.032771,0.000000,0.000000,0,0,1.000000,3.200000,3.200000,1,C0,
875.000000,3.098276,3.098000,3.100000,6.000000,0.000000,0.036606,0.036606,0.000000,0.000000,0,0,1.000000,3.200000,3.200000,1,C0,
875.500000,3.096849,3.095000,3.100000,6.000000,0.000000,0.034259,0.034259,0.000000,0.000000,0,0,1.000000,3.200000,3.200000,1,C0,
876.000000,3.095271,3.098000,3.090000,6.000000,0.000000,0.037864,0.037864,0.000000,0.000000,0,0,1.000000,3.200000,3.200000,1,C0,
876.500000,3.093723,3.090000,3.100000,6.000000,0.000000,0.037156,0.037156,0.000000,0.000000,0,0,1.000000,3.200000,3.200000,1,C0,
877.000000,3.092188,3.091000,3.100000,6.000000,0.000000,0.036844,0.036844,0.000000,0.000000,0,0,1.000000,3.200000,3.200000,1,C0,
877.500000,3.090834,3.090000,3.090000,6.000000,0.000000,0.032498,0.032498,0.000000,0.000000,0,0,1.000000,3.200000,3.200000,1,C0,
878.000000,3.089490,3.089000,3.080000,6.000000,0.000000,0.032244,0.032244,0.000000,0.000000,0,0,1.000000,3.200000,3.200000,1,C0,
878.500000,3.088038,3.083000,3.100000,6.000000,0.000000,0.034863,0.034863,0.000000,0.000000,0,0,1.000000,3.200000,3.200000,1,C0,
879.000000,3.086680,3.094000,3.080000,6.000000,0.000000,0.032582,0.032582,0.000000,0.000000,0,0,1.000000,3.200000,3.200000,1,C0,
879.500000,3.085127,3.088000,3.080000,6.000000,0.000000,0.037274,0.037274,0.000000,0.000000,0,0,1.000000,3.200000,3.200000,1,C0,
880.000000,3.083773,3.085000,3.090000,6.000000,0.000000,0.032493,0.032493,0.000000,0.000000,0,0,1.000000,3.200000,3.200000,1,C0,
880.500000,3.082269,3.084000,3.100000,6.000000,0.000000,0.036088,0.036088,0.000000,0.000000,0,0,1.000000,3.200000,3.200000,1,C0,
881.000000,3.080717,3.083000,3.080000,6.000000,0.000000,0.037259,0.037259,0.000000,0.000000,0,0,1.000000,3.200000,3.200000,1,C0,
881.500000,3.079126,3.075000,3.090000,6.000000,0.000000,0.038191,0.038191,0.000000,0.000000,0,0,1.000000,3.200000,3.200000,1,C0,
882.000000,3.077545,3.083000,3.090000,6.000000,0.000000,0.037939,0.037939,0.000000,0.000000,0,0,1.000000,3.200000,3.200000,1,C0,
882.500000,3.076057,3.075000,3.070000,6.000000,0.000000,0.035697,0.035697,0.000000,0.000000,0,0,1.000000,3.200000,3.200000,1,C0,
883.000000,3.074507,3.073000,3.070000,6.000000,0.000000,0.037223,0.037223,0.000000,0.000000,0,0,1.000000,3.200000,3.200000,1,C0,
883.500000,3.072922,3.076000,3.070000,6.000000,0.000000,0.038030,0.038030,0.000000,0.000000,0,0,1.000000,3.200000,3.200000,1,C0,
884.000000,3.071337,3.076000,3.080000,6.000000,0.000000,0.038032,0.038032,0.000000,0.000000,0,0,1.000000,3.200000,3.200000,1,C0,
884.500000,3.069814,3.071000,3.080000,6.000000,0.000000,0.036549,0.036549,0.000000,0.000000,0,0,1.000000,3.200000,3.200000,1,C0,
885.000000,3.068222,3.068000,3.070000,6.000000,0.000000,0.038217,0.038217,0.000000,0.000000,0,0,1.000000,3.200000,3.200000,1,C0,
885.500000,3.066797,3.065000,3.060000,6.000000,0.000000,0.034195,0.034195,0.000000,0.000000,0,0,1.000000,3.200000,3.200000,1,C0,
886.000000,3.065253,3.061000,3.060000,6.000000,0.000000,0.037055,0.037055,0.000000,0.000000,0,0,1.000000,3.200000,3.200000,1,C0,
886.500000,3.063819,3.058000,3.060000,6.000000,0.000000,0.034431,0.034431,0.000000,0.000000,0,0,1.000000,3.200000,3.200000,1,C0,
887.000000,3.062394,3.058000,3.060000,6.000000,0.000000,0.034192,0.034192,0.000000,0.000000,0,0,1.000000,3.200000,3.200000,1,C0,
887.500000,3.060863,3.060000,3.060000,6.000000,0.000000,0.036738,0.036738,0.000000,0.000000,0,0,1.000000,3.200000,3.200000,1,C0,
888.000000,3.059546,3.048000,3.060000,6.000000,0.000000,0.031620,0.031620,0.000000,0.000000,0,0,1.000000,3.200000,3.200000,1,C0,
888.500000,3.058131,3.064000,3.050000,6.000000,0.000000,0.033945,0.033945,0.000000,0.000000,0,0,1.000000,3.200000,3.200000,1,C0,
889.000000,3.056777,3.065000,3.050000,6.000000,0.000000,0.032509,0.032509,0.000000,0.000000,0,0,1.000000,3.200000,3.200000,1,C0,
889.500000,3.055223,3.058000,3.050000,6.000000,0.000000,0.037295,0.037295,0.000000,0.000000,0,0,1.000000,3.200000,3.200000,1,C0,
890.000000,3.053800,3.067000,3.070000,6.000000,0.000000,0.034142,0.034142,0.000000,0.000000,0,0,1.000000,3.200000,3.200000,1,C0,
890.500000,3.052294,3.061000,3.050000,6.000000,0.000000,0.036139,0.036139,0.000000,0.000000,0,0,1.000000,3.200000,3.200000,1,C0,
891.000000,3.050875,3.053000,3.040000,6.000000,0.000000,0.034057,0.034057,0.000000,0.000000,0,0,1.000000,3.200000,3.200000,1,C0,
891.500000,3.049519,3.053000,3.030000,6.000000,0.000000,0.032548,0.032548,0.000000,0.000000,0,0,1.000000,3.200000,3.200000,1,C0,
892.000000,3.048119,3.044000,3.030000,6.000000,0.000000,0.033597,0.033597,0.000000,0.000000,0,0,1.000000,3.200000,3.200000,1,C0,
892.500000,3.046723,3.052000,3.050000,6.000000,0.000000,0.033507,0.033507,0.000000,0.000000,0,0,1.000000,3.200000,3.200000,1,C0,
893.000000,3.045264,3.055000,3.030000,6.000000,0.000000,0.035023,0.035023,0.000000,0.000000,0,0,1.000000,3.200000,3.200000,1,C0,
893.500000,3.043790,3.049000,3.040000,6.000000,0.000000,0.035379,0.035379,0.000000,0.000000,0,0,1.000000,3.200000,3.200000,1,C0,
894.000000,3.042354,3.050000,3.040000,6.000000,0.000000,0.034466,0.034466,0.000000,0.000000,0,0,1.000000,3.200000,3.200000,1,C0,
894.500000,3.041005,3.043000,3.050000,6.000000,0.000000,0.032376,0.032376,0.000000,0.000000,0,0,1.000000,3.200000,3.200000,1,C0,
895.000000,3.039475,3.031000,3.030000,6.000000,0.000000,0.036722,0.036722,0.000000,0.000000,0,0,1.000000,3.200000,3.200000,1,C0,
895.500000,3.038071,3.032000,3.050000,6.000000,0.000000,0.033692,0.033692,0.000000,0.000000,0,0,1.000000,3.200000,3.200000,1,C0,
896.000000,3.036570,3.037000,3.040000,6.000000,0.000000,0.036027,0.036027,0.000000,0.000000,0,0,1.000000,3.200000,3.200000,1,C0,
896.500000,3.035010,3.039000,3.030000,6.000000,0.000000,0.037426,0.037426,0.000000,0.000000,0,0,1.000000,3.200000,3.200000,1,C0,
897.000000,3.033524,3.034000,3.030000,6.000000,0.000000,0.035680,0.035680,0.000000,0.000000,0,0,1.000000,3.200000,3.200000,1,C0,
897.500000,3.032202,3.031000,3.030000,6.000000,0.000000,0.031727,0.031727,0.000000,0.000000,0,0,1.000000,3.200000,3.200000,1,C0,
898.000000,3.030659,3.035000,3.030000,6.000000,0.000000,0.037032,0.037032,0.000000,0.000000,0,0,1.000000,3.200000,3.200000,1,C0,
898.500000,3.029242,3.028000,3.040000,6.000000,0.000000,0.033997,0.033997,0.000000,0.000000,0,0,1.000000,3.200000,3.200000,1,C0,
899.000000,3.027718,3.035000,3.030000,6.000000,0.000000,0.036580,0.036580,0.000000,0.000000,0,0,1.000000,3.200000,3.200000,1,C0,
899.500000,3.026189,3.033000,3.040000,6.000000,0.000000,0.036690,0.036690,0.000000,0.000000,0,0,1.000000,3.200000,3.200000,1,C0,
