experiment_id,t_s,requested_setpoint_m,effective_setpoint_m,backstop_decision,pump_command,pump_permitted,pump_energised,valve_position,true_tank_level_m
EXP-SCN004-backstop-disabled-d14f929b,0.000000,3.200000,3.200000,PASS,0,0,0,1.000000,3.200000
EXP-SCN004-backstop-disabled-d14f929b,0.500000,3.200000,3.200000,PASS,0,0,0,1.000000,3.198594
EXP-SCN004-backstop-disabled-d14f929b,1.000000,3.200000,3.200000,PASS,0,0,0,1.000000,3.197114
EXP-SCN004-backstop-disabled-d14f929b,1.500000,3.200000,3.200000,PASS,0,0,0,1.000000,3.195703
EXP-SCN004-backstop-disabled-d14f929b,2.000000,3.200000,3.200000,PASS,0,0,0,1.000000,3.194323
EXP-SCN004-backstop-disabled-d14f929b,2.500000,3.200000,3.200000,PASS,0,0,0,1.000000,3.192961
EXP-SCN004-backstop-disabled-d14f929b,3.000000,3.200000,3.200000,PASS,0,0,0,1.000000,3.191559
EXP-SCN004-backstop-disabled-d14f929b,3.500000,3.200000,3.200000,PASS,0,0,0,1.000000,3.190010
EXP-SCN004-backstop-disabled-d14f929b,4.000000,3.200000,3.200000,PASS,0,0,0,1.000000,3.188432
EXP-SCN004-backstop-disabled-d14f929b,4.500000,3.200000,3.200000,PASS,0,0,0,1.000000,3.186879
EXP-SCN004-backstop-disabled-d14f929b,5.000000,3.200000,3.200000,PASS,0,0,0,1.000000,3.185385
EXP-SCN004-backstop-disabled-d14f929b,5.500000,3.200000,3.200000,PASS,0,0,0,1.000000,3.183864
EXP-SCN004-backstop-disabled-d14f929b,6.000000,3.200000,3.200000,PASS,0,0,0,1.000000,3.182396
EXP-SCN004-backstop-disabled-d14f929b,6.500000,3.200000,3.200000,PASS,0,0,0,1.000000,3.180909
EXP-SCN004-backstop-disabled-d14f929b,7.000000,3.200000,3.200000,PASS,0,0,0,1.000000,3.179455
EXP-SCN004-backstop-disabled-d14f929b,7.500000,3.200000,3.200000,PASS,0,0,0,1.000000,3.177900
EXP-SCN004-backstop-disabled-d14f929b,8.000000,3.200000,3.200000,PASS,0,0,0,1.000000,3.176555
EXP-SCN004-backstop-disabled-d14f929b,8.500000,3.200000,3.200000,PASS,0,0,0,1.000000,3.175156
EXP-SCN004-backstop-disabled-d14f929b,9.000000,3.200000,3.200000,PASS,0,0,0,1.000000,3.173578
EXP-SCN004-backstop-disabled-d14f929b,9.500000,3.200000,3.200000,PASS,0,0,0,1.000000,3.172171
EXP-SCN004-backstop-disabled-d14f929b,10.000000,3.200000,3.200000,PASS,0,0,0,1.000000,3.170598
EXP-SCN004-backstop-disabled-d14f929b,10.500000,3.200000,3.200000,PASS,0,0,0,1.000000,3.169004
EXP-SCN004-backstop-disabled-d14f929b,11.000000,3.200000,3.200000,PASS,0,0,0,1.000000,3.167651
EXP-SCN004-backstop-disabled-d14f929b,11.500000,3.200000,3.200000,PASS,0,0,0,1.000000,3.166120
EXP-SCN004-backstop-disabled-d14f929b,12.000000,3.200000,3.200000,PASS,0,0,0,1.000000,3.164758
EXP-SCN004-backstop-disabled-d14f929b,12.500000,3.200000,3.200000,PASS,0,0,0,1.000000,3.163196
EXP-SCN004-backstop-disabled-d14f929b,13.000000,3.200000,3.200000,PASS,0,0,0,1.000000,3.161737
EXP-SCN004-backstop-disabled-d14f929b,13.500000,3.200000,3.200000,PASS,0,0,0,1.000000,3.160150
EXP-SCN004-backstop-disabled-d14f929b,14.000000,3.200000,3.200000,PASS,0,0,0,1.000000,3.158800
EXP-SCN004-backstop-disabled-d14f929b,14.500000,3.200000,3.200000,PASS,0,0,0,1.000000,3.157324
EXP-SCN004-backstop-disabled-d14f929b,15.000000,3.200000,3.200000,PASS,0,0,0,1.000000,3.155724
EXP-SCN004-backstop-disabled-d14f929b,15.500000,3.200000,3.200000,PASS,0,0,0,1.000000,3.154126
EXP-SCN004-backstop-disabled-d14f929b,16.000000,3.200000,3.200000,PASS,0,0,0,1.000000,3.152598
EXP-SCN004-backstop-disabled-d14f929b,16.500000,3.200000,3.200000,PASS,0,0,0,1.000000,3.151152
EXP-SCN004-backstop-disabled-d14f929b,17.000000,3.200000,3.200000,PASS,0,0,0,1.000000,3.149803
EXP-SCN004-backstop-disabled-d14f929b,17.500000,3.200000,3.200000,PASS,0,0,0,1.000000,3.148212
EXP-SCN004-backstop-disabled-d14f929b,18.000000,3.200000,3.200000,PASS,0,0,0,1.000000,3.146660
EXP-SCN004-backstop-disabled-d14f929b,18.500000,3.200000,3.200000,PASS,0,0,0,1.000000,3.145218
EXP-SCN004-backstop-disabled-d14f929b,19.000000,3.200000,3.200000,PASS,0,0,0,1.000000,3.143847
EXP-SCN004-backstop-disabled-d14f929b,19.500000,3.200000,3.200000,PASS,0,0,0,1.000000,3.142388
EXP-SCN004-backstop-disabled-d14f929b,20.000000,3.200000,3.200000,PASS,0,0,0,1.000000,3.140856
EXP-SCN004-backstop-disabled-d14f929b,20.500000,3.200000,3.200000,PASS,0,0,0,1.000000,3.139436
EXP-SCN004-backstop-disabled-d14f929b,21.000000,3.200000,3.200000,PASS,0,0,0,1.000000,3.138083
EXP-SCN004-backstop-disabled-d14f929b,21.500000,3.200000,3.200000,PASS,0,0,0,1.000000,3.136531
EXP-SCN004-backstop-disabled-d14f929b,22.000000,3.200000,3.200000,PASS,0,0,0,1.000000,3.134981
EXP-SCN004-backstop-disabled-d14f929b,22.500000,3.200000,3.200000,PASS,0,0,0,1.000000,3.133502
EXP-SCN004-backstop-disabled-d14f929b,23.000000,3.200000,3.200000,PASS,0,0,0,1.000000,3.132003
EXP-SCN004-backstop-disabled-d14f929b,23.500000,3.200000,3.200000,PASS,0,0,0,1.000000,3.130660
EXP-SCN004-backstop-disabled-d14f929b,24.000000,3.200000,3.200000,PASS,0,0,0,1.000000,3.129095
EXP-SCN004-backstop-disabled-d14f929b,24.500000,3.200000,3.200000,PASS,0,0,0,1.000000,3.127629
EXP-SCN004-backstop-disabled-d14f929b,25.000000,3.200000,3.200000,PASS,0,0,0,1.000000,3.126051
EXP-SCN004-backstop-disabled-d14f929b,25.500000,3.200000,3.200000,PASS,0,0,0,1.000000,3.124568
EXP-SCN004-backstop-disabled-d14f929b,26.000000,3.200000,3.200000,PASS,0,0,0,1.000000,3.123086
EXP-SCN004-backstop-disabled-d14f929b,26.500000,3.200000,3.200000,PASS,0,0,0,1.000000,3.121642
EXP-SCN004-backstop-disabled-d14f929b,27.000000,3.200000,3.200000,PASS,0,0,0,1.000000,3.120069
EXP-SCN004-backstop-disabled-d14f929b,27.500000,3.200000,3.200000,PASS,0,0,0,1.000000,3.118500
EXP-SCN004-backstop-disabled-d14f929b,28.000000,3.200000,3.200000,PASS,0,0,0,1.000000,3.117155
EXP-SCN004-backstop-disabled-d14f929b,28.500000,3.200000,3.200000,PASS,0,0,0,1.000000,3.115590
EXP-SCN004-backstop-disabled-d14f929b,29.000000,3.200000,3.200000,PASS,0,0,0,1.000000,3.114059
EXP-SCN004-backstop-disabled-d14f929b,29.500000,3.200000,3.200000,PASS,0,0,0,1.000000,3.112477
EXP-SCN004-backstop-disabled-d14f929b,30.000000,3.200000,3.200000,PASS,0,0,0,1.000000,3.111017
EXP-SCN004-backstop-disabled-d14f929b,30.500000,3.200000,3.200000,PASS,0,0,0,1.000000,3.109672
EXP-SCN004-backstop-disabled-d14f929b,31.000000,3.200000,3.200000,PASS,0,0,0,1.000000,3.108231
EXP-SCN004-backstop-disabled-d14f929b,31.500000,3.200000,3.200000,PASS,0,0,0,1.000000,3.106716
EXP-SCN004-backstop-disabled-d14f929b,32.000000,3.200000,3.200000,PASS,0,0,0,1.000000,3.105324
EXP-SCN004-backstop-disabled-d14f929b,32.500000,3.200000,3.200000,PASS,0,0,0,1.000000,3.103793
EXP-SCN004-backstop-disabled-d14f929b,33.000000,3.200000,3.200000,PASS,0,0,0,1.000000,3.102466
EXP-SCN004-backstop-disabled-d14f929b,33.500000,3.200000,3.200000,PASS,0,0,0,1.000000,3.100948
EXP-SCN004-backstop-disabled-d14f929b,34.000000,3.200000,3.200000,PASS,0,0,0,1.000000,3.099346
EXP-SCN004-backstop-disabled-d14f929b,34.500000,3.200000,3.200000,PASS,0,0,0,1.000000,3.097880
EXP-SCN004-backstop-disabled-d14f929b,35.000000,3.200000,3.200000,PASS,0,0,0,1.000000,3.096551
EXP-SCN004-backstop-disabled-d14f929b,35.500000,3.200000,3.200000,PASS,0,0,0,1.000000,3.095160
EXP-SCN004-backstop-disabled-d14f929b,36.000000,3.200000,3.200000,PASS,0,0,0,1.000000,3.093727
EXP-SCN004-backstop-disabled-d14f929b,36.500000,3.200000,3.200000,PASS,0,0,0,1.000000,3.092345
EXP-SCN004-backstop-disabled-d14f929b,37.000000,3.200000,3.200000,PASS,0,0,0,1.000000,3.090827
EXP-SCN004-backstop-disabled-d14f929b,37.500000,3.200000,3.200000,PASS,0,0,0,1.000000,3.089327
EXP-SCN004-backstop-disabled-d14f929b,38.000000,3.200000,3.200000,PASS,0,0,0,1.000000,3.087999
EXP-SCN004-backstop-disabled-d14f929b,38.500000,3.200000,3.200000,PASS,0,0,0,1.000000,3.086498
EXP-SCN004-backstop-disabled-d14f929b,39.000000,3.200000,3.200000,PASS,0,0,0,1.000000,3.085108
EXP-SCN004-backstop-disabled-d14f929b,39.500000,3.200000,3.200000,PASS,0,0,0,1.000000,3.083582
EXP-SCN004-backstop-disabled-d14f929b,40.000000,3.200000,3.200000,PASS,0,0,0,1.000000,3.082072
EXP-SCN004-backstop-disabled-d14f929b,40.500000,3.200000,3.200000,PASS,0,0,0,1.000000,3.080686
EXP-SCN004-backstop-disabled-d14f929b,41.000000,3.200000,3.200000,PASS,0,0,0,1.000000,3.079160
EXP-SCN004-backstop-disabled-d14f929b,41.500000,3.200000,3.200000,PASS,0,0,0,1.000000,3.077749
EXP-SCN004-backstop-disabled-d14f929b,42.000000,3.200000,3.200000,PASS,0,0,0,1.000000,3.076371
EXP-SCN004-backstop-disabled-d14f929b,42.500000,3.200000,3.200000,PASS,0,0,0,1.000000,3.074906
EXP-SCN004-backstop-disabled-d14f929b,43.000000,3.200000,3.200000,PASS,0,0,0,1.000000,3.073564
EXP-SCN004-backstop-disabled-d14f929b,43.500000,3.200000,3.200000,PASS,0,0,0,1.000000,3.072167
EXP-SCN004-backstop-disabled-d14f929b,44.000000,3.200000,3.200000,PASS,0,0,0,1.000000,3.070624
EXP-SCN004-backstop-disabled-d14f929b,44.500000,3.200000,3.200000,PASS,0,0,0,1.000000,3.069279
EXP-SCN004-backstop-disabled-d14f929b,45.000000,3.200000,3.200000,PASS,0,0,0,1.000000,3.067962
EXP-SCN004-backstop-disabled-d14f929b,45.500000,3.200000,3.200000,PASS,0,0,0,1.000000,3.066510
EXP-SCN004-backstop-disabled-d14f929b,46.000000,3.200000,3.200000,PASS,0,0,0,1.000000,3.065192
EXP-SCN004-backstop-disabled-d14f929b,46.500000,3.200000,3.200000,PASS,0,0,0,1.000000,3.063713
EXP-SCN004-backstop-disabled-d14f929b,47.000000,3.200000,3.200000,PASS,0,0,0,1.000000,3.062373
EXP-SCN004-backstop-disabled-d14f929b,47.500000,3.200000,3.200000,PASS,0,0,0,1.000000,3.060958
EXP-SCN004-backstop-disabled-d14f929b,48.000000,3.200000,3.200000,PASS,0,0,0,1.000000,3.059613
EXP-SCN004-backstop-disabled-d14f929b,48.500000,3.200000,3.200000,PASS,0,0,0,1.000000,3.058251
EXP-SCN004-backstop-disabled-d14f929b,49.000000,3.200000,3.200000,PASS,0,0,0,1.000000,3.056669
EXP-SCN004-backstop-disabled-d14f929b,49.500000,3.200000,3.200000,PASS,0,0,0,1.000000,3.055290
EXP-SCN004-backstop-disabled-d14f929b,50.000000,3.200000,3.200000,PASS,0,0,0,1.000000,3.053845
EXP-SCN004-backstop-disabled-d14f929b,50.500000,3.200000,3.200000,PASS,0,0,0,1.000000,3.052314
EXP-SCN004-backstop-disabled-d14f929b,51.000000,3.200000,3.200000,PASS,0,0,0,1.000000,3.050818
EXP-SCN004-backstop-disabled-d14f929b,51.500000,3.200000,3.200000,PASS,0,0,0,1.000000,3.049321
EXP-SCN004-backstop-disabled-d14f929b,52.000000,3.200000,3.200000,PASS,0,0,0,1.000000,3.047741
EXP-SCN004-backstop-disabled-d14f929b,52.500000,3.200000,3.200000,PASS,0,0,0,1.000000,3.046190
EXP-SCN004-backstop-disabled-d14f929b,53.000000,3.200000,3.200000,PASS,0,0,0,1.000000,3.044736
EXP-SCN004-backstop-disabled-d14f929b,53.500000,3.200000,3.200000,PASS,0,0,0,1.000000,3.043297
EXP-SCN004-backstop-disabled-d14f929b,54.000000,3.200000,3.200000,PASS,0,0,0,1.000000,3.041889
EXP-SCN004-backstop-disabled-d14f929b,54.500000,3.200000,3.200000,PASS,0,0,0,1.000000,3.040469
EXP-SCN004-backstop-disabled-d14f929b,55.000000,3.200000,3.200000,PASS,0,0,0,1.000000,3.039017
EXP-SCN004-backstop-disabled-d14f929b,55.500000,3.200000,3.200000,PASS,0,0,0,1.000000,3.037644
EXP-SCN004-backstop-disabled-d14f929b,56.000000,3.200000,3.200000,PASS,0,0,0,1.000000,3.036124
EXP-SCN004-backstop-disabled-d14f929b,56.500000,3.200000,3.200000,PASS,0,0,0,1.000000,3.034809
EXP-SCN004-backstop-disabled-d14f929b,57.000000,3.200000,3.200000,PASS,0,0,0,1.000000,3.033241
EXP-SCN004-backstop-disabled-d14f929b,57.500000,3.200000,3.200000,PASS,0,0,0,1.000000,3.031924
EXP-SCN004-backstop-disabled-d14f929b,58.000000,3.200000,3.200000,PASS,0,0,0,1.000000,3.030397
EXP-SCN004-backstop-disabled-d14f929b,58.500000,3.200000,3.200000,PASS,0,0,0,1.000000,3.028799
EXP-SCN004-backstop-disabled-d14f929b,59.000000,3.200000,3.200000,PASS,0,0,0,1.000000,3.027330
EXP-SCN004-backstop-disabled-d14f929b,59.500000,3.200000,3.200000,PASS,0,0,0,1.000000,3.025738
EXP-SCN004-backstop-disabled-d14f929b,60.000000,3.200000,3.200000,PASS,0,0,0,1.000000,3.024341
EXP-SCN004-backstop-disabled-d14f929b,60.500000,3.200000,3.200000,PASS,0,0,0,1.000000,3.022928
EXP-SCN004-backstop-disabled-d14f929b,61.000000,3.200000,3.200000,PASS,0,0,0,1.000000,3.021504
EXP-SCN004-backstop-disabled-d14f929b,61.500000,3.200000,3.200000,PASS,0,0,0,1.000000,3.019962
EXP-SCN004-backstop-disabled-d14f929b,62.000000,3.200000,3.200000,PASS,0,0,0,1.000000,3.018496
EXP-SCN004-backstop-disabled-d14f929b,62.500000,3.200000,3.200000,PASS,0,0,0,1.000000,3.016969
EXP-SCN004-backstop-disabled-d14f929b,63.000000,3.200000,3.200000,PASS,0,0,0,1.000000,3.015617
EXP-SCN004-backstop-disabled-d14f929b,63.500000,3.200000,3.200000,PASS,0,0,0,1.000000,3.014257
EXP-SCN004-backstop-disabled-d14f929b,64.000000,3.200000,3.200000,PASS,0,0,0,1.000000,3.012923
EXP-SCN004-backstop-disabled-d14f929b,64.500000,3.200000,3.200000,PASS,0,0,0,1.000000,3.011462
EXP-SCN004-backstop-disabled-d14f929b,65.000000,3.200000,3.200000,PASS,0,0,0,1.000000,3.009921
EXP-SCN004-backstop-disabled-d14f929b,65.500000,3.200000,3.200000,PASS,0,0,0,1.000000,3.008436
EXP-SCN004-backstop-disabled-d14f929b,66.000000,3.200000,3.200000,PASS,0,0,0,1.000000,3.007061
EXP-SCN004-backstop-disabled-d14f929b,66.500000,3.200000,3.200000,PASS,0,0,0,1.000000,3.005611
EXP-SCN004-backstop-disabled-d14f929b,67.000000,3.200000,3.200000,PASS,0,0,0,1.000000,3.004185
EXP-SCN004-backstop-disabled-d14f929b,67.500000,3.200000,3.200000,PASS,0,0,0,1.000000,3.002654
EXP-SCN004-backstop-disabled-d14f929b,68.000000,3.200000,3.200000,PASS,0,0,0,1.000000,3.001162
EXP-SCN004-backstop-disabled-d14f929b,68.500000,3.200000,3.200000,PASS,0,0,0,1.000000,2.999593
EXP-SCN004-backstop-disabled-d14f929b,69.000000,3.200000,3.200000,PASS,0,0,0,1.000000,2.998207
EXP-SCN004-backstop-disabled-d14f929b,69.500000,3.200000,3.200000,PASS,0,0,0,1.000000,2.996847
EXP-SCN004-backstop-disabled-d14f929b,70.000000,3.200000,3.200000,PASS,0,0,0,1.000000,2.995329
EXP-SCN004-backstop-disabled-d14f929b,70.500000,3.200000,3.200000,PASS,0,0,0,1.000000,2.993793
EXP-SCN004-backstop-disabled-d14f929b,71.000000,3.200000,3.200000,PASS,0,0,0,1.000000,2.992238
EXP-SCN004-backstop-disabled-d14f929b,71.500000,3.200000,3.200000,PASS,0,0,0,1.000000,2.990779
EXP-SCN004-backstop-disabled-d14f929b,72.000000,3.200000,3.200000,PASS,0,0,0,1.000000,2.989244
EXP-SCN004-backstop-disabled-d14f929b,72.500000,3.200000,3.200000,PASS,0,0,0,1.000000,2.987755
EXP-SCN004-backstop-disabled-d14f929b,73.000000,3.200000,3.200000,PASS,0,0,0,1.000000,2.986387
EXP-SCN004-backstop-disabled-d14f929b,73.500000,3.200000,3.200000,PASS,0,0,0,1.000000,2.985019
EXP-SCN004-backstop-disabled-d14f929b,74.000000,3.200000,3.200000,PASS,0,0,0,1.000000,2.983633
EXP-SCN004-backstop-disabled-d14f929b,74.500000,3.200000,3.200000,PASS,0,0,0,1.000000,2.982288
EXP-SCN004-backstop-disabled-d14f929b,75.000000,3.200000,3.200000,PASS,0,0,0,1.000000,2.980773
EXP-SCN004-backstop-disabled-d14f929b,75.500000,3.200000,3.200000,PASS,0,0,0,1.000000,2.979273
EXP-SCN004-backstop-disabled-d14f929b,76.000000,3.200000,3.200000,PASS,0,0,0,1.000000,2.977697
EXP-SCN004-backstop-disabled-d14f929b,76.500000,3.200000,3.200000,PASS,0,0,0,1.000000,2.976243
EXP-SCN004-backstop-disabled-d14f929b,77.000000,3.200000,3.200000,PASS,0,0,0,1.000000,2.974924
EXP-SCN004-backstop-disabled-d14f929b,77.500000,3.200000,3.200000,PASS,0,0,0,1.000000,2.973500
EXP-SCN004-backstop-disabled-d14f929b,78.000000,3.200000,3.200000,PASS,0,0,0,1.000000,2.971974
EXP-SCN004-backstop-disabled-d14f929b,78.500000,3.200000,3.200000,PASS,0,0,0,1.000000,2.970505
EXP-SCN004-backstop-disabled-d14f929b,79.000000,3.200000,3.200000,PASS,0,0,0,1.000000,2.969165
EXP-SCN004-backstop-disabled-d14f929b,79.500000,3.200000,3.200000,PASS,0,0,0,1.000000,2.967641
EXP-SCN004-backstop-disabled-d14f929b,80.000000,3.200000,3.200000,PASS,0,0,0,1.000000,2.966039
EXP-SCN004-backstop-disabled-d14f929b,80.500000,3.200000,3.200000,PASS,0,0,0,1.000000,2.964700
EXP-SCN004-backstop-disabled-d14f929b,81.000000,3.200000,3.200000,PASS,0,0,0,1.000000,2.963320
EXP-SCN004-backstop-disabled-d14f929b,81.500000,3.200000,3.200000,PASS,0,0,0,1.000000,2.961875
EXP-SCN004-backstop-disabled-d14f929b,82.000000,3.200000,3.200000,PASS,0,0,0,1.000000,2.960452
EXP-SCN004-backstop-disabled-d14f929b,82.500000,3.200000,3.200000,PASS,0,0,0,1.000000,2.958870
EXP-SCN004-backstop-disabled-d14f929b,83.000000,3.200000,3.200000,PASS,0,0,0,1.000000,2.957318
EXP-SCN004-backstop-disabled-d14f929b,83.500000,3.200000,3.200000,PASS,0,0,0,1.000000,2.955879
EXP-SCN004-backstop-disabled-d14f929b,84.000000,3.200000,3.200000,PASS,0,0,0,1.000000,2.954293
EXP-SCN004-backstop-disabled-d14f929b,84.500000,3.200000,3.200000,PASS,0,0,0,1.000000,2.952973
EXP-SCN004-backstop-disabled-d14f929b,85.000000,3.200000,3.200000,PASS,0,0,0,1.000000,2.951459
EXP-SCN004-backstop-disabled-d14f929b,85.500000,3.200000,3.200000,PASS,0,0,0,1.000000,2.949928
EXP-SCN004-backstop-disabled-d14f929b,86.000000,3.200000,3.200000,PASS,0,0,0,1.000000,2.948363
EXP-SCN004-backstop-disabled-d14f929b,86.500000,3.200000,3.200000,PASS,0,0,0,1.000000,2.946946
EXP-SCN004-backstop-disabled-d14f929b,87.000000,3.200000,3.200000,PASS,0,0,0,1.000000,2.945513
EXP-SCN004-backstop-disabled-d14f929b,87.500000,3.200000,3.200000,PASS,0,0,0,1.000000,2.944172
EXP-SCN004-backstop-disabled-d14f929b,88.000000,3.200000,3.200000,PASS,0,0,0,1.000000,2.942678
EXP-SCN004-backstop-disabled-d14f929b,88.500000,3.200000,3.200000,PASS,0,0,0,1.000000,2.941273
EXP-SCN004-backstop-disabled-d14f929b,89.000000,3.200000,3.200000,PASS,0,0,0,1.000000,2.939867
EXP-SCN004-backstop-disabled-d14f929b,89.500000,3.200000,3.200000,PASS,0,0,0,1.000000,2.938553
EXP-SCN004-backstop-disabled-d14f929b,90.000000,3.200000,3.200000,PASS,0,0,0,1.000000,2.936981
EXP-SCN004-backstop-disabled-d14f929b,90.500000,3.200000,3.200000,PASS,0,0,0,1.000000,2.935650
EXP-SCN004-backstop-disabled-d14f929b,91.000000,3.200000,3.200000,PASS,0,0,0,1.000000,2.934071
EXP-SCN004-backstop-disabled-d14f929b,91.500000,3.200000,3.200000,PASS,0,0,0,1.000000,2.932723
EXP-SCN004-backstop-disabled-d14f929b,92.000000,3.200000,3.200000,PASS,0,0,0,1.000000,2.931400
EXP-SCN004-backstop-disabled-d14f929b,92.500000,3.200000,3.200000,PASS,0,0,0,1.000000,2.929963
EXP-SCN004-backstop-disabled-d14f929b,93.000000,3.200000,3.200000,PASS,0,0,0,1.000000,2.928587
EXP-SCN004-backstop-disabled-d14f929b,93.500000,3.200000,3.200000,PASS,0,0,0,1.000000,2.927029
EXP-SCN004-backstop-disabled-d14f929b,94.000000,3.200000,3.200000,PASS,0,0,0,1.000000,2.925586
EXP-SCN004-backstop-disabled-d14f929b,94.500000,3.200000,3.200000,PASS,0,0,0,1.000000,2.924086
EXP-SCN004-backstop-disabled-d14f929b,95.000000,3.200000,3.200000,PASS,0,0,0,1.000000,2.922555
EXP-SCN004-backstop-disabled-d14f929b,95.500000,3.200000,3.200000,PASS,0,0,0,1.000000,2.921184
EXP-SCN004-backstop-disabled-d14f929b,96.000000,3.200000,3.200000,PASS,0,0,0,1.000000,2.919581
EXP-SCN004-backstop-disabled-d14f929b,96.500000,3.200000,3.200000,PASS,0,0,0,1.000000,2.918022
EXP-SCN004-backstop-disabled-d14f929b,97.000000,3.200000,3.200000,PASS,0,0,0,1.000000,2.916535
EXP-SCN004-backstop-disabled-d14f929b,97.500000,3.200000,3.200000,PASS,0,0,0,1.000000,2.915126
EXP-SCN004-backstop-disabled-d14f929b,98.000000,3.200000,3.200000,PASS,0,0,0,1.000000,2.913544
EXP-SCN004-backstop-disabled-d14f929b,98.500000,3.200000,3.200000,PASS,0,0,0,1.000000,2.911998
EXP-SCN004-backstop-disabled-d14f929b,99.000000,3.200000,3.200000,PASS,0,0,0,1.000000,2.910459
EXP-SCN004-backstop-disabled-d14f929b,99.500000,3.200000,3.200000,PASS,0,0,0,1.000000,2.909000
EXP-SCN004-backstop-disabled-d14f929b,100.000000,3.200000,3.200000,PASS,0,0,0,1.000000,2.907645
EXP-SCN004-backstop-disabled-d14f929b,100.500000,3.200000,3.200000,PASS,0,0,0,1.000000,2.906169
EXP-SCN004-backstop-disabled-d14f929b,101.000000,3.200000,3.200000,PASS,0,0,0,1.000000,2.904611
EXP-SCN004-backstop-disabled-d14f929b,101.500000,3.200000,3.200000,PASS,0,0,0,1.000000,2.903130
EXP-SCN004-backstop-disabled-d14f929b,102.000000,3.200000,3.200000,PASS,0,0,0,1.000000,2.901545
EXP-SCN004-backstop-disabled-d14f929b,102.500000,3.200000,3.200000,PASS,0,0,0,1.000000,2.900126
EXP-SCN004-backstop-disabled-d14f929b,103.000000,3.200000,3.200000,PASS,0,0,0,1.000000,2.898687
EXP-SCN004-backstop-disabled-d14f929b,103.500000,3.200000,3.200000,PASS,0,0,0,1.000000,2.897224
EXP-SCN004-backstop-disabled-d14f929b,104.000000,3.200000,3.200000,PASS,0,0,0,1.000000,2.895655
EXP-SCN004-backstop-disabled-d14f929b,104.500000,3.200000,3.200000,PASS,0,0,0,1.000000,2.894132
EXP-SCN004-backstop-disabled-d14f929b,105.000000,3.200000,3.200000,PASS,0,0,0,1.000000,2.892575
EXP-SCN004-backstop-disabled-d14f929b,105.500000,3.200000,3.200000,PASS,0,0,0,1.000000,2.891156
EXP-SCN004-backstop-disabled-d14f929b,106.000000,3.200000,3.200000,PASS,0,0,0,1.000000,2.889715
EXP-SCN004-backstop-disabled-d14f929b,106.500000,3.200000,3.200000,PASS,0,0,0,1.000000,2.888118
EXP-SCN004-backstop-disabled-d14f929b,107.000000,3.200000,3.200000,PASS,0,0,0,1.000000,2.886652
EXP-SCN004-backstop-disabled-d14f929b,107.500000,3.200000,3.200000,PASS,0,0,0,1.000000,2.885083
EXP-SCN004-backstop-disabled-d14f929b,108.000000,3.200000,3.200000,PASS,0,0,0,1.000000,2.883528
EXP-SCN004-backstop-disabled-d14f929b,108.500000,3.200000,3.200000,PASS,0,0,0,1.000000,2.882215
EXP-SCN004-backstop-disabled-d14f929b,109.000000,3.200000,3.200000,PASS,0,0,0,1.000000,2.880886
EXP-SCN004-backstop-disabled-d14f929b,109.500000,3.200000,3.200000,PASS,0,0,0,1.000000,2.879528
EXP-SCN004-backstop-disabled-d14f929b,110.000000,3.200000,3.200000,PASS,0,0,0,1.000000,2.878109
EXP-SCN004-backstop-disabled-d14f929b,110.500000,3.200000,3.200000,PASS,0,0,0,1.000000,2.876609
EXP-SCN004-backstop-disabled-d14f929b,111.000000,3.200000,3.200000,PASS,0,0,0,1.000000,2.875234
EXP-SCN004-backstop-disabled-d14f929b,111.500000,3.200000,3.200000,PASS,0,0,0,1.000000,2.873721
EXP-SCN004-backstop-disabled-d14f929b,112.000000,3.200000,3.200000,PASS,0,0,0,1.000000,2.872117
EXP-SCN004-backstop-disabled-d14f929b,112.500000,3.200000,3.200000,PASS,0,0,0,1.000000,2.870605
EXP-SCN004-backstop-disabled-d14f929b,113.000000,3.200000,3.200000,PASS,0,0,0,1.000000,2.869145
EXP-SCN004-backstop-disabled-d14f929b,113.500000,3.200000,3.200000,PASS,0,0,0,1.000000,2.867574
EXP-SCN004-backstop-disabled-d14f929b,114.000000,3.200000,3.200000,PASS,0,0,0,1.000000,2.866132
EXP-SCN004-backstop-disabled-d14f929b,114.500000,3.200000,3.200000,PASS,0,0,0,1.000000,2.864655
EXP-SCN004-backstop-disabled-d14f929b,115.000000,3.200000,3.200000,PASS,0,0,0,1.000000,2.863270
EXP-SCN004-backstop-disabled-d14f929b,115.500000,3.200000,3.200000,PASS,0,0,0,1.000000,2.861690
EXP-SCN004-backstop-disabled-d14f929b,116.000000,3.200000,3.200000,PASS,0,0,0,1.000000,2.860109
EXP-SCN004-backstop-disabled-d14f929b,116.500000,3.200000,3.200000,PASS,0,0,0,1.000000,2.858508
EXP-SCN004-backstop-disabled-d14f929b,117.000000,3.200000,3.200000,PASS,0,0,0,1.000000,2.856948
EXP-SCN004-backstop-disabled-d14f929b,117.500000,3.200000,3.200000,PASS,0,0,0,1.000000,2.855584
EXP-SCN004-backstop-disabled-d14f929b,118.000000,3.200000,3.200000,PASS,0,0,0,1.000000,2.853990
EXP-SCN004-backstop-disabled-d14f929b,118.500000,3.200000,3.200000,PASS,0,0,0,1.000000,2.852481
EXP-SCN004-backstop-disabled-d14f929b,119.000000,3.200000,3.200000,PASS,0,0,0,1.000000,2.850928
EXP-SCN004-backstop-disabled-d14f929b,119.500000,3.200000,3.200000,PASS,0,0,0,1.000000,2.849588
EXP-SCN004-backstop-disabled-d14f929b,120.000000,3.200000,3.200000,PASS,0,0,0,1.000000,2.848146
EXP-SCN004-backstop-disabled-d14f929b,120.500000,3.200000,3.200000,PASS,0,0,0,1.000000,2.846608
EXP-SCN004-backstop-disabled-d14f929b,121.000000,3.200000,3.200000,PASS,0,0,0,1.000000,2.845241
EXP-SCN004-backstop-disabled-d14f929b,121.500000,3.200000,3.200000,PASS,0,0,0,1.000000,2.843745
EXP-SCN004-backstop-disabled-d14f929b,122.000000,3.200000,3.200000,PASS,0,0,0,1.000000,2.842186
EXP-SCN004-backstop-disabled-d14f929b,122.500000,3.200000,3.200000,PASS,0,0,0,1.000000,2.840775
EXP-SCN004-backstop-disabled-d14f929b,123.000000,3.200000,3.200000,PASS,0,0,0,1.000000,2.839175
EXP-SCN004-backstop-disabled-d14f929b,123.500000,3.200000,3.200000,PASS,0,0,0,1.000000,2.837743
EXP-SCN004-backstop-disabled-d14f929b,124.000000,3.200000,3.200000,PASS,0,0,0,1.000000,2.836205
EXP-SCN004-backstop-disabled-d14f929b,124.500000,3.200000,3.200000,PASS,0,0,0,1.000000,2.834622
EXP-SCN004-backstop-disabled-d14f929b,125.000000,3.200000,3.200000,PASS,0,0,0,1.000000,2.833129
EXP-SCN004-backstop-disabled-d14f929b,125.500000,3.200000,3.200000,PASS,0,0,0,1.000000,2.831594
EXP-SCN004-backstop-disabled-d14f929b,126.000000,3.200000,3.200000,PASS,0,0,0,1.000000,2.830060
EXP-SCN004-backstop-disabled-d14f929b,126.500000,3.200000,3.200000,PASS,0,0,0,1.000000,2.828733
EXP-SCN004-backstop-disabled-d14f929b,127.000000,3.200000,3.200000,PASS,0,0,0,1.000000,2.827193
EXP-SCN004-backstop-disabled-d14f929b,127.500000,3.200000,3.200000,PASS,0,0,0,1.000000,2.825676
EXP-SCN004-backstop-disabled-d14f929b,128.000000,3.200000,3.200000,PASS,0,0,0,1.000000,2.824308
EXP-SCN004-backstop-disabled-d14f929b,128.500000,3.200000,3.200000,PASS,0,0,0,1.000000,2.822881
EXP-SCN004-backstop-disabled-d14f929b,129.000000,3.200000,3.200000,PASS,0,0,0,1.000000,2.821553
EXP-SCN004-backstop-disabled-d14f929b,129.500000,3.200000,3.200000,PASS,0,0,0,1.000000,2.820082
EXP-SCN004-backstop-disabled-d14f929b,130.000000,3.200000,3.200000,PASS,0,0,0,1.000000,2.818621
EXP-SCN004-backstop-disabled-d14f929b,130.500000,3.200000,3.200000,PASS,0,0,0,1.000000,2.817124
EXP-SCN004-backstop-disabled-d14f929b,131.000000,3.200000,3.200000,PASS,0,0,0,1.000000,2.815746
EXP-SCN004-backstop-disabled-d14f929b,131.500000,3.200000,3.200000,PASS,0,0,0,1.000000,2.814284
EXP-SCN004-backstop-disabled-d14f929b,132.000000,3.200000,3.200000,PASS,0,0,0,1.000000,2.812716
EXP-SCN004-backstop-disabled-d14f929b,132.500000,3.200000,3.200000,PASS,0,0,0,1.000000,2.811175
EXP-SCN004-backstop-disabled-d14f929b,133.000000,3.200000,3.200000,PASS,0,0,0,1.000000,2.809622
EXP-SCN004-backstop-disabled-d14f929b,133.500000,3.200000,3.200000,PASS,0,0,0,1.000000,2.808110
EXP-SCN004-backstop-disabled-d14f929b,134.000000,3.200000,3.200000,PASS,0,0,0,1.000000,2.806671
EXP-SCN004-backstop-disabled-d14f929b,134.500000,3.200000,3.200000,PASS,0,0,0,1.000000,2.805305
EXP-SCN004-backstop-disabled-d14f929b,135.000000,3.200000,3.200000,PASS,0,0,0,1.000000,2.803933
EXP-SCN004-backstop-disabled-d14f929b,135.500000,3.200000,3.200000,PASS,0,0,0,1.000000,2.802474
EXP-SCN004-backstop-disabled-d14f929b,136.000000,3.200000,3.200000,PASS,1,1,1,1.000000,2.800922
EXP-SCN004-backstop-disabled-d14f929b,136.500000,3.200000,3.200000,PASS,1,1,1,1.000000,2.804064
EXP-SCN004-backstop-disabled-d14f929b,137.000000,3.200000,3.200000,PASS,1,1,1,1.000000,2.807228
EXP-SCN004-backstop-disabled-d14f929b,137.500000,3.200000,3.200000,PASS,1,1,1,1.000000,2.810476
EXP-SCN004-backstop-disabled-d14f929b,138.000000,3.200000,3.200000,PASS,1,1,1,1.000000,2.813892
EXP-SCN004-backstop-disabled-d14f929b,138.500000,3.200000,3.200000,PASS,1,1,1,1.000000,2.817162
EXP-SCN004-backstop-disabled-d14f929b,139.000000,3.200000,3.200000,PASS,1,1,1,1.000000,2.820500
EXP-SCN004-backstop-disabled-d14f929b,139.500000,3.200000,3.200000,PASS,1,1,1,1.000000,2.823887
EXP-SCN004-backstop-disabled-d14f929b,140.000000,3.200000,3.200000,PASS,1,1,1,1.000000,2.827059
EXP-SCN004-backstop-disabled-d14f929b,140.500000,3.200000,3.200000,PASS,1,1,1,1.000000,2.830249
EXP-SCN004-backstop-disabled-d14f929b,141.000000,3.200000,3.200000,PASS,1,1,1,1.000000,2.833478
EXP-SCN004-backstop-disabled-d14f929b,141.500000,3.200000,3.200000,PASS,1,1,1,1.000000,2.836815
EXP-SCN004-backstop-disabled-d14f929b,142.000000,3.200000,3.200000,PASS,1,1,1,1.000000,2.840167
EXP-SCN004-backstop-disabled-d14f929b,142.500000,3.200000,3.200000,PASS,1,1,1,1.000000,2.843338
EXP-SCN004-backstop-disabled-d14f929b,143.000000,3.200000,3.200000,PASS,1,1,1,1.000000,2.846438
EXP-SCN004-backstop-disabled-d14f929b,143.500000,3.200000,3.200000,PASS,1,1,1,1.000000,2.849727
EXP-SCN004-backstop-disabled-d14f929b,144.000000,3.200000,3.200000,PASS,1,1,1,1.000000,2.853007
EXP-SCN004-backstop-disabled-d14f929b,144.500000,3.200000,3.200000,PASS,1,1,1,1.000000,2.856153
EXP-SCN004-backstop-disabled-d14f929b,145.000000,3.200000,3.200000,PASS,1,1,1,1.000000,2.859294
EXP-SCN004-backstop-disabled-d14f929b,145.500000,3.200000,3.200000,PASS,1,1,1,1.000000,2.862587
EXP-SCN004-backstop-disabled-d14f929b,146.000000,3.200000,3.200000,PASS,1,1,1,1.000000,2.865777
EXP-SCN004-backstop-disabled-d14f929b,146.500000,3.200000,3.200000,PASS,1,1,1,1.000000,2.868919
EXP-SCN004-backstop-disabled-d14f929b,147.000000,3.200000,3.200000,PASS,1,1,1,1.000000,2.872086
EXP-SCN004-backstop-disabled-d14f929b,147.500000,3.200000,3.200000,PASS,1,1,1,1.000000,2.875213
EXP-SCN004-backstop-disabled-d14f929b,148.000000,3.200000,3.200000,PASS,1,1,1,1.000000,2.878538
EXP-SCN004-backstop-disabled-d14f929b,148.500000,3.200000,3.200000,PASS,1,1,1,1.000000,2.881825
EXP-SCN004-backstop-disabled-d14f929b,149.000000,3.200000,3.200000,PASS,1,1,1,1.000000,2.884936
EXP-SCN004-backstop-disabled-d14f929b,149.500000,3.200000,3.200000,PASS,1,1,1,1.000000,2.888092
EXP-SCN004-backstop-disabled-d14f929b,150.000000,3.200000,3.200000,PASS,1,1,1,1.000000,2.891392
EXP-SCN004-backstop-disabled-d14f929b,150.500000,3.200000,3.200000,PASS,1,1,1,1.000000,2.894626
EXP-SCN004-backstop-disabled-d14f929b,151.000000,3.200000,3.200000,PASS,1,1,1,1.000000,2.897728
EXP-SCN004-backstop-disabled-d14f929b,151.500000,3.200000,3.200000,PASS,1,1,1,1.000000,2.900766
EXP-SCN004-backstop-disabled-d14f929b,152.000000,3.200000,3.200000,PASS,1,1,1,1.000000,2.904061
EXP-SCN004-backstop-disabled-d14f929b,152.500000,3.200000,3.200000,PASS,1,1,1,1.000000,2.907313
EXP-SCN004-backstop-disabled-d14f929b,153.000000,3.200000,3.200000,PASS,1,1,1,1.000000,2.910468
EXP-SCN004-backstop-disabled-d14f929b,153.500000,3.200000,3.200000,PASS,1,1,1,1.000000,2.913498
EXP-SCN004-backstop-disabled-d14f929b,154.000000,3.200000,3.200000,PASS,1,1,1,1.000000,2.916686
EXP-SCN004-backstop-disabled-d14f929b,154.500000,3.200000,3.200000,PASS,1,1,1,1.000000,2.919887
EXP-SCN004-backstop-disabled-d14f929b,155.000000,3.200000,3.200000,PASS,1,1,1,1.000000,2.923013
EXP-SCN004-backstop-disabled-d14f929b,155.500000,3.200000,3.200000,PASS,1,1,1,1.000000,2.926232
EXP-SCN004-backstop-disabled-d14f929b,156.000000,3.200000,3.200000,PASS,1,1,1,1.000000,2.929423
EXP-SCN004-backstop-disabled-d14f929b,156.500000,3.200000,3.200000,PASS,1,1,1,1.000000,2.932559
EXP-SCN004-backstop-disabled-d14f929b,157.000000,3.200000,3.200000,PASS,1,1,1,1.000000,2.935680
EXP-SCN004-backstop-disabled-d14f929b,157.500000,3.200000,3.200000,PASS,1,1,1,1.000000,2.938834
EXP-SCN004-backstop-disabled-d14f929b,158.000000,3.200000,3.200000,PASS,1,1,1,1.000000,2.941984
EXP-SCN004-backstop-disabled-d14f929b,158.500000,3.200000,3.200000,PASS,1,1,1,1.000000,2.945167
EXP-SCN004-backstop-disabled-d14f929b,159.000000,3.200000,3.200000,PASS,1,1,1,1.000000,2.948370
EXP-SCN004-backstop-disabled-d14f929b,159.500000,3.200000,3.200000,PASS,1,1,1,1.000000,2.951453
EXP-SCN004-backstop-disabled-d14f929b,160.000000,3.200000,3.200000,PASS,1,1,1,1.000000,2.954517
EXP-SCN004-backstop-disabled-d14f929b,160.500000,3.200000,3.200000,PASS,1,1,1,1.000000,2.957661
EXP-SCN004-backstop-disabled-d14f929b,161.000000,3.200000,3.200000,PASS,1,1,1,1.000000,2.960619
EXP-SCN004-backstop-disabled-d14f929b,161.500000,3.200000,3.200000,PASS,1,1,1,1.000000,2.963800
EXP-SCN004-backstop-disabled-d14f929b,162.000000,3.200000,3.200000,PASS,1,1,1,1.000000,2.966780
EXP-SCN004-backstop-disabled-d14f929b,162.500000,3.200000,3.200000,PASS,1,1,1,1.000000,2.969756
EXP-SCN004-backstop-disabled-d14f929b,163.000000,3.200000,3.200000,PASS,1,1,1,1.000000,2.972794
EXP-SCN004-backstop-disabled-d14f929b,163.500000,3.200000,3.200000,PASS,1,1,1,1.000000,2.975733
EXP-SCN004-backstop-disabled-d14f929b,164.000000,3.200000,3.200000,PASS,1,1,1,1.000000,2.978764
EXP-SCN004-backstop-disabled-d14f929b,164.500000,3.200000,3.200000,PASS,1,1,1,1.000000,2.981793
EXP-SCN004-backstop-disabled-d14f929b,165.000000,3.200000,3.200000,PASS,1,1,1,1.000000,2.984963
EXP-SCN004-backstop-disabled-d14f929b,165.500000,3.200000,3.200000,PASS,1,1,1,1.000000,2.988098
EXP-SCN004-backstop-disabled-d14f929b,166.000000,3.200000,3.200000,PASS,1,1,1,1.000000,2.991150
EXP-SCN004-backstop-disabled-d14f929b,166.500000,3.200000,3.200000,PASS,1,1,1,1.000000,2.994313
EXP-SCN004-backstop-disabled-d14f929b,167.000000,3.200000,3.200000,PASS,1,1,1,1.000000,2.997376
EXP-SCN004-backstop-disabled-d14f929b,167.500000,3.200000,3.200000,PASS,1,1,1,1.000000,3.000434
EXP-SCN004-backstop-disabled-d14f929b,168.000000,3.200000,3.200000,PASS,1,1,1,1.000000,3.003583
EXP-SCN004-backstop-disabled-d14f929b,168.500000,3.200000,3.200000,PASS,1,1,1,1.000000,3.006585
EXP-SCN004-backstop-disabled-d14f929b,169.000000,3.200000,3.200000,PASS,1,1,1,1.000000,3.009561
EXP-SCN004-backstop-disabled-d14f929b,169.500000,3.200000,3.200000,PASS,1,1,1,1.000000,3.012700
EXP-SCN004-backstop-disabled-d14f929b,170.000000,3.200000,3.200000,PASS,1,1,1,1.000000,3.015811
EXP-SCN004-backstop-disabled-d14f929b,170.500000,3.200000,3.200000,PASS,1,1,1,1.000000,3.018729
EXP-SCN004-backstop-disabled-d14f929b,171.000000,3.200000,3.200000,PASS,1,1,1,1.000000,3.021591
EXP-SCN004-backstop-disabled-d14f929b,171.500000,3.200000,3.200000,PASS,1,1,1,1.000000,3.024597
EXP-SCN004-backstop-disabled-d14f929b,172.000000,3.200000,3.200000,PASS,1,1,1,1.000000,3.027573
EXP-SCN004-backstop-disabled-d14f929b,172.500000,3.200000,3.200000,PASS,1,1,1,1.000000,3.030571
EXP-SCN004-backstop-disabled-d14f929b,173.000000,3.200000,3.200000,PASS,1,1,1,1.000000,3.033593
EXP-SCN004-backstop-disabled-d14f929b,173.500000,3.200000,3.200000,PASS,1,1,1,1.000000,3.036457
EXP-SCN004-backstop-disabled-d14f929b,174.000000,3.200000,3.200000,PASS,1,1,1,1.000000,3.039479
EXP-SCN004-backstop-disabled-d14f929b,174.500000,3.200000,3.200000,PASS,1,1,1,1.000000,3.042506
EXP-SCN004-backstop-disabled-d14f929b,175.000000,3.200000,3.200000,PASS,1,1,1,1.000000,3.045423
EXP-SCN004-backstop-disabled-d14f929b,175.500000,3.200000,3.200000,PASS,1,1,1,1.000000,3.048527
EXP-SCN004-backstop-disabled-d14f929b,176.000000,3.200000,3.200000,PASS,1,1,1,1.000000,3.051628
EXP-SCN004-backstop-disabled-d14f929b,176.500000,3.200000,3.200000,PASS,1,1,1,1.000000,3.054573
EXP-SCN004-backstop-disabled-d14f929b,177.000000,3.200000,3.200000,PASS,1,1,1,1.000000,3.057475
EXP-SCN004-backstop-disabled-d14f929b,177.500000,3.200000,3.200000,PASS,1,1,1,1.000000,3.060466
EXP-SCN004-backstop-disabled-d14f929b,178.000000,3.200000,3.200000,PASS,1,1,1,1.000000,3.063444
EXP-SCN004-backstop-disabled-d14f929b,178.500000,3.200000,3.200000,PASS,1,1,1,1.000000,3.066359
EXP-SCN004-backstop-disabled-d14f929b,179.000000,3.200000,3.200000,PASS,1,1,1,1.000000,3.069229
EXP-SCN004-backstop-disabled-d14f929b,179.500000,3.200000,3.200000,PASS,1,1,1,1.000000,3.072299
EXP-SCN004-backstop-disabled-d14f929b,180.000000,4.800000,4.800000,PASS,1,1,1,1.000000,3.075312
EXP-SCN004-backstop-disabled-d14f929b,180.500000,4.800000,4.800000,PASS,1,1,1,1.000000,3.078370
EXP-SCN004-backstop-disabled-d14f929b,181.000000,4.800000,4.800000,PASS,1,1,1,1.000000,3.081390
EXP-SCN004-backstop-disabled-d14f929b,181.500000,4.800000,4.800000,PASS,1,1,1,1.000000,3.084192
EXP-SCN004-backstop-disabled-d14f929b,182.000000,4.800000,4.800000,PASS,1,1,1,1.000000,3.087195
EXP-SCN004-backstop-disabled-d14f929b,182.500000,4.800000,4.800000,PASS,1,1,1,1.000000,3.090109
EXP-SCN004-backstop-disabled-d14f929b,183.000000,4.800000,4.800000,PASS,1,1,1,1.000000,3.092887
EXP-SCN004-backstop-disabled-d14f929b,183.500000,4.800000,4.800000,PASS,1,1,1,1.000000,3.095746
EXP-SCN004-backstop-disabled-d14f929b,184.000000,4.800000,4.800000,PASS,1,1,1,1.000000,3.098586
EXP-SCN004-backstop-disabled-d14f929b,184.500000,4.800000,4.800000,PASS,1,1,1,1.000000,3.101418
EXP-SCN004-backstop-disabled-d14f929b,185.000000,4.800000,4.800000,PASS,1,1,1,1.000000,3.104200
EXP-SCN004-backstop-disabled-d14f929b,185.500000,4.800000,4.800000,PASS,1,1,1,1.000000,3.107097
EXP-SCN004-backstop-disabled-d14f929b,186.000000,4.800000,4.800000,PASS,1,1,1,1.000000,3.109910
EXP-SCN004-backstop-disabled-d14f929b,186.500000,4.800000,4.800000,PASS,1,1,1,1.000000,3.112784
EXP-SCN004-backstop-disabled-d14f929b,187.000000,4.800000,4.800000,PASS,1,1,1,1.000000,3.115685
EXP-SCN004-backstop-disabled-d14f929b,187.500000,4.800000,4.800000,PASS,1,1,1,1.000000,3.118636
EXP-SCN004-backstop-disabled-d14f929b,188.000000,4.800000,4.800000,PASS,1,1,1,1.000000,3.121380
EXP-SCN004-backstop-disabled-d14f929b,188.500000,4.800000,4.800000,PASS,1,1,1,1.000000,3.124182
EXP-SCN004-backstop-disabled-d14f929b,189.000000,4.800000,4.800000,PASS,1,1,1,1.000000,3.126994
EXP-SCN004-backstop-disabled-d14f929b,189.500000,4.800000,4.800000,PASS,1,1,1,1.000000,3.129990
EXP-SCN004-backstop-disabled-d14f929b,190.000000,4.800000,4.800000,PASS,1,1,1,1.000000,3.132745
EXP-SCN004-backstop-disabled-d14f929b,190.500000,4.800000,4.800000,PASS,1,1,1,1.000000,3.135644
EXP-SCN004-backstop-disabled-d14f929b,191.000000,4.800000,4.800000,PASS,1,1,1,1.000000,3.138412
EXP-SCN004-backstop-disabled-d14f929b,191.500000,4.800000,4.800000,PASS,1,1,1,1.000000,3.141192
EXP-SCN004-backstop-disabled-d14f929b,192.000000,4.800000,4.800000,PASS,1,1,1,1.000000,3.144180
EXP-SCN004-backstop-disabled-d14f929b,192.500000,4.800000,4.800000,PASS,1,1,1,1.000000,3.146888
EXP-SCN004-backstop-disabled-d14f929b,193.000000,4.800000,4.800000,PASS,1,1,1,1.000000,3.149684
EXP-SCN004-backstop-disabled-d14f929b,193.500000,4.800000,4.800000,PASS,1,1,1,1.000000,3.152415
EXP-SCN004-backstop-disabled-d14f929b,194.000000,4.800000,4.800000,PASS,1,1,1,1.000000,3.155321
EXP-SCN004-backstop-disabled-d14f929b,194.500000,4.800000,4.800000,PASS,1,1,1,1.000000,3.158014
EXP-SCN004-backstop-disabled-d14f929b,195.000000,4.800000,4.800000,PASS,1,1,1,1.000000,3.160935
EXP-SCN004-backstop-disabled-d14f929b,195.500000,4.800000,4.800000,PASS,1,1,1,1.000000,3.163901
EXP-SCN004-backstop-disabled-d14f929b,196.000000,4.800000,4.800000,PASS,1,1,1,1.000000,3.166718
EXP-SCN004-backstop-disabled-d14f929b,196.500000,4.800000,4.800000,PASS,1,1,1,1.000000,3.169513
EXP-SCN004-backstop-disabled-d14f929b,197.000000,4.800000,4.800000,PASS,1,1,1,1.000000,3.172263
EXP-SCN004-backstop-disabled-d14f929b,197.500000,4.800000,4.800000,PASS,1,1,1,1.000000,3.175006
EXP-SCN004-backstop-disabled-d14f929b,198.000000,4.800000,4.800000,PASS,1,1,1,1.000000,3.177871
EXP-SCN004-backstop-disabled-d14f929b,198.500000,4.800000,4.800000,PASS,1,1,1,1.000000,3.180645
EXP-SCN004-backstop-disabled-d14f929b,199.000000,4.800000,4.800000,PASS,1,1,1,1.000000,3.183538
EXP-SCN004-backstop-disabled-d14f929b,199.500000,4.800000,4.800000,PASS,1,1,1,1.000000,3.186433
EXP-SCN004-backstop-disabled-d14f929b,200.000000,4.800000,4.800000,PASS,1,1,1,1.000000,3.189110
EXP-SCN004-backstop-disabled-d14f929b,200.500000,4.800000,4.800000,PASS,1,1,1,1.000000,3.191918
EXP-SCN004-backstop-disabled-d14f929b,201.000000,4.800000,4.800000,PASS,1,1,1,1.000000,3.194577
EXP-SCN004-backstop-disabled-d14f929b,201.500000,4.800000,4.800000,PASS,1,1,1,1.000000,3.197339
EXP-SCN004-backstop-disabled-d14f929b,202.000000,4.800000,4.800000,PASS,1,1,1,1.000000,3.199987
EXP-SCN004-backstop-disabled-d14f929b,202.500000,4.800000,4.800000,PASS,1,1,1,1.000000,3.202826
EXP-SCN004-backstop-disabled-d14f929b,203.000000,4.800000,4.800000,PASS,1,1,1,1.000000,3.205574
EXP-SCN004-backstop-disabled-d14f929b,203.500000,4.800000,4.800000,PASS,1,1,1,1.000000,3.208385
EXP-SCN004-backstop-disabled-d14f929b,204.000000,4.800000,4.800000,PASS,1,1,1,1.000000,3.211246
EXP-SCN004-backstop-disabled-d14f929b,204.500000,4.800000,4.800000,PASS,1,1,1,1.000000,3.213892
EXP-SCN004-backstop-disabled-d14f929b,205.000000,4.800000,4.800000,PASS,1,1,1,1.000000,3.216661
EXP-SCN004-backstop-disabled-d14f929b,205.500000,4.800000,4.800000,PASS,1,1,1,1.000000,3.219485
EXP-SCN004-backstop-disabled-d14f929b,206.000000,4.800000,4.800000,PASS,1,1,1,1.000000,3.222264
EXP-SCN004-backstop-disabled-d14f929b,206.500000,4.800000,4.800000,PASS,1,1,1,1.000000,3.225026
EXP-SCN004-backstop-disabled-d14f929b,207.000000,4.800000,4.800000,PASS,1,1,1,1.000000,3.227755
EXP-SCN004-backstop-disabled-d14f929b,207.500000,4.800000,4.800000,PASS,1,1,1,1.000000,3.230372
EXP-SCN004-backstop-disabled-d14f929b,208.000000,4.800000,4.800000,PASS,1,1,1,1.000000,3.233181
EXP-SCN004-backstop-disabled-d14f929b,208.500000,4.800000,4.800000,PASS,1,1,1,1.000000,3.235808
EXP-SCN004-backstop-disabled-d14f929b,209.000000,4.800000,4.800000,PASS,1,1,1,1.000000,3.238610
EXP-SCN004-backstop-disabled-d14f929b,209.500000,4.800000,4.800000,PASS,1,1,1,1.000000,3.241464
EXP-SCN004-backstop-disabled-d14f929b,210.000000,4.800000,4.800000,PASS,1,1,1,1.000000,3.244094
EXP-SCN004-backstop-disabled-d14f929b,210.500000,4.800000,4.800000,PASS,1,1,1,1.000000,3.246826
EXP-SCN004-backstop-disabled-d14f929b,211.000000,4.800000,4.800000,PASS,1,1,1,1.000000,3.249452
EXP-SCN004-backstop-disabled-d14f929b,211.500000,4.800000,4.800000,PASS,1,1,1,1.000000,3.252278
EXP-SCN004-backstop-disabled-d14f929b,212.000000,4.800000,4.800000,PASS,1,1,1,1.000000,3.255038
EXP-SCN004-backstop-disabled-d14f929b,212.500000,4.800000,4.800000,PASS,1,1,1,1.000000,3.257788
EXP-SCN004-backstop-disabled-d14f929b,213.000000,4.800000,4.800000,PASS,1,1,1,1.000000,3.260528
EXP-SCN004-backstop-disabled-d14f929b,213.500000,4.800000,4.800000,PASS,1,1,1,1.000000,3.263276
EXP-SCN004-backstop-disabled-d14f929b,214.000000,4.800000,4.800000,PASS,1,1,1,1.000000,3.265969
EXP-SCN004-backstop-disabled-d14f929b,214.500000,4.800000,4.800000,PASS,1,1,1,1.000000,3.268793
EXP-SCN004-backstop-disabled-d14f929b,215.000000,4.800000,4.800000,PASS,1,1,1,1.000000,3.271344
EXP-SCN004-backstop-disabled-d14f929b,215.500000,4.800000,4.800000,PASS,1,1,1,1.000000,3.274120
EXP-SCN004-backstop-disabled-d14f929b,216.000000,4.800000,4.800000,PASS,1,1,1,1.000000,3.276939
EXP-SCN004-backstop-disabled-d14f929b,216.500000,4.800000,4.800000,PASS,1,1,1,1.000000,3.279635
EXP-SCN004-backstop-disabled-d14f929b,217.000000,4.800000,4.800000,PASS,1,1,1,1.000000,3.282336
EXP-SCN004-backstop-disabled-d14f929b,217.500000,4.800000,4.800000,PASS,1,1,1,1.000000,3.284857
EXP-SCN004-backstop-disabled-d14f929b,218.000000,4.800000,4.800000,PASS,1,1,1,1.000000,3.287648
EXP-SCN004-backstop-disabled-d14f929b,218.500000,4.800000,4.800000,PASS,1,1,1,1.000000,3.290437
EXP-SCN004-backstop-disabled-d14f929b,219.000000,4.800000,4.800000,PASS,1,1,1,1.000000,3.293167
EXP-SCN004-backstop-disabled-d14f929b,219.500000,4.800000,4.800000,PASS,1,1,1,1.000000,3.295811
EXP-SCN004-backstop-disabled-d14f929b,220.000000,4.800000,4.800000,PASS,1,1,1,1.000000,3.298451
EXP-SCN004-backstop-disabled-d14f929b,220.500000,4.800000,4.800000,PASS,1,1,1,1.000000,3.300975
EXP-SCN004-backstop-disabled-d14f929b,221.000000,4.800000,4.800000,PASS,1,1,1,1.000000,3.303610
EXP-SCN004-backstop-disabled-d14f929b,221.500000,4.800000,4.800000,PASS,1,1,1,1.000000,3.306370
EXP-SCN004-backstop-disabled-d14f929b,222.000000,4.800000,4.800000,PASS,1,1,1,1.000000,3.308973
EXP-SCN004-backstop-disabled-d14f929b,222.500000,4.800000,4.800000,PASS,1,1,1,1.000000,3.311532
EXP-SCN004-backstop-disabled-d14f929b,223.000000,4.800000,4.800000,PASS,1,1,1,1.000000,3.314043
EXP-SCN004-backstop-disabled-d14f929b,223.500000,4.800000,4.800000,PASS,1,1,1,1.000000,3.316705
EXP-SCN004-backstop-disabled-d14f929b,224.000000,4.800000,4.800000,PASS,1,1,1,1.000000,3.319282
EXP-SCN004-backstop-disabled-d14f929b,224.500000,4.800000,4.800000,PASS,1,1,1,1.000000,3.321919
EXP-SCN004-backstop-disabled-d14f929b,225.000000,4.800000,4.800000,PASS,1,1,1,1.000000,3.324656
EXP-SCN004-backstop-disabled-d14f929b,225.500000,4.800000,4.800000,PASS,1,1,1,1.000000,3.327393
EXP-SCN004-backstop-disabled-d14f929b,226.000000,4.800000,4.800000,PASS,1,1,1,1.000000,3.329972
EXP-SCN004-backstop-disabled-d14f929b,226.500000,4.800000,4.800000,PASS,1,1,1,1.000000,3.332554
EXP-SCN004-backstop-disabled-d14f929b,227.000000,4.800000,4.800000,PASS,1,1,1,1.000000,3.335167
EXP-SCN004-backstop-disabled-d14f929b,227.500000,4.800000,4.800000,PASS,1,1,1,1.000000,3.337773
EXP-SCN004-backstop-disabled-d14f929b,228.000000,4.800000,4.800000,PASS,1,1,1,1.000000,3.340247
EXP-SCN004-backstop-disabled-d14f929b,228.500000,4.800000,4.800000,PASS,1,1,1,1.000000,3.342978
EXP-SCN004-backstop-disabled-d14f929b,229.000000,4.800000,4.800000,PASS,1,1,1,1.000000,3.345642
EXP-SCN004-backstop-disabled-d14f929b,229.500000,4.800000,4.800000,PASS,1,1,1,1.000000,3.348324
EXP-SCN004-backstop-disabled-d14f929b,230.000000,4.800000,4.800000,PASS,1,1,1,1.000000,3.350782
EXP-SCN004-backstop-disabled-d14f929b,230.500000,4.800000,4.800000,PASS,1,1,1,1.000000,3.353456
EXP-SCN004-backstop-disabled-d14f929b,231.000000,4.800000,4.800000,PASS,1,1,1,1.000000,3.356160
EXP-SCN004-backstop-disabled-d14f929b,231.500000,4.800000,4.800000,PASS,1,1,1,1.000000,3.358651
EXP-SCN004-backstop-disabled-d14f929b,232.000000,4.800000,4.800000,PASS,1,1,1,1.000000,3.361343
EXP-SCN004-backstop-disabled-d14f929b,232.500000,4.800000,4.800000,PASS,1,1,1,1.000000,3.363867
EXP-SCN004-backstop-disabled-d14f929b,233.000000,4.800000,4.800000,PASS,1,1,1,1.000000,3.366499
EXP-SCN004-backstop-disabled-d14f929b,233.500000,4.800000,4.800000,PASS,1,1,1,1.000000,3.368959
EXP-SCN004-backstop-disabled-d14f929b,234.000000,4.800000,4.800000,PASS,1,1,1,1.000000,3.371594
EXP-SCN004-backstop-disabled-d14f929b,234.500000,4.800000,4.800000,PASS,1,1,1,1.000000,3.374091
EXP-SCN004-backstop-disabled-d14f929b,235.000000,4.800000,4.800000,PASS,1,1,1,1.000000,3.376726
EXP-SCN004-backstop-disabled-d14f929b,235.500000,4.800000,4.800000,PASS,1,1,1,1.000000,3.379142
EXP-SCN004-backstop-disabled-d14f929b,236.000000,4.800000,4.800000,PASS,1,1,1,1.000000,3.381645
EXP-SCN004-backstop-disabled-d14f929b,236.500000,4.800000,4.800000,PASS,1,1,1,1.000000,3.384067
EXP-SCN004-backstop-disabled-d14f929b,237.000000,4.800000,4.800000,PASS,1,1,1,1.000000,3.386706
EXP-SCN004-backstop-disabled-d14f929b,237.500000,4.800000,4.800000,PASS,1,1,1,1.000000,3.389165
EXP-SCN004-backstop-disabled-d14f929b,238.000000,4.800000,4.800000,PASS,1,1,1,1.000000,3.391730
EXP-SCN004-backstop-disabled-d14f929b,238.500000,4.800000,4.800000,PASS,1,1,1,1.000000,3.394369
EXP-SCN004-backstop-disabled-d14f929b,239.000000,4.800000,4.800000,PASS,1,1,1,1.000000,3.396971
EXP-SCN004-backstop-disabled-d14f929b,239.500000,4.800000,4.800000,PASS,1,1,1,1.000000,3.399487
EXP-SCN004-backstop-disabled-d14f929b,240.000000,4.800000,4.800000,PASS,1,1,1,1.000000,3.402029
EXP-SCN004-backstop-disabled-d14f929b,240.500000,4.800000,4.800000,PASS,1,1,1,1.000000,3.404478
EXP-SCN004-backstop-disabled-d14f929b,241.000000,4.800000,4.800000,PASS,1,1,1,1.000000,3.406944
EXP-SCN004-backstop-disabled-d14f929b,241.500000,4.800000,4.800000,PASS,1,1,1,1.000000,3.409333
EXP-SCN004-backstop-disabled-d14f929b,242.000000,4.800000,4.800000,PASS,1,1,1,1.000000,3.411840
EXP-SCN004-backstop-disabled-d14f929b,242.500000,4.800000,4.800000,PASS,1,1,1,1.000000,3.414400
EXP-SCN004-backstop-disabled-d14f929b,243.000000,4.800000,4.800000,PASS,1,1,1,1.000000,3.416815
EXP-SCN004-backstop-disabled-d14f929b,243.500000,4.800000,4.800000,PASS,1,1,1,1.000000,3.419278
EXP-SCN004-backstop-disabled-d14f929b,244.000000,4.800000,4.800000,PASS,1,1,1,1.000000,3.421736
EXP-SCN004-backstop-disabled-d14f929b,244.500000,4.800000,4.800000,PASS,1,1,1,1.000000,3.424316
EXP-SCN004-backstop-disabled-d14f929b,245.000000,4.800000,4.800000,PASS,1,1,1,1.000000,3.426687
EXP-SCN004-backstop-disabled-d14f929b,245.500000,4.800000,4.800000,PASS,1,1,1,1.000000,3.429122
EXP-SCN004-backstop-disabled-d14f929b,246.000000,4.800000,4.800000,PASS,1,1,1,1.000000,3.431683
EXP-SCN004-backstop-disabled-d14f929b,246.500000,4.800000,4.800000,PASS,1,1,1,1.000000,3.434115
EXP-SCN004-backstop-disabled-d14f929b,247.000000,4.800000,4.800000,PASS,1,1,1,1.000000,3.436480
EXP-SCN004-backstop-disabled-d14f929b,247.500000,4.800000,4.800000,PASS,1,1,1,1.000000,3.439028
EXP-SCN004-backstop-disabled-d14f929b,248.000000,4.800000,4.800000,PASS,1,1,1,1.000000,3.441410
EXP-SCN004-backstop-disabled-d14f929b,248.500000,4.800000,4.800000,PASS,1,1,1,1.000000,3.444006
EXP-SCN004-backstop-disabled-d14f929b,249.000000,4.800000,4.800000,PASS,1,1,1,1.000000,3.446451
EXP-SCN004-backstop-disabled-d14f929b,249.500000,4.800000,4.800000,PASS,1,1,1,1.000000,3.448981
EXP-SCN004-backstop-disabled-d14f929b,250.000000,4.800000,4.800000,PASS,1,1,1,1.000000,3.451327
EXP-SCN004-backstop-disabled-d14f929b,250.500000,4.800000,4.800000,PASS,1,1,1,1.000000,3.453902
EXP-SCN004-backstop-disabled-d14f929b,251.000000,4.800000,4.800000,PASS,1,1,1,1.000000,3.456204
EXP-SCN004-backstop-disabled-d14f929b,251.500000,4.800000,4.800000,PASS,1,1,1,1.000000,3.458716
EXP-SCN004-backstop-disabled-d14f929b,252.000000,4.800000,4.800000,PASS,1,1,1,1.000000,3.461295
EXP-SCN004-backstop-disabled-d14f929b,252.500000,4.800000,4.800000,PASS,1,1,1,1.000000,3.463738
EXP-SCN004-backstop-disabled-d14f929b,253.000000,4.800000,4.800000,PASS,1,1,1,1.000000,3.466275
EXP-SCN004-backstop-disabled-d14f929b,253.500000,4.800000,4.800000,PASS,1,1,1,1.000000,3.468792
EXP-SCN004-backstop-disabled-d14f929b,254.000000,4.800000,4.800000,PASS,1,1,1,1.000000,3.471164
EXP-SCN004-backstop-disabled-d14f929b,254.500000,4.800000,4.800000,PASS,1,1,1,1.000000,3.473593
EXP-SCN004-backstop-disabled-d14f929b,255.000000,4.800000,4.800000,PASS,1,1,1,1.000000,3.475953
EXP-SCN004-backstop-disabled-d14f929b,255.500000,4.800000,4.800000,PASS,1,1,1,1.000000,3.478415
EXP-SCN004-backstop-disabled-d14f929b,256.000000,4.800000,4.800000,PASS,1,1,1,1.000000,3.480713
EXP-SCN004-backstop-disabled-d14f929b,256.500000,4.800000,4.800000,PASS,1,1,1,1.000000,3.483227
EXP-SCN004-backstop-disabled-d14f929b,257.000000,4.800000,4.800000,PASS,1,1,1,1.000000,3.485524
EXP-SCN004-backstop-disabled-d14f929b,257.500000,4.800000,4.800000,PASS,1,1,1,1.000000,3.488000
EXP-SCN004-backstop-disabled-d14f929b,258.000000,4.800000,4.800000,PASS,1,1,1,1.000000,3.490396
EXP-SCN004-backstop-disabled-d14f929b,258.500000,4.800000,4.800000,PASS,1,1,1,1.000000,3.492904
EXP-SCN004-backstop-disabled-d14f929b,259.000000,4.800000,4.800000,PASS,1,1,1,1.000000,3.495416
EXP-SCN004-backstop-disabled-d14f929b,259.500000,4.800000,4.800000,PASS,1,1,1,1.000000,3.497682
EXP-SCN004-backstop-disabled-d14f929b,260.000000,4.800000,4.800000,PASS,1,1,1,1.000000,3.500139
EXP-SCN004-backstop-disabled-d14f929b,260.500000,4.800000,4.800000,PASS,1,1,1,1.000000,3.502407
EXP-SCN004-backstop-disabled-d14f929b,261.000000,4.800000,4.800000,PASS,1,1,1,1.000000,3.504932
EXP-SCN004-backstop-disabled-d14f929b,261.500000,4.800000,4.800000,PASS,1,1,1,1.000000,3.507239
EXP-SCN004-backstop-disabled-d14f929b,262.000000,4.800000,4.800000,PASS,1,1,1,1.000000,3.509537
EXP-SCN004-backstop-disabled-d14f929b,262.500000,4.800000,4.800000,PASS,1,1,1,1.000000,3.511880
EXP-SCN004-backstop-disabled-d14f929b,263.000000,4.800000,4.800000,PASS,1,1,1,1.000000,3.514169
EXP-SCN004-backstop-disabled-d14f929b,263.500000,4.800000,4.800000,PASS,1,1,1,1.000000,3.516609
EXP-SCN004-backstop-disabled-d14f929b,264.000000,4.800000,4.800000,PASS,1,1,1,1.000000,3.519101
EXP-SCN004-backstop-disabled-d14f929b,264.500000,4.800000,4.800000,PASS,1,1,1,1.000000,3.521349
EXP-SCN004-backstop-disabled-d14f929b,265.000000,4.800000,4.800000,PASS,1,1,1,1.000000,3.523784
EXP-SCN004-backstop-disabled-d14f929b,265.500000,4.800000,4.800000,PASS,1,1,1,1.000000,3.526121
EXP-SCN004-backstop-disabled-d14f929b,266.000000,4.800000,4.800000,PASS,1,1,1,1.000000,3.528410
EXP-SCN004-backstop-disabled-d14f929b,266.500000,4.800000,4.800000,PASS,1,1,1,1.000000,3.530700
EXP-SCN004-backstop-disabled-d14f929b,267.000000,4.800000,4.800000,PASS,1,1,1,1.000000,3.532988
EXP-SCN004-backstop-disabled-d14f929b,267.500000,4.800000,4.800000,PASS,1,1,1,1.000000,3.535328
EXP-SCN004-backstop-disabled-d14f929b,268.000000,4.800000,4.800000,PASS,1,1,1,1.000000,3.537597
EXP-SCN004-backstop-disabled-d14f929b,268.500000,4.800000,4.800000,PASS,1,1,1,1.000000,3.539858
EXP-SCN004-backstop-disabled-d14f929b,269.000000,4.800000,4.800000,PASS,1,1,1,1.000000,3.542105
EXP-SCN004-backstop-disabled-d14f929b,269.500000,4.800000,4.800000,PASS,1,1,1,1.000000,3.544392
EXP-SCN004-backstop-disabled-d14f929b,270.000000,4.800000,4.800000,PASS,1,1,1,1.000000,3.546725
EXP-SCN004-backstop-disabled-d14f929b,270.500000,4.800000,4.800000,PASS,1,1,1,1.000000,3.549018
EXP-SCN004-backstop-disabled-d14f929b,271.000000,4.800000,4.800000,PASS,1,1,1,1.000000,3.551416
EXP-SCN004-backstop-disabled-d14f929b,271.500000,4.800000,4.800000,PASS,1,1,1,1.000000,3.553741
EXP-SCN004-backstop-disabled-d14f929b,272.000000,4.800000,4.800000,PASS,1,1,1,1.000000,3.556192
EXP-SCN004-backstop-disabled-d14f929b,272.500000,4.800000,4.800000,PASS,1,1,1,1.000000,3.558512
EXP-SCN004-backstop-disabled-d14f929b,273.000000,4.800000,4.800000,PASS,1,1,1,1.000000,3.560695
EXP-SCN004-backstop-disabled-d14f929b,273.500000,4.800000,4.800000,PASS,1,1,1,1.000000,3.563013
EXP-SCN004-backstop-disabled-d14f929b,274.000000,4.800000,4.800000,PASS,1,1,1,1.000000,3.565297
EXP-SCN004-backstop-disabled-d14f929b,274.500000,4.800000,4.800000,PASS,1,1,1,1.000000,3.567578
EXP-SCN004-backstop-disabled-d14f929b,275.000000,4.800000,4.800000,PASS,1,1,1,1.000000,3.569771
EXP-SCN004-backstop-disabled-d14f929b,275.500000,4.800000,4.800000,PASS,1,1,1,1.000000,3.572039
EXP-SCN004-backstop-disabled-d14f929b,276.000000,4.800000,4.800000,PASS,1,1,1,1.000000,3.574201
EXP-SCN004-backstop-disabled-d14f929b,276.500000,4.800000,4.800000,PASS,1,1,1,1.000000,3.576537
EXP-SCN004-backstop-disabled-d14f929b,277.000000,4.800000,4.800000,PASS,1,1,1,1.000000,3.578726
EXP-SCN004-backstop-disabled-d14f929b,277.500000,4.800000,4.800000,PASS,1,1,1,1.000000,3.581089
EXP-SCN004-backstop-disabled-d14f929b,278.000000,4.800000,4.800000,PASS,1,1,1,1.000000,3.583422
EXP-SCN004-backstop-disabled-d14f929b,278.500000,4.800000,4.800000,PASS,1,1,1,1.000000,3.585682
EXP-SCN004-backstop-disabled-d14f929b,279.000000,4.800000,4.800000,PASS,1,1,1,1.000000,3.588018
EXP-SCN004-backstop-disabled-d14f929b,279.500000,4.800000,4.800000,PASS,1,1,1,1.000000,3.590369
EXP-SCN004-backstop-disabled-d14f929b,280.000000,4.800000,4.800000,PASS,1,1,1,1.000000,3.592741
EXP-SCN004-backstop-disabled-d14f929b,280.500000,4.800000,4.800000,PASS,1,1,1,1.000000,3.595025
EXP-SCN004-backstop-disabled-d14f929b,281.000000,4.800000,4.800000,PASS,1,1,1,1.000000,3.597404
EXP-SCN004-backstop-disabled-d14f929b,281.500000,4.800000,4.800000,PASS,1,1,1,1.000000,3.599559
EXP-SCN004-backstop-disabled-d14f929b,282.000000,4.800000,4.800000,PASS,1,1,1,1.000000,3.601791
EXP-SCN004-backstop-disabled-d14f929b,282.500000,4.800000,4.800000,PASS,1,1,1,1.000000,3.604157
EXP-SCN004-backstop-disabled-d14f929b,283.000000,4.800000,4.800000,PASS,1,1,1,1.000000,3.606495
EXP-SCN004-backstop-disabled-d14f929b,283.500000,4.800000,4.800000,PASS,1,1,1,1.000000,3.608729
EXP-SCN004-backstop-disabled-d14f929b,284.000000,4.800000,4.800000,PASS,1,1,1,1.000000,3.611048
EXP-SCN004-backstop-disabled-d14f929b,284.500000,4.800000,4.800000,PASS,1,1,1,1.000000,3.613195
EXP-SCN004-backstop-disabled-d14f929b,285.000000,4.800000,4.800000,PASS,1,1,1,1.000000,3.615334
EXP-SCN004-backstop-disabled-d14f929b,285.500000,4.800000,4.800000,PASS,1,1,1,1.000000,3.617433
EXP-SCN004-backstop-disabled-d14f929b,286.000000,4.800000,4.800000,PASS,1,1,1,1.000000,3.619741
EXP-SCN004-backstop-disabled-d14f929b,286.500000,4.800000,4.800000,PASS,1,1,1,1.000000,3.622097
EXP-SCN004-backstop-disabled-d14f929b,287.000000,4.800000,4.800000,PASS,1,1,1,1.000000,3.624382
EXP-SCN004-backstop-disabled-d14f929b,287.500000,4.800000,4.800000,PASS,1,1,1,1.000000,3.626565
EXP-SCN004-backstop-disabled-d14f929b,288.000000,4.800000,4.800000,PASS,1,1,1,1.000000,3.628686
EXP-SCN004-backstop-disabled-d14f929b,288.500000,4.800000,4.800000,PASS,1,1,1,1.000000,3.630833
EXP-SCN004-backstop-disabled-d14f929b,289.000000,4.800000,4.800000,PASS,1,1,1,1.000000,3.632919
EXP-SCN004-backstop-disabled-d14f929b,289.500000,4.800000,4.800000,PASS,1,1,1,1.000000,3.635228
EXP-SCN004-backstop-disabled-d14f929b,290.000000,4.800000,4.800000,PASS,1,1,1,1.000000,3.637379
EXP-SCN004-backstop-disabled-d14f929b,290.500000,4.800000,4.800000,PASS,1,1,1,1.000000,3.639667
EXP-SCN004-backstop-disabled-d14f929b,291.000000,4.800000,4.800000,PASS,1,1,1,1.000000,3.641844
EXP-SCN004-backstop-disabled-d14f929b,291.500000,4.800000,4.800000,PASS,1,1,1,1.000000,3.643904
EXP-SCN004-backstop-disabled-d14f929b,292.000000,4.800000,4.800000,PASS,1,1,1,1.000000,3.645981
EXP-SCN004-backstop-disabled-d14f929b,292.500000,4.800000,4.800000,PASS,1,1,1,1.000000,3.648134
EXP-SCN004-backstop-disabled-d14f929b,293.000000,4.800000,4.800000,PASS,1,1,1,1.000000,3.650241
EXP-SCN004-backstop-disabled-d14f929b,293.500000,4.800000,4.800000,PASS,1,1,1,1.000000,3.652450
EXP-SCN004-backstop-disabled-d14f929b,294.000000,4.800000,4.800000,PASS,1,1,1,1.000000,3.654596
EXP-SCN004-backstop-disabled-d14f929b,294.500000,4.800000,4.800000,PASS,1,1,1,1.000000,3.656718
EXP-SCN004-backstop-disabled-d14f929b,295.000000,4.800000,4.800000,PASS,1,1,1,1.000000,3.658890
EXP-SCN004-backstop-disabled-d14f929b,295.500000,4.800000,4.800000,PASS,1,1,1,1.000000,3.661217
EXP-SCN004-backstop-disabled-d14f929b,296.000000,4.800000,4.800000,PASS,1,1,1,1.000000,3.663333
EXP-SCN004-backstop-disabled-d14f929b,296.500000,4.800000,4.800000,PASS,1,1,1,1.000000,3.665383
EXP-SCN004-backstop-disabled-d14f929b,297.000000,4.800000,4.800000,PASS,1,1,1,1.000000,3.667620
EXP-SCN004-backstop-disabled-d14f929b,297.500000,4.800000,4.800000,PASS,1,1,1,1.000000,3.669826
EXP-SCN004-backstop-disabled-d14f929b,298.000000,4.800000,4.800000,PASS,1,1,1,1.000000,3.672099
EXP-SCN004-backstop-disabled-d14f929b,298.500000,4.800000,4.800000,PASS,1,1,1,1.000000,3.674154
EXP-SCN004-backstop-disabled-d14f929b,299.000000,4.800000,4.800000,PASS,1,1,1,1.000000,3.676274
EXP-SCN004-backstop-disabled-d14f929b,299.500000,4.800000,4.800000,PASS,1,1,1,1.000000,3.678386
EXP-SCN004-backstop-disabled-d14f929b,300.000000,4.800000,4.800000,PASS,1,1,1,1.000000,3.680454
EXP-SCN004-backstop-disabled-d14f929b,300.500000,4.800000,4.800000,PASS,1,1,1,1.000000,3.682569
EXP-SCN004-backstop-disabled-d14f929b,301.000000,4.800000,4.800000,PASS,1,1,1,1.000000,3.684730
EXP-SCN004-backstop-disabled-d14f929b,301.500000,4.800000,4.800000,PASS,1,1,1,1.000000,3.686865
EXP-SCN004-backstop-disabled-d14f929b,302.000000,4.800000,4.800000,PASS,1,1,1,1.000000,3.689087
EXP-SCN004-backstop-disabled-d14f929b,302.500000,4.800000,4.800000,PASS,1,1,1,1.000000,3.691295
EXP-SCN004-backstop-disabled-d14f929b,303.000000,4.800000,4.800000,PASS,1,1,1,1.000000,3.693292
EXP-SCN004-backstop-disabled-d14f929b,303.500000,4.800000,4.800000,PASS,1,1,1,1.000000,3.695322
EXP-SCN004-backstop-disabled-d14f929b,304.000000,4.800000,4.800000,PASS,1,1,1,1.000000,3.697506
EXP-SCN004-backstop-disabled-d14f929b,304.500000,4.800000,4.800000,PASS,1,1,1,1.000000,3.699544
EXP-SCN004-backstop-disabled-d14f929b,305.000000,4.800000,4.800000,PASS,1,1,1,1.000000,3.701544
EXP-SCN004-backstop-disabled-d14f929b,305.500000,4.800000,4.800000,PASS,1,1,1,1.000000,3.703549
EXP-SCN004-backstop-disabled-d14f929b,306.000000,4.800000,4.800000,PASS,1,1,1,1.000000,3.705821
EXP-SCN004-backstop-disabled-d14f929b,306.500000,4.800000,4.800000,PASS,1,1,1,1.000000,3.707808
EXP-SCN004-backstop-disabled-d14f929b,307.000000,4.800000,4.800000,PASS,1,1,1,1.000000,3.709996
EXP-SCN004-backstop-disabled-d14f929b,307.500000,4.800000,4.800000,PASS,1,1,1,1.000000,3.712202
EXP-SCN004-backstop-disabled-d14f929b,308.000000,4.800000,4.800000,PASS,1,1,1,1.000000,3.714234
EXP-SCN004-backstop-disabled-d14f929b,308.500000,4.800000,4.800000,PASS,1,1,1,1.000000,3.716269
EXP-SCN004-backstop-disabled-d14f929b,309.000000,4.800000,4.800000,PASS,1,1,1,1.000000,3.718462
EXP-SCN004-backstop-disabled-d14f929b,309.500000,4.800000,4.800000,PASS,1,1,1,1.000000,3.720593
EXP-SCN004-backstop-disabled-d14f929b,310.000000,4.800000,4.800000,PASS,1,1,1,1.000000,3.722719
EXP-SCN004-backstop-disabled-d14f929b,310.500000,4.800000,4.800000,PASS,1,1,1,1.000000,3.724710
EXP-SCN004-backstop-disabled-d14f929b,311.000000,4.800000,4.800000,PASS,1,1,1,1.000000,3.726936
EXP-SCN004-backstop-disabled-d14f929b,311.500000,4.800000,4.800000,PASS,1,1,1,1.000000,3.728941
EXP-SCN004-backstop-disabled-d14f929b,312.000000,4.800000,4.800000,PASS,1,1,1,1.000000,3.731139
EXP-SCN004-backstop-disabled-d14f929b,312.500000,4.800000,4.800000,PASS,1,1,1,1.000000,3.733145
EXP-SCN004-backstop-disabled-d14f929b,313.000000,4.800000,4.800000,PASS,1,1,1,1.000000,3.735148
EXP-SCN004-backstop-disabled-d14f929b,313.500000,4.800000,4.800000,PASS,1,1,1,1.000000,3.737220
EXP-SCN004-backstop-disabled-d14f929b,314.000000,4.800000,4.800000,PASS,1,1,1,1.000000,3.739421
EXP-SCN004-backstop-disabled-d14f929b,314.500000,4.800000,4.800000,PASS,1,1,1,1.000000,3.741502
EXP-SCN004-backstop-disabled-d14f929b,315.000000,4.800000,4.800000,PASS,1,1,1,1.000000,3.743685
EXP-SCN004-backstop-disabled-d14f929b,315.500000,4.800000,4.800000,PASS,1,1,1,1.000000,3.745736
EXP-SCN004-backstop-disabled-d14f929b,316.000000,4.800000,4.800000,PASS,1,1,1,1.000000,3.747917
EXP-SCN004-backstop-disabled-d14f929b,316.500000,4.800000,4.800000,PASS,1,1,1,1.000000,3.750008
EXP-SCN004-backstop-disabled-d14f929b,317.000000,4.800000,4.800000,PASS,1,1,1,1.000000,3.752136
EXP-SCN004-backstop-disabled-d14f929b,317.500000,4.800000,4.800000,PASS,1,1,1,1.000000,3.754102
EXP-SCN004-backstop-disabled-d14f929b,318.000000,4.800000,4.800000,PASS,1,1,1,1.000000,3.756137
EXP-SCN004-backstop-disabled-d14f929b,318.500000,4.800000,4.800000,PASS,1,1,1,1.000000,3.758183
EXP-SCN004-backstop-disabled-d14f929b,319.000000,4.800000,4.800000,PASS,1,1,1,1.000000,3.760191
EXP-SCN004-backstop-disabled-d14f929b,319.500000,4.800000,4.800000,PASS,1,1,1,1.000000,3.762118
EXP-SCN004-backstop-disabled-d14f929b,320.000000,4.800000,4.800000,PASS,1,1,1,1.000000,3.764247
EXP-SCN004-backstop-disabled-d14f929b,320.500000,4.800000,4.800000,PASS,1,1,1,1.000000,3.766261
EXP-SCN004-backstop-disabled-d14f929b,321.000000,4.800000,4.800000,PASS,1,1,1,1.000000,3.768288
EXP-SCN004-backstop-disabled-d14f929b,321.500000,4.800000,4.800000,PASS,1,1,1,1.000000,3.770410
EXP-SCN004-backstop-disabled-d14f929b,322.000000,4.800000,4.800000,PASS,1,1,1,1.000000,3.772315
EXP-SCN004-backstop-disabled-d14f929b,322.500000,4.800000,4.800000,PASS,1,1,1,1.000000,3.774462
EXP-SCN004-backstop-disabled-d14f929b,323.000000,4.800000,4.800000,PASS,1,1,1,1.000000,3.776545
EXP-SCN004-backstop-disabled-d14f929b,323.500000,4.800000,4.800000,PASS,1,1,1,1.000000,3.778622
EXP-SCN004-backstop-disabled-d14f929b,324.000000,4.800000,4.800000,PASS,1,1,1,1.000000,3.780788
EXP-SCN004-backstop-disabled-d14f929b,324.500000,4.800000,4.800000,PASS,1,1,1,1.000000,3.782881
EXP-SCN004-backstop-disabled-d14f929b,325.000000,4.800000,4.800000,PASS,1,1,1,1.000000,3.784797
EXP-SCN004-backstop-disabled-d14f929b,325.500000,4.800000,4.800000,PASS,1,1,1,1.000000,3.786755
EXP-SCN004-backstop-disabled-d14f929b,326.000000,4.800000,4.800000,PASS,1,1,1,1.000000,3.788692
EXP-SCN004-backstop-disabled-d14f929b,326.500000,4.800000,4.800000,PASS,1,1,1,1.000000,3.790638
EXP-SCN004-backstop-disabled-d14f929b,327.000000,4.800000,4.800000,PASS,1,1,1,1.000000,3.792571
EXP-SCN004-backstop-disabled-d14f929b,327.500000,4.800000,4.800000,PASS,1,1,1,1.000000,3.794683
EXP-SCN004-backstop-disabled-d14f929b,328.000000,4.800000,4.800000,PASS,1,1,1,1.000000,3.796739
EXP-SCN004-backstop-disabled-d14f929b,328.500000,4.800000,4.800000,PASS,1,1,1,1.000000,3.798620
EXP-SCN004-backstop-disabled-d14f929b,329.000000,4.800000,4.800000,PASS,1,1,1,1.000000,3.800510
EXP-SCN004-backstop-disabled-d14f929b,329.500000,4.800000,4.800000,PASS,1,1,1,1.000000,3.802502
EXP-SCN004-backstop-disabled-d14f929b,330.000000,4.800000,4.800000,PASS,1,1,1,1.000000,3.804481
EXP-SCN004-backstop-disabled-d14f929b,330.500000,4.800000,4.800000,PASS,1,1,1,1.000000,3.806518
EXP-SCN004-backstop-disabled-d14f929b,331.000000,4.800000,4.800000,PASS,1,1,1,1.000000,3.808644
EXP-SCN004-backstop-disabled-d14f929b,331.500000,4.800000,4.800000,PASS,1,1,1,1.000000,3.810542
EXP-SCN004-backstop-disabled-d14f929b,332.000000,4.800000,4.800000,PASS,1,1,1,1.000000,3.812401
EXP-SCN004-backstop-disabled-d14f929b,332.500000,4.800000,4.800000,PASS,1,1,1,1.000000,3.814390
EXP-SCN004-backstop-disabled-d14f929b,333.000000,4.800000,4.800000,PASS,1,1,1,1.000000,3.816331
EXP-SCN004-backstop-disabled-d14f929b,333.500000,4.800000,4.800000,PASS,1,1,1,1.000000,3.818192
EXP-SCN004-backstop-disabled-d14f929b,334.000000,4.800000,4.800000,PASS,1,1,1,1.000000,3.820300
EXP-SCN004-backstop-disabled-d14f929b,334.500000,4.800000,4.800000,PASS,1,1,1,1.000000,3.822409
EXP-SCN004-backstop-disabled-d14f929b,335.000000,4.800000,4.800000,PASS,1,1,1,1.000000,3.824339
EXP-SCN004-backstop-disabled-d14f929b,335.500000,4.800000,4.800000,PASS,1,1,1,1.000000,3.826360
EXP-SCN004-backstop-disabled-d14f929b,336.000000,4.800000,4.800000,PASS,1,1,1,1.000000,3.828465
EXP-SCN004-backstop-disabled-d14f929b,336.500000,4.800000,4.800000,PASS,1,1,1,1.000000,3.830533
EXP-SCN004-backstop-disabled-d14f929b,337.000000,4.800000,4.800000,PASS,1,1,1,1.000000,3.832506
EXP-SCN004-backstop-disabled-d14f929b,337.500000,4.800000,4.800000,PASS,1,1,1,1.000000,3.834482
EXP-SCN004-backstop-disabled-d14f929b,338.000000,4.800000,4.800000,PASS,1,1,1,1.000000,3.836476
EXP-SCN004-backstop-disabled-d14f929b,338.500000,4.800000,4.800000,PASS,1,1,1,1.000000,3.838294
EXP-SCN004-backstop-disabled-d14f929b,339.000000,4.800000,4.800000,PASS,1,1,1,1.000000,3.840284
EXP-SCN004-backstop-disabled-d14f929b,339.500000,4.800000,4.800000,PASS,1,1,1,1.000000,3.842257
EXP-SCN004-backstop-disabled-d14f929b,340.000000,4.800000,4.800000,PASS,1,1,1,1.000000,3.844186
EXP-SCN004-backstop-disabled-d14f929b,340.500000,4.800000,4.800000,PASS,1,1,1,1.000000,3.846006
EXP-SCN004-backstop-disabled-d14f929b,341.000000,4.800000,4.800000,PASS,1,1,1,1.000000,3.847873
EXP-SCN004-backstop-disabled-d14f929b,341.500000,4.800000,4.800000,PASS,1,1,1,1.000000,3.849944
EXP-SCN004-backstop-disabled-d14f929b,342.000000,4.800000,4.800000,PASS,1,1,1,1.000000,3.851874
EXP-SCN004-backstop-disabled-d14f929b,342.500000,4.800000,4.800000,PASS,1,1,1,1.000000,3.853669
EXP-SCN004-backstop-disabled-d14f929b,343.000000,4.800000,4.800000,PASS,1,1,1,1.000000,3.855632
EXP-SCN004-backstop-disabled-d14f929b,343.500000,4.800000,4.800000,PASS,1,1,1,1.000000,3.857489
EXP-SCN004-backstop-disabled-d14f929b,344.000000,4.800000,4.800000,PASS,1,1,1,1.000000,3.859433
EXP-SCN004-backstop-disabled-d14f929b,344.500000,4.800000,4.800000,PASS,1,1,1,1.000000,3.861434
EXP-SCN004-backstop-disabled-d14f929b,345.000000,4.800000,4.800000,PASS,1,1,1,1.000000,3.863328
EXP-SCN004-backstop-disabled-d14f929b,345.500000,4.800000,4.800000,PASS,1,1,1,1.000000,3.865183
EXP-SCN004-backstop-disabled-d14f929b,346.000000,4.800000,4.800000,PASS,1,1,1,1.000000,3.867029
EXP-SCN004-backstop-disabled-d14f929b,346.500000,4.800000,4.800000,PASS,1,1,1,1.000000,3.869061
EXP-SCN004-backstop-disabled-d14f929b,347.000000,4.800000,4.800000,PASS,1,1,1,1.000000,3.870965
EXP-SCN004-backstop-disabled-d14f929b,347.500000,4.800000,4.800000,PASS,1,1,1,1.000000,3.873003
EXP-SCN004-backstop-disabled-d14f929b,348.000000,4.800000,4.800000,PASS,1,1,1,1.000000,3.875033
EXP-SCN004-backstop-disabled-d14f929b,348.500000,4.800000,4.800000,PASS,1,1,1,1.000000,3.876967
EXP-SCN004-backstop-disabled-d14f929b,349.000000,4.800000,4.800000,PASS,1,1,1,1.000000,3.879014
EXP-SCN004-backstop-disabled-d14f929b,349.500000,4.800000,4.800000,PASS,1,1,1,1.000000,3.881023
EXP-SCN004-backstop-disabled-d14f929b,350.000000,4.800000,4.800000,PASS,1,1,1,1.000000,3.882861
EXP-SCN004-backstop-disabled-d14f929b,350.500000,4.800000,4.800000,PASS,1,1,1,1.000000,3.884821
EXP-SCN004-backstop-disabled-d14f929b,351.000000,4.800000,4.800000,PASS,1,1,1,1.000000,3.886764
EXP-SCN004-backstop-disabled-d14f929b,351.500000,4.800000,4.800000,PASS,1,1,1,1.000000,3.888678
EXP-SCN004-backstop-disabled-d14f929b,352.000000,4.800000,4.800000,PASS,1,1,1,1.000000,3.890647
EXP-SCN004-backstop-disabled-d14f929b,352.500000,4.800000,4.800000,PASS,1,1,1,1.000000,3.892423
EXP-SCN004-backstop-disabled-d14f929b,353.000000,4.800000,4.800000,PASS,1,1,1,1.000000,3.894424
EXP-SCN004-backstop-disabled-d14f929b,353.500000,4.800000,4.800000,PASS,1,1,1,1.000000,3.896265
EXP-SCN004-backstop-disabled-d14f929b,354.000000,4.800000,4.800000,PASS,1,1,1,1.000000,3.898275
EXP-SCN004-backstop-disabled-d14f929b,354.500000,4.800000,4.800000,PASS,1,1,1,1.000000,3.900171
EXP-SCN004-backstop-disabled-d14f929b,355.000000,4.800000,4.800000,PASS,1,1,1,1.000000,3.901917
EXP-SCN004-backstop-disabled-d14f929b,355.500000,4.800000,4.800000,PASS,1,1,1,1.000000,3.903728
EXP-SCN004-backstop-disabled-d14f929b,356.000000,4.800000,4.800000,PASS,1,1,1,1.000000,3.905593
EXP-SCN004-backstop-disabled-d14f929b,356.500000,4.800000,4.800000,PASS,1,1,1,1.000000,3.907329
EXP-SCN004-backstop-disabled-d14f929b,357.000000,4.800000,4.800000,PASS,1,1,1,1.000000,3.909076
EXP-SCN004-backstop-disabled-d14f929b,357.500000,4.800000,4.800000,PASS,1,1,1,1.000000,3.910813
EXP-SCN004-backstop-disabled-d14f929b,358.000000,4.800000,4.800000,PASS,1,1,1,1.000000,3.912728
EXP-SCN004-backstop-disabled-d14f929b,358.500000,4.800000,4.800000,PASS,1,1,1,1.000000,3.914516
EXP-SCN004-backstop-disabled-d14f929b,359.000000,4.800000,4.800000,PASS,1,1,1,1.000000,3.916471
EXP-SCN004-backstop-disabled-d14f929b,359.500000,4.800000,4.800000,PASS,1,1,1,1.000000,3.918258
EXP-SCN004-backstop-disabled-d14f929b,360.000000,4.800000,4.800000,PASS,1,1,1,1.000000,3.920190
EXP-SCN004-backstop-disabled-d14f929b,360.500000,4.800000,4.800000,PASS,1,1,1,1.000000,3.921912
EXP-SCN004-backstop-disabled-d14f929b,361.000000,4.800000,4.800000,PASS,1,1,1,1.000000,3.923673
EXP-SCN004-backstop-disabled-d14f929b,361.500000,4.800000,4.800000,PASS,1,1,1,1.000000,3.925485
EXP-SCN004-backstop-disabled-d14f929b,362.000000,4.800000,4.800000,PASS,1,1,1,1.000000,3.927431
EXP-SCN004-backstop-disabled-d14f929b,362.500000,4.800000,4.800000,PASS,1,1,1,1.000000,3.929185
EXP-SCN004-backstop-disabled-d14f929b,363.000000,4.800000,4.800000,PASS,1,1,1,1.000000,3.931092
EXP-SCN004-backstop-disabled-d14f929b,363.500000,4.800000,4.800000,PASS,1,1,1,1.000000,3.932958
EXP-SCN004-backstop-disabled-d14f929b,364.000000,4.800000,4.800000,PASS,1,1,1,1.000000,3.934820
EXP-SCN004-backstop-disabled-d14f929b,364.500000,4.800000,4.800000,PASS,1,1,1,1.000000,3.936739
EXP-SCN004-backstop-disabled-d14f929b,365.000000,4.800000,4.800000,PASS,1,1,1,1.000000,3.938559
EXP-SCN004-backstop-disabled-d14f929b,365.500000,4.800000,4.800000,PASS,1,1,1,1.000000,3.940302
EXP-SCN004-backstop-disabled-d14f929b,366.000000,4.800000,4.800000,PASS,1,1,1,1.000000,3.942121
EXP-SCN004-backstop-disabled-d14f929b,366.500000,4.800000,4.800000,PASS,1,1,1,1.000000,3.943974
EXP-SCN004-backstop-disabled-d14f929b,367.000000,4.800000,4.800000,PASS,1,1,1,1.000000,3.945698
EXP-SCN004-backstop-disabled-d14f929b,367.500000,4.800000,4.800000,PASS,1,1,1,1.000000,3.947460
EXP-SCN004-backstop-disabled-d14f929b,368.000000,4.800000,4.800000,PASS,1,1,1,1.000000,3.949276
EXP-SCN004-backstop-disabled-d14f929b,368.500000,4.800000,4.800000,PASS,1,1,1,1.000000,3.950991
EXP-SCN004-backstop-disabled-d14f929b,369.000000,4.800000,4.800000,PASS,1,1,1,1.000000,3.952864
EXP-SCN004-backstop-disabled-d14f929b,369.500000,4.800000,4.800000,PASS,1,1,1,1.000000,3.954627
EXP-SCN004-backstop-disabled-d14f929b,370.000000,4.800000,4.800000,PASS,1,1,1,1.000000,3.956530
EXP-SCN004-backstop-disabled-d14f929b,370.500000,4.800000,4.800000,PASS,1,1,1,1.000000,3.958443
EXP-SCN004-backstop-disabled-d14f929b,371.000000,4.800000,4.800000,PASS,1,1,1,1.000000,3.960249
EXP-SCN004-backstop-disabled-d14f929b,371.500000,4.800000,4.800000,PASS,1,1,1,1.000000,3.962059
EXP-SCN004-backstop-disabled-d14f929b,372.000000,4.800000,4.800000,PASS,1,1,1,1.000000,3.963727
EXP-SCN004-backstop-disabled-d14f929b,372.500000,4.800000,4.800000,PASS,1,1,1,1.000000,3.965630
EXP-SCN004-backstop-disabled-d14f929b,373.000000,4.800000,4.800000,PASS,1,1,1,1.000000,3.967488
EXP-SCN004-backstop-disabled-d14f929b,373.500000,4.800000,4.800000,PASS,1,1,1,1.000000,3.969150
EXP-SCN004-backstop-disabled-d14f929b,374.000000,4.800000,4.800000,PASS,1,1,1,1.000000,3.970955
EXP-SCN004-backstop-disabled-d14f929b,374.500000,4.800000,4.800000,PASS,1,1,1,1.000000,3.972752
EXP-SCN004-backstop-disabled-d14f929b,375.000000,4.800000,4.800000,PASS,1,1,1,1.000000,3.974644
EXP-SCN004-backstop-disabled-d14f929b,375.500000,4.800000,4.800000,PASS,1,1,1,1.000000,3.976358
EXP-SCN004-backstop-disabled-d14f929b,376.000000,4.800000,4.800000,PASS,1,1,1,1.000000,3.978120
EXP-SCN004-backstop-disabled-d14f929b,376.500000,4.800000,4.800000,PASS,1,1,1,1.000000,3.979814
EXP-SCN004-backstop-disabled-d14f929b,377.000000,4.800000,4.800000,PASS,1,1,1,1.000000,3.981568
EXP-SCN004-backstop-disabled-d14f929b,377.500000,4.800000,4.800000,PASS,1,1,1,1.000000,3.983409
EXP-SCN004-backstop-disabled-d14f929b,378.000000,4.800000,4.800000,PASS,1,1,1,1.000000,3.985034
EXP-SCN004-backstop-disabled-d14f929b,378.500000,4.800000,4.800000,PASS,1,1,1,1.000000,3.986794
EXP-SCN004-backstop-disabled-d14f929b,379.000000,4.800000,4.800000,PASS,1,1,1,1.000000,3.988665
EXP-SCN004-backstop-disabled-d14f929b,379.500000,4.800000,4.800000,PASS,1,1,1,1.000000,3.990544
EXP-SCN004-backstop-disabled-d14f929b,380.000000,4.800000,4.800000,PASS,1,1,1,1.000000,3.992251
EXP-SCN004-backstop-disabled-d14f929b,380.500000,4.800000,4.800000,PASS,1,1,1,1.000000,3.994008
EXP-SCN004-backstop-disabled-d14f929b,381.000000,4.800000,4.800000,PASS,1,1,1,1.000000,3.995715
EXP-SCN004-backstop-disabled-d14f929b,381.500000,4.800000,4.800000,PASS,1,1,1,1.000000,3.997563
EXP-SCN004-backstop-disabled-d14f929b,382.000000,4.800000,4.800000,PASS,1,1,1,1.000000,3.999277
EXP-SCN004-backstop-disabled-d14f929b,382.500000,4.800000,4.800000,PASS,1,1,1,1.000000,4.000951
EXP-SCN004-backstop-disabled-d14f929b,383.000000,4.800000,4.800000,PASS,1,1,1,1.000000,4.002795
EXP-SCN004-backstop-disabled-d14f929b,383.500000,4.800000,4.800000,PASS,1,1,1,1.000000,4.004488
EXP-SCN004-backstop-disabled-d14f929b,384.000000,4.800000,4.800000,PASS,1,1,1,1.000000,4.006130
EXP-SCN004-backstop-disabled-d14f929b,384.500000,4.800000,4.800000,PASS,1,1,1,1.000000,4.007843
EXP-SCN004-backstop-disabled-d14f929b,385.000000,4.800000,4.800000,PASS,1,1,1,1.000000,4.009490
EXP-SCN004-backstop-disabled-d14f929b,385.500000,4.800000,4.800000,PASS,1,1,1,1.000000,4.011153
EXP-SCN004-backstop-disabled-d14f929b,386.000000,4.800000,4.800000,PASS,1,1,1,1.000000,4.013010
EXP-SCN004-backstop-disabled-d14f929b,386.500000,4.800000,4.800000,PASS,1,1,1,1.000000,4.014749
EXP-SCN004-backstop-disabled-d14f929b,387.000000,4.800000,4.800000,PASS,1,1,1,1.000000,4.016488
EXP-SCN004-backstop-disabled-d14f929b,387.500000,4.800000,4.800000,PASS,1,1,1,1.000000,4.018236
EXP-SCN004-backstop-disabled-d14f929b,388.000000,4.800000,4.800000,PASS,1,1,1,1.000000,4.020104
EXP-SCN004-backstop-disabled-d14f929b,388.500000,4.800000,4.800000,PASS,1,1,1,1.000000,4.021689
EXP-SCN004-backstop-disabled-d14f929b,389.000000,4.800000,4.800000,PASS,1,1,1,1.000000,4.023326
EXP-SCN004-backstop-disabled-d14f929b,389.500000,4.800000,4.800000,PASS,1,1,1,1.000000,4.025152
EXP-SCN004-backstop-disabled-d14f929b,390.000000,4.800000,4.800000,PASS,1,1,1,1.000000,4.026894
EXP-SCN004-backstop-disabled-d14f929b,390.500000,4.800000,4.800000,PASS,1,1,1,1.000000,4.028729
EXP-SCN004-backstop-disabled-d14f929b,391.000000,4.800000,4.800000,PASS,1,1,1,1.000000,4.030383
EXP-SCN004-backstop-disabled-d14f929b,391.500000,4.800000,4.800000,PASS,1,1,1,1.000000,4.032234
EXP-SCN004-backstop-disabled-d14f929b,392.000000,4.800000,4.800000,PASS,1,1,1,1.000000,4.033915
EXP-SCN004-backstop-disabled-d14f929b,392.500000,4.800000,4.800000,PASS,1,1,1,1.000000,4.035624
EXP-SCN004-backstop-disabled-d14f929b,393.000000,4.800000,4.800000,PASS,1,1,1,1.000000,4.037255
EXP-SCN004-backstop-disabled-d14f929b,393.500000,4.800000,4.800000,PASS,1,1,1,1.000000,4.038921
EXP-SCN004-backstop-disabled-d14f929b,394.000000,4.800000,4.800000,PASS,1,1,1,1.000000,4.040758
EXP-SCN004-backstop-disabled-d14f929b,394.500000,4.800000,4.800000,PASS,1,1,1,1.000000,4.042372
EXP-SCN004-backstop-disabled-d14f929b,395.000000,4.800000,4.800000,PASS,1,1,1,1.000000,4.044091
EXP-SCN004-backstop-disabled-d14f929b,395.500000,4.800000,4.800000,PASS,1,1,1,1.000000,4.045696
EXP-SCN004-backstop-disabled-d14f929b,396.000000,4.800000,4.800000,PASS,1,1,1,1.000000,4.047284
EXP-SCN004-backstop-disabled-d14f929b,396.500000,4.800000,4.800000,PASS,1,1,1,1.000000,4.048964
EXP-SCN004-backstop-disabled-d14f929b,397.000000,4.800000,4.800000,PASS,1,1,1,1.000000,4.050753
EXP-SCN004-backstop-disabled-d14f929b,397.500000,4.800000,4.800000,PASS,1,1,1,1.000000,4.052393
EXP-SCN004-backstop-disabled-d14f929b,398.000000,4.800000,4.800000,PASS,1,1,1,1.000000,4.054060
EXP-SCN004-backstop-disabled-d14f929b,398.500000,4.800000,4.800000,PASS,1,1,1,1.000000,4.055612
EXP-SCN004-backstop-disabled-d14f929b,399.000000,4.800000,4.800000,PASS,1,1,1,1.000000,4.057206
EXP-SCN004-backstop-disabled-d14f929b,399.500000,4.800000,4.800000,PASS,1,1,1,1.000000,4.058824
EXP-SCN004-backstop-disabled-d14f929b,400.000000,4.800000,4.800000,PASS,1,1,1,1.000000,4.060578
EXP-SCN004-backstop-disabled-d14f929b,400.500000,4.800000,4.800000,PASS,1,1,1,1.000000,4.062121
EXP-SCN004-backstop-disabled-d14f929b,401.000000,4.800000,4.800000,PASS,1,1,1,1.000000,4.063898
EXP-SCN004-backstop-disabled-d14f929b,401.500000,4.800000,4.800000,PASS,1,1,1,1.000000,4.065525
EXP-SCN004-backstop-disabled-d14f929b,402.000000,4.800000,4.800000,PASS,1,1,1,1.000000,4.067289
EXP-SCN004-backstop-disabled-d14f929b,402.500000,4.800000,4.800000,PASS,1,1,1,1.000000,4.069061
EXP-SCN004-backstop-disabled-d14f929b,403.000000,4.800000,4.800000,PASS,1,1,1,1.000000,4.070644
EXP-SCN004-backstop-disabled-d14f929b,403.500000,4.800000,4.800000,PASS,1,1,1,1.000000,4.072375
EXP-SCN004-backstop-disabled-d14f929b,404.000000,4.800000,4.800000,PASS,1,1,1,1.000000,4.073886
EXP-SCN004-backstop-disabled-d14f929b,404.500000,4.800000,4.800000,PASS,1,1,1,1.000000,4.075473
EXP-SCN004-backstop-disabled-d14f929b,405.000000,4.800000,4.800000,PASS,1,1,1,1.000000,4.077092
EXP-SCN004-backstop-disabled-d14f929b,405.500000,4.800000,4.800000,PASS,1,1,1,1.000000,4.078833
EXP-SCN004-backstop-disabled-d14f929b,406.000000,4.800000,4.800000,PASS,1,1,1,1.000000,4.080598
EXP-SCN004-backstop-disabled-d14f929b,406.500000,4.800000,4.800000,PASS,1,1,1,1.000000,4.082119
EXP-SCN004-backstop-disabled-d14f929b,407.000000,4.800000,4.800000,PASS,1,1,1,1.000000,4.083901
EXP-SCN004-backstop-disabled-d14f929b,407.500000,4.800000,4.800000,PASS,1,1,1,1.000000,4.085529
EXP-SCN004-backstop-disabled-d14f929b,408.000000,4.800000,4.800000,PASS,1,1,1,1.000000,4.087065
EXP-SCN004-backstop-disabled-d14f929b,408.500000,4.800000,4.800000,PASS,1,1,1,1.000000,4.088567
EXP-SCN004-backstop-disabled-d14f929b,409.000000,4.800000,4.800000,PASS,1,1,1,1.000000,4.090102
EXP-SCN004-backstop-disabled-d14f929b,409.500000,4.800000,4.800000,PASS,1,1,1,1.000000,4.091854
EXP-SCN004-backstop-disabled-d14f929b,410.000000,4.800000,4.800000,PASS,1,1,1,1.000000,4.093605
EXP-SCN004-backstop-disabled-d14f929b,410.500000,4.800000,4.800000,PASS,1,1,1,1.000000,4.095106
EXP-SCN004-backstop-disabled-d14f929b,411.000000,4.800000,4.800000,PASS,1,1,1,1.000000,4.096846
EXP-SCN004-backstop-disabled-d14f929b,411.500000,4.800000,4.800000,PASS,1,1,1,1.000000,4.098492
EXP-SCN004-backstop-disabled-d14f929b,412.000000,4.800000,4.800000,PASS,1,1,1,1.000000,4.100012
EXP-SCN004-backstop-disabled-d14f929b,412.500000,4.800000,4.800000,PASS,1,1,1,1.000000,4.101536
EXP-SCN004-backstop-disabled-d14f929b,413.000000,4.800000,4.800000,PASS,1,1,1,1.000000,4.103217
EXP-SCN004-backstop-disabled-d14f929b,413.500000,4.800000,4.800000,PASS,1,1,1,1.000000,4.104955
EXP-SCN004-backstop-disabled-d14f929b,414.000000,4.800000,4.800000,PASS,1,1,1,1.000000,4.106663
EXP-SCN004-backstop-disabled-d14f929b,414.500000,4.800000,4.800000,PASS,1,1,1,1.000000,4.108310
EXP-SCN004-backstop-disabled-d14f929b,415.000000,4.800000,4.800000,PASS,1,1,1,1.000000,4.110002
EXP-SCN004-backstop-disabled-d14f929b,415.500000,4.800000,4.800000,PASS,1,1,1,1.000000,4.111703
EXP-SCN004-backstop-disabled-d14f929b,416.000000,4.800000,4.800000,PASS,1,1,1,1.000000,4.113185
EXP-SCN004-backstop-disabled-d14f929b,416.500000,4.800000,4.800000,PASS,1,1,1,1.000000,4.114915
EXP-SCN004-backstop-disabled-d14f929b,417.000000,4.800000,4.800000,PASS,1,1,1,1.000000,4.116579
EXP-SCN004-backstop-disabled-d14f929b,417.500000,4.800000,4.800000,PASS,1,1,1,1.000000,4.118157
EXP-SCN004-backstop-disabled-d14f929b,418.000000,4.800000,4.800000,PASS,1,1,1,1.000000,4.119896
EXP-SCN004-backstop-disabled-d14f929b,418.500000,4.800000,4.800000,PASS,1,1,1,1.000000,4.121461
EXP-SCN004-backstop-disabled-d14f929b,419.000000,4.800000,4.800000,PASS,1,1,1,1.000000,4.123196
EXP-SCN004-backstop-disabled-d14f929b,419.500000,4.800000,4.800000,PASS,1,1,1,1.000000,4.124846
EXP-SCN004-backstop-disabled-d14f929b,420.000000,4.800000,4.800000,PASS,1,1,1,1.000000,4.126511
EXP-SCN004-backstop-disabled-d14f929b,420.500000,4.800000,4.800000,PASS,1,1,1,1.000000,4.128238
EXP-SCN004-backstop-disabled-d14f929b,421.000000,4.800000,4.800000,PASS,1,1,1,1.000000,4.129727
EXP-SCN004-backstop-disabled-d14f929b,421.500000,4.800000,4.800000,PASS,1,1,1,1.000000,4.131399
EXP-SCN004-backstop-disabled-d14f929b,422.000000,4.800000,4.800000,PASS,1,1,1,1.000000,4.133078
EXP-SCN004-backstop-disabled-d14f929b,422.500000,4.800000,4.800000,PASS,1,1,1,1.000000,4.134605
EXP-SCN004-backstop-disabled-d14f929b,423.000000,4.800000,4.800000,PASS,1,1,1,1.000000,4.136298
EXP-SCN004-backstop-disabled-d14f929b,423.500000,4.800000,4.800000,PASS,1,1,1,1.000000,4.137969
EXP-SCN004-backstop-disabled-d14f929b,424.000000,4.800000,4.800000,PASS,1,1,1,1.000000,4.139554
EXP-SCN004-backstop-disabled-d14f929b,424.500000,4.800000,4.800000,PASS,1,1,1,1.000000,4.141048
EXP-SCN004-backstop-disabled-d14f929b,425.000000,4.800000,4.800000,PASS,1,1,1,1.000000,4.142678
EXP-SCN004-backstop-disabled-d14f929b,425.500000,4.800000,4.800000,PASS,1,1,1,1.000000,4.144258
EXP-SCN004-backstop-disabled-d14f929b,426.000000,4.800000,4.800000,PASS,1,1,1,1.000000,4.145921
EXP-SCN004-backstop-disabled-d14f929b,426.500000,4.800000,4.800000,PASS,1,1,1,1.000000,4.147366
EXP-SCN004-backstop-disabled-d14f929b,427.000000,4.800000,4.800000,PASS,1,1,1,1.000000,4.148958
EXP-SCN004-backstop-disabled-d14f929b,427.500000,4.800000,4.800000,PASS,1,1,1,1.000000,4.150405
EXP-SCN004-backstop-disabled-d14f929b,428.000000,4.800000,4.800000,PASS,1,1,1,1.000000,4.151894
EXP-SCN004-backstop-disabled-d14f929b,428.500000,4.800000,4.800000,PASS,1,1,1,1.000000,4.153335
EXP-SCN004-backstop-disabled-d14f929b,429.000000,4.800000,4.800000,PASS,1,1,1,1.000000,4.155022
EXP-SCN004-backstop-disabled-d14f929b,429.500000,4.800000,4.800000,PASS,1,1,1,1.000000,4.156688
EXP-SCN004-backstop-disabled-d14f929b,430.000000,4.800000,4.800000,PASS,1,1,1,1.000000,4.158255
EXP-SCN004-backstop-disabled-d14f929b,430.500000,4.800000,4.800000,PASS,1,1,1,1.000000,4.159918
EXP-SCN004-backstop-disabled-d14f929b,431.000000,4.800000,4.800000,PASS,1,1,1,1.000000,4.161375
EXP-SCN004-backstop-disabled-d14f929b,431.500000,4.800000,4.800000,PASS,1,1,1,1.000000,4.162884
EXP-SCN004-backstop-disabled-d14f929b,432.000000,4.800000,4.800000,PASS,1,1,1,1.000000,4.164350
EXP-SCN004-backstop-disabled-d14f929b,432.500000,4.800000,4.800000,PASS,1,1,1,1.000000,4.165945
EXP-SCN004-backstop-disabled-d14f929b,433.000000,4.800000,4.800000,PASS,1,1,1,1.000000,4.167340
EXP-SCN004-backstop-disabled-d14f929b,433.500000,4.800000,4.800000,PASS,1,1,1,1.000000,4.168861
EXP-SCN004-backstop-disabled-d14f929b,434.000000,4.800000,4.800000,PASS,1,1,1,1.000000,4.170489
EXP-SCN004-backstop-disabled-d14f929b,434.500000,4.800000,4.800000,PASS,1,1,1,1.000000,4.171959
EXP-SCN004-backstop-disabled-d14f929b,435.000000,4.800000,4.800000,PASS,1,1,1,1.000000,4.173449
EXP-SCN004-backstop-disabled-d14f929b,435.500000,4.800000,4.800000,PASS,1,1,1,1.000000,4.175028
EXP-SCN004-backstop-disabled-d14f929b,436.000000,4.800000,4.800000,PASS,1,1,1,1.000000,4.176488
EXP-SCN004-backstop-disabled-d14f929b,436.500000,4.800000,4.800000,PASS,1,1,1,1.000000,4.178044
EXP-SCN004-backstop-disabled-d14f929b,437.000000,4.800000,4.800000,PASS,1,1,1,1.000000,4.179682
EXP-SCN004-backstop-disabled-d14f929b,437.500000,4.800000,4.800000,PASS,1,1,1,1.000000,4.181278
EXP-SCN004-backstop-disabled-d14f929b,438.000000,4.800000,4.800000,PASS,1,1,1,1.000000,4.182849
EXP-SCN004-backstop-disabled-d14f929b,438.500000,4.800000,4.800000,PASS,1,1,1,1.000000,4.184427
EXP-SCN004-backstop-disabled-d14f929b,439.000000,4.800000,4.800000,PASS,1,1,1,1.000000,4.186010
EXP-SCN004-backstop-disabled-d14f929b,439.500000,4.800000,4.800000,PASS,1,1,1,1.000000,4.187611
EXP-SCN004-backstop-disabled-d14f929b,440.000000,4.800000,4.800000,PASS,1,1,1,1.000000,4.189237
EXP-SCN004-backstop-disabled-d14f929b,440.500000,4.800000,4.800000,PASS,1,1,1,1.000000,4.190859
EXP-SCN004-backstop-disabled-d14f929b,441.000000,4.800000,4.800000,PASS,1,1,1,1.000000,4.192227
EXP-SCN004-backstop-disabled-d14f929b,441.500000,4.800000,4.800000,PASS,1,1,1,1.000000,4.193807
EXP-SCN004-backstop-disabled-d14f929b,442.000000,4.800000,4.800000,PASS,1,1,1,1.000000,4.195417
EXP-SCN004-backstop-disabled-d14f929b,442.500000,4.800000,4.800000,PASS,1,1,1,1.000000,4.197043
EXP-SCN004-backstop-disabled-d14f929b,443.000000,4.800000,4.800000,PASS,1,1,1,1.000000,4.198477
EXP-SCN004-backstop-disabled-d14f929b,443.500000,4.800000,4.800000,PASS,1,1,1,1.000000,4.199988
EXP-SCN004-backstop-disabled-d14f929b,444.000000,4.800000,4.800000,PASS,1,1,1,1.000000,4.201610
EXP-SCN004-backstop-disabled-d14f929b,444.500000,4.800000,4.800000,PASS,1,1,1,1.000000,4.202976
EXP-SCN004-backstop-disabled-d14f929b,445.000000,4.800000,4.800000,PASS,1,1,1,1.000000,4.204574
EXP-SCN004-backstop-disabled-d14f929b,445.500000,4.800000,4.800000,PASS,1,1,1,1.000000,4.206046
EXP-SCN004-backstop-disabled-d14f929b,446.000000,4.800000,4.800000,PASS,1,1,1,1.000000,4.207469
EXP-SCN004-backstop-disabled-d14f929b,446.500000,4.800000,4.800000,PASS,1,1,1,1.000000,4.209091
EXP-SCN004-backstop-disabled-d14f929b,447.000000,4.800000,4.800000,PASS,1,1,1,1.000000,4.210618
EXP-SCN004-backstop-disabled-d14f929b,447.500000,4.800000,4.800000,PASS,1,1,1,1.000000,4.212237
EXP-SCN004-backstop-disabled-d14f929b,448.000000,4.800000,4.800000,PASS,1,1,1,1.000000,4.213680
EXP-SCN004-backstop-disabled-d14f929b,448.500000,4.800000,4.800000,PASS,1,1,1,1.000000,4.215260
EXP-SCN004-backstop-disabled-d14f929b,449.000000,4.800000,4.800000,PASS,1,1,1,1.000000,4.216733
EXP-SCN004-backstop-disabled-d14f929b,449.500000,4.800000,4.800000,PASS,1,1,1,1.000000,4.218122
EXP-SCN004-backstop-disabled-d14f929b,450.000000,4.800000,4.800000,PASS,1,1,1,1.000000,4.219594
EXP-SCN004-backstop-disabled-d14f929b,450.500000,4.800000,4.800000,PASS,1,1,1,1.000000,4.220993
EXP-SCN004-backstop-disabled-d14f929b,451.000000,4.800000,4.800000,PASS,1,1,1,1.000000,4.222598
EXP-SCN004-backstop-disabled-d14f929b,451.500000,4.800000,4.800000,PASS,1,1,1,1.000000,4.223915
EXP-SCN004-backstop-disabled-d14f929b,452.000000,4.800000,4.800000,PASS,1,1,1,1.000000,4.225288
EXP-SCN004-backstop-disabled-d14f929b,452.500000,4.800000,4.800000,PASS,1,1,1,1.000000,4.226674
EXP-SCN004-backstop-disabled-d14f929b,453.000000,4.800000,4.800000,PASS,1,1,1,1.000000,4.228015
EXP-SCN004-backstop-disabled-d14f929b,453.500000,4.800000,4.800000,PASS,1,1,1,1.000000,4.229434
EXP-SCN004-backstop-disabled-d14f929b,454.000000,4.800000,4.800000,PASS,1,1,1,1.000000,4.230842
EXP-SCN004-backstop-disabled-d14f929b,454.500000,4.800000,4.800000,PASS,1,1,1,1.000000,4.232325
EXP-SCN004-backstop-disabled-d14f929b,455.000000,4.800000,4.800000,PASS,1,1,1,1.000000,4.233875
EXP-SCN004-backstop-disabled-d14f929b,455.500000,4.800000,4.800000,PASS,1,1,1,1.000000,4.235273
EXP-SCN004-backstop-disabled-d14f929b,456.000000,4.800000,4.800000,PASS,1,1,1,1.000000,4.236839
EXP-SCN004-backstop-disabled-d14f929b,456.500000,4.800000,4.800000,PASS,1,1,1,1.000000,4.238330
EXP-SCN004-backstop-disabled-d14f929b,457.000000,4.800000,4.800000,PASS,1,1,1,1.000000,4.239877
EXP-SCN004-backstop-disabled-d14f929b,457.500000,4.800000,4.800000,PASS,1,1,1,1.000000,4.241344
EXP-SCN004-backstop-disabled-d14f929b,458.000000,4.800000,4.800000,PASS,1,1,1,1.000000,4.242702
EXP-SCN004-backstop-disabled-d14f929b,458.500000,4.800000,4.800000,PASS,1,1,1,1.000000,4.244059
EXP-SCN004-backstop-disabled-d14f929b,459.000000,4.800000,4.800000,PASS,1,1,1,1.000000,4.245417
EXP-SCN004-backstop-disabled-d14f929b,459.500000,4.800000,4.800000,PASS,1,1,1,1.000000,4.246947
EXP-SCN004-backstop-disabled-d14f929b,460.000000,4.800000,4.800000,PASS,1,1,1,1.000000,4.248398
EXP-SCN004-backstop-disabled-d14f929b,460.500000,4.800000,4.800000,PASS,1,1,1,1.000000,4.249835
EXP-SCN004-backstop-disabled-d14f929b,461.000000,4.800000,4.800000,PASS,1,1,1,1.000000,4.251381
EXP-SCN004-backstop-disabled-d14f929b,461.500000,4.800000,4.800000,PASS,1,1,1,1.000000,4.252779
EXP-SCN004-backstop-disabled-d14f929b,462.000000,4.800000,4.800000,PASS,1,1,1,1.000000,4.254186
EXP-SCN004-backstop-disabled-d14f929b,462.500000,4.800000,4.800000,PASS,1,1,1,1.000000,4.255473
EXP-SCN004-backstop-disabled-d14f929b,463.000000,4.800000,4.800000,PASS,1,1,1,1.000000,4.256889
EXP-SCN004-backstop-disabled-d14f929b,463.500000,4.800000,4.800000,PASS,1,1,1,1.000000,4.258271
EXP-SCN004-backstop-disabled-d14f929b,464.000000,4.800000,4.800000,PASS,1,1,1,1.000000,4.259789
EXP-SCN004-backstop-disabled-d14f929b,464.500000,4.800000,4.800000,PASS,1,1,1,1.000000,4.261063
EXP-SCN004-backstop-disabled-d14f929b,465.000000,4.800000,4.800000,PASS,1,1,1,1.000000,4.262388
EXP-SCN004-backstop-disabled-d14f929b,465.500000,4.800000,4.800000,PASS,1,1,1,1.000000,4.263939
EXP-SCN004-backstop-disabled-d14f929b,466.000000,4.800000,4.800000,PASS,1,1,1,1.000000,4.265234
EXP-SCN004-backstop-disabled-d14f929b,466.500000,4.800000,4.800000,PASS,1,1,1,1.000000,4.266508
EXP-SCN004-backstop-disabled-d14f929b,467.000000,4.800000,4.800000,PASS,1,1,1,1.000000,4.268048
EXP-SCN004-backstop-disabled-d14f929b,467.500000,4.800000,4.800000,PASS,1,1,1,1.000000,4.269370
EXP-SCN004-backstop-disabled-d14f929b,468.000000,4.800000,4.800000,PASS,1,1,1,1.000000,4.270684
EXP-SCN004-backstop-disabled-d14f929b,468.500000,4.800000,4.800000,PASS,1,1,1,1.000000,4.272092
EXP-SCN004-backstop-disabled-d14f929b,469.000000,4.800000,4.800000,PASS,1,1,1,1.000000,4.273565
EXP-SCN004-backstop-disabled-d14f929b,469.500000,4.800000,4.800000,PASS,1,1,1,1.000000,4.274848
EXP-SCN004-backstop-disabled-d14f929b,470.000000,4.800000,4.800000,PASS,1,1,1,1.000000,4.276267
EXP-SCN004-backstop-disabled-d14f929b,470.500000,4.800000,4.800000,PASS,1,1,1,1.000000,4.277635
EXP-SCN004-backstop-disabled-d14f929b,471.000000,4.800000,4.800000,PASS,1,1,1,1.000000,4.279026
EXP-SCN004-backstop-disabled-d14f929b,471.500000,4.800000,4.800000,PASS,1,1,1,1.000000,4.280372
EXP-SCN004-backstop-disabled-d14f929b,472.000000,4.800000,4.800000,PASS,1,1,1,1.000000,4.281850
EXP-SCN004-backstop-disabled-d14f929b,472.500000,4.800000,4.800000,PASS,1,1,1,1.000000,4.283168
EXP-SCN004-backstop-disabled-d14f929b,473.000000,4.800000,4.800000,PASS,1,1,1,1.000000,4.284679
EXP-SCN004-backstop-disabled-d14f929b,473.500000,4.800000,4.800000,PASS,1,1,1,1.000000,4.285962
EXP-SCN004-backstop-disabled-d14f929b,474.000000,4.800000,4.800000,PASS,1,1,1,1.000000,4.287272
EXP-SCN004-backstop-disabled-d14f929b,474.500000,4.800000,4.800000,PASS,1,1,1,1.000000,4.288590
EXP-SCN004-backstop-disabled-d14f929b,475.000000,4.800000,4.800000,PASS,1,1,1,1.000000,4.289863
EXP-SCN004-backstop-disabled-d14f929b,475.500000,4.800000,4.800000,PASS,1,1,1,1.000000,4.291139
EXP-SCN004-backstop-disabled-d14f929b,476.000000,4.800000,4.800000,PASS,1,1,1,1.000000,4.292426
EXP-SCN004-backstop-disabled-d14f929b,476.500000,4.800000,4.800000,PASS,1,1,1,1.000000,4.293931
EXP-SCN004-backstop-disabled-d14f929b,477.000000,4.800000,4.800000,PASS,1,1,1,1.000000,4.295183
EXP-SCN004-backstop-disabled-d14f929b,477.500000,4.800000,4.800000,PASS,1,1,1,1.000000,4.296568
EXP-SCN004-backstop-disabled-d14f929b,478.000000,4.800000,4.800000,PASS,1,1,1,1.000000,4.297841
EXP-SCN004-backstop-disabled-d14f929b,478.500000,4.800000,4.800000,PASS,1,1,1,1.000000,4.299232
EXP-SCN004-backstop-disabled-d14f929b,479.000000,4.800000,4.800000,PASS,1,1,1,1.000000,4.300676
EXP-SCN004-backstop-disabled-d14f929b,479.500000,4.800000,4.800000,PASS,1,1,1,1.000000,4.302162
EXP-SCN004-backstop-disabled-d14f929b,480.000000,4.800000,4.800000,PASS,1,1,1,1.000000,4.303415
EXP-SCN004-backstop-disabled-d14f929b,480.500000,4.800000,4.800000,PASS,1,1,1,1.000000,4.304627
EXP-SCN004-backstop-disabled-d14f929b,481.000000,4.800000,4.800000,PASS,1,1,1,1.000000,4.306034
EXP-SCN004-backstop-disabled-d14f929b,481.500000,4.800000,4.800000,PASS,1,1,1,1.000000,4.307488
EXP-SCN004-backstop-disabled-d14f929b,482.000000,4.800000,4.800000,PASS,1,1,1,1.000000,4.308872
EXP-SCN004-backstop-disabled-d14f929b,482.500000,4.800000,4.800000,PASS,1,1,1,1.000000,4.310169
EXP-SCN004-backstop-disabled-d14f929b,483.000000,4.800000,4.800000,PASS,1,1,1,1.000000,4.311408
EXP-SCN004-backstop-disabled-d14f929b,483.500000,4.800000,4.800000,PASS,1,1,1,1.000000,4.312710
EXP-SCN004-backstop-disabled-d14f929b,484.000000,4.800000,4.800000,PASS,1,1,1,1.000000,4.314069
EXP-SCN004-backstop-disabled-d14f929b,484.500000,4.800000,4.800000,PASS,1,1,1,1.000000,4.315412
EXP-SCN004-backstop-disabled-d14f929b,485.000000,4.800000,4.800000,PASS,1,1,1,1.000000,4.316794
EXP-SCN004-backstop-disabled-d14f929b,485.500000,4.800000,4.800000,PASS,1,1,1,1.000000,4.318101
EXP-SCN004-backstop-disabled-d14f929b,486.000000,4.800000,4.800000,PASS,1,1,1,1.000000,4.319399
EXP-SCN004-backstop-disabled-d14f929b,486.500000,4.800000,4.800000,PASS,1,1,1,1.000000,4.320814
EXP-SCN004-backstop-disabled-d14f929b,487.000000,4.800000,4.800000,PASS,1,1,1,1.000000,4.322133
EXP-SCN004-backstop-disabled-d14f929b,487.500000,4.800000,4.800000,PASS,1,1,1,1.000000,4.323352
EXP-SCN004-backstop-disabled-d14f929b,488.000000,4.800000,4.800000,PASS,1,1,1,1.000000,4.324598
EXP-SCN004-backstop-disabled-d14f929b,488.500000,4.800000,4.800000,PASS,1,1,1,1.000000,4.325945
EXP-SCN004-backstop-disabled-d14f929b,489.000000,4.800000,4.800000,PASS,1,1,1,1.000000,4.327252
EXP-SCN004-backstop-disabled-d14f929b,489.500000,4.800000,4.800000,PASS,1,1,1,1.000000,4.328488
EXP-SCN004-backstop-disabled-d14f929b,490.000000,4.800000,4.800000,PASS,1,1,1,1.000000,4.329775
EXP-SCN004-backstop-disabled-d14f929b,490.500000,4.800000,4.800000,PASS,1,1,1,1.000000,4.331223
EXP-SCN004-backstop-disabled-d14f929b,491.000000,4.800000,4.800000,PASS,1,1,1,1.000000,4.332438
EXP-SCN004-backstop-disabled-d14f929b,491.500000,4.800000,4.800000,PASS,1,1,1,1.000000,4.333794
EXP-SCN004-backstop-disabled-d14f929b,492.000000,4.800000,4.800000,PASS,1,1,1,1.000000,4.335120
EXP-SCN004-backstop-disabled-d14f929b,492.500000,4.800000,4.800000,PASS,1,1,1,1.000000,4.336310
EXP-SCN004-backstop-disabled-d14f929b,493.000000,4.800000,4.800000,PASS,1,1,1,1.000000,4.337484
EXP-SCN004-backstop-disabled-d14f929b,493.500000,4.800000,4.800000,PASS,1,1,1,1.000000,4.338764
EXP-SCN004-backstop-disabled-d14f929b,494.000000,4.800000,4.800000,PASS,1,1,1,1.000000,4.340040
EXP-SCN004-backstop-disabled-d14f929b,494.500000,4.800000,4.800000,PASS,1,1,1,1.000000,4.341300
EXP-SCN004-backstop-disabled-d14f929b,495.000000,4.800000,4.800000,PASS,1,1,1,1.000000,4.342585
EXP-SCN004-backstop-disabled-d14f929b,495.500000,4.800000,4.800000,PASS,1,1,1,1.000000,4.343854
EXP-SCN004-backstop-disabled-d14f929b,496.000000,4.800000,4.800000,PASS,1,1,1,1.000000,4.345085
EXP-SCN004-backstop-disabled-d14f929b,496.500000,4.800000,4.800000,PASS,1,1,1,1.000000,4.346451
EXP-SCN004-backstop-disabled-d14f929b,497.000000,4.800000,4.800000,PASS,1,1,1,1.000000,4.347863
EXP-SCN004-backstop-disabled-d14f929b,497.500000,4.800000,4.800000,PASS,1,1,1,1.000000,4.349147
EXP-SCN004-backstop-disabled-d14f929b,498.000000,4.800000,4.800000,PASS,1,1,1,1.000000,4.350430
EXP-SCN004-backstop-disabled-d14f929b,498.500000,4.800000,4.800000,PASS,1,1,1,1.000000,4.351789
EXP-SCN004-backstop-disabled-d14f929b,499.000000,4.800000,4.800000,PASS,1,1,1,1.000000,4.353217
EXP-SCN004-backstop-disabled-d14f929b,499.500000,4.800000,4.800000,PASS,1,1,1,1.000000,4.354600
EXP-SCN004-backstop-disabled-d14f929b,500.000000,4.800000,4.800000,PASS,1,1,1,1.000000,4.355771
EXP-SCN004-backstop-disabled-d14f929b,500.500000,4.800000,4.800000,PASS,1,1,1,1.000000,4.357112
EXP-SCN004-backstop-disabled-d14f929b,501.000000,4.800000,4.800000,PASS,1,1,1,1.000000,4.358406
EXP-SCN004-backstop-disabled-d14f929b,501.500000,4.800000,4.800000,PASS,1,1,1,1.000000,4.359645
EXP-SCN004-backstop-disabled-d14f929b,502.000000,4.800000,4.800000,PASS,1,1,1,1.000000,4.361023
EXP-SCN004-backstop-disabled-d14f929b,502.500000,4.800000,4.800000,PASS,1,1,1,1.000000,4.362448
EXP-SCN004-backstop-disabled-d14f929b,503.000000,4.800000,4.800000,PASS,1,1,1,1.000000,4.363842
EXP-SCN004-backstop-disabled-d14f929b,503.500000,4.800000,4.800000,PASS,1,1,1,1.000000,4.365212
EXP-SCN004-backstop-disabled-d14f929b,504.000000,4.800000,4.800000,PASS,1,1,1,1.000000,4.366614
EXP-SCN004-backstop-disabled-d14f929b,504.500000,4.800000,4.800000,PASS,1,1,1,1.000000,4.368032
EXP-SCN004-backstop-disabled-d14f929b,505.000000,4.800000,4.800000,PASS,1,1,1,1.000000,4.369391
EXP-SCN004-backstop-disabled-d14f929b,505.500000,4.800000,4.800000,PASS,1,1,1,1.000000,4.370643
EXP-SCN004-backstop-disabled-d14f929b,506.000000,4.800000,4.800000,PASS,1,1,1,1.000000,4.371838
EXP-SCN004-backstop-disabled-d14f929b,506.500000,4.800000,4.800000,PASS,1,1,1,1.000000,4.373071
EXP-SCN004-backstop-disabled-d14f929b,507.000000,4.800000,4.800000,PASS,1,1,1,1.000000,4.374470
EXP-SCN004-backstop-disabled-d14f929b,507.500000,4.800000,4.800000,PASS,1,1,1,1.000000,4.375770
EXP-SCN004-backstop-disabled-d14f929b,508.000000,4.800000,4.800000,PASS,1,1,1,1.000000,4.377109
EXP-SCN004-backstop-disabled-d14f929b,508.500000,4.800000,4.800000,PASS,1,1,1,1.000000,4.378442
EXP-SCN004-backstop-disabled-d14f929b,509.000000,4.800000,4.800000,PASS,1,1,1,1.000000,4.379586
EXP-SCN004-backstop-disabled-d14f929b,509.500000,4.800000,4.800000,PASS,1,1,1,1.000000,4.380906
EXP-SCN004-backstop-disabled-d14f929b,510.000000,4.800000,4.800000,PASS,1,1,1,1.000000,4.382029
EXP-SCN004-backstop-disabled-d14f929b,510.500000,4.800000,4.800000,PASS,1,1,1,1.000000,4.383319
EXP-SCN004-backstop-disabled-d14f929b,511.000000,4.800000,4.800000,PASS,1,1,1,1.000000,4.384515
EXP-SCN004-backstop-disabled-d14f929b,511.500000,4.800000,4.800000,PASS,1,1,1,1.000000,4.385635
EXP-SCN004-backstop-disabled-d14f929b,512.000000,4.800000,4.800000,PASS,1,1,1,1.000000,4.387032
EXP-SCN004-backstop-disabled-d14f929b,512.500000,4.800000,4.800000,PASS,1,1,1,1.000000,4.388355
EXP-SCN004-backstop-disabled-d14f929b,513.000000,4.800000,4.800000,PASS,1,1,1,1.000000,4.389640
EXP-SCN004-backstop-disabled-d14f929b,513.500000,4.800000,4.800000,PASS,1,1,1,1.000000,4.390976
EXP-SCN004-backstop-disabled-d14f929b,514.000000,4.800000,4.800000,PASS,1,1,1,1.000000,4.392118
EXP-SCN004-backstop-disabled-d14f929b,514.500000,4.800000,4.800000,PASS,1,1,1,1.000000,4.393312
EXP-SCN004-backstop-disabled-d14f929b,515.000000,4.800000,4.800000,PASS,1,1,1,1.000000,4.394633
EXP-SCN004-backstop-disabled-d14f929b,515.500000,4.800000,4.800000,PASS,1,1,1,1.000000,4.395794
EXP-SCN004-backstop-disabled-d14f929b,516.000000,4.800000,4.800000,PASS,1,1,1,1.000000,4.396895
EXP-SCN004-backstop-disabled-d14f929b,516.500000,4.800000,4.800000,PASS,1,1,1,1.000000,4.398208
EXP-SCN004-backstop-disabled-d14f929b,517.000000,4.800000,4.800000,PASS,1,1,1,1.000000,4.399299
EXP-SCN004-backstop-disabled-d14f929b,517.500000,4.800000,4.800000,PASS,1,1,1,1.000000,4.400396
EXP-SCN004-backstop-disabled-d14f929b,518.000000,4.800000,4.800000,PASS,1,1,1,1.000000,4.401578
EXP-SCN004-backstop-disabled-d14f929b,518.500000,4.800000,4.800000,PASS,1,1,1,1.000000,4.402688
EXP-SCN004-backstop-disabled-d14f929b,519.000000,4.800000,4.800000,PASS,1,1,1,1.000000,4.404022
EXP-SCN004-backstop-disabled-d14f929b,519.500000,4.800000,4.800000,PASS,1,1,1,1.000000,4.405124
EXP-SCN004-backstop-disabled-d14f929b,520.000000,4.800000,4.800000,PASS,1,1,1,1.000000,4.406480
EXP-SCN004-backstop-disabled-d14f929b,520.500000,4.800000,4.800000,PASS,1,1,1,1.000000,4.407631
EXP-SCN004-backstop-disabled-d14f929b,521.000000,4.800000,4.800000,PASS,1,1,1,1.000000,4.408915
EXP-SCN004-backstop-disabled-d14f929b,521.500000,4.800000,4.800000,PASS,1,1,1,1.000000,4.410232
EXP-SCN004-backstop-disabled-d14f929b,522.000000,4.800000,4.800000,PASS,1,1,1,1.000000,4.411344
EXP-SCN004-backstop-disabled-d14f929b,522.500000,4.800000,4.800000,PASS,1,1,1,1.000000,4.412566
EXP-SCN004-backstop-disabled-d14f929b,523.000000,4.800000,4.800000,PASS,1,1,1,1.000000,4.413910
EXP-SCN004-backstop-disabled-d14f929b,523.500000,4.800000,4.800000,PASS,1,1,1,1.000000,4.414987
EXP-SCN004-backstop-disabled-d14f929b,524.000000,4.800000,4.800000,PASS,1,1,1,1.000000,4.416258
EXP-SCN004-backstop-disabled-d14f929b,524.500000,4.800000,4.800000,PASS,1,1,1,1.000000,4.417337
EXP-SCN004-backstop-disabled-d14f929b,525.000000,4.800000,4.800000,PASS,1,1,1,1.000000,4.418595
EXP-SCN004-backstop-disabled-d14f929b,525.500000,4.800000,4.800000,PASS,1,1,1,1.000000,4.419667
EXP-SCN004-backstop-disabled-d14f929b,526.000000,4.800000,4.800000,PASS,1,1,1,1.000000,4.420757
EXP-SCN004-backstop-disabled-d14f929b,526.500000,4.800000,4.800000,PASS,1,1,1,1.000000,4.422071
EXP-SCN004-backstop-disabled-d14f929b,527.000000,4.800000,4.800000,PASS,1,1,1,1.000000,4.423330
EXP-SCN004-backstop-disabled-d14f929b,527.500000,4.800000,4.800000,PASS,1,1,1,1.000000,4.424604
EXP-SCN004-backstop-disabled-d14f929b,528.000000,4.800000,4.800000,PASS,1,1,1,1.000000,4.425917
EXP-SCN004-backstop-disabled-d14f929b,528.500000,4.800000,4.800000,PASS,1,1,1,1.000000,4.427194
EXP-SCN004-backstop-disabled-d14f929b,529.000000,4.800000,4.800000,PASS,1,1,1,1.000000,4.428387
EXP-SCN004-backstop-disabled-d14f929b,529.500000,4.800000,4.800000,PASS,1,1,1,1.000000,4.429724
EXP-SCN004-backstop-disabled-d14f929b,530.000000,4.800000,4.800000,PASS,1,1,1,1.000000,4.430835
EXP-SCN004-backstop-disabled-d14f929b,530.500000,4.800000,4.800000,PASS,1,1,1,1.000000,4.432013
EXP-SCN004-backstop-disabled-d14f929b,531.000000,4.800000,4.800000,PASS,1,1,1,1.000000,4.433189
EXP-SCN004-backstop-disabled-d14f929b,531.500000,4.800000,4.800000,PASS,1,1,1,1.000000,4.434511
EXP-SCN004-backstop-disabled-d14f929b,532.000000,4.800000,4.800000,PASS,1,1,1,1.000000,4.435702
EXP-SCN004-backstop-disabled-d14f929b,532.500000,4.800000,4.800000,PASS,1,1,1,1.000000,4.436990
EXP-SCN004-backstop-disabled-d14f929b,533.000000,4.800000,4.800000,PASS,1,1,1,1.000000,4.438066
EXP-SCN004-backstop-disabled-d14f929b,533.500000,4.800000,4.800000,PASS,1,1,1,1.000000,4.439297
EXP-SCN004-backstop-disabled-d14f929b,534.000000,4.800000,4.800000,PASS,1,1,1,1.000000,4.440591
EXP-SCN004-backstop-disabled-d14f929b,534.500000,4.800000,4.800000,PASS,1,1,1,1.000000,4.441740
EXP-SCN004-backstop-disabled-d14f929b,535.000000,4.800000,4.800000,PASS,1,1,1,1.000000,4.442834
EXP-SCN004-backstop-disabled-d14f929b,535.500000,4.800000,4.800000,PASS,1,1,1,1.000000,4.444056
EXP-SCN004-backstop-disabled-d14f929b,536.000000,4.800000,4.800000,PASS,1,1,1,1.000000,4.445087
EXP-SCN004-backstop-disabled-d14f929b,536.500000,4.800000,4.800000,PASS,1,1,1,1.000000,4.446248
EXP-SCN004-backstop-disabled-d14f929b,537.000000,4.800000,4.800000,PASS,1,1,1,1.000000,4.447507
EXP-SCN004-backstop-disabled-d14f929b,537.500000,4.800000,4.800000,PASS,1,1,1,1.000000,4.448637
EXP-SCN004-backstop-disabled-d14f929b,538.000000,4.800000,4.800000,PASS,1,1,1,1.000000,4.449879
EXP-SCN004-backstop-disabled-d14f929b,538.500000,4.800000,4.800000,PASS,1,1,1,1.000000,4.451026
EXP-SCN004-backstop-disabled-d14f929b,539.000000,4.800000,4.800000,PASS,1,1,1,1.000000,4.452200
EXP-SCN004-backstop-disabled-d14f929b,539.500000,4.800000,4.800000,PASS,1,1,1,1.000000,4.453241
EXP-SCN004-backstop-disabled-d14f929b,540.000000,4.800000,4.800000,PASS,1,1,1,1.000000,4.454336
EXP-SCN004-backstop-disabled-d14f929b,540.500000,4.800000,4.800000,PASS,1,1,1,1.000000,4.455457
EXP-SCN004-backstop-disabled-d14f929b,541.000000,4.800000,4.800000,PASS,1,1,1,1.000000,4.456539
EXP-SCN004-backstop-disabled-d14f929b,541.500000,4.800000,4.800000,PASS,1,1,1,1.000000,4.457802
EXP-SCN004-backstop-disabled-d14f929b,542.000000,4.800000,4.800000,PASS,1,1,1,1.000000,4.458977
EXP-SCN004-backstop-disabled-d14f929b,542.500000,4.800000,4.800000,PASS,1,1,1,1.000000,4.460113
EXP-SCN004-backstop-disabled-d14f929b,543.000000,4.800000,4.800000,PASS,1,1,1,1.000000,4.461393
EXP-SCN004-backstop-disabled-d14f929b,543.500000,4.800000,4.800000,PASS,1,1,1,1.000000,4.462469
EXP-SCN004-backstop-disabled-d14f929b,544.000000,4.800000,4.800000,PASS,1,1,1,1.000000,4.463648
EXP-SCN004-backstop-disabled-d14f929b,544.500000,4.800000,4.800000,PASS,1,1,1,1.000000,4.464831
EXP-SCN004-backstop-disabled-d14f929b,545.000000,4.800000,4.800000,PASS,1,1,1,1.000000,4.466104
EXP-SCN004-backstop-disabled-d14f929b,545.500000,4.800000,4.800000,PASS,1,1,1,1.000000,4.467147
EXP-SCN004-backstop-disabled-d14f929b,546.000000,4.800000,4.800000,PASS,1,1,1,1.000000,4.468296
EXP-SCN004-backstop-disabled-d14f929b,546.500000,4.800000,4.800000,PASS,1,1,1,1.000000,4.469373
EXP-SCN004-backstop-disabled-d14f929b,547.000000,4.800000,4.800000,PASS,1,1,1,1.000000,4.470577
EXP-SCN004-backstop-disabled-d14f929b,547.500000,4.800000,4.800000,PASS,1,1,1,1.000000,4.471609
EXP-SCN004-backstop-disabled-d14f929b,548.000000,4.800000,4.800000,PASS,1,1,1,1.000000,4.472839
EXP-SCN004-backstop-disabled-d14f929b,548.500000,4.800000,4.800000,PASS,1,1,1,1.000000,4.473990
EXP-SCN004-backstop-disabled-d14f929b,549.000000,4.800000,4.800000,PASS,1,1,1,1.000000,4.475228
EXP-SCN004-backstop-disabled-d14f929b,549.500000,4.800000,4.800000,PASS,1,1,1,1.000000,4.476374
EXP-SCN004-backstop-disabled-d14f929b,550.000000,4.800000,4.800000,PASS,1,1,1,1.000000,4.477377
EXP-SCN004-backstop-disabled-d14f929b,550.500000,4.800000,4.800000,PASS,1,1,1,1.000000,4.478536
EXP-SCN004-backstop-disabled-d14f929b,551.000000,4.800000,4.800000,PASS,1,1,1,1.000000,4.479776
EXP-SCN004-backstop-disabled-d14f929b,551.500000,4.800000,4.800000,PASS,1,1,1,1.000000,4.480847
EXP-SCN004-backstop-disabled-d14f929b,552.000000,4.800000,4.800000,PASS,1,1,1,1.000000,4.482065
EXP-SCN004-backstop-disabled-d14f929b,552.500000,4.800000,4.800000,PASS,1,1,1,1.000000,4.483056
EXP-SCN004-backstop-disabled-d14f929b,553.000000,4.800000,4.800000,PASS,1,1,1,1.000000,4.484203
EXP-SCN004-backstop-disabled-d14f929b,553.500000,4.800000,4.800000,PASS,1,1,1,1.000000,4.485370
EXP-SCN004-backstop-disabled-d14f929b,554.000000,4.800000,4.800000,PASS,1,1,1,1.000000,4.486407
EXP-SCN004-backstop-disabled-d14f929b,554.500000,4.800000,4.800000,PASS,1,1,1,1.000000,4.487406
EXP-SCN004-backstop-disabled-d14f929b,555.000000,4.800000,4.800000,PASS,1,1,1,1.000000,4.488453
EXP-SCN004-backstop-disabled-d14f929b,555.500000,4.800000,4.800000,PASS,1,1,1,1.000000,4.489468
EXP-SCN004-backstop-disabled-d14f929b,556.000000,4.800000,4.800000,PASS,1,1,1,1.000000,4.490681
EXP-SCN004-backstop-disabled-d14f929b,556.500000,4.800000,4.800000,PASS,1,1,1,1.000000,4.491894
EXP-SCN004-backstop-disabled-d14f929b,557.000000,4.800000,4.800000,PASS,1,1,1,1.000000,4.492963
EXP-SCN004-backstop-disabled-d14f929b,557.500000,4.800000,4.800000,PASS,1,1,1,1.000000,4.493951
EXP-SCN004-backstop-disabled-d14f929b,558.000000,4.800000,4.800000,PASS,1,1,1,1.000000,4.495105
EXP-SCN004-backstop-disabled-d14f929b,558.500000,4.800000,4.800000,PASS,1,1,1,1.000000,4.496131
EXP-SCN004-backstop-disabled-d14f929b,559.000000,4.800000,4.800000,PASS,1,1,1,1.000000,4.497346
EXP-SCN004-backstop-disabled-d14f929b,559.500000,4.800000,4.800000,PASS,1,1,1,1.000000,4.498564
EXP-SCN004-backstop-disabled-d14f929b,560.000000,4.800000,4.800000,PASS,1,1,1,1.000000,4.499625
EXP-SCN004-backstop-disabled-d14f929b,560.500000,4.800000,4.800000,PASS,1,1,1,1.000000,4.500663
EXP-SCN004-backstop-disabled-d14f929b,561.000000,4.800000,4.800000,PASS,1,1,1,1.000000,4.501854
EXP-SCN004-backstop-disabled-d14f929b,561.500000,4.800000,4.800000,PASS,1,1,1,1.000000,4.503081
EXP-SCN004-backstop-disabled-d14f929b,562.000000,4.800000,4.800000,PASS,1,1,1,1.000000,4.504215
EXP-SCN004-backstop-disabled-d14f929b,562.500000,4.800000,4.800000,PASS,1,1,1,1.000000,4.505203
EXP-SCN004-backstop-disabled-d14f929b,563.000000,4.800000,4.800000,PASS,1,1,1,1.000000,4.506354
EXP-SCN004-backstop-disabled-d14f929b,563.500000,4.800000,4.800000,PASS,1,1,1,1.000000,4.507324
EXP-SCN004-backstop-disabled-d14f929b,564.000000,4.800000,4.800000,PASS,1,1,1,1.000000,4.508329
EXP-SCN004-backstop-disabled-d14f929b,564.500000,4.800000,4.800000,PASS,1,1,1,1.000000,4.509375
EXP-SCN004-backstop-disabled-d14f929b,565.000000,4.800000,4.800000,PASS,1,1,1,1.000000,4.510374
EXP-SCN004-backstop-disabled-d14f929b,565.500000,4.800000,4.800000,PASS,1,1,1,1.000000,4.511388
EXP-SCN004-backstop-disabled-d14f929b,566.000000,4.800000,4.800000,PASS,1,1,1,1.000000,4.512358
EXP-SCN004-backstop-disabled-d14f929b,566.500000,4.800000,4.800000,PASS,1,1,1,1.000000,4.513520
EXP-SCN004-backstop-disabled-d14f929b,567.000000,4.800000,4.800000,PASS,1,1,1,1.000000,4.514499
EXP-SCN004-backstop-disabled-d14f929b,567.500000,4.800000,4.800000,PASS,1,1,1,1.000000,4.515535
EXP-SCN004-backstop-disabled-d14f929b,568.000000,4.800000,4.800000,PASS,1,1,1,1.000000,4.516731
EXP-SCN004-backstop-disabled-d14f929b,568.500000,4.800000,4.800000,PASS,1,1,1,1.000000,4.517872
EXP-SCN004-backstop-disabled-d14f929b,569.000000,4.800000,4.800000,PASS,1,1,1,1.000000,4.519017
EXP-SCN004-backstop-disabled-d14f929b,569.500000,4.800000,4.800000,PASS,1,1,1,1.000000,4.520184
EXP-SCN004-backstop-disabled-d14f929b,570.000000,4.800000,4.800000,PASS,1,1,1,1.000000,4.521352
EXP-SCN004-backstop-disabled-d14f929b,570.500000,4.800000,4.800000,PASS,1,1,1,1.000000,4.522450
EXP-SCN004-backstop-disabled-d14f929b,571.000000,4.800000,4.800000,PASS,1,1,1,1.000000,4.523466
EXP-SCN004-backstop-disabled-d14f929b,571.500000,4.800000,4.800000,PASS,1,1,1,1.000000,4.524427
EXP-SCN004-backstop-disabled-d14f929b,572.000000,4.800000,4.800000,PASS,1,1,1,1.000000,4.525468
EXP-SCN004-backstop-disabled-d14f929b,572.500000,4.800000,4.800000,PASS,1,1,1,1.000000,4.526531
EXP-SCN004-backstop-disabled-d14f929b,573.000000,4.800000,4.800000,PASS,1,1,1,1.000000,4.527544
EXP-SCN004-backstop-disabled-d14f929b,573.500000,4.800000,4.800000,PASS,1,1,1,1.000000,4.528546
EXP-SCN004-backstop-disabled-d14f929b,574.000000,4.800000,4.800000,PASS,1,1,1,1.000000,4.529515
EXP-SCN004-backstop-disabled-d14f929b,574.500000,4.800000,4.800000,PASS,1,1,1,1.000000,4.530692
EXP-SCN004-backstop-disabled-d14f929b,575.000000,4.800000,4.800000,PASS,1,1,1,1.000000,4.531736
EXP-SCN004-backstop-disabled-d14f929b,575.500000,4.800000,4.800000,PASS,1,1,1,1.000000,4.532868
EXP-SCN004-backstop-disabled-d14f929b,576.000000,4.800000,4.800000,PASS,1,1,1,1.000000,4.533958
EXP-SCN004-backstop-disabled-d14f929b,576.500000,4.800000,4.800000,PASS,1,1,1,1.000000,4.535099
EXP-SCN004-backstop-disabled-d14f929b,577.000000,4.800000,4.800000,PASS,1,1,1,1.000000,4.536140
EXP-SCN004-backstop-disabled-d14f929b,577.500000,4.800000,4.800000,PASS,1,1,1,1.000000,4.537117
EXP-SCN004-backstop-disabled-d14f929b,578.000000,4.800000,4.800000,PASS,1,1,1,1.000000,4.538055
EXP-SCN004-backstop-disabled-d14f929b,578.500000,4.800000,4.800000,PASS,1,1,1,1.000000,4.539040
EXP-SCN004-backstop-disabled-d14f929b,579.000000,4.800000,4.800000,PASS,1,1,1,1.000000,4.540200
EXP-SCN004-backstop-disabled-d14f929b,579.500000,4.800000,4.800000,PASS,1,1,1,1.000000,4.541115
EXP-SCN004-backstop-disabled-d14f929b,580.000000,4.800000,4.800000,PASS,1,1,1,1.000000,4.542079
EXP-SCN004-backstop-disabled-d14f929b,580.500000,4.800000,4.800000,PASS,1,1,1,1.000000,4.543267
EXP-SCN004-backstop-disabled-d14f929b,581.000000,4.800000,4.800000,PASS,1,1,1,1.000000,4.544264
EXP-SCN004-backstop-disabled-d14f929b,581.500000,4.800000,4.800000,PASS,1,1,1,1.000000,4.545259
EXP-SCN004-backstop-disabled-d14f929b,582.000000,4.800000,4.800000,PASS,1,1,1,1.000000,4.546332
EXP-SCN004-backstop-disabled-d14f929b,582.500000,4.800000,4.800000,PASS,1,1,1,1.000000,4.547392
EXP-SCN004-backstop-disabled-d14f929b,583.000000,4.800000,4.800000,PASS,1,1,1,1.000000,4.548394
EXP-SCN004-backstop-disabled-d14f929b,583.500000,4.800000,4.800000,PASS,1,1,1,1.000000,4.549522
EXP-SCN004-backstop-disabled-d14f929b,584.000000,4.800000,4.800000,PASS,1,1,1,1.000000,4.550547
EXP-SCN004-backstop-disabled-d14f929b,584.500000,4.800000,4.800000,PASS,1,1,1,1.000000,4.551531
EXP-SCN004-backstop-disabled-d14f929b,585.000000,4.800000,4.800000,PASS,1,1,1,1.000000,4.552466
EXP-SCN004-backstop-disabled-d14f929b,585.500000,4.800000,4.800000,PASS,1,1,1,1.000000,4.553637
EXP-SCN004-backstop-disabled-d14f929b,586.000000,4.800000,4.800000,PASS,1,1,1,1.000000,4.554628
EXP-SCN004-backstop-disabled-d14f929b,586.500000,4.800000,4.800000,PASS,1,1,1,1.000000,4.555731
EXP-SCN004-backstop-disabled-d14f929b,587.000000,4.800000,4.800000,PASS,1,1,1,1.000000,4.556741
EXP-SCN004-backstop-disabled-d14f929b,587.500000,4.800000,4.800000,PASS,1,1,1,1.000000,4.557888
EXP-SCN004-backstop-disabled-d14f929b,588.000000,4.800000,4.800000,PASS,1,1,1,1.000000,4.559061
EXP-SCN004-backstop-disabled-d14f929b,588.500000,4.800000,4.800000,PASS,1,1,1,1.000000,4.560195
EXP-SCN004-backstop-disabled-d14f929b,589.000000,4.800000,4.800000,PASS,1,1,1,1.000000,4.561244
EXP-SCN004-backstop-disabled-d14f929b,589.500000,4.800000,4.800000,PASS,1,1,1,1.000000,4.562292
EXP-SCN004-backstop-disabled-d14f929b,590.000000,4.800000,4.800000,PASS,1,1,1,1.000000,4.563268
EXP-SCN004-backstop-disabled-d14f929b,590.500000,4.800000,4.800000,PASS,1,1,1,1.000000,4.564416
EXP-SCN004-backstop-disabled-d14f929b,591.000000,4.800000,4.800000,PASS,1,1,1,1.000000,4.565462
EXP-SCN004-backstop-disabled-d14f929b,591.500000,4.800000,4.800000,PASS,1,1,1,1.000000,4.566401
EXP-SCN004-backstop-disabled-d14f929b,592.000000,4.800000,4.800000,PASS,1,1,1,1.000000,4.567371
EXP-SCN004-backstop-disabled-d14f929b,592.500000,4.800000,4.800000,PASS,1,1,1,1.000000,4.568272
EXP-SCN004-backstop-disabled-d14f929b,593.000000,4.800000,4.800000,PASS,1,1,1,1.000000,4.569362
EXP-SCN004-backstop-disabled-d14f929b,593.500000,4.800000,4.800000,PASS,1,1,1,1.000000,4.570330
EXP-SCN004-backstop-disabled-d14f929b,594.000000,4.800000,4.800000,PASS,1,1,1,1.000000,4.571232
EXP-SCN004-backstop-disabled-d14f929b,594.500000,4.800000,4.800000,PASS,1,1,1,1.000000,4.572259
EXP-SCN004-backstop-disabled-d14f929b,595.000000,4.800000,4.800000,PASS,1,1,1,1.000000,4.573368
EXP-SCN004-backstop-disabled-d14f929b,595.500000,4.800000,4.800000,PASS,1,1,1,1.000000,4.574423
EXP-SCN004-backstop-disabled-d14f929b,596.000000,4.800000,4.800000,PASS,1,1,1,1.000000,4.575438
EXP-SCN004-backstop-disabled-d14f929b,596.500000,4.800000,4.800000,PASS,1,1,1,1.000000,4.576484
EXP-SCN004-backstop-disabled-d14f929b,597.000000,4.800000,4.800000,PASS,1,1,1,1.000000,4.577574
EXP-SCN004-backstop-disabled-d14f929b,597.500000,4.800000,4.800000,PASS,1,1,1,1.000000,4.578481
EXP-SCN004-backstop-disabled-d14f929b,598.000000,4.800000,4.800000,PASS,1,1,1,1.000000,4.579402
EXP-SCN004-backstop-disabled-d14f929b,598.500000,4.800000,4.800000,PASS,1,1,1,1.000000,4.580524
EXP-SCN004-backstop-disabled-d14f929b,599.000000,4.800000,4.800000,PASS,1,1,1,1.000000,4.581664
EXP-SCN004-backstop-disabled-d14f929b,599.500000,4.800000,4.800000,PASS,1,1,1,1.000000,4.582787
EXP-SCN004-backstop-disabled-d14f929b,600.000000,4.800000,4.800000,PASS,1,1,1,1.000000,4.583659
EXP-SCN004-backstop-disabled-d14f929b,600.500000,4.800000,4.800000,PASS,1,1,1,1.000000,4.584600
EXP-SCN004-backstop-disabled-d14f929b,601.000000,4.800000,4.800000,PASS,1,1,1,1.000000,4.585592
EXP-SCN004-backstop-disabled-d14f929b,601.500000,4.800000,4.800000,PASS,1,1,1,1.000000,4.586592
EXP-SCN004-backstop-disabled-d14f929b,602.000000,4.800000,4.800000,PASS,1,1,1,1.000000,4.587561
EXP-SCN004-backstop-disabled-d14f929b,602.500000,4.800000,4.800000,PASS,1,1,1,1.000000,4.588636
EXP-SCN004-backstop-disabled-d14f929b,603.000000,4.800000,4.800000,PASS,1,1,1,1.000000,4.589542
EXP-SCN004-backstop-disabled-d14f929b,603.500000,4.800000,4.800000,PASS,1,1,1,1.000000,4.590627
EXP-SCN004-backstop-disabled-d14f929b,604.000000,4.800000,4.800000,PASS,1,1,1,1.000000,4.591497
EXP-SCN004-backstop-disabled-d14f929b,604.500000,4.800000,4.800000,PASS,1,1,1,1.000000,4.592445
EXP-SCN004-backstop-disabled-d14f929b,605.000000,4.800000,4.800000,PASS,1,1,1,1.000000,4.593449
EXP-SCN004-backstop-disabled-d14f929b,605.500000,4.800000,4.800000,PASS,1,1,1,1.000000,4.594415
EXP-SCN004-backstop-disabled-d14f929b,606.000000,4.800000,4.800000,PASS,1,1,1,1.000000,4.595477
EXP-SCN004-backstop-disabled-d14f929b,606.500000,4.800000,4.800000,PASS,1,1,1,1.000000,4.596373
EXP-SCN004-backstop-disabled-d14f929b,607.000000,4.800000,4.800000,PASS,1,1,1,1.000000,4.597246
EXP-SCN004-backstop-disabled-d14f929b,607.500000,4.800000,4.800000,PASS,1,1,1,1.000000,4.598333
EXP-SCN004-backstop-disabled-d14f929b,608.000000,4.800000,4.800000,PASS,1,1,1,1.000000,4.599281
EXP-SCN004-backstop-disabled-d14f929b,608.500000,4.800000,4.800000,PASS,1,1,1,1.000000,4.600274
EXP-SCN004-backstop-disabled-d14f929b,609.000000,4.800000,4.800000,PASS,1,1,1,1.000000,4.601270
EXP-SCN004-backstop-disabled-d14f929b,609.500000,4.800000,4.800000,PASS,1,1,1,1.000000,4.602232
EXP-SCN004-backstop-disabled-d14f929b,610.000000,4.800000,4.800000,PASS,1,1,1,1.000000,4.603200
EXP-SCN004-backstop-disabled-d14f929b,610.500000,4.800000,4.800000,PASS,1,1,1,1.000000,4.604065
EXP-SCN004-backstop-disabled-d14f929b,611.000000,4.800000,4.800000,PASS,1,1,1,1.000000,4.604900
EXP-SCN004-backstop-disabled-d14f929b,611.500000,4.800000,4.800000,PASS,1,1,1,1.000000,4.606010
EXP-SCN004-backstop-disabled-d14f929b,612.000000,4.800000,4.800000,PASS,1,1,1,1.000000,4.606969
EXP-SCN004-backstop-disabled-d14f929b,612.500000,4.800000,4.800000,PASS,1,1,1,1.000000,4.607916
EXP-SCN004-backstop-disabled-d14f929b,613.000000,4.800000,4.800000,PASS,1,1,1,1.000000,4.608939
EXP-SCN004-backstop-disabled-d14f929b,613.500000,4.800000,4.800000,PASS,1,1,1,1.000000,4.609906
EXP-SCN004-backstop-disabled-d14f929b,614.000000,4.800000,4.800000,PASS,1,1,1,1.000000,4.610938
EXP-SCN004-backstop-disabled-d14f929b,614.500000,4.800000,4.800000,PASS,1,1,1,1.000000,4.611987
EXP-SCN004-backstop-disabled-d14f929b,615.000000,4.800000,4.800000,PASS,1,1,1,1.000000,4.612953
EXP-SCN004-backstop-disabled-d14f929b,615.500000,4.800000,4.800000,PASS,1,1,1,1.000000,4.613841
EXP-SCN004-backstop-disabled-d14f929b,616.000000,4.800000,4.800000,PASS,1,1,1,1.000000,4.614852
EXP-SCN004-backstop-disabled-d14f929b,616.500000,4.800000,4.800000,PASS,1,1,1,1.000000,4.615670
EXP-SCN004-backstop-disabled-d14f929b,617.000000,4.800000,4.800000,PASS,1,1,1,1.000000,4.616589
EXP-SCN004-backstop-disabled-d14f929b,617.500000,4.800000,4.800000,PASS,1,1,1,1.000000,4.617498
EXP-SCN004-backstop-disabled-d14f929b,618.000000,4.800000,4.800000,PASS,1,1,1,1.000000,4.618316
EXP-SCN004-backstop-disabled-d14f929b,618.500000,4.800000,4.800000,PASS,1,1,1,1.000000,4.619218
EXP-SCN004-backstop-disabled-d14f929b,619.000000,4.800000,4.800000,PASS,1,1,1,1.000000,4.620128
EXP-SCN004-backstop-disabled-d14f929b,619.500000,4.800000,4.800000,PASS,1,1,1,1.000000,4.621090
EXP-SCN004-backstop-disabled-d14f929b,620.000000,4.800000,4.800000,PASS,1,1,1,1.000000,4.622113
EXP-SCN004-backstop-disabled-d14f929b,620.500000,4.800000,4.800000,PASS,1,1,1,1.000000,4.622960
EXP-SCN004-backstop-disabled-d14f929b,621.000000,4.800000,4.800000,PASS,1,1,1,1.000000,4.624036
EXP-SCN004-backstop-disabled-d14f929b,621.500000,4.800000,4.800000,PASS,1,1,1,1.000000,4.624993
EXP-SCN004-backstop-disabled-d14f929b,622.000000,4.800000,4.800000,PASS,1,1,1,1.000000,4.625859
EXP-SCN004-backstop-disabled-d14f929b,622.500000,4.800000,4.800000,PASS,1,1,1,1.000000,4.626827
EXP-SCN004-backstop-disabled-d14f929b,623.000000,4.800000,4.800000,PASS,1,1,1,1.000000,4.627835
EXP-SCN004-backstop-disabled-d14f929b,623.500000,4.800000,4.800000,PASS,1,1,1,1.000000,4.628712
EXP-SCN004-backstop-disabled-d14f929b,624.000000,4.800000,4.800000,PASS,1,1,1,1.000000,4.629518
EXP-SCN004-backstop-disabled-d14f929b,624.500000,4.800000,4.800000,PASS,1,1,1,1.000000,4.630542
EXP-SCN004-backstop-disabled-d14f929b,625.000000,4.800000,4.800000,PASS,1,1,1,1.000000,4.631567
EXP-SCN004-backstop-disabled-d14f929b,625.500000,4.800000,4.800000,PASS,1,1,1,1.000000,4.632401
EXP-SCN004-backstop-disabled-d14f929b,626.000000,4.800000,4.800000,PASS,1,1,1,1.000000,4.633301
EXP-SCN004-backstop-disabled-d14f929b,626.500000,4.800000,4.800000,PASS,1,1,1,1.000000,4.634115
EXP-SCN004-backstop-disabled-d14f929b,627.000000,4.800000,4.800000,PASS,1,1,1,1.000000,4.635124
EXP-SCN004-backstop-disabled-d14f929b,627.500000,4.800000,4.800000,PASS,1,1,1,1.000000,4.636188
EXP-SCN004-backstop-disabled-d14f929b,628.000000,4.800000,4.800000,PASS,1,1,1,1.000000,4.637205
EXP-SCN004-backstop-disabled-d14f929b,628.500000,4.800000,4.800000,PASS,1,1,1,1.000000,4.638241
EXP-SCN004-backstop-disabled-d14f929b,629.000000,4.800000,4.800000,PASS,1,1,1,1.000000,4.639033
EXP-SCN004-backstop-disabled-d14f929b,629.500000,4.800000,4.800000,PASS,1,1,1,1.000000,4.639895
EXP-SCN004-backstop-disabled-d14f929b,630.000000,4.800000,4.800000,PASS,1,1,1,1.000000,4.640861
EXP-SCN004-backstop-disabled-d14f929b,630.500000,4.800000,4.800000,PASS,1,1,1,1.000000,4.641732
EXP-SCN004-backstop-disabled-d14f929b,631.000000,4.800000,4.800000,PASS,1,1,1,1.000000,4.642684
EXP-SCN004-backstop-disabled-d14f929b,631.500000,4.800000,4.800000,PASS,1,1,1,1.000000,4.643685
EXP-SCN004-backstop-disabled-d14f929b,632.000000,4.800000,4.800000,PASS,1,1,1,1.000000,4.644600
EXP-SCN004-backstop-disabled-d14f929b,632.500000,4.800000,4.800000,PASS,1,1,1,1.000000,4.645416
EXP-SCN004-backstop-disabled-d14f929b,633.000000,4.800000,4.800000,PASS,1,1,1,1.000000,4.646386
EXP-SCN004-backstop-disabled-d14f929b,633.500000,4.800000,4.800000,PASS,1,1,1,1.000000,4.647180
EXP-SCN004-backstop-disabled-d14f929b,634.000000,4.800000,4.800000,PASS,1,1,1,1.000000,4.648153
EXP-SCN004-backstop-disabled-d14f929b,634.500000,4.800000,4.800000,PASS,1,1,1,1.000000,4.649195
EXP-SCN004-backstop-disabled-d14f929b,635.000000,4.800000,4.800000,PASS,1,1,1,1.000000,4.650182
EXP-SCN004-backstop-disabled-d14f929b,635.500000,4.800000,4.800000,PASS,1,1,1,1.000000,4.651212
EXP-SCN004-backstop-disabled-d14f929b,636.000000,4.800000,4.800000,PASS,1,1,1,1.000000,4.652041
EXP-SCN004-backstop-disabled-d14f929b,636.500000,4.800000,4.800000,PASS,1,1,1,1.000000,4.652935
EXP-SCN004-backstop-disabled-d14f929b,637.000000,4.800000,4.800000,PASS,1,1,1,1.000000,4.653790
EXP-SCN004-backstop-disabled-d14f929b,637.500000,4.800000,4.800000,PASS,1,1,1,1.000000,4.654677
EXP-SCN004-backstop-disabled-d14f929b,638.000000,4.800000,4.800000,PASS,1,1,1,1.000000,4.655468
EXP-SCN004-backstop-disabled-d14f929b,638.500000,4.800000,4.800000,PASS,1,1,1,1.000000,4.656307
EXP-SCN004-backstop-disabled-d14f929b,639.000000,4.800000,4.800000,PASS,1,1,1,1.000000,4.657250
EXP-SCN004-backstop-disabled-d14f929b,639.500000,4.800000,4.800000,PASS,1,1,1,1.000000,4.658123
EXP-SCN004-backstop-disabled-d14f929b,640.000000,4.800000,4.800000,PASS,1,1,1,1.000000,4.659030
EXP-SCN004-backstop-disabled-d14f929b,640.500000,4.800000,4.800000,PASS,1,1,1,1.000000,4.659801
EXP-SCN004-backstop-disabled-d14f929b,641.000000,4.800000,4.800000,PASS,1,1,1,1.000000,4.660655
EXP-SCN004-backstop-disabled-d14f929b,641.500000,4.800000,4.800000,PASS,1,1,1,1.000000,4.661446
EXP-SCN004-backstop-disabled-d14f929b,642.000000,4.800000,4.800000,PASS,1,1,1,1.000000,4.662411
EXP-SCN004-backstop-disabled-d14f929b,642.500000,4.800000,4.800000,PASS,1,1,1,1.000000,4.663434
EXP-SCN004-backstop-disabled-d14f929b,643.000000,4.800000,4.800000,PASS,1,1,1,1.000000,4.664272
EXP-SCN004-backstop-disabled-d14f929b,643.500000,4.800000,4.800000,PASS,1,1,1,1.000000,4.665230
EXP-SCN004-backstop-disabled-d14f929b,644.000000,4.800000,4.800000,PASS,1,1,1,1.000000,4.666151
EXP-SCN004-backstop-disabled-d14f929b,644.500000,4.800000,4.800000,PASS,1,1,1,1.000000,4.667102
EXP-SCN004-backstop-disabled-d14f929b,645.000000,4.800000,4.800000,PASS,1,1,1,1.000000,4.668035
EXP-SCN004-backstop-disabled-d14f929b,645.500000,4.800000,4.800000,PASS,1,1,1,1.000000,4.668977
EXP-SCN004-backstop-disabled-d14f929b,646.000000,4.800000,4.800000,PASS,1,1,1,1.000000,4.669795
EXP-SCN004-backstop-disabled-d14f929b,646.500000,4.800000,4.800000,PASS,1,1,1,1.000000,4.670594
EXP-SCN004-backstop-disabled-d14f929b,647.000000,4.800000,4.800000,PASS,1,1,1,1.000000,4.671430
EXP-SCN004-backstop-disabled-d14f929b,647.500000,4.800000,4.800000,PASS,1,1,1,1.000000,4.672331
EXP-SCN004-backstop-disabled-d14f929b,648.000000,4.800000,4.800000,PASS,1,1,1,1.000000,4.673316
EXP-SCN004-backstop-disabled-d14f929b,648.500000,4.800000,4.800000,PASS,1,1,1,1.000000,4.674113
EXP-SCN004-backstop-disabled-d14f929b,649.000000,4.800000,4.800000,PASS,1,1,1,1.000000,4.674876
EXP-SCN004-backstop-disabled-d14f929b,649.500000,4.800000,4.800000,PASS,1,1,1,1.000000,4.675807
EXP-SCN004-backstop-disabled-d14f929b,650.000000,4.800000,4.800000,PASS,1,1,1,1.000000,4.676776
EXP-SCN004-backstop-disabled-d14f929b,650.500000,4.800000,4.800000,PASS,1,1,1,1.000000,4.677633
EXP-SCN004-backstop-disabled-d14f929b,651.000000,4.800000,4.800000,PASS,1,1,1,1.000000,4.678413
EXP-SCN004-backstop-disabled-d14f929b,651.500000,4.800000,4.800000,PASS,1,1,1,1.000000,4.679332
EXP-SCN004-backstop-disabled-d14f929b,652.000000,4.800000,4.800000,PASS,1,1,1,1.000000,4.680072
EXP-SCN004-backstop-disabled-d14f929b,652.500000,4.800000,4.800000,PASS,1,1,1,1.000000,4.681087
EXP-SCN004-backstop-disabled-d14f929b,653.000000,4.800000,4.800000,PASS,1,1,1,1.000000,4.681885
EXP-SCN004-backstop-disabled-d14f929b,653.500000,4.800000,4.800000,PASS,1,1,1,1.000000,4.682773
EXP-SCN004-backstop-disabled-d14f929b,654.000000,4.800000,4.800000,PASS,1,1,1,1.000000,4.683784
EXP-SCN004-backstop-disabled-d14f929b,654.500000,4.800000,4.800000,PASS,1,1,1,1.000000,4.684699
EXP-SCN004-backstop-disabled-d14f929b,655.000000,4.800000,4.800000,PASS,1,1,1,1.000000,4.685575
EXP-SCN004-backstop-disabled-d14f929b,655.500000,4.800000,4.800000,PASS,1,1,1,1.000000,4.686330
EXP-SCN004-backstop-disabled-d14f929b,656.000000,4.800000,4.800000,PASS,1,1,1,1.000000,4.687073
EXP-SCN004-backstop-disabled-d14f929b,656.500000,4.800000,4.800000,PASS,1,1,1,1.000000,4.688036
EXP-SCN004-backstop-disabled-d14f929b,657.000000,4.800000,4.800000,PASS,1,1,1,1.000000,4.688798
EXP-SCN004-backstop-disabled-d14f929b,657.500000,4.800000,4.800000,PASS,1,1,1,1.000000,4.689720
EXP-SCN004-backstop-disabled-d14f929b,658.000000,4.800000,4.800000,PASS,1,1,1,1.000000,4.690462
EXP-SCN004-backstop-disabled-d14f929b,658.500000,4.800000,4.800000,PASS,1,1,1,1.000000,4.691426
EXP-SCN004-backstop-disabled-d14f929b,659.000000,4.800000,4.800000,PASS,1,1,1,1.000000,4.692221
EXP-SCN004-backstop-disabled-d14f929b,659.500000,4.800000,4.800000,PASS,1,1,1,1.000000,4.693130
EXP-SCN004-backstop-disabled-d14f929b,660.000000,4.800000,4.800000,PASS,1,1,1,1.000000,4.694020
EXP-SCN004-backstop-disabled-d14f929b,660.500000,4.800000,4.800000,PASS,1,1,1,1.000000,4.694994
EXP-SCN004-backstop-disabled-d14f929b,661.000000,4.800000,4.800000,PASS,1,1,1,1.000000,4.695886
EXP-SCN004-backstop-disabled-d14f929b,661.500000,4.800000,4.800000,PASS,1,1,1,1.000000,4.696666
EXP-SCN004-backstop-disabled-d14f929b,662.000000,4.800000,4.800000,PASS,1,1,1,1.000000,4.697378
EXP-SCN004-backstop-disabled-d14f929b,662.500000,4.800000,4.800000,PASS,1,1,1,1.000000,4.698343
EXP-SCN004-backstop-disabled-d14f929b,663.000000,4.800000,4.800000,PASS,1,1,1,1.000000,4.699336
EXP-SCN004-backstop-disabled-d14f929b,663.500000,4.800000,4.800000,PASS,1,1,1,1.000000,4.700217
EXP-SCN004-backstop-disabled-d14f929b,664.000000,4.800000,4.800000,PASS,1,1,1,1.000000,4.701094
EXP-SCN004-backstop-disabled-d14f929b,664.500000,4.800000,4.800000,PASS,1,1,1,1.000000,4.702005
EXP-SCN004-backstop-disabled-d14f929b,665.000000,4.800000,4.800000,PASS,1,1,1,1.000000,4.702767
EXP-SCN004-backstop-disabled-d14f929b,665.500000,4.800000,4.800000,PASS,1,1,1,1.000000,4.703702
EXP-SCN004-backstop-disabled-d14f929b,666.000000,4.800000,4.800000,PASS,1,1,1,1.000000,4.704435
EXP-SCN004-backstop-disabled-d14f929b,666.500000,4.800000,4.800000,PASS,1,1,1,1.000000,4.705272
EXP-SCN004-backstop-disabled-d14f929b,667.000000,4.800000,4.800000,PASS,1,1,1,1.000000,4.705998
EXP-SCN004-backstop-disabled-d14f929b,667.500000,4.800000,4.800000,PASS,1,1,1,1.000000,4.706734
EXP-SCN004-backstop-disabled-d14f929b,668.000000,4.800000,4.800000,PASS,1,1,1,1.000000,4.707606
EXP-SCN004-backstop-disabled-d14f929b,668.500000,4.800000,4.800000,PASS,1,1,1,1.000000,4.708311
EXP-SCN004-backstop-disabled-d14f929b,669.000000,4.800000,4.800000,PASS,1,1,1,1.000000,4.709127
EXP-SCN004-backstop-disabled-d14f929b,669.500000,4.800000,4.800000,PASS,1,1,1,1.000000,4.710016
EXP-SCN004-backstop-disabled-d14f929b,670.000000,4.800000,4.800000,PASS,1,1,1,1.000000,4.710769
EXP-SCN004-backstop-disabled-d14f929b,670.500000,4.800000,4.800000,PASS,1,1,1,1.000000,4.711606
EXP-SCN004-backstop-disabled-d14f929b,671.000000,4.800000,4.800000,PASS,1,1,1,1.000000,4.712363
EXP-SCN004-backstop-disabled-d14f929b,671.500000,4.800000,4.800000,PASS,1,1,1,1.000000,4.713099
EXP-SCN004-backstop-disabled-d14f929b,672.000000,4.800000,4.800000,PASS,1,1,1,1.000000,4.713788
EXP-SCN004-backstop-disabled-d14f929b,672.500000,4.800000,4.800000,PASS,1,1,1,1.000000,4.714736
EXP-SCN004-backstop-disabled-d14f929b,673.000000,4.800000,4.800000,PASS,1,1,1,1.000000,4.715504
EXP-SCN004-backstop-disabled-d14f929b,673.500000,4.800000,4.800000,PASS,1,1,1,1.000000,4.716310
EXP-SCN004-backstop-disabled-d14f929b,674.000000,4.800000,4.800000,PASS,1,1,1,1.000000,4.717095
EXP-SCN004-backstop-disabled-d14f929b,674.500000,4.800000,4.800000,PASS,1,1,1,1.000000,4.717912
EXP-SCN004-backstop-disabled-d14f929b,675.000000,4.800000,4.800000,PASS,1,1,1,1.000000,4.718696
EXP-SCN004-backstop-disabled-d14f929b,675.500000,4.800000,4.800000,PASS,1,1,1,1.000000,4.719537
EXP-SCN004-backstop-disabled-d14f929b,676.000000,4.800000,4.800000,PASS,1,1,1,1.000000,4.720391
EXP-SCN004-backstop-disabled-d14f929b,676.500000,4.800000,4.800000,PASS,1,1,1,1.000000,4.721153
EXP-SCN004-backstop-disabled-d14f929b,677.000000,4.800000,4.800000,PASS,1,1,1,1.000000,4.722014
EXP-SCN004-backstop-disabled-d14f929b,677.500000,4.800000,4.800000,PASS,1,1,1,1.000000,4.722711
EXP-SCN004-backstop-disabled-d14f929b,678.000000,4.800000,4.800000,PASS,1,1,1,1.000000,4.723486
EXP-SCN004-backstop-disabled-d14f929b,678.500000,4.800000,4.800000,PASS,1,1,1,1.000000,4.724385
EXP-SCN004-backstop-disabled-d14f929b,679.000000,4.800000,4.800000,PASS,1,1,1,1.000000,4.725072
EXP-SCN004-backstop-disabled-d14f929b,679.500000,4.800000,4.800000,PASS,1,1,1,1.000000,4.725840
EXP-SCN004-backstop-disabled-d14f929b,680.000000,4.800000,4.800000,PASS,1,1,1,1.000000,4.726549
EXP-SCN004-backstop-disabled-d14f929b,680.500000,4.800000,4.800000,PASS,1,1,1,1.000000,4.727498
EXP-SCN004-backstop-disabled-d14f929b,681.000000,4.800000,4.800000,PASS,1,1,1,1.000000,4.728268
EXP-SCN004-backstop-disabled-d14f929b,681.500000,4.800000,4.800000,PASS,1,1,1,1.000000,4.729107
EXP-SCN004-backstop-disabled-d14f929b,682.000000,4.800000,4.800000,PASS,1,1,1,1.000000,4.729794
EXP-SCN004-backstop-disabled-d14f929b,682.500000,4.800000,4.800000,PASS,1,1,1,1.000000,4.730693
EXP-SCN004-backstop-disabled-d14f929b,683.000000,4.800000,4.800000,PASS,1,1,1,1.000000,4.731504
EXP-SCN004-backstop-disabled-d14f929b,683.500000,4.800000,4.800000,PASS,1,1,1,1.000000,4.732258
EXP-SCN004-backstop-disabled-d14f929b,684.000000,4.800000,4.800000,PASS,1,1,1,1.000000,4.732927
EXP-SCN004-backstop-disabled-d14f929b,684.500000,4.800000,4.800000,PASS,1,1,1,1.000000,4.733690
EXP-SCN004-backstop-disabled-d14f929b,685.000000,4.800000,4.800000,PASS,1,1,1,1.000000,4.734528
EXP-SCN004-backstop-disabled-d14f929b,685.500000,4.800000,4.800000,PASS,1,1,1,1.000000,4.735425
EXP-SCN004-backstop-disabled-d14f929b,686.000000,4.800000,4.800000,PASS,1,1,1,1.000000,4.736229
EXP-SCN004-backstop-disabled-d14f929b,686.500000,4.800000,4.800000,PASS,1,1,1,1.000000,4.736946
EXP-SCN004-backstop-disabled-d14f929b,687.000000,4.800000,4.800000,PASS,1,1,1,1.000000,4.737711
EXP-SCN004-backstop-disabled-d14f929b,687.500000,4.800000,4.800000,PASS,1,1,1,1.000000,4.738503
EXP-SCN004-backstop-disabled-d14f929b,688.000000,4.800000,4.800000,PASS,1,1,1,1.000000,4.739331
EXP-SCN004-backstop-disabled-d14f929b,688.500000,4.800000,4.800000,PASS,1,1,1,1.000000,4.740196
EXP-SCN004-backstop-disabled-d14f929b,689.000000,4.800000,4.800000,PASS,1,1,1,1.000000,4.741066
EXP-SCN004-backstop-disabled-d14f929b,689.500000,4.800000,4.800000,PASS,1,1,1,1.000000,4.741992
EXP-SCN004-backstop-disabled-d14f929b,690.000000,4.800000,4.800000,PASS,1,1,1,1.000000,4.742702
EXP-SCN004-backstop-disabled-d14f929b,690.500000,4.800000,4.800000,PASS,1,1,1,1.000000,4.743471
EXP-SCN004-backstop-disabled-d14f929b,691.000000,4.800000,4.800000,PASS,1,1,1,1.000000,4.744310
EXP-SCN004-backstop-disabled-d14f929b,691.500000,4.800000,4.800000,PASS,1,1,1,1.000000,4.745046
EXP-SCN004-backstop-disabled-d14f929b,692.000000,4.800000,4.800000,PASS,1,1,1,1.000000,4.745920
EXP-SCN004-backstop-disabled-d14f929b,692.500000,4.800000,4.800000,PASS,1,1,1,1.000000,4.746742
EXP-SCN004-backstop-disabled-d14f929b,693.000000,4.800000,4.800000,PASS,1,1,1,1.000000,4.747562
EXP-SCN004-backstop-disabled-d14f929b,693.500000,4.800000,4.800000,PASS,1,1,1,1.000000,4.748287
EXP-SCN004-backstop-disabled-d14f929b,694.000000,4.800000,4.800000,PASS,1,1,1,1.000000,4.749005
EXP-SCN004-backstop-disabled-d14f929b,694.500000,4.800000,4.800000,PASS,1,1,1,1.000000,4.749801
EXP-SCN004-backstop-disabled-d14f929b,695.000000,4.800000,4.800000,PASS,1,1,1,1.000000,4.750687
EXP-SCN004-backstop-disabled-d14f929b,695.500000,4.800000,4.800000,PASS,1,1,1,1.000000,4.751406
EXP-SCN004-backstop-disabled-d14f929b,696.000000,4.800000,4.800000,PASS,1,1,1,1.000000,4.752290
EXP-SCN004-backstop-disabled-d14f929b,696.500000,4.800000,4.800000,PASS,1,1,1,1.000000,4.753090
EXP-SCN004-backstop-disabled-d14f929b,697.000000,4.800000,4.800000,PASS,1,1,1,1.000000,4.753915
EXP-SCN004-backstop-disabled-d14f929b,697.500000,4.800000,4.800000,PASS,1,1,1,1.000000,4.754623
EXP-SCN004-backstop-disabled-d14f929b,698.000000,4.800000,4.800000,PASS,1,1,1,1.000000,4.755331
EXP-SCN004-backstop-disabled-d14f929b,698.500000,4.800000,4.800000,PASS,1,1,1,1.000000,4.756166
EXP-SCN004-backstop-disabled-d14f929b,699.000000,4.800000,4.800000,PASS,1,1,1,1.000000,4.756829
EXP-SCN004-backstop-disabled-d14f929b,699.500000,4.800000,4.800000,PASS,1,1,1,1.000000,4.757699
EXP-SCN004-backstop-disabled-d14f929b,700.000000,4.800000,4.800000,PASS,1,1,1,1.000000,4.758413
EXP-SCN004-backstop-disabled-d14f929b,700.500000,4.800000,4.800000,PASS,1,1,1,1.000000,4.759248
EXP-SCN004-backstop-disabled-d14f929b,701.000000,4.800000,4.800000,PASS,1,1,1,1.000000,4.760156
EXP-SCN004-backstop-disabled-d14f929b,701.500000,4.800000,4.800000,PASS,1,1,1,1.000000,4.761067
EXP-SCN004-backstop-disabled-d14f929b,702.000000,4.800000,4.800000,PASS,1,1,1,1.000000,4.761796
EXP-SCN004-backstop-disabled-d14f929b,702.500000,4.800000,4.800000,PASS,1,1,1,1.000000,4.762470
EXP-SCN004-backstop-disabled-d14f929b,703.000000,4.800000,4.800000,PASS,1,1,1,1.000000,4.763111
EXP-SCN004-backstop-disabled-d14f929b,703.500000,4.800000,4.800000,PASS,1,1,1,1.000000,4.763769
EXP-SCN004-backstop-disabled-d14f929b,704.000000,4.800000,4.800000,PASS,1,1,1,1.000000,4.764411
EXP-SCN004-backstop-disabled-d14f929b,704.500000,4.800000,4.800000,PASS,1,1,1,1.000000,4.765088
EXP-SCN004-backstop-disabled-d14f929b,705.000000,4.800000,4.800000,PASS,1,1,1,1.000000,4.765713
EXP-SCN004-backstop-disabled-d14f929b,705.500000,4.800000,4.800000,PASS,1,1,1,1.000000,4.766378
EXP-SCN004-backstop-disabled-d14f929b,706.000000,4.800000,4.800000,PASS,1,1,1,1.000000,4.767176
EXP-SCN004-backstop-disabled-d14f929b,706.500000,4.800000,4.800000,PASS,1,1,1,1.000000,4.768038
EXP-SCN004-backstop-disabled-d14f929b,707.000000,4.800000,4.800000,PASS,1,1,1,1.000000,4.768774
EXP-SCN004-backstop-disabled-d14f929b,707.500000,4.800000,4.800000,PASS,1,1,1,1.000000,4.769509
EXP-SCN004-backstop-disabled-d14f929b,708.000000,4.800000,4.800000,PASS,1,1,1,1.000000,4.770371
EXP-SCN004-backstop-disabled-d14f929b,708.500000,4.800000,4.800000,PASS,1,1,1,1.000000,4.771089
EXP-SCN004-backstop-disabled-d14f929b,709.000000,4.800000,4.800000,PASS,1,1,1,1.000000,4.771768
EXP-SCN004-backstop-disabled-d14f929b,709.500000,4.800000,4.800000,PASS,1,1,1,1.000000,4.772616
EXP-SCN004-backstop-disabled-d14f929b,710.000000,4.800000,4.800000,PASS,1,1,1,1.000000,4.773488
EXP-SCN004-backstop-disabled-d14f929b,710.500000,4.800000,4.800000,PASS,1,1,1,1.000000,4.774295
EXP-SCN004-backstop-disabled-d14f929b,711.000000,4.800000,4.800000,PASS,1,1,1,1.000000,4.775055
EXP-SCN004-backstop-disabled-d14f929b,711.500000,4.800000,4.800000,PASS,1,1,1,1.000000,4.775921
EXP-SCN004-backstop-disabled-d14f929b,712.000000,4.800000,4.800000,PASS,1,1,1,1.000000,4.776546
EXP-SCN004-backstop-disabled-d14f929b,712.500000,4.800000,4.800000,PASS,1,1,1,1.000000,4.777193
EXP-SCN004-backstop-disabled-d14f929b,713.000000,4.800000,4.800000,PASS,1,1,1,1.000000,4.777823
EXP-SCN004-backstop-disabled-d14f929b,713.500000,4.800000,4.800000,PASS,1,1,1,1.000000,4.778604
EXP-SCN004-backstop-disabled-d14f929b,714.000000,4.800000,4.800000,PASS,1,1,1,1.000000,4.779443
EXP-SCN004-backstop-disabled-d14f929b,714.500000,4.800000,4.800000,PASS,1,1,1,1.000000,4.780135
EXP-SCN004-backstop-disabled-d14f929b,715.000000,4.800000,4.800000,PASS,1,1,1,1.000000,4.780976
EXP-SCN004-backstop-disabled-d14f929b,715.500000,4.800000,4.800000,PASS,1,1,1,1.000000,4.781711
EXP-SCN004-backstop-disabled-d14f929b,716.000000,4.800000,4.800000,PASS,1,1,1,1.000000,4.782449
EXP-SCN004-backstop-disabled-d14f929b,716.500000,4.800000,4.800000,PASS,1,1,1,1.000000,4.783231
EXP-SCN004-backstop-disabled-d14f929b,717.000000,4.800000,4.800000,PASS,1,1,1,1.000000,4.784044
EXP-SCN004-backstop-disabled-d14f929b,717.500000,4.800000,4.800000,PASS,1,1,1,1.000000,4.784862
EXP-SCN004-backstop-disabled-d14f929b,718.000000,4.800000,4.800000,PASS,1,1,1,1.000000,4.785494
EXP-SCN004-backstop-disabled-d14f929b,718.500000,4.800000,4.800000,PASS,1,1,1,1.000000,4.786306
EXP-SCN004-backstop-disabled-d14f929b,719.000000,4.800000,4.800000,PASS,1,1,1,1.000000,4.787076
EXP-SCN004-backstop-disabled-d14f929b,719.500000,4.800000,4.800000,PASS,1,1,1,1.000000,4.787932
EXP-SCN004-backstop-disabled-d14f929b,720.000000,4.800000,4.800000,PASS,1,1,1,1.000000,4.788640
EXP-SCN004-backstop-disabled-d14f929b,720.500000,4.800000,4.800000,PASS,1,1,1,1.000000,4.789398
EXP-SCN004-backstop-disabled-d14f929b,721.000000,4.800000,4.800000,PASS,1,1,1,1.000000,4.790145
EXP-SCN004-backstop-disabled-d14f929b,721.500000,4.800000,4.800000,PASS,1,1,1,1.000000,4.790858
EXP-SCN004-backstop-disabled-d14f929b,722.000000,4.800000,4.800000,PASS,1,1,1,1.000000,4.791657
EXP-SCN004-backstop-disabled-d14f929b,722.500000,4.800000,4.800000,PASS,1,1,1,1.000000,4.792440
EXP-SCN004-backstop-disabled-d14f929b,723.000000,4.800000,4.800000,PASS,1,1,1,1.000000,4.793085
EXP-SCN004-backstop-disabled-d14f929b,723.500000,4.800000,4.800000,PASS,1,1,1,1.000000,4.793734
EXP-SCN004-backstop-disabled-d14f929b,724.000000,4.800000,4.800000,PASS,1,1,1,1.000000,4.794331
EXP-SCN004-backstop-disabled-d14f929b,724.500000,4.800000,4.800000,PASS,1,1,1,1.000000,4.795108
EXP-SCN004-backstop-disabled-d14f929b,725.000000,4.800000,4.800000,PASS,1,1,1,1.000000,4.795968
EXP-SCN004-backstop-disabled-d14f929b,725.500000,4.800000,4.800000,PASS,1,1,1,1.000000,4.796817
EXP-SCN004-backstop-disabled-d14f929b,726.000000,4.800000,4.800000,PASS,1,1,1,1.000000,4.797533
EXP-SCN004-backstop-disabled-d14f929b,726.500000,4.800000,4.800000,PASS,1,1,1,1.000000,4.798202
EXP-SCN004-backstop-disabled-d14f929b,727.000000,4.800000,4.800000,PASS,1,1,1,1.000000,4.798915
EXP-SCN004-backstop-disabled-d14f929b,727.500000,4.800000,4.800000,PASS,1,1,1,1.000000,4.799671
EXP-SCN004-backstop-disabled-d14f929b,728.000000,4.800000,4.800000,PASS,1,1,1,1.000000,4.800438
EXP-SCN004-backstop-disabled-d14f929b,728.500000,4.800000,4.800000,PASS,1,1,1,1.000000,4.801071
EXP-SCN004-backstop-disabled-d14f929b,729.000000,4.800000,4.800000,PASS,1,1,1,1.000000,4.801656
EXP-SCN004-backstop-disabled-d14f929b,729.500000,4.800000,4.800000,PASS,1,1,1,1.000000,4.802390
EXP-SCN004-backstop-disabled-d14f929b,730.000000,4.800000,4.800000,PASS,1,1,1,1.000000,4.803072
EXP-SCN004-backstop-disabled-d14f929b,730.500000,4.800000,4.800000,PASS,1,1,1,1.000000,4.803648
EXP-SCN004-backstop-disabled-d14f929b,731.000000,4.800000,4.800000,PASS,1,1,1,1.000000,4.804459
EXP-SCN004-backstop-disabled-d14f929b,731.500000,4.800000,4.800000,PASS,1,1,1,1.000000,4.805071
EXP-SCN004-backstop-disabled-d14f929b,732.000000,4.800000,4.800000,PASS,1,1,1,1.000000,4.805789
EXP-SCN004-backstop-disabled-d14f929b,732.500000,4.800000,4.800000,PASS,1,1,1,1.000000,4.806529
EXP-SCN004-backstop-disabled-d14f929b,733.000000,4.800000,4.800000,PASS,1,1,1,1.000000,4.807287
EXP-SCN004-backstop-disabled-d14f929b,733.500000,4.800000,4.800000,PASS,1,1,1,1.000000,4.808034
EXP-SCN004-backstop-disabled-d14f929b,734.000000,4.800000,4.800000,PASS,1,1,1,1.000000,4.808714
EXP-SCN004-backstop-disabled-d14f929b,734.500000,4.800000,4.800000,PASS,1,1,1,1.000000,4.809517
EXP-SCN004-backstop-disabled-d14f929b,735.000000,4.800000,4.800000,PASS,1,1,1,1.000000,4.810309
EXP-SCN004-backstop-disabled-d14f929b,735.500000,4.800000,4.800000,PASS,1,1,1,1.000000,4.811127
EXP-SCN004-backstop-disabled-d14f929b,736.000000,4.800000,4.800000,PASS,1,1,1,1.000000,4.811950
EXP-SCN004-backstop-disabled-d14f929b,736.500000,4.800000,4.800000,PASS,1,1,1,1.000000,4.812764
EXP-SCN004-backstop-disabled-d14f929b,737.000000,4.800000,4.800000,PASS,1,1,1,1.000000,4.813549
EXP-SCN004-backstop-disabled-d14f929b,737.500000,4.800000,4.800000,PASS,1,1,1,1.000000,4.814120
EXP-SCN004-backstop-disabled-d14f929b,738.000000,4.800000,4.800000,PASS,1,1,1,1.000000,4.814714
EXP-SCN004-backstop-disabled-d14f929b,738.500000,4.800000,4.800000,PASS,1,1,1,1.000000,4.815404
EXP-SCN004-backstop-disabled-d14f929b,739.000000,4.800000,4.800000,PASS,1,1,1,1.000000,4.816206
EXP-SCN004-backstop-disabled-d14f929b,739.500000,4.800000,4.800000,PASS,1,1,1,1.000000,4.816974
EXP-SCN004-backstop-disabled-d14f929b,740.000000,4.800000,4.800000,PASS,1,1,1,1.000000,4.817558
EXP-SCN004-backstop-disabled-d14f929b,740.500000,4.800000,4.800000,PASS,1,1,1,1.000000,4.818245
EXP-SCN004-backstop-disabled-d14f929b,741.000000,4.800000,4.800000,PASS,1,1,1,1.000000,4.818859
EXP-SCN004-backstop-disabled-d14f929b,741.500000,4.800000,4.800000,PASS,1,1,1,1.000000,4.819464
EXP-SCN004-backstop-disabled-d14f929b,742.000000,4.800000,4.800000,PASS,1,1,1,1.000000,4.820225
EXP-SCN004-backstop-disabled-d14f929b,742.500000,4.800000,4.800000,PASS,1,1,1,1.000000,4.820883
EXP-SCN004-backstop-disabled-d14f929b,743.000000,4.800000,4.800000,PASS,1,1,1,1.000000,4.821667
EXP-SCN004-backstop-disabled-d14f929b,743.500000,4.800000,4.800000,PASS,1,1,1,1.000000,4.822267
EXP-SCN004-backstop-disabled-d14f929b,744.000000,4.800000,4.800000,PASS,1,1,1,1.000000,4.822910
EXP-SCN004-backstop-disabled-d14f929b,744.500000,4.800000,4.800000,PASS,1,1,1,1.000000,4.823731
EXP-SCN004-backstop-disabled-d14f929b,745.000000,4.800000,4.800000,PASS,1,1,1,1.000000,4.824374
EXP-SCN004-backstop-disabled-d14f929b,745.500000,4.800000,4.800000,PASS,1,1,1,1.000000,4.824978
EXP-SCN004-backstop-disabled-d14f929b,746.000000,4.800000,4.800000,PASS,1,1,1,1.000000,4.825788
EXP-SCN004-backstop-disabled-d14f929b,746.500000,4.800000,4.800000,PASS,1,1,1,1.000000,4.826534
EXP-SCN004-backstop-disabled-d14f929b,747.000000,4.800000,4.800000,PASS,1,1,1,1.000000,4.827138
EXP-SCN004-backstop-disabled-d14f929b,747.500000,4.800000,4.800000,PASS,1,1,1,1.000000,4.827865
EXP-SCN004-backstop-disabled-d14f929b,748.000000,4.800000,4.800000,PASS,1,1,1,1.000000,4.828611
EXP-SCN004-backstop-disabled-d14f929b,748.500000,4.800000,4.800000,PASS,1,1,1,1.000000,4.829356
EXP-SCN004-backstop-disabled-d14f929b,749.000000,4.800000,4.800000,PASS,1,1,1,1.000000,4.830170
EXP-SCN004-backstop-disabled-d14f929b,749.500000,4.800000,4.800000,PASS,1,1,1,1.000000,4.830724
EXP-SCN004-backstop-disabled-d14f929b,750.000000,4.800000,4.800000,PASS,1,1,1,1.000000,4.831497
EXP-SCN004-backstop-disabled-d14f929b,750.500000,4.800000,4.800000,PASS,1,1,1,1.000000,4.832188
EXP-SCN004-backstop-disabled-d14f929b,751.000000,4.800000,4.800000,PASS,1,1,1,1.000000,4.833002
EXP-SCN004-backstop-disabled-d14f929b,751.500000,4.800000,4.800000,PASS,1,1,1,1.000000,4.833722
EXP-SCN004-backstop-disabled-d14f929b,752.000000,4.800000,4.800000,PASS,1,1,1,1.000000,4.834287
EXP-SCN004-backstop-disabled-d14f929b,752.500000,4.800000,4.800000,PASS,1,1,1,1.000000,4.834984
EXP-SCN004-backstop-disabled-d14f929b,753.000000,4.800000,4.800000,PASS,1,1,1,1.000000,4.835599
EXP-SCN004-backstop-disabled-d14f929b,753.500000,4.800000,4.800000,PASS,1,1,1,1.000000,4.836313
EXP-SCN004-backstop-disabled-d14f929b,754.000000,4.800000,4.800000,PASS,1,1,1,1.000000,4.837044
EXP-SCN004-backstop-disabled-d14f929b,754.500000,4.800000,4.800000,PASS,1,1,1,1.000000,4.837720
EXP-SCN004-backstop-disabled-d14f929b,755.000000,4.800000,4.800000,PASS,1,1,1,1.000000,4.838325
EXP-SCN004-backstop-disabled-d14f929b,755.500000,4.800000,4.800000,PASS,1,1,1,1.000000,4.839012
EXP-SCN004-backstop-disabled-d14f929b,756.000000,4.800000,4.800000,PASS,1,1,1,1.000000,4.839667
EXP-SCN004-backstop-disabled-d14f929b,756.500000,4.800000,4.800000,PASS,1,1,1,1.000000,4.840450
EXP-SCN004-backstop-disabled-d14f929b,757.000000,4.800000,4.800000,PASS,1,1,1,1.000000,4.841196
EXP-SCN004-backstop-disabled-d14f929b,757.500000,4.800000,4.800000,PASS,1,1,1,1.000000,4.841796
EXP-SCN004-backstop-disabled-d14f929b,758.000000,4.800000,4.800000,PASS,1,1,1,1.000000,4.842348
EXP-SCN004-backstop-disabled-d14f929b,758.500000,4.800000,4.800000,PASS,1,1,1,1.000000,4.843103
EXP-SCN004-backstop-disabled-d14f929b,759.000000,4.800000,4.800000,PASS,1,1,1,1.000000,4.843642
EXP-SCN004-backstop-disabled-d14f929b,759.500000,4.800000,4.800000,PASS,1,1,1,1.000000,4.844363
EXP-SCN004-backstop-disabled-d14f929b,760.000000,4.800000,4.800000,PASS,1,1,1,1.000000,4.845110
EXP-SCN004-backstop-disabled-d14f929b,760.500000,4.800000,4.800000,PASS,1,1,1,1.000000,4.845741
EXP-SCN004-backstop-disabled-d14f929b,761.000000,4.800000,4.800000,PASS,1,1,1,1.000000,4.846339
EXP-SCN004-backstop-disabled-d14f929b,761.500000,4.800000,4.800000,PASS,1,1,1,1.000000,4.847099
EXP-SCN004-backstop-disabled-d14f929b,762.000000,4.800000,4.800000,PASS,1,1,1,1.000000,4.847803
EXP-SCN004-backstop-disabled-d14f929b,762.500000,4.800000,4.800000,PASS,1,1,1,1.000000,4.848458
EXP-SCN004-backstop-disabled-d14f929b,763.000000,4.800000,4.800000,PASS,1,1,1,1.000000,4.849260
EXP-SCN004-backstop-disabled-d14f929b,763.500000,4.800000,4.800000,PASS,1,1,1,1.000000,4.849945
EXP-SCN004-backstop-disabled-d14f929b,764.000000,4.800000,4.800000,PASS,1,1,1,1.000000,4.850717
EXP-SCN004-backstop-disabled-d14f929b,764.500000,4.800000,4.800000,PASS,1,1,1,1.000000,4.851509
EXP-SCN004-backstop-disabled-d14f929b,765.000000,4.800000,4.800000,PASS,1,1,1,1.000000,4.852243
EXP-SCN004-backstop-disabled-d14f929b,765.500000,4.800000,4.800000,PASS,1,1,1,1.000000,4.852806
EXP-SCN004-backstop-disabled-d14f929b,766.000000,4.800000,4.800000,PASS,1,1,1,1.000000,4.853477
EXP-SCN004-backstop-disabled-d14f929b,766.500000,4.800000,4.800000,PASS,1,1,1,1.000000,4.854075
EXP-SCN004-backstop-disabled-d14f929b,767.000000,4.800000,4.800000,PASS,1,1,1,1.000000,4.854650
EXP-SCN004-backstop-disabled-d14f929b,767.500000,4.800000,4.800000,PASS,1,1,1,1.000000,4.855400
EXP-SCN004-backstop-disabled-d14f929b,768.000000,4.800000,4.800000,PASS,1,1,1,1.000000,4.856131
EXP-SCN004-backstop-disabled-d14f929b,768.500000,4.800000,4.800000,PASS,1,1,1,1.000000,4.856869
EXP-SCN004-backstop-disabled-d14f929b,769.000000,4.800000,4.800000,PASS,1,1,1,1.000000,4.857621
EXP-SCN004-backstop-disabled-d14f929b,769.500000,4.800000,4.800000,PASS,1,1,1,1.000000,4.858151
EXP-SCN004-backstop-disabled-d14f929b,770.000000,4.800000,4.800000,PASS,1,1,1,1.000000,4.858911
EXP-SCN004-backstop-disabled-d14f929b,770.500000,4.800000,4.800000,PASS,1,1,1,1.000000,4.859586
EXP-SCN004-backstop-disabled-d14f929b,771.000000,4.800000,4.800000,PASS,1,1,1,1.000000,4.860109
EXP-SCN004-backstop-disabled-d14f929b,771.500000,4.800000,4.800000,PASS,1,1,1,1.000000,4.860871
EXP-SCN004-backstop-disabled-d14f929b,772.000000,4.800000,4.800000,PASS,1,1,1,1.000000,4.861594
EXP-SCN004-backstop-disabled-d14f929b,772.500000,4.800000,4.800000,PASS,1,1,1,1.000000,4.862375
EXP-SCN004-backstop-disabled-d14f929b,773.000000,4.800000,4.800000,PASS,1,1,1,1.000000,4.862974
EXP-SCN004-backstop-disabled-d14f929b,773.500000,4.800000,4.800000,PASS,1,1,1,1.000000,4.863755
EXP-SCN004-backstop-disabled-d14f929b,774.000000,4.800000,4.800000,PASS,1,1,1,1.000000,4.864451
EXP-SCN004-backstop-disabled-d14f929b,774.500000,4.800000,4.800000,PASS,1,1,1,1.000000,4.865070
EXP-SCN004-backstop-disabled-d14f929b,775.000000,4.800000,4.800000,PASS,1,1,1,1.000000,4.865768
EXP-SCN004-backstop-disabled-d14f929b,775.500000,4.800000,4.800000,PASS,1,1,1,1.000000,4.866319
EXP-SCN004-backstop-disabled-d14f929b,776.000000,4.800000,4.800000,PASS,1,1,1,1.000000,4.867024
EXP-SCN004-backstop-disabled-d14f929b,776.500000,4.800000,4.800000,PASS,1,1,1,1.000000,4.867772
EXP-SCN004-backstop-disabled-d14f929b,777.000000,4.800000,4.800000,PASS,1,1,1,1.000000,4.868445
EXP-SCN004-backstop-disabled-d14f929b,777.500000,4.800000,4.800000,PASS,1,1,1,1.000000,4.869106
EXP-SCN004-backstop-disabled-d14f929b,778.000000,4.800000,4.800000,PASS,1,1,1,1.000000,4.869863
EXP-SCN004-backstop-disabled-d14f929b,778.500000,4.800000,4.800000,PASS,1,1,1,1.000000,4.870413
EXP-SCN004-backstop-disabled-d14f929b,779.000000,4.800000,4.800000,PASS,1,1,1,1.000000,4.871068
EXP-SCN004-backstop-disabled-d14f929b,779.500000,4.800000,4.800000,PASS,1,1,1,1.000000,4.871731
EXP-SCN004-backstop-disabled-d14f929b,780.000000,4.800000,4.800000,PASS,1,1,1,1.000000,4.872369
EXP-SCN004-backstop-disabled-d14f929b,780.500000,4.800000,4.800000,PASS,1,1,1,1.000000,4.872967
EXP-SCN004-backstop-disabled-d14f929b,781.000000,4.800000,4.800000,PASS,1,1,1,1.000000,4.873554
EXP-SCN004-backstop-disabled-d14f929b,781.500000,4.800000,4.800000,PASS,1,1,1,1.000000,4.874282
EXP-SCN004-backstop-disabled-d14f929b,782.000000,4.800000,4.800000,PASS,1,1,1,1.000000,4.874997
EXP-SCN004-backstop-disabled-d14f929b,782.500000,4.800000,4.800000,PASS,1,1,1,1.000000,4.875696
EXP-SCN004-backstop-disabled-d14f929b,783.000000,4.800000,4.800000,PASS,1,1,1,1.000000,4.876191
EXP-SCN004-backstop-disabled-d14f929b,783.500000,4.800000,4.800000,PASS,1,1,1,1.000000,4.876848
EXP-SCN004-backstop-disabled-d14f929b,784.000000,4.800000,4.800000,PASS,1,1,1,1.000000,4.877426
EXP-SCN004-backstop-disabled-d14f929b,784.500000,4.800000,4.800000,PASS,1,1,1,1.000000,4.878179
EXP-SCN004-backstop-disabled-d14f929b,785.000000,4.800000,4.800000,PASS,1,1,1,1.000000,4.878726
EXP-SCN004-backstop-disabled-d14f929b,785.500000,4.800000,4.800000,PASS,1,1,1,1.000000,4.879364
EXP-SCN004-backstop-disabled-d14f929b,786.000000,4.800000,4.800000,PASS,1,1,1,1.000000,4.880017
EXP-SCN004-backstop-disabled-d14f929b,786.500000,4.800000,4.800000,PASS,1,1,1,1.000000,4.880556
EXP-SCN004-backstop-disabled-d14f929b,787.000000,4.800000,4.800000,PASS,1,1,1,1.000000,4.881187
EXP-SCN004-backstop-disabled-d14f929b,787.500000,4.800000,4.800000,PASS,1,1,1,1.000000,4.881661
EXP-SCN004-backstop-disabled-d14f929b,788.000000,4.800000,4.800000,PASS,1,1,1,1.000000,4.882149
EXP-SCN004-backstop-disabled-d14f929b,788.500000,4.800000,4.800000,PASS,1,1,1,1.000000,4.882694
EXP-SCN004-backstop-disabled-d14f929b,789.000000,4.800000,4.800000,PASS,1,1,1,1.000000,4.883256
EXP-SCN004-backstop-disabled-d14f929b,789.500000,4.800000,4.800000,PASS,1,1,1,1.000000,4.883763
EXP-SCN004-backstop-disabled-d14f929b,790.000000,4.800000,4.800000,PASS,1,1,1,1.000000,4.884317
EXP-SCN004-backstop-disabled-d14f929b,790.500000,4.800000,4.800000,PASS,1,1,1,1.000000,4.884796
EXP-SCN004-backstop-disabled-d14f929b,791.000000,4.800000,4.800000,PASS,1,1,1,1.000000,4.885358
EXP-SCN004-backstop-disabled-d14f929b,791.500000,4.800000,4.800000,PASS,1,1,1,1.000000,4.886049
EXP-SCN004-backstop-disabled-d14f929b,792.000000,4.800000,4.800000,PASS,1,1,1,1.000000,4.886607
EXP-SCN004-backstop-disabled-d14f929b,792.500000,4.800000,4.800000,PASS,1,1,1,1.000000,4.887317
EXP-SCN004-backstop-disabled-d14f929b,793.000000,4.800000,4.800000,PASS,1,1,1,1.000000,4.887805
EXP-SCN004-backstop-disabled-d14f929b,793.500000,4.800000,4.800000,PASS,1,1,1,1.000000,4.888549
EXP-SCN004-backstop-disabled-d14f929b,794.000000,4.800000,4.800000,PASS,1,1,1,1.000000,4.889023
EXP-SCN004-backstop-disabled-d14f929b,794.500000,4.800000,4.800000,PASS,1,1,1,1.000000,4.889685
EXP-SCN004-backstop-disabled-d14f929b,795.000000,4.800000,4.800000,PASS,1,1,1,1.000000,4.890409
EXP-SCN004-backstop-disabled-d14f929b,795.500000,4.800000,4.800000,PASS,1,1,1,1.000000,4.890974
EXP-SCN004-backstop-disabled-d14f929b,796.000000,4.800000,4.800000,PASS,1,1,1,1.000000,4.891633
EXP-SCN004-backstop-disabled-d14f929b,796.500000,4.800000,4.800000,PASS,1,1,1,1.000000,4.892196
EXP-SCN004-backstop-disabled-d14f929b,797.000000,4.800000,4.800000,PASS,1,1,1,1.000000,4.892819
EXP-SCN004-backstop-disabled-d14f929b,797.500000,4.800000,4.800000,PASS,1,1,1,1.000000,4.893445
EXP-SCN004-backstop-disabled-d14f929b,798.000000,4.800000,4.800000,PASS,1,1,1,1.000000,4.894055
EXP-SCN004-backstop-disabled-d14f929b,798.500000,4.800000,4.800000,PASS,1,1,1,1.000000,4.894657
EXP-SCN004-backstop-disabled-d14f929b,799.000000,4.800000,4.800000,PASS,1,1,1,1.000000,4.895308
EXP-SCN004-backstop-disabled-d14f929b,799.500000,4.800000,4.800000,PASS,1,1,1,1.000000,4.895919
EXP-SCN004-backstop-disabled-d14f929b,800.000000,4.800000,4.800000,PASS,1,1,1,1.000000,4.896383
EXP-SCN004-backstop-disabled-d14f929b,800.500000,4.800000,4.800000,PASS,1,1,1,1.000000,4.896846
EXP-SCN004-backstop-disabled-d14f929b,801.000000,4.800000,4.800000,PASS,1,1,1,1.000000,4.897577
EXP-SCN004-backstop-disabled-d14f929b,801.500000,4.800000,4.800000,PASS,1,1,1,1.000000,4.898147
EXP-SCN004-backstop-disabled-d14f929b,802.000000,4.800000,4.800000,PASS,1,1,1,1.000000,4.898821
EXP-SCN004-backstop-disabled-d14f929b,802.500000,4.800000,4.800000,PASS,1,1,1,1.000000,4.899499
EXP-SCN004-backstop-disabled-d14f929b,803.000000,4.800000,4.800000,PASS,1,1,1,1.000000,4.900214
EXP-SCN004-backstop-disabled-d14f929b,803.500000,4.800000,4.800000,PASS,1,1,1,1.000000,4.900693
EXP-SCN004-backstop-disabled-d14f929b,804.000000,4.800000,4.800000,PASS,1,1,1,1.000000,4.901149
EXP-SCN004-backstop-disabled-d14f929b,804.500000,4.800000,4.800000,PASS,1,1,1,1.000000,4.901737
EXP-SCN004-backstop-disabled-d14f929b,805.000000,4.800000,4.800000,PASS,1,1,1,1.000000,4.902396
EXP-SCN004-backstop-disabled-d14f929b,805.500000,4.800000,4.800000,PASS,1,1,1,1.000000,4.902987
EXP-SCN004-backstop-disabled-d14f929b,806.000000,4.800000,4.800000,PASS,1,1,1,1.000000,4.903596
EXP-SCN004-backstop-disabled-d14f929b,806.500000,4.800000,4.800000,PASS,1,1,1,1.000000,4.904128
EXP-SCN004-backstop-disabled-d14f929b,807.000000,4.800000,4.800000,PASS,1,1,1,1.000000,4.904845
EXP-SCN004-backstop-disabled-d14f929b,807.500000,4.800000,4.800000,PASS,1,1,1,1.000000,4.905302
EXP-SCN004-backstop-disabled-d14f929b,808.000000,4.800000,4.800000,PASS,1,1,1,1.000000,4.905868
EXP-SCN004-backstop-disabled-d14f929b,808.500000,4.800000,4.800000,PASS,1,1,1,1.000000,4.906590
EXP-SCN004-backstop-disabled-d14f929b,809.000000,4.800000,4.800000,PASS,1,1,1,1.000000,4.907254
EXP-SCN004-backstop-disabled-d14f929b,809.500000,4.800000,4.800000,PASS,1,1,1,1.000000,4.907751
EXP-SCN004-backstop-disabled-d14f929b,810.000000,4.800000,4.800000,PASS,1,1,1,1.000000,4.908347
EXP-SCN004-backstop-disabled-d14f929b,810.500000,4.800000,4.800000,PASS,1,1,1,1.000000,4.908882
EXP-SCN004-backstop-disabled-d14f929b,811.000000,4.800000,4.800000,PASS,1,1,1,1.000000,4.909424
EXP-SCN004-backstop-disabled-d14f929b,811.500000,4.800000,4.800000,PASS,1,1,1,1.000000,4.910099
EXP-SCN004-backstop-disabled-d14f929b,812.000000,4.800000,4.800000,PASS,1,1,1,1.000000,4.910811
EXP-SCN004-backstop-disabled-d14f929b,812.500000,4.800000,4.800000,PASS,1,1,1,1.000000,4.911513
EXP-SCN004-backstop-disabled-d14f929b,813.000000,4.800000,4.800000,PASS,1,1,1,1.000000,4.912219
EXP-SCN004-backstop-disabled-d14f929b,813.500000,4.800000,4.800000,PASS,1,1,1,1.000000,4.912711
EXP-SCN004-backstop-disabled-d14f929b,814.000000,4.800000,4.800000,PASS,1,1,1,1.000000,4.913161
EXP-SCN004-backstop-disabled-d14f929b,814.500000,4.800000,4.800000,PASS,1,1,1,1.000000,4.913677
EXP-SCN004-backstop-disabled-d14f929b,815.000000,4.800000,4.800000,PASS,1,1,1,1.000000,4.914247
EXP-SCN004-backstop-disabled-d14f929b,815.500000,4.800000,4.800000,PASS,1,1,1,1.000000,4.914842
EXP-SCN004-backstop-disabled-d14f929b,816.000000,4.800000,4.800000,PASS,1,1,1,1.000000,4.915452
EXP-SCN004-backstop-disabled-d14f929b,816.500000,4.800000,4.800000,PASS,1,1,1,1.000000,4.915927
EXP-SCN004-backstop-disabled-d14f929b,817.000000,4.800000,4.800000,PASS,1,1,1,1.000000,4.916542
EXP-SCN004-backstop-disabled-d14f929b,817.500000,4.800000,4.800000,PASS,1,1,1,1.000000,4.917170
EXP-SCN004-backstop-disabled-d14f929b,818.000000,4.800000,4.800000,PASS,1,1,1,1.000000,4.917597
EXP-SCN004-backstop-disabled-d14f929b,818.500000,4.800000,4.800000,PASS,1,1,1,1.000000,4.918209
EXP-SCN004-backstop-disabled-d14f929b,819.000000,4.800000,4.800000,PASS,1,1,1,1.000000,4.918898
EXP-SCN004-backstop-disabled-d14f929b,819.500000,4.800000,4.800000,PASS,1,1,1,1.000000,4.919504
EXP-SCN004-backstop-disabled-d14f929b,820.000000,4.800000,4.800000,PASS,1,1,1,1.000000,4.920146
EXP-SCN004-backstop-disabled-d14f929b,820.500000,4.800000,4.800000,PASS,1,1,1,1.000000,4.920773
EXP-SCN004-backstop-disabled-d14f929b,821.000000,4.800000,4.800000,PASS,1,1,1,1.000000,4.921278
EXP-SCN004-backstop-disabled-d14f929b,821.500000,4.800000,4.800000,PASS,1,1,1,1.000000,4.921751
EXP-SCN004-backstop-disabled-d14f929b,822.000000,4.800000,4.800000,PASS,1,1,1,1.000000,4.922274
EXP-SCN004-backstop-disabled-d14f929b,822.500000,4.800000,4.800000,PASS,1,1,1,1.000000,4.922981
EXP-SCN004-backstop-disabled-d14f929b,823.000000,4.800000,4.800000,PASS,1,1,1,1.000000,4.923675
EXP-SCN004-backstop-disabled-d14f929b,823.500000,4.800000,4.800000,PASS,1,1,1,1.000000,4.924277
EXP-SCN004-backstop-disabled-d14f929b,824.000000,4.800000,4.800000,PASS,1,1,1,1.000000,4.924844
EXP-SCN004-backstop-disabled-d14f929b,824.500000,4.800000,4.800000,PASS,1,1,1,1.000000,4.925300
EXP-SCN004-backstop-disabled-d14f929b,825.000000,4.800000,4.800000,PASS,1,1,1,1.000000,4.925782
EXP-SCN004-backstop-disabled-d14f929b,825.500000,4.800000,4.800000,PASS,1,1,1,1.000000,4.926464
EXP-SCN004-backstop-disabled-d14f929b,826.000000,4.800000,4.800000,PASS,1,1,1,1.000000,4.927056
EXP-SCN004-backstop-disabled-d14f929b,826.500000,4.800000,4.800000,PASS,1,1,1,1.000000,4.927675
EXP-SCN004-backstop-disabled-d14f929b,827.000000,4.800000,4.800000,PASS,1,1,1,1.000000,4.928139
EXP-SCN004-backstop-disabled-d14f929b,827.500000,4.800000,4.800000,PASS,1,1,1,1.000000,4.928807
EXP-SCN004-backstop-disabled-d14f929b,828.000000,4.800000,4.800000,PASS,1,1,1,1.000000,4.929308
EXP-SCN004-backstop-disabled-d14f929b,828.500000,4.800000,4.800000,PASS,1,1,1,1.000000,4.929996
EXP-SCN004-backstop-disabled-d14f929b,829.000000,4.800000,4.800000,PASS,1,1,1,1.000000,4.930610
EXP-SCN004-backstop-disabled-d14f929b,829.500000,4.800000,4.800000,PASS,1,1,1,1.000000,4.931044
EXP-SCN004-backstop-disabled-d14f929b,830.000000,4.800000,4.800000,PASS,1,1,1,1.000000,4.931668
EXP-SCN004-backstop-disabled-d14f929b,830.500000,4.800000,4.800000,PASS,1,1,1,1.000000,4.932315
EXP-SCN004-backstop-disabled-d14f929b,831.000000,4.800000,4.800000,PASS,1,1,1,1.000000,4.932880
EXP-SCN004-backstop-disabled-d14f929b,831.500000,4.800000,4.800000,PASS,1,1,1,1.000000,4.933298
EXP-SCN004-backstop-disabled-d14f929b,832.000000,4.800000,4.800000,PASS,1,1,1,1.000000,4.933814
EXP-SCN004-backstop-disabled-d14f929b,832.500000,4.800000,4.800000,PASS,1,1,1,1.000000,4.934465
EXP-SCN004-backstop-disabled-d14f929b,833.000000,4.800000,4.800000,PASS,1,1,1,1.000000,4.935155
EXP-SCN004-backstop-disabled-d14f929b,833.500000,4.800000,4.800000,PASS,1,1,1,1.000000,4.935725
EXP-SCN004-backstop-disabled-d14f929b,834.000000,4.800000,4.800000,PASS,1,1,1,1.000000,4.936335
EXP-SCN004-backstop-disabled-d14f929b,834.500000,4.800000,4.800000,PASS,1,1,1,1.000000,4.936749
EXP-SCN004-backstop-disabled-d14f929b,835.000000,4.800000,4.800000,PASS,1,1,1,1.000000,4.937199
EXP-SCN004-backstop-disabled-d14f929b,835.500000,4.800000,4.800000,PASS,1,1,1,1.000000,4.937712
EXP-SCN004-backstop-disabled-d14f929b,836.000000,4.800000,4.800000,PASS,1,1,1,1.000000,4.938398
EXP-SCN004-backstop-disabled-d14f929b,836.500000,4.800000,4.800000,PASS,1,1,1,1.000000,4.938887
EXP-SCN004-backstop-disabled-d14f929b,837.000000,4.800000,4.800000,PASS,1,1,1,1.000000,4.939466
EXP-SCN004-backstop-disabled-d14f929b,837.500000,4.800000,4.800000,PASS,1,1,1,1.000000,4.940111
EXP-SCN004-backstop-disabled-d14f929b,838.000000,4.800000,4.800000,PASS,1,1,1,1.000000,4.940797
EXP-SCN004-backstop-disabled-d14f929b,838.500000,4.800000,4.800000,PASS,1,1,1,1.000000,4.941265
EXP-SCN004-backstop-disabled-d14f929b,839.000000,4.800000,4.800000,PASS,1,1,1,1.000000,4.941661
EXP-SCN004-backstop-disabled-d14f929b,839.500000,4.800000,4.800000,PASS,1,1,1,1.000000,4.942176
EXP-SCN004-backstop-disabled-d14f929b,840.000000,4.800000,4.800000,PASS,1,1,1,1.000000,4.942688
EXP-SCN004-backstop-disabled-d14f929b,840.500000,4.800000,4.800000,PASS,1,1,1,1.000000,4.943361
EXP-SCN004-backstop-disabled-d14f929b,841.000000,4.800000,4.800000,PASS,1,1,1,1.000000,4.944017
EXP-SCN004-backstop-disabled-d14f929b,841.500000,4.800000,4.800000,PASS,1,1,1,1.000000,4.944489
EXP-SCN004-backstop-disabled-d14f929b,842.000000,4.800000,4.800000,PASS,1,1,1,1.000000,4.945080
EXP-SCN004-backstop-disabled-d14f929b,842.500000,4.800000,4.800000,PASS,1,1,1,1.000000,4.945513
EXP-SCN004-backstop-disabled-d14f929b,843.000000,4.800000,4.800000,PASS,1,1,1,1.000000,4.945984
EXP-SCN004-backstop-disabled-d14f929b,843.500000,4.800000,4.800000,PASS,1,1,1,1.000000,4.946591
EXP-SCN004-backstop-disabled-d14f929b,844.000000,4.800000,4.800000,PASS,1,1,1,1.000000,4.947049
EXP-SCN004-backstop-disabled-d14f929b,844.500000,4.800000,4.800000,PASS,1,1,1,1.000000,4.947528
EXP-SCN004-backstop-disabled-d14f929b,845.000000,4.800000,4.800000,PASS,1,1,1,1.000000,4.948044
EXP-SCN004-backstop-disabled-d14f929b,845.500000,4.800000,4.800000,PASS,1,1,1,1.000000,4.948664
EXP-SCN004-backstop-disabled-d14f929b,846.000000,4.800000,4.800000,PASS,1,1,1,1.000000,4.949307
EXP-SCN004-backstop-disabled-d14f929b,846.500000,4.800000,4.800000,PASS,1,1,1,1.000000,4.949713
EXP-SCN004-backstop-disabled-d14f929b,847.000000,4.800000,4.800000,PASS,1,1,1,1.000000,4.950132
EXP-SCN004-backstop-disabled-d14f929b,847.500000,4.800000,4.800000,PASS,1,1,1,1.000000,4.950803
EXP-SCN004-backstop-disabled-d14f929b,848.000000,4.800000,4.800000,PASS,1,1,1,1.000000,4.951414
EXP-SCN004-backstop-disabled-d14f929b,848.500000,4.800000,4.800000,PASS,1,1,1,1.000000,4.951863
EXP-SCN004-backstop-disabled-d14f929b,849.000000,4.800000,4.800000,PASS,1,1,1,1.000000,4.952304
EXP-SCN004-backstop-disabled-d14f929b,849.500000,4.800000,4.800000,PASS,1,1,1,1.000000,4.952873
EXP-SCN004-backstop-disabled-d14f929b,850.000000,4.800000,4.800000,PASS,1,1,1,1.000000,4.953482
EXP-SCN004-backstop-disabled-d14f929b,850.500000,4.800000,4.800000,PASS,1,1,1,1.000000,4.953974
EXP-SCN004-backstop-disabled-d14f929b,851.000000,4.800000,4.800000,PASS,1,1,1,1.000000,4.954500
EXP-SCN004-backstop-disabled-d14f929b,851.500000,4.800000,4.800000,PASS,1,1,1,1.000000,4.955021
EXP-SCN004-backstop-disabled-d14f929b,852.000000,4.800000,4.800000,PASS,1,1,1,1.000000,4.955601
EXP-SCN004-backstop-disabled-d14f929b,852.500000,4.800000,4.800000,PASS,1,1,1,1.000000,4.956209
EXP-SCN004-backstop-disabled-d14f929b,853.000000,4.800000,4.800000,PASS,1,1,1,1.000000,4.956665
EXP-SCN004-backstop-disabled-d14f929b,853.500000,4.800000,4.800000,PASS,1,1,1,1.000000,4.957241
EXP-SCN004-backstop-disabled-d14f929b,854.000000,4.800000,4.800000,PASS,1,1,1,1.000000,4.957721
EXP-SCN004-backstop-disabled-d14f929b,854.500000,4.800000,4.800000,PASS,1,1,1,1.000000,4.958198
EXP-SCN004-backstop-disabled-d14f929b,855.000000,4.800000,4.800000,PASS,1,1,1,1.000000,4.958760
EXP-SCN004-backstop-disabled-d14f929b,855.500000,4.800000,4.800000,PASS,1,1,1,1.000000,4.959414
EXP-SCN004-backstop-disabled-d14f929b,856.000000,4.800000,4.800000,PASS,1,1,1,1.000000,4.959941
EXP-SCN004-backstop-disabled-d14f929b,856.500000,4.800000,4.800000,PASS,1,1,1,1.000000,4.960525
EXP-SCN004-backstop-disabled-d14f929b,857.000000,4.800000,4.800000,PASS,1,1,1,1.000000,4.960956
EXP-SCN004-backstop-disabled-d14f929b,857.500000,4.800000,4.800000,PASS,1,1,1,1.000000,4.961339
EXP-SCN004-backstop-disabled-d14f929b,858.000000,4.800000,4.800000,PASS,1,1,1,1.000000,4.961801
EXP-SCN004-backstop-disabled-d14f929b,858.500000,4.800000,4.800000,PASS,1,1,1,1.000000,4.962186
EXP-SCN004-backstop-disabled-d14f929b,859.000000,4.800000,4.800000,PASS,1,1,1,1.000000,4.962766
EXP-SCN004-backstop-disabled-d14f929b,859.500000,4.800000,4.800000,PASS,1,1,1,1.000000,4.963243
EXP-SCN004-backstop-disabled-d14f929b,860.000000,4.800000,4.800000,PASS,1,1,1,1.000000,4.963712
EXP-SCN004-backstop-disabled-d14f929b,860.500000,4.800000,4.800000,PASS,1,1,1,1.000000,4.964288
EXP-SCN004-backstop-disabled-d14f929b,861.000000,4.800000,4.800000,PASS,1,1,1,1.000000,4.964751
EXP-SCN004-backstop-disabled-d14f929b,861.500000,4.800000,4.800000,PASS,1,1,1,1.000000,4.965221
EXP-SCN004-backstop-disabled-d14f929b,862.000000,4.800000,4.800000,PASS,1,1,1,1.000000,4.965837
EXP-SCN004-backstop-disabled-d14f929b,862.500000,4.800000,4.800000,PASS,1,1,1,1.000000,4.966209
EXP-SCN004-backstop-disabled-d14f929b,863.000000,4.800000,4.800000,PASS,1,1,1,1.000000,4.966637
EXP-SCN004-backstop-disabled-d14f929b,863.500000,4.800000,4.800000,PASS,1,1,1,1.000000,4.967261
EXP-SCN004-backstop-disabled-d14f929b,864.000000,4.800000,4.800000,PASS,1,1,1,1.000000,4.967787
EXP-SCN004-backstop-disabled-d14f929b,864.500000,4.800000,4.800000,PASS,1,1,1,1.000000,4.968301
EXP-SCN004-backstop-disabled-d14f929b,865.000000,4.800000,4.800000,PASS,1,1,1,1.000000,4.968705
EXP-SCN004-backstop-disabled-d14f929b,865.500000,4.800000,4.800000,PASS,1,1,1,1.000000,4.969320
EXP-SCN004-backstop-disabled-d14f929b,866.000000,4.800000,4.800000,PASS,1,1,1,1.000000,4.969682
EXP-SCN004-backstop-disabled-d14f929b,866.500000,4.800000,4.800000,PASS,1,1,1,1.000000,4.970271
EXP-SCN004-backstop-disabled-d14f929b,867.000000,4.800000,4.800000,PASS,1,1,1,1.000000,4.970825
EXP-SCN004-backstop-disabled-d14f929b,867.500000,4.800000,4.800000,PASS,1,1,1,1.000000,4.971423
EXP-SCN004-backstop-disabled-d14f929b,868.000000,4.800000,4.800000,PASS,1,1,1,1.000000,4.971867
EXP-SCN004-backstop-disabled-d14f929b,868.500000,4.800000,4.800000,PASS,1,1,1,1.000000,4.972285
EXP-SCN004-backstop-disabled-d14f929b,869.000000,4.800000,4.800000,PASS,1,1,1,1.000000,4.972719
EXP-SCN004-backstop-disabled-d14f929b,869.500000,4.800000,4.800000,PASS,1,1,1,1.000000,4.973241
EXP-SCN004-backstop-disabled-d14f929b,870.000000,4.800000,4.800000,PASS,1,1,1,1.000000,4.973701
EXP-SCN004-backstop-disabled-d14f929b,870.500000,4.800000,4.800000,PASS,1,1,1,1.000000,4.974264
EXP-SCN004-backstop-disabled-d14f929b,871.000000,4.800000,4.800000,PASS,1,1,1,1.000000,4.974817
EXP-SCN004-backstop-disabled-d14f929b,871.500000,4.800000,4.800000,PASS,1,1,1,1.000000,4.975295
EXP-SCN004-backstop-disabled-d14f929b,872.000000,4.800000,4.800000,PASS,1,1,1,1.000000,4.975717
EXP-SCN004-backstop-disabled-d14f929b,872.500000,4.800000,4.800000,PASS,1,1,1,1.000000,4.976318
EXP-SCN004-backstop-disabled-d14f929b,873.000000,4.800000,4.800000,PASS,1,1,1,1.000000,4.976846
EXP-SCN004-backstop-disabled-d14f929b,873.500000,4.800000,4.800000,PASS,1,1,1,1.000000,4.977231
EXP-SCN004-backstop-disabled-d14f929b,874.000000,4.800000,4.800000,PASS,1,1,1,1.000000,4.977649
EXP-SCN004-backstop-disabled-d14f929b,874.500000,4.800000,4.800000,PASS,1,1,1,1.000000,4.978286
EXP-SCN004-backstop-disabled-d14f929b,875.000000,4.800000,4.800000,PASS,1,1,1,1.000000,4.978681
EXP-SCN004-backstop-disabled-d14f929b,875.500000,4.800000,4.800000,PASS,1,1,1,1.000000,4.979037
EXP-SCN004-backstop-disabled-d14f929b,876.000000,4.800000,4.800000,PASS,1,1,1,1.000000,4.979638
EXP-SCN004-backstop-disabled-d14f929b,876.500000,4.800000,4.800000,PASS,1,1,1,1.000000,4.980048
EXP-SCN004-backstop-disabled-d14f929b,877.000000,4.800000,4.800000,PASS,1,1,1,1.000000,4.980578
EXP-SCN004-backstop-disabled-d14f929b,877.500000,4.800000,4.800000,PASS,1,1,1,1.000000,4.981069
EXP-SCN004-backstop-disabled-d14f929b,878.000000,4.800000,4.800000,PASS,1,1,1,1.000000,4.981504
EXP-SCN004-backstop-disabled-d14f929b,878.500000,4.800000,4.800000,PASS,1,1,1,1.000000,4.981940
EXP-SCN004-backstop-disabled-d14f929b,879.000000,4.800000,4.800000,PASS,1,1,1,1.000000,4.982419
EXP-SCN004-backstop-disabled-d14f929b,879.500000,4.800000,4.800000,PASS,1,1,1,1.000000,4.982794
EXP-SCN004-backstop-disabled-d14f929b,880.000000,4.800000,4.800000,PASS,1,1,1,1.000000,4.983396
EXP-SCN004-backstop-disabled-d14f929b,880.500000,4.800000,4.800000,PASS,1,1,1,1.000000,4.984008
EXP-SCN004-backstop-disabled-d14f929b,881.000000,4.800000,4.800000,PASS,1,1,1,1.000000,4.984545
EXP-SCN004-backstop-disabled-d14f929b,881.500000,4.800000,4.800000,PASS,1,1,1,1.000000,4.985168
EXP-SCN004-backstop-disabled-d14f929b,882.000000,4.800000,4.800000,PASS,1,1,1,1.000000,4.985575
EXP-SCN004-backstop-disabled-d14f929b,882.500000,4.800000,4.800000,PASS,1,1,1,1.000000,4.986081
EXP-SCN004-backstop-disabled-d14f929b,883.000000,4.800000,4.800000,PASS,1,1,1,1.000000,4.986434
EXP-SCN004-backstop-disabled-d14f929b,883.500000,4.800000,4.800000,PASS,1,1,1,1.000000,4.986816
EXP-SCN004-backstop-disabled-d14f929b,884.000000,4.800000,4.800000,PASS,1,1,1,1.000000,4.987262
EXP-SCN004-backstop-disabled-d14f929b,884.500000,4.800000,4.800000,PASS,1,1,1,1.000000,4.987719
EXP-SCN004-backstop-disabled-d14f929b,885.000000,4.800000,4.800000,PASS,1,1,1,1.000000,4.988057
EXP-SCN004-backstop-disabled-d14f929b,885.500000,4.800000,4.800000,PASS,1,1,1,1.000000,4.988611
EXP-SCN004-backstop-disabled-d14f929b,886.000000,4.800000,4.800000,PASS,1,1,1,1.000000,4.989162
EXP-SCN004-backstop-disabled-d14f929b,886.500000,4.800000,4.800000,PASS,1,1,1,1.000000,4.989564
EXP-SCN004-backstop-disabled-d14f929b,887.000000,4.800000,4.800000,PASS,1,1,1,1.000000,4.990094
EXP-SCN004-backstop-disabled-d14f929b,887.500000,4.800000,4.800000,PASS,1,1,1,1.000000,4.990529
EXP-SCN004-backstop-disabled-d14f929b,888.000000,4.800000,4.800000,PASS,1,1,1,1.000000,4.991133
EXP-SCN004-backstop-disabled-d14f929b,888.500000,4.800000,4.800000,PASS,1,1,1,1.000000,4.991614
EXP-SCN004-backstop-disabled-d14f929b,889.000000,4.800000,4.800000,PASS,1,1,1,1.000000,4.992082
EXP-SCN004-backstop-disabled-d14f929b,889.500000,4.800000,4.800000,PASS,1,1,1,1.000000,4.992657
EXP-SCN004-backstop-disabled-d14f929b,890.000000,4.800000,4.800000,PASS,1,1,1,1.000000,4.993119
EXP-SCN004-backstop-disabled-d14f929b,890.500000,4.800000,4.800000,PASS,1,1,1,1.000000,4.993601
EXP-SCN004-backstop-disabled-d14f929b,891.000000,4.800000,4.800000,PASS,1,1,1,1.000000,4.994151
EXP-SCN004-backstop-disabled-d14f929b,891.500000,4.800000,4.800000,PASS,1,1,1,1.000000,4.994702
EXP-SCN004-backstop-disabled-d14f929b,892.000000,4.800000,4.800000,PASS,1,1,1,1.000000,4.995060
EXP-SCN004-backstop-disabled-d14f929b,892.500000,4.800000,4.800000,PASS,1,1,1,1.000000,4.995524
EXP-SCN004-backstop-disabled-d14f929b,893.000000,4.800000,4.800000,PASS,1,1,1,1.000000,4.995934
EXP-SCN004-backstop-disabled-d14f929b,893.500000,4.800000,4.800000,PASS,1,1,1,1.000000,4.996472
EXP-SCN004-backstop-disabled-d14f929b,894.000000,4.800000,4.800000,PASS,1,1,1,1.000000,4.996878
EXP-SCN004-backstop-disabled-d14f929b,894.500000,4.800000,4.800000,PASS,1,1,1,1.000000,4.997444
EXP-SCN004-backstop-disabled-d14f929b,895.000000,4.800000,4.800000,PASS,1,1,1,1.000000,4.997829
EXP-SCN004-backstop-disabled-d14f929b,895.500000,4.800000,4.800000,PASS,1,1,1,1.000000,4.998294
EXP-SCN004-backstop-disabled-d14f929b,896.000000,4.800000,4.800000,PASS,1,1,1,1.000000,4.998666
EXP-SCN004-backstop-disabled-d14f929b,896.500000,4.800000,4.800000,PASS,1,1,1,1.000000,4.999223
EXP-SCN004-backstop-disabled-d14f929b,897.000000,4.800000,4.800000,PASS,1,1,1,1.000000,4.999659
EXP-SCN004-backstop-disabled-d14f929b,897.500000,4.800000,4.800000,PASS,1,1,1,1.000000,5.000000
EXP-SCN004-backstop-disabled-d14f929b,898.000000,4.800000,4.800000,PASS,1,1,1,1.000000,5.000000
EXP-SCN004-backstop-disabled-d14f929b,898.500000,4.800000,4.800000,PASS,1,1,1,1.000000,5.000000
EXP-SCN004-backstop-disabled-d14f929b,899.000000,4.800000,4.800000,PASS,1,1,1,1.000000,5.000000
EXP-SCN004-backstop-disabled-d14f929b,899.500000,4.800000,4.800000,PASS,1,1,1,1.000000,5.000000
EXP-SCN004-backstop-disabled-d14f929b,900.000000,4.800000,4.800000,PASS,1,1,1,1.000000,5.000000
EXP-SCN004-backstop-disabled-d14f929b,900.500000,4.800000,4.800000,PASS,1,1,1,1.000000,5.000000
EXP-SCN004-backstop-disabled-d14f929b,901.000000,4.800000,4.800000,PASS,1,1,1,1.000000,5.000000
EXP-SCN004-backstop-disabled-d14f929b,901.500000,4.800000,4.800000,PASS,1,1,1,1.000000,5.000000
EXP-SCN004-backstop-disabled-d14f929b,902.000000,4.800000,4.800000,PASS,1,1,1,1.000000,5.000000
EXP-SCN004-backstop-disabled-d14f929b,902.500000,4.800000,4.800000,PASS,1,1,1,1.000000,5.000000
EXP-SCN004-backstop-disabled-d14f929b,903.000000,4.800000,4.800000,PASS,1,1,1,1.000000,5.000000
EXP-SCN004-backstop-disabled-d14f929b,903.500000,4.800000,4.800000,PASS,1,1,1,1.000000,5.000000
EXP-SCN004-backstop-disabled-d14f929b,904.000000,4.800000,4.800000,PASS,1,1,1,1.000000,5.000000
EXP-SCN004-backstop-disabled-d14f929b,904.500000,4.800000,4.800000,PASS,1,1,1,1.000000,5.000000
EXP-SCN004-backstop-disabled-d14f929b,905.000000,4.800000,4.800000,PASS,1,1,1,1.000000,5.000000
EXP-SCN004-backstop-disabled-d14f929b,905.500000,4.800000,4.800000,PASS,1,1,1,1.000000,5.000000
EXP-SCN004-backstop-disabled-d14f929b,906.000000,4.800000,4.800000,PASS,1,1,1,1.000000,5.000000
EXP-SCN004-backstop-disabled-d14f929b,906.500000,4.800000,4.800000,PASS,1,1,1,1.000000,5.000000
EXP-SCN004-backstop-disabled-d14f929b,907.000000,4.800000,4.800000,PASS,1,1,1,1.000000,5.000000
EXP-SCN004-backstop-disabled-d14f929b,907.500000,4.800000,4.800000,PASS,1,1,1,1.000000,5.000000
EXP-SCN004-backstop-disabled-d14f929b,908.000000,4.800000,4.800000,PASS,1,1,1,1.000000,5.000000
EXP-SCN004-backstop-disabled-d14f929b,908.500000,4.800000,4.800000,PASS,1,1,1,1.000000,5.000000
EXP-SCN004-backstop-disabled-d14f929b,909.000000,4.800000,4.800000,PASS,1,1,1,1.000000,5.000000
EXP-SCN004-backstop-disabled-d14f929b,909.500000,4.800000,4.800000,PASS,1,1,1,1.000000,5.000000
EXP-SCN004-backstop-disabled-d14f929b,910.000000,4.800000,4.800000,PASS,1,1,1,1.000000,5.000000
EXP-SCN004-backstop-disabled-d14f929b,910.500000,4.800000,4.800000,PASS,1,1,1,1.000000,5.000000
EXP-SCN004-backstop-disabled-d14f929b,911.000000,4.800000,4.800000,PASS,1,1,1,1.000000,5.000000
EXP-SCN004-backstop-disabled-d14f929b,911.500000,4.800000,4.800000,PASS,1,1,1,1.000000,5.000000
EXP-SCN004-backstop-disabled-d14f929b,912.000000,4.800000,4.800000,PASS,1,1,1,1.000000,5.000000
EXP-SCN004-backstop-disabled-d14f929b,912.500000,4.800000,4.800000,PASS,1,1,1,1.000000,5.000000
EXP-SCN004-backstop-disabled-d14f929b,913.000000,4.800000,4.800000,PASS,1,1,1,1.000000,5.000000
EXP-SCN004-backstop-disabled-d14f929b,913.500000,4.800000,4.800000,PASS,1,1,1,1.000000,5.000000
EXP-SCN004-backstop-disabled-d14f929b,914.000000,4.800000,4.800000,PASS,1,1,1,1.000000,5.000000
EXP-SCN004-backstop-disabled-d14f929b,914.500000,4.800000,4.800000,PASS,1,1,1,1.000000,5.000000
EXP-SCN004-backstop-disabled-d14f929b,915.000000,4.800000,4.800000,PASS,1,1,1,1.000000,5.000000
EXP-SCN004-backstop-disabled-d14f929b,915.500000,4.800000,4.800000,PASS,1,1,1,1.000000,5.000000
EXP-SCN004-backstop-disabled-d14f929b,916.000000,4.800000,4.800000,PASS,1,1,1,1.000000,5.000000
EXP-SCN004-backstop-disabled-d14f929b,916.500000,4.800000,4.800000,PASS,1,1,1,1.000000,5.000000
EXP-SCN004-backstop-disabled-d14f929b,917.000000,4.800000,4.800000,PASS,1,1,1,1.000000,5.000000
EXP-SCN004-backstop-disabled-d14f929b,917.500000,4.800000,4.800000,PASS,1,1,1,1.000000,5.000000
EXP-SCN004-backstop-disabled-d14f929b,918.000000,4.800000,4.800000,PASS,1,1,1,1.000000,5.000000
EXP-SCN004-backstop-disabled-d14f929b,918.500000,4.800000,4.800000,PASS,1,1,1,1.000000,5.000000
EXP-SCN004-backstop-disabled-d14f929b,919.000000,4.800000,4.800000,PASS,1,1,1,1.000000,5.000000
EXP-SCN004-backstop-disabled-d14f929b,919.500000,4.800000,4.800000,PASS,1,1,1,1.000000,5.000000
EXP-SCN004-backstop-disabled-d14f929b,920.000000,4.800000,4.800000,PASS,1,1,1,1.000000,5.000000
EXP-SCN004-backstop-disabled-d14f929b,920.500000,4.800000,4.800000,PASS,1,1,1,1.000000,5.000000
EXP-SCN004-backstop-disabled-d14f929b,921.000000,4.800000,4.800000,PASS,1,1,1,1.000000,5.000000
EXP-SCN004-backstop-disabled-d14f929b,921.500000,4.800000,4.800000,PASS,1,1,1,1.000000,5.000000
EXP-SCN004-backstop-disabled-d14f929b,922.000000,4.800000,4.800000,PASS,1,1,1,1.000000,5.000000
EXP-SCN004-backstop-disabled-d14f929b,922.500000,4.800000,4.800000,PASS,1,1,1,1.000000,5.000000
EXP-SCN004-backstop-disabled-d14f929b,923.000000,4.800000,4.800000,PASS,1,1,1,1.000000,5.000000
EXP-SCN004-backstop-disabled-d14f929b,923.500000,4.800000,4.800000,PASS,1,1,1,1.000000,5.000000
EXP-SCN004-backstop-disabled-d14f929b,924.000000,4.800000,4.800000,PASS,1,1,1,1.000000,5.000000
EXP-SCN004-backstop-disabled-d14f929b,924.500000,4.800000,4.800000,PASS,1,1,1,1.000000,5.000000
EXP-SCN004-backstop-disabled-d14f929b,925.000000,4.800000,4.800000,PASS,1,1,1,1.000000,5.000000
EXP-SCN004-backstop-disabled-d14f929b,925.500000,4.800000,4.800000,PASS,1,1,1,1.000000,5.000000
EXP-SCN004-backstop-disabled-d14f929b,926.000000,4.800000,4.800000,PASS,1,1,1,1.000000,5.000000
EXP-SCN004-backstop-disabled-d14f929b,926.500000,4.800000,4.800000,PASS,1,1,1,1.000000,5.000000
EXP-SCN004-backstop-disabled-d14f929b,927.000000,4.800000,4.800000,PASS,1,1,1,1.000000,5.000000
EXP-SCN004-backstop-disabled-d14f929b,927.500000,4.800000,4.800000,PASS,1,1,1,1.000000,5.000000
EXP-SCN004-backstop-disabled-d14f929b,928.000000,4.800000,4.800000,PASS,1,1,1,1.000000,5.000000
EXP-SCN004-backstop-disabled-d14f929b,928.500000,4.800000,4.800000,PASS,1,1,1,1.000000,5.000000
EXP-SCN004-backstop-disabled-d14f929b,929.000000,4.800000,4.800000,PASS,1,1,1,1.000000,5.000000
EXP-SCN004-backstop-disabled-d14f929b,929.500000,4.800000,4.800000,PASS,1,1,1,1.000000,5.000000
EXP-SCN004-backstop-disabled-d14f929b,930.000000,4.800000,4.800000,PASS,1,1,1,1.000000,5.000000
EXP-SCN004-backstop-disabled-d14f929b,930.500000,4.800000,4.800000,PASS,1,1,1,1.000000,5.000000
EXP-SCN004-backstop-disabled-d14f929b,931.000000,4.800000,4.800000,PASS,1,1,1,1.000000,5.000000
EXP-SCN004-backstop-disabled-d14f929b,931.500000,4.800000,4.800000,PASS,1,1,1,1.000000,5.000000
EXP-SCN004-backstop-disabled-d14f929b,932.000000,4.800000,4.800000,PASS,1,1,1,1.000000,5.000000
EXP-SCN004-backstop-disabled-d14f929b,932.500000,4.800000,4.800000,PASS,1,1,1,1.000000,5.000000
EXP-SCN004-backstop-disabled-d14f929b,933.000000,4.800000,4.800000,PASS,1,1,1,1.000000,5.000000
EXP-SCN004-backstop-disabled-d14f929b,933.500000,4.800000,4.800000,PASS,1,1,1,1.000000,5.000000
EXP-SCN004-backstop-disabled-d14f929b,934.000000,4.800000,4.800000,PASS,1,1,1,1.000000,5.000000
EXP-SCN004-backstop-disabled-d14f929b,934.500000,4.800000,4.800000,PASS,1,1,1,1.000000,5.000000
EXP-SCN004-backstop-disabled-d14f929b,935.000000,4.800000,4.800000,PASS,1,1,1,1.000000,5.000000
EXP-SCN004-backstop-disabled-d14f929b,935.500000,4.800000,4.800000,PASS,1,1,1,1.000000,5.000000
EXP-SCN004-backstop-disabled-d14f929b,936.000000,4.800000,4.800000,PASS,1,1,1,1.000000,5.000000
EXP-SCN004-backstop-disabled-d14f929b,936.500000,4.800000,4.800000,PASS,1,1,1,1.000000,5.000000
EXP-SCN004-backstop-disabled-d14f929b,937.000000,4.800000,4.800000,PASS,1,1,1,1.000000,5.000000
EXP-SCN004-backstop-disabled-d14f929b,937.500000,4.800000,4.800000,PASS,1,1,1,1.000000,5.000000
EXP-SCN004-backstop-disabled-d14f929b,938.000000,4.800000,4.800000,PASS,1,1,1,1.000000,5.000000
EXP-SCN004-backstop-disabled-d14f929b,938.500000,4.800000,4.800000,PASS,1,1,1,1.000000,5.000000
EXP-SCN004-backstop-disabled-d14f929b,939.000000,4.800000,4.800000,PASS,1,1,1,1.000000,5.000000
EXP-SCN004-backstop-disabled-d14f929b,939.500000,4.800000,4.800000,PASS,1,1,1,1.000000,5.000000
EXP-SCN004-backstop-disabled-d14f929b,940.000000,4.800000,4.800000,PASS,1,1,1,1.000000,5.000000
EXP-SCN004-backstop-disabled-d14f929b,940.500000,4.800000,4.800000,PASS,1,1,1,1.000000,5.000000
EXP-SCN004-backstop-disabled-d14f929b,941.000000,4.800000,4.800000,PASS,1,1,1,1.000000,5.000000
EXP-SCN004-backstop-disabled-d14f929b,941.500000,4.800000,4.800000,PASS,1,1,1,1.000000,5.000000
EXP-SCN004-backstop-disabled-d14f929b,942.000000,4.800000,4.800000,PASS,1,1,1,1.000000,5.000000
EXP-SCN004-backstop-disabled-d14f929b,942.500000,4.800000,4.800000,PASS,1,1,1,1.000000,5.000000
EXP-SCN004-backstop-disabled-d14f929b,943.000000,4.800000,4.800000,PASS,1,1,1,1.000000,5.000000
EXP-SCN004-backstop-disabled-d14f929b,943.500000,4.800000,4.800000,PASS,1,1,1,1.000000,5.000000
EXP-SCN004-backstop-disabled-d14f929b,944.000000,4.800000,4.800000,PASS,1,1,1,1.000000,5.000000
EXP-SCN004-backstop-disabled-d14f929b,944.500000,4.800000,4.800000,PASS,1,1,1,1.000000,5.000000
EXP-SCN004-backstop-disabled-d14f929b,945.000000,4.800000,4.800000,PASS,1,1,1,1.000000,5.000000
EXP-SCN004-backstop-disabled-d14f929b,945.500000,4.800000,4.800000,PASS,1,1,1,1.000000,5.000000
EXP-SCN004-backstop-disabled-d14f929b,946.000000,4.800000,4.800000,PASS,1,1,1,1.000000,5.000000
EXP-SCN004-backstop-disabled-d14f929b,946.500000,4.800000,4.800000,PASS,1,1,1,1.000000,5.000000
EXP-SCN004-backstop-disabled-d14f929b,947.000000,4.800000,4.800000,PASS,1,1,1,1.000000,5.000000
EXP-SCN004-backstop-disabled-d14f929b,947.500000,4.800000,4.800000,PASS,1,1,1,1.000000,5.000000
EXP-SCN004-backstop-disabled-d14f929b,948.000000,4.800000,4.800000,PASS,1,1,1,1.000000,5.000000
EXP-SCN004-backstop-disabled-d14f929b,948.500000,4.800000,4.800000,PASS,1,1,1,1.000000,5.000000
EXP-SCN004-backstop-disabled-d14f929b,949.000000,4.800000,4.800000,PASS,1,1,1,1.000000,5.000000
EXP-SCN004-backstop-disabled-d14f929b,949.500000,4.800000,4.800000,PASS,1,1,1,1.000000,5.000000
EXP-SCN004-backstop-disabled-d14f929b,950.000000,4.800000,4.800000,PASS,1,1,1,1.000000,5.000000
EXP-SCN004-backstop-disabled-d14f929b,950.500000,4.800000,4.800000,PASS,1,1,1,1.000000,5.000000
EXP-SCN004-backstop-disabled-d14f929b,951.000000,4.800000,4.800000,PASS,1,1,1,1.000000,5.000000
EXP-SCN004-backstop-disabled-d14f929b,951.500000,4.800000,4.800000,PASS,1,1,1,1.000000,5.000000
EXP-SCN004-backstop-disabled-d14f929b,952.000000,4.800000,4.800000,PASS,1,1,1,1.000000,5.000000
EXP-SCN004-backstop-disabled-d14f929b,952.500000,4.800000,4.800000,PASS,1,1,1,1.000000,5.000000
EXP-SCN004-backstop-disabled-d14f929b,953.000000,4.800000,4.800000,PASS,1,1,1,1.000000,5.000000
EXP-SCN004-backstop-disabled-d14f929b,953.500000,4.800000,4.800000,PASS,1,1,1,1.000000,5.000000
EXP-SCN004-backstop-disabled-d14f929b,954.000000,4.800000,4.800000,PASS,1,1,1,1.000000,5.000000
EXP-SCN004-backstop-disabled-d14f929b,954.500000,4.800000,4.800000,PASS,1,1,1,1.000000,5.000000
EXP-SCN004-backstop-disabled-d14f929b,955.000000,4.800000,4.800000,PASS,1,1,1,1.000000,5.000000
EXP-SCN004-backstop-disabled-d14f929b,955.500000,4.800000,4.800000,PASS,1,1,1,1.000000,5.000000
EXP-SCN004-backstop-disabled-d14f929b,956.000000,4.800000,4.800000,PASS,1,1,1,1.000000,5.000000
EXP-SCN004-backstop-disabled-d14f929b,956.500000,4.800000,4.800000,PASS,1,1,1,1.000000,5.000000
EXP-SCN004-backstop-disabled-d14f929b,957.000000,4.800000,4.800000,PASS,1,1,1,1.000000,5.000000
EXP-SCN004-backstop-disabled-d14f929b,957.500000,4.800000,4.800000,PASS,1,1,1,1.000000,5.000000
EXP-SCN004-backstop-disabled-d14f929b,958.000000,4.800000,4.800000,PASS,1,1,1,1.000000,5.000000
EXP-SCN004-backstop-disabled-d14f929b,958.500000,4.800000,4.800000,PASS,1,1,1,1.000000,5.000000
EXP-SCN004-backstop-disabled-d14f929b,959.000000,4.800000,4.800000,PASS,1,1,1,1.000000,5.000000
EXP-SCN004-backstop-disabled-d14f929b,959.500000,4.800000,4.800000,PASS,1,1,1,1.000000,5.000000
EXP-SCN004-backstop-disabled-d14f929b,960.000000,4.800000,4.800000,PASS,1,1,1,1.000000,5.000000
EXP-SCN004-backstop-disabled-d14f929b,960.500000,4.800000,4.800000,PASS,1,1,1,1.000000,5.000000
EXP-SCN004-backstop-disabled-d14f929b,961.000000,4.800000,4.800000,PASS,1,1,1,1.000000,5.000000
EXP-SCN004-backstop-disabled-d14f929b,961.500000,4.800000,4.800000,PASS,1,1,1,1.000000,5.000000
EXP-SCN004-backstop-disabled-d14f929b,962.000000,4.800000,4.800000,PASS,1,1,1,1.000000,5.000000
EXP-SCN004-backstop-disabled-d14f929b,962.500000,4.800000,4.800000,PASS,1,1,1,1.000000,5.000000
EXP-SCN004-backstop-disabled-d14f929b,963.000000,4.800000,4.800000,PASS,1,1,1,1.000000,5.000000
EXP-SCN004-backstop-disabled-d14f929b,963.500000,4.800000,4.800000,PASS,1,1,1,1.000000,5.000000
EXP-SCN004-backstop-disabled-d14f929b,964.000000,4.800000,4.800000,PASS,1,1,1,1.000000,5.000000
EXP-SCN004-backstop-disabled-d14f929b,964.500000,4.800000,4.800000,PASS,1,1,1,1.000000,5.000000
EXP-SCN004-backstop-disabled-d14f929b,965.000000,4.800000,4.800000,PASS,1,1,1,1.000000,5.000000
EXP-SCN004-backstop-disabled-d14f929b,965.500000,4.800000,4.800000,PASS,1,1,1,1.000000,5.000000
EXP-SCN004-backstop-disabled-d14f929b,966.000000,4.800000,4.800000,PASS,1,1,1,1.000000,5.000000
EXP-SCN004-backstop-disabled-d14f929b,966.500000,4.800000,4.800000,PASS,1,1,1,1.000000,5.000000
EXP-SCN004-backstop-disabled-d14f929b,967.000000,4.800000,4.800000,PASS,1,1,1,1.000000,5.000000
EXP-SCN004-backstop-disabled-d14f929b,967.500000,4.800000,4.800000,PASS,1,1,1,1.000000,5.000000
EXP-SCN004-backstop-disabled-d14f929b,968.000000,4.800000,4.800000,PASS,1,1,1,1.000000,5.000000
EXP-SCN004-backstop-disabled-d14f929b,968.500000,4.800000,4.800000,PASS,1,1,1,1.000000,5.000000
EXP-SCN004-backstop-disabled-d14f929b,969.000000,4.800000,4.800000,PASS,1,1,1,1.000000,5.000000
EXP-SCN004-backstop-disabled-d14f929b,969.500000,4.800000,4.800000,PASS,1,1,1,1.000000,5.000000
EXP-SCN004-backstop-disabled-d14f929b,970.000000,4.800000,4.800000,PASS,1,1,1,1.000000,5.000000
EXP-SCN004-backstop-disabled-d14f929b,970.500000,4.800000,4.800000,PASS,1,1,1,1.000000,5.000000
EXP-SCN004-backstop-disabled-d14f929b,971.000000,4.800000,4.800000,PASS,1,1,1,1.000000,5.000000
EXP-SCN004-backstop-disabled-d14f929b,971.500000,4.800000,4.800000,PASS,1,1,1,1.000000,5.000000
EXP-SCN004-backstop-disabled-d14f929b,972.000000,4.800000,4.800000,PASS,1,1,1,1.000000,5.000000
EXP-SCN004-backstop-disabled-d14f929b,972.500000,4.800000,4.800000,PASS,1,1,1,1.000000,5.000000
EXP-SCN004-backstop-disabled-d14f929b,973.000000,4.800000,4.800000,PASS,1,1,1,1.000000,5.000000
EXP-SCN004-backstop-disabled-d14f929b,973.500000,4.800000,4.800000,PASS,1,1,1,1.000000,5.000000
EXP-SCN004-backstop-disabled-d14f929b,974.000000,4.800000,4.800000,PASS,1,1,1,1.000000,5.000000
EXP-SCN004-backstop-disabled-d14f929b,974.500000,4.800000,4.800000,PASS,1,1,1,1.000000,5.000000
EXP-SCN004-backstop-disabled-d14f929b,975.000000,4.800000,4.800000,PASS,1,1,1,1.000000,5.000000
EXP-SCN004-backstop-disabled-d14f929b,975.500000,4.800000,4.800000,PASS,1,1,1,1.000000,5.000000
EXP-SCN004-backstop-disabled-d14f929b,976.000000,4.800000,4.800000,PASS,1,1,1,1.000000,5.000000
EXP-SCN004-backstop-disabled-d14f929b,976.500000,4.800000,4.800000,PASS,1,1,1,1.000000,5.000000
EXP-SCN004-backstop-disabled-d14f929b,977.000000,4.800000,4.800000,PASS,1,1,1,1.000000,5.000000
EXP-SCN004-backstop-disabled-d14f929b,977.500000,4.800000,4.800000,PASS,1,1,1,1.000000,5.000000
EXP-SCN004-backstop-disabled-d14f929b,978.000000,4.800000,4.800000,PASS,1,1,1,1.000000,5.000000
EXP-SCN004-backstop-disabled-d14f929b,978.500000,4.800000,4.800000,PASS,1,1,1,1.000000,5.000000
EXP-SCN004-backstop-disabled-d14f929b,979.000000,4.800000,4.800000,PASS,1,1,1,1.000000,5.000000
EXP-SCN004-backstop-disabled-d14f929b,979.500000,4.800000,4.800000,PASS,1,1,1,1.000000,5.000000
EXP-SCN004-backstop-disabled-d14f929b,980.000000,4.800000,4.800000,PASS,1,1,1,1.000000,5.000000
EXP-SCN004-backstop-disabled-d14f929b,980.500000,4.800000,4.800000,PASS,1,1,1,1.000000,5.000000
EXP-SCN004-backstop-disabled-d14f929b,981.000000,4.800000,4.800000,PASS,1,1,1,1.000000,5.000000
EXP-SCN004-backstop-disabled-d14f929b,981.500000,4.800000,4.800000,PASS,1,1,1,1.000000,5.000000
EXP-SCN004-backstop-disabled-d14f929b,982.000000,4.800000,4.800000,PASS,1,1,1,1.000000,5.000000
EXP-SCN004-backstop-disabled-d14f929b,982.500000,4.800000,4.800000,PASS,1,1,1,1.000000,5.000000
EXP-SCN004-backstop-disabled-d14f929b,983.000000,4.800000,4.800000,PASS,1,1,1,1.000000,5.000000
EXP-SCN004-backstop-disabled-d14f929b,983.500000,4.800000,4.800000,PASS,1,1,1,1.000000,5.000000
EXP-SCN004-backstop-disabled-d14f929b,984.000000,4.800000,4.800000,PASS,1,1,1,1.000000,5.000000
EXP-SCN004-backstop-disabled-d14f929b,984.500000,4.800000,4.800000,PASS,1,1,1,1.000000,5.000000
EXP-SCN004-backstop-disabled-d14f929b,985.000000,4.800000,4.800000,PASS,1,1,1,1.000000,5.000000
EXP-SCN004-backstop-disabled-d14f929b,985.500000,4.800000,4.800000,PASS,1,1,1,1.000000,5.000000
EXP-SCN004-backstop-disabled-d14f929b,986.000000,4.800000,4.800000,PASS,1,1,1,1.000000,5.000000
EXP-SCN004-backstop-disabled-d14f929b,986.500000,4.800000,4.800000,PASS,1,1,1,1.000000,5.000000
EXP-SCN004-backstop-disabled-d14f929b,987.000000,4.800000,4.800000,PASS,1,1,1,1.000000,5.000000
EXP-SCN004-backstop-disabled-d14f929b,987.500000,4.800000,4.800000,PASS,1,1,1,1.000000,5.000000
EXP-SCN004-backstop-disabled-d14f929b,988.000000,4.800000,4.800000,PASS,1,1,1,1.000000,5.000000
EXP-SCN004-backstop-disabled-d14f929b,988.500000,4.800000,4.800000,PASS,1,1,1,1.000000,5.000000
EXP-SCN004-backstop-disabled-d14f929b,989.000000,4.800000,4.800000,PASS,1,1,1,1.000000,5.000000
EXP-SCN004-backstop-disabled-d14f929b,989.500000,4.800000,4.800000,PASS,1,1,1,1.000000,5.000000
EXP-SCN004-backstop-disabled-d14f929b,990.000000,4.800000,4.800000,PASS,1,1,1,1.000000,5.000000
EXP-SCN004-backstop-disabled-d14f929b,990.500000,4.800000,4.800000,PASS,1,1,1,1.000000,5.000000
EXP-SCN004-backstop-disabled-d14f929b,991.000000,4.800000,4.800000,PASS,1,1,1,1.000000,5.000000
EXP-SCN004-backstop-disabled-d14f929b,991.500000,4.800000,4.800000,PASS,1,1,1,1.000000,5.000000
EXP-SCN004-backstop-disabled-d14f929b,992.000000,4.800000,4.800000,PASS,1,1,1,1.000000,5.000000
EXP-SCN004-backstop-disabled-d14f929b,992.500000,4.800000,4.800000,PASS,1,1,1,1.000000,5.000000
EXP-SCN004-backstop-disabled-d14f929b,993.000000,4.800000,4.800000,PASS,1,1,1,1.000000,5.000000
EXP-SCN004-backstop-disabled-d14f929b,993.500000,4.800000,4.800000,PASS,1,1,1,1.000000,5.000000
EXP-SCN004-backstop-disabled-d14f929b,994.000000,4.800000,4.800000,PASS,1,1,1,1.000000,5.000000
EXP-SCN004-backstop-disabled-d14f929b,994.500000,4.800000,4.800000,PASS,1,1,1,1.000000,5.000000
EXP-SCN004-backstop-disabled-d14f929b,995.000000,4.800000,4.800000,PASS,1,1,1,1.000000,5.000000
EXP-SCN004-backstop-disabled-d14f929b,995.500000,4.800000,4.800000,PASS,1,1,1,1.000000,5.000000
EXP-SCN004-backstop-disabled-d14f929b,996.000000,4.800000,4.800000,PASS,1,1,1,1.000000,5.000000
EXP-SCN004-backstop-disabled-d14f929b,996.500000,4.800000,4.800000,PASS,1,1,1,1.000000,5.000000
EXP-SCN004-backstop-disabled-d14f929b,997.000000,4.800000,4.800000,PASS,1,1,1,1.000000,5.000000
EXP-SCN004-backstop-disabled-d14f929b,997.500000,4.800000,4.800000,PASS,1,1,1,1.000000,5.000000
EXP-SCN004-backstop-disabled-d14f929b,998.000000,4.800000,4.800000,PASS,1,1,1,1.000000,5.000000
EXP-SCN004-backstop-disabled-d14f929b,998.500000,4.800000,4.800000,PASS,1,1,1,1.000000,5.000000
EXP-SCN004-backstop-disabled-d14f929b,999.000000,4.800000,4.800000,PASS,1,1,1,1.000000,5.000000
EXP-SCN004-backstop-disabled-d14f929b,999.500000,4.800000,4.800000,PASS,1,1,1,1.000000,5.000000
EXP-SCN004-backstop-disabled-d14f929b,1000.000000,4.800000,4.800000,PASS,1,1,1,1.000000,5.000000
EXP-SCN004-backstop-disabled-d14f929b,1000.500000,4.800000,4.800000,PASS,1,1,1,1.000000,5.000000
EXP-SCN004-backstop-disabled-d14f929b,1001.000000,4.800000,4.800000,PASS,1,1,1,1.000000,5.000000
EXP-SCN004-backstop-disabled-d14f929b,1001.500000,4.800000,4.800000,PASS,1,1,1,1.000000,5.000000
EXP-SCN004-backstop-disabled-d14f929b,1002.000000,4.800000,4.800000,PASS,1,1,1,1.000000,5.000000
EXP-SCN004-backstop-disabled-d14f929b,1002.500000,4.800000,4.800000,PASS,1,1,1,1.000000,5.000000
EXP-SCN004-backstop-disabled-d14f929b,1003.000000,4.800000,4.800000,PASS,1,1,1,1.000000,5.000000
EXP-SCN004-backstop-disabled-d14f929b,1003.500000,4.800000,4.800000,PASS,1,1,1,1.000000,5.000000
EXP-SCN004-backstop-disabled-d14f929b,1004.000000,4.800000,4.800000,PASS,1,1,1,1.000000,5.000000
EXP-SCN004-backstop-disabled-d14f929b,1004.500000,4.800000,4.800000,PASS,1,1,1,1.000000,5.000000
EXP-SCN004-backstop-disabled-d14f929b,1005.000000,4.800000,4.800000,PASS,1,1,1,1.000000,5.000000
EXP-SCN004-backstop-disabled-d14f929b,1005.500000,4.800000,4.800000,PASS,1,1,1,1.000000,5.000000
EXP-SCN004-backstop-disabled-d14f929b,1006.000000,4.800000,4.800000,PASS,1,1,1,1.000000,5.000000
EXP-SCN004-backstop-disabled-d14f929b,1006.500000,4.800000,4.800000,PASS,1,1,1,1.000000,5.000000
EXP-SCN004-backstop-disabled-d14f929b,1007.000000,4.800000,4.800000,PASS,1,1,1,1.000000,5.000000
EXP-SCN004-backstop-disabled-d14f929b,1007.500000,4.800000,4.800000,PASS,1,1,1,1.000000,5.000000
EXP-SCN004-backstop-disabled-d14f929b,1008.000000,4.800000,4.800000,PASS,1,1,1,1.000000,5.000000
EXP-SCN004-backstop-disabled-d14f929b,1008.500000,4.800000,4.800000,PASS,1,1,1,1.000000,5.000000
EXP-SCN004-backstop-disabled-d14f929b,1009.000000,4.800000,4.800000,PASS,1,1,1,1.000000,5.000000
EXP-SCN004-backstop-disabled-d14f929b,1009.500000,4.800000,4.800000,PASS,1,1,1,1.000000,5.000000
EXP-SCN004-backstop-disabled-d14f929b,1010.000000,4.800000,4.800000,PASS,1,1,1,1.000000,5.000000
EXP-SCN004-backstop-disabled-d14f929b,1010.500000,4.800000,4.800000,PASS,1,1,1,1.000000,5.000000
EXP-SCN004-backstop-disabled-d14f929b,1011.000000,4.800000,4.800000,PASS,1,1,1,1.000000,5.000000
EXP-SCN004-backstop-disabled-d14f929b,1011.500000,4.800000,4.800000,PASS,1,1,1,1.000000,5.000000
EXP-SCN004-backstop-disabled-d14f929b,1012.000000,4.800000,4.800000,PASS,1,1,1,1.000000,5.000000
EXP-SCN004-backstop-disabled-d14f929b,1012.500000,4.800000,4.800000,PASS,1,1,1,1.000000,5.000000
EXP-SCN004-backstop-disabled-d14f929b,1013.000000,4.800000,4.800000,PASS,1,1,1,1.000000,5.000000
EXP-SCN004-backstop-disabled-d14f929b,1013.500000,4.800000,4.800000,PASS,1,1,1,1.000000,5.000000
EXP-SCN004-backstop-disabled-d14f929b,1014.000000,4.800000,4.800000,PASS,1,1,1,1.000000,5.000000
EXP-SCN004-backstop-disabled-d14f929b,1014.500000,4.800000,4.800000,PASS,1,1,1,1.000000,5.000000
EXP-SCN004-backstop-disabled-d14f929b,1015.000000,4.800000,4.800000,PASS,1,1,1,1.000000,5.000000
EXP-SCN004-backstop-disabled-d14f929b,1015.500000,4.800000,4.800000,PASS,1,1,1,1.000000,5.000000
EXP-SCN004-backstop-disabled-d14f929b,1016.000000,4.800000,4.800000,PASS,1,1,1,1.000000,5.000000
EXP-SCN004-backstop-disabled-d14f929b,1016.500000,4.800000,4.800000,PASS,1,1,1,1.000000,5.000000
EXP-SCN004-backstop-disabled-d14f929b,1017.000000,4.800000,4.800000,PASS,1,1,1,1.000000,5.000000
EXP-SCN004-backstop-disabled-d14f929b,1017.500000,4.800000,4.800000,PASS,1,1,1,1.000000,5.000000
EXP-SCN004-backstop-disabled-d14f929b,1018.000000,4.800000,4.800000,PASS,1,1,1,1.000000,5.000000
EXP-SCN004-backstop-disabled-d14f929b,1018.500000,4.800000,4.800000,PASS,1,1,1,1.000000,5.000000
EXP-SCN004-backstop-disabled-d14f929b,1019.000000,4.800000,4.800000,PASS,1,1,1,1.000000,5.000000
EXP-SCN004-backstop-disabled-d14f929b,1019.500000,4.800000,4.800000,PASS,1,1,1,1.000000,5.000000
EXP-SCN004-backstop-disabled-d14f929b,1020.000000,4.800000,4.800000,PASS,1,1,1,1.000000,5.000000
EXP-SCN004-backstop-disabled-d14f929b,1020.500000,4.800000,4.800000,PASS,1,1,1,1.000000,5.000000
EXP-SCN004-backstop-disabled-d14f929b,1021.000000,4.800000,4.800000,PASS,1,1,1,1.000000,5.000000
EXP-SCN004-backstop-disabled-d14f929b,1021.500000,4.800000,4.800000,PASS,1,1,1,1.000000,5.000000
EXP-SCN004-backstop-disabled-d14f929b,1022.000000,4.800000,4.800000,PASS,1,1,1,1.000000,5.000000
EXP-SCN004-backstop-disabled-d14f929b,1022.500000,4.800000,4.800000,PASS,1,1,1,1.000000,5.000000
EXP-SCN004-backstop-disabled-d14f929b,1023.000000,4.800000,4.800000,PASS,1,1,1,1.000000,5.000000
EXP-SCN004-backstop-disabled-d14f929b,1023.500000,4.800000,4.800000,PASS,1,1,1,1.000000,5.000000
EXP-SCN004-backstop-disabled-d14f929b,1024.000000,4.800000,4.800000,PASS,1,1,1,1.000000,5.000000
EXP-SCN004-backstop-disabled-d14f929b,1024.500000,4.800000,4.800000,PASS,1,1,1,1.000000,5.000000
EXP-SCN004-backstop-disabled-d14f929b,1025.000000,4.800000,4.800000,PASS,1,1,1,1.000000,5.000000
EXP-SCN004-backstop-disabled-d14f929b,1025.500000,4.800000,4.800000,PASS,1,1,1,1.000000,5.000000
EXP-SCN004-backstop-disabled-d14f929b,1026.000000,4.800000,4.800000,PASS,1,1,1,1.000000,5.000000
EXP-SCN004-backstop-disabled-d14f929b,1026.500000,4.800000,4.800000,PASS,1,1,1,1.000000,5.000000
EXP-SCN004-backstop-disabled-d14f929b,1027.000000,4.800000,4.800000,PASS,1,1,1,1.000000,5.000000
EXP-SCN004-backstop-disabled-d14f929b,1027.500000,4.800000,4.800000,PASS,1,1,1,1.000000,5.000000
EXP-SCN004-backstop-disabled-d14f929b,1028.000000,4.800000,4.800000,PASS,1,1,1,1.000000,5.000000
EXP-SCN004-backstop-disabled-d14f929b,1028.500000,4.800000,4.800000,PASS,1,1,1,1.000000,5.000000
EXP-SCN004-backstop-disabled-d14f929b,1029.000000,4.800000,4.800000,PASS,1,1,1,1.000000,5.000000
EXP-SCN004-backstop-disabled-d14f929b,1029.500000,4.800000,4.800000,PASS,1,1,1,1.000000,5.000000
EXP-SCN004-backstop-disabled-d14f929b,1030.000000,4.800000,4.800000,PASS,1,1,1,1.000000,5.000000
EXP-SCN004-backstop-disabled-d14f929b,1030.500000,4.800000,4.800000,PASS,1,1,1,1.000000,5.000000
EXP-SCN004-backstop-disabled-d14f929b,1031.000000,4.800000,4.800000,PASS,1,1,1,1.000000,5.000000
EXP-SCN004-backstop-disabled-d14f929b,1031.500000,4.800000,4.800000,PASS,1,1,1,1.000000,5.000000
EXP-SCN004-backstop-disabled-d14f929b,1032.000000,4.800000,4.800000,PASS,1,1,1,1.000000,5.000000
EXP-SCN004-backstop-disabled-d14f929b,1032.500000,4.800000,4.800000,PASS,1,1,1,1.000000,5.000000
EXP-SCN004-backstop-disabled-d14f929b,1033.000000,4.800000,4.800000,PASS,1,1,1,1.000000,5.000000
EXP-SCN004-backstop-disabled-d14f929b,1033.500000,4.800000,4.800000,PASS,1,1,1,1.000000,5.000000
EXP-SCN004-backstop-disabled-d14f929b,1034.000000,4.800000,4.800000,PASS,1,1,1,1.000000,5.000000
EXP-SCN004-backstop-disabled-d14f929b,1034.500000,4.800000,4.800000,PASS,1,1,1,1.000000,5.000000
EXP-SCN004-backstop-disabled-d14f929b,1035.000000,4.800000,4.800000,PASS,1,1,1,1.000000,5.000000
EXP-SCN004-backstop-disabled-d14f929b,1035.500000,4.800000,4.800000,PASS,1,1,1,1.000000,5.000000
EXP-SCN004-backstop-disabled-d14f929b,1036.000000,4.800000,4.800000,PASS,1,1,1,1.000000,5.000000
EXP-SCN004-backstop-disabled-d14f929b,1036.500000,4.800000,4.800000,PASS,1,1,1,1.000000,5.000000
EXP-SCN004-backstop-disabled-d14f929b,1037.000000,4.800000,4.800000,PASS,1,1,1,1.000000,5.000000
EXP-SCN004-backstop-disabled-d14f929b,1037.500000,4.800000,4.800000,PASS,1,1,1,1.000000,5.000000
EXP-SCN004-backstop-disabled-d14f929b,1038.000000,4.800000,4.800000,PASS,1,1,1,1.000000,5.000000
EXP-SCN004-backstop-disabled-d14f929b,1038.500000,4.800000,4.800000,PASS,1,1,1,1.000000,5.000000
EXP-SCN004-backstop-disabled-d14f929b,1039.000000,4.800000,4.800000,PASS,1,1,1,1.000000,5.000000
EXP-SCN004-backstop-disabled-d14f929b,1039.500000,4.800000,4.800000,PASS,1,1,1,1.000000,5.000000
EXP-SCN004-backstop-disabled-d14f929b,1040.000000,4.800000,4.800000,PASS,1,1,1,1.000000,5.000000
EXP-SCN004-backstop-disabled-d14f929b,1040.500000,4.800000,4.800000,PASS,1,1,1,1.000000,5.000000
EXP-SCN004-backstop-disabled-d14f929b,1041.000000,4.800000,4.800000,PASS,1,1,1,1.000000,5.000000
EXP-SCN004-backstop-disabled-d14f929b,1041.500000,4.800000,4.800000,PASS,1,1,1,1.000000,5.000000
EXP-SCN004-backstop-disabled-d14f929b,1042.000000,4.800000,4.800000,PASS,1,1,1,1.000000,5.000000
EXP-SCN004-backstop-disabled-d14f929b,1042.500000,4.800000,4.800000,PASS,1,1,1,1.000000,5.000000
EXP-SCN004-backstop-disabled-d14f929b,1043.000000,4.800000,4.800000,PASS,1,1,1,1.000000,5.000000
EXP-SCN004-backstop-disabled-d14f929b,1043.500000,4.800000,4.800000,PASS,1,1,1,1.000000,5.000000
EXP-SCN004-backstop-disabled-d14f929b,1044.000000,4.800000,4.800000,PASS,1,1,1,1.000000,5.000000
EXP-SCN004-backstop-disabled-d14f929b,1044.500000,4.800000,4.800000,PASS,1,1,1,1.000000,5.000000
EXP-SCN004-backstop-disabled-d14f929b,1045.000000,4.800000,4.800000,PASS,1,1,1,1.000000,5.000000
EXP-SCN004-backstop-disabled-d14f929b,1045.500000,4.800000,4.800000,PASS,1,1,1,1.000000,5.000000
EXP-SCN004-backstop-disabled-d14f929b,1046.000000,4.800000,4.800000,PASS,1,1,1,1.000000,5.000000
EXP-SCN004-backstop-disabled-d14f929b,1046.500000,4.800000,4.800000,PASS,1,1,1,1.000000,5.000000
EXP-SCN004-backstop-disabled-d14f929b,1047.000000,4.800000,4.800000,PASS,1,1,1,1.000000,5.000000
EXP-SCN004-backstop-disabled-d14f929b,1047.500000,4.800000,4.800000,PASS,1,1,1,1.000000,5.000000
EXP-SCN004-backstop-disabled-d14f929b,1048.000000,4.800000,4.800000,PASS,1,1,1,1.000000,5.000000
EXP-SCN004-backstop-disabled-d14f929b,1048.500000,4.800000,4.800000,PASS,1,1,1,1.000000,5.000000
EXP-SCN004-backstop-disabled-d14f929b,1049.000000,4.800000,4.800000,PASS,1,1,1,1.000000,5.000000
EXP-SCN004-backstop-disabled-d14f929b,1049.500000,4.800000,4.800000,PASS,1,1,1,1.000000,5.000000
EXP-SCN004-backstop-disabled-d14f929b,1050.000000,4.800000,4.800000,PASS,1,1,1,1.000000,5.000000
EXP-SCN004-backstop-disabled-d14f929b,1050.500000,4.800000,4.800000,PASS,1,1,1,1.000000,5.000000
EXP-SCN004-backstop-disabled-d14f929b,1051.000000,4.800000,4.800000,PASS,1,1,1,1.000000,5.000000
EXP-SCN004-backstop-disabled-d14f929b,1051.500000,4.800000,4.800000,PASS,1,1,1,1.000000,5.000000
EXP-SCN004-backstop-disabled-d14f929b,1052.000000,4.800000,4.800000,PASS,1,1,1,1.000000,5.000000
EXP-SCN004-backstop-disabled-d14f929b,1052.500000,4.800000,4.800000,PASS,1,1,1,1.000000,5.000000
EXP-SCN004-backstop-disabled-d14f929b,1053.000000,4.800000,4.800000,PASS,1,1,1,1.000000,5.000000
EXP-SCN004-backstop-disabled-d14f929b,1053.500000,4.800000,4.800000,PASS,1,1,1,1.000000,5.000000
EXP-SCN004-backstop-disabled-d14f929b,1054.000000,4.800000,4.800000,PASS,1,1,1,1.000000,5.000000
EXP-SCN004-backstop-disabled-d14f929b,1054.500000,4.800000,4.800000,PASS,1,1,1,1.000000,5.000000
EXP-SCN004-backstop-disabled-d14f929b,1055.000000,4.800000,4.800000,PASS,1,1,1,1.000000,5.000000
EXP-SCN004-backstop-disabled-d14f929b,1055.500000,4.800000,4.800000,PASS,1,1,1,1.000000,5.000000
EXP-SCN004-backstop-disabled-d14f929b,1056.000000,4.800000,4.800000,PASS,1,1,1,1.000000,5.000000
EXP-SCN004-backstop-disabled-d14f929b,1056.500000,4.800000,4.800000,PASS,1,1,1,1.000000,5.000000
EXP-SCN004-backstop-disabled-d14f929b,1057.000000,4.800000,4.800000,PASS,1,1,1,1.000000,5.000000
EXP-SCN004-backstop-disabled-d14f929b,1057.500000,4.800000,4.800000,PASS,1,1,1,1.000000,5.000000
EXP-SCN004-backstop-disabled-d14f929b,1058.000000,4.800000,4.800000,PASS,1,1,1,1.000000,5.000000
EXP-SCN004-backstop-disabled-d14f929b,1058.500000,4.800000,4.800000,PASS,1,1,1,1.000000,5.000000
EXP-SCN004-backstop-disabled-d14f929b,1059.000000,4.800000,4.800000,PASS,1,1,1,1.000000,5.000000
EXP-SCN004-backstop-disabled-d14f929b,1059.500000,4.800000,4.800000,PASS,1,1,1,1.000000,5.000000
EXP-SCN004-backstop-disabled-d14f929b,1060.000000,4.800000,4.800000,PASS,1,1,1,1.000000,5.000000
EXP-SCN004-backstop-disabled-d14f929b,1060.500000,4.800000,4.800000,PASS,1,1,1,1.000000,5.000000
EXP-SCN004-backstop-disabled-d14f929b,1061.000000,4.800000,4.800000,PASS,1,1,1,1.000000,5.000000
EXP-SCN004-backstop-disabled-d14f929b,1061.500000,4.800000,4.800000,PASS,1,1,1,1.000000,5.000000
EXP-SCN004-backstop-disabled-d14f929b,1062.000000,4.800000,4.800000,PASS,1,1,1,1.000000,5.000000
EXP-SCN004-backstop-disabled-d14f929b,1062.500000,4.800000,4.800000,PASS,1,1,1,1.000000,5.000000
EXP-SCN004-backstop-disabled-d14f929b,1063.000000,4.800000,4.800000,PASS,1,1,1,1.000000,5.000000
EXP-SCN004-backstop-disabled-d14f929b,1063.500000,4.800000,4.800000,PASS,1,1,1,1.000000,5.000000
EXP-SCN004-backstop-disabled-d14f929b,1064.000000,4.800000,4.800000,PASS,1,1,1,1.000000,5.000000
EXP-SCN004-backstop-disabled-d14f929b,1064.500000,4.800000,4.800000,PASS,1,1,1,1.000000,5.000000
EXP-SCN004-backstop-disabled-d14f929b,1065.000000,4.800000,4.800000,PASS,1,1,1,1.000000,5.000000
EXP-SCN004-backstop-disabled-d14f929b,1065.500000,4.800000,4.800000,PASS,1,1,1,1.000000,5.000000
EXP-SCN004-backstop-disabled-d14f929b,1066.000000,4.800000,4.800000,PASS,1,1,1,1.000000,5.000000
EXP-SCN004-backstop-disabled-d14f929b,1066.500000,4.800000,4.800000,PASS,1,1,1,1.000000,5.000000
EXP-SCN004-backstop-disabled-d14f929b,1067.000000,4.800000,4.800000,PASS,1,1,1,1.000000,5.000000
EXP-SCN004-backstop-disabled-d14f929b,1067.500000,4.800000,4.800000,PASS,1,1,1,1.000000,5.000000
EXP-SCN004-backstop-disabled-d14f929b,1068.000000,4.800000,4.800000,PASS,1,1,1,1.000000,5.000000
EXP-SCN004-backstop-disabled-d14f929b,1068.500000,4.800000,4.800000,PASS,1,1,1,1.000000,5.000000
EXP-SCN004-backstop-disabled-d14f929b,1069.000000,4.800000,4.800000,PASS,1,1,1,1.000000,5.000000
EXP-SCN004-backstop-disabled-d14f929b,1069.500000,4.800000,4.800000,PASS,1,1,1,1.000000,5.000000
EXP-SCN004-backstop-disabled-d14f929b,1070.000000,4.800000,4.800000,PASS,1,1,1,1.000000,5.000000
EXP-SCN004-backstop-disabled-d14f929b,1070.500000,4.800000,4.800000,PASS,1,1,1,1.000000,5.000000
EXP-SCN004-backstop-disabled-d14f929b,1071.000000,4.800000,4.800000,PASS,1,1,1,1.000000,5.000000
EXP-SCN004-backstop-disabled-d14f929b,1071.500000,4.800000,4.800000,PASS,1,1,1,1.000000,5.000000
EXP-SCN004-backstop-disabled-d14f929b,1072.000000,4.800000,4.800000,PASS,1,1,1,1.000000,5.000000
EXP-SCN004-backstop-disabled-d14f929b,1072.500000,4.800000,4.800000,PASS,1,1,1,1.000000,5.000000
EXP-SCN004-backstop-disabled-d14f929b,1073.000000,4.800000,4.800000,PASS,1,1,1,1.000000,5.000000
EXP-SCN004-backstop-disabled-d14f929b,1073.500000,4.800000,4.800000,PASS,1,1,1,1.000000,5.000000
EXP-SCN004-backstop-disabled-d14f929b,1074.000000,4.800000,4.800000,PASS,1,1,1,1.000000,5.000000
EXP-SCN004-backstop-disabled-d14f929b,1074.500000,4.800000,4.800000,PASS,1,1,1,1.000000,5.000000
EXP-SCN004-backstop-disabled-d14f929b,1075.000000,4.800000,4.800000,PASS,1,1,1,1.000000,5.000000
EXP-SCN004-backstop-disabled-d14f929b,1075.500000,4.800000,4.800000,PASS,1,1,1,1.000000,5.000000
EXP-SCN004-backstop-disabled-d14f929b,1076.000000,4.800000,4.800000,PASS,1,1,1,1.000000,5.000000
EXP-SCN004-backstop-disabled-d14f929b,1076.500000,4.800000,4.800000,PASS,1,1,1,1.000000,5.000000
EXP-SCN004-backstop-disabled-d14f929b,1077.000000,4.800000,4.800000,PASS,1,1,1,1.000000,5.000000
EXP-SCN004-backstop-disabled-d14f929b,1077.500000,4.800000,4.800000,PASS,1,1,1,1.000000,5.000000
EXP-SCN004-backstop-disabled-d14f929b,1078.000000,4.800000,4.800000,PASS,1,1,1,1.000000,5.000000
EXP-SCN004-backstop-disabled-d14f929b,1078.500000,4.800000,4.800000,PASS,1,1,1,1.000000,5.000000
EXP-SCN004-backstop-disabled-d14f929b,1079.000000,4.800000,4.800000,PASS,1,1,1,1.000000,5.000000
EXP-SCN004-backstop-disabled-d14f929b,1079.500000,4.800000,4.800000,PASS,1,1,1,1.000000,5.000000
EXP-SCN004-backstop-disabled-d14f929b,1080.000000,4.800000,4.800000,PASS,1,1,1,1.000000,5.000000
EXP-SCN004-backstop-disabled-d14f929b,1080.500000,4.800000,4.800000,PASS,1,1,1,1.000000,5.000000
EXP-SCN004-backstop-disabled-d14f929b,1081.000000,4.800000,4.800000,PASS,1,1,1,1.000000,5.000000
EXP-SCN004-backstop-disabled-d14f929b,1081.500000,4.800000,4.800000,PASS,1,1,1,1.000000,5.000000
EXP-SCN004-backstop-disabled-d14f929b,1082.000000,4.800000,4.800000,PASS,1,1,1,1.000000,5.000000
EXP-SCN004-backstop-disabled-d14f929b,1082.500000,4.800000,4.800000,PASS,1,1,1,1.000000,5.000000
EXP-SCN004-backstop-disabled-d14f929b,1083.000000,4.800000,4.800000,PASS,1,1,1,1.000000,5.000000
EXP-SCN004-backstop-disabled-d14f929b,1083.500000,4.800000,4.800000,PASS,1,1,1,1.000000,5.000000
EXP-SCN004-backstop-disabled-d14f929b,1084.000000,4.800000,4.800000,PASS,1,1,1,1.000000,5.000000
EXP-SCN004-backstop-disabled-d14f929b,1084.500000,4.800000,4.800000,PASS,1,1,1,1.000000,5.000000
EXP-SCN004-backstop-disabled-d14f929b,1085.000000,4.800000,4.800000,PASS,1,1,1,1.000000,5.000000
EXP-SCN004-backstop-disabled-d14f929b,1085.500000,4.800000,4.800000,PASS,1,1,1,1.000000,5.000000
EXP-SCN004-backstop-disabled-d14f929b,1086.000000,4.800000,4.800000,PASS,1,1,1,1.000000,5.000000
EXP-SCN004-backstop-disabled-d14f929b,1086.500000,4.800000,4.800000,PASS,1,1,1,1.000000,5.000000
EXP-SCN004-backstop-disabled-d14f929b,1087.000000,4.800000,4.800000,PASS,1,1,1,1.000000,5.000000
EXP-SCN004-backstop-disabled-d14f929b,1087.500000,4.800000,4.800000,PASS,1,1,1,1.000000,5.000000
EXP-SCN004-backstop-disabled-d14f929b,1088.000000,4.800000,4.800000,PASS,1,1,1,1.000000,5.000000
EXP-SCN004-backstop-disabled-d14f929b,1088.500000,4.800000,4.800000,PASS,1,1,1,1.000000,5.000000
EXP-SCN004-backstop-disabled-d14f929b,1089.000000,4.800000,4.800000,PASS,1,1,1,1.000000,5.000000
EXP-SCN004-backstop-disabled-d14f929b,1089.500000,4.800000,4.800000,PASS,1,1,1,1.000000,5.000000
EXP-SCN004-backstop-disabled-d14f929b,1090.000000,4.800000,4.800000,PASS,1,1,1,1.000000,5.000000
EXP-SCN004-backstop-disabled-d14f929b,1090.500000,4.800000,4.800000,PASS,1,1,1,1.000000,5.000000
EXP-SCN004-backstop-disabled-d14f929b,1091.000000,4.800000,4.800000,PASS,1,1,1,1.000000,5.000000
EXP-SCN004-backstop-disabled-d14f929b,1091.500000,4.800000,4.800000,PASS,1,1,1,1.000000,5.000000
EXP-SCN004-backstop-disabled-d14f929b,1092.000000,4.800000,4.800000,PASS,1,1,1,1.000000,5.000000
EXP-SCN004-backstop-disabled-d14f929b,1092.500000,4.800000,4.800000,PASS,1,1,1,1.000000,5.000000
EXP-SCN004-backstop-disabled-d14f929b,1093.000000,4.800000,4.800000,PASS,1,1,1,1.000000,5.000000
EXP-SCN004-backstop-disabled-d14f929b,1093.500000,4.800000,4.800000,PASS,1,1,1,1.000000,5.000000
EXP-SCN004-backstop-disabled-d14f929b,1094.000000,4.800000,4.800000,PASS,1,1,1,1.000000,5.000000
EXP-SCN004-backstop-disabled-d14f929b,1094.500000,4.800000,4.800000,PASS,1,1,1,1.000000,5.000000
EXP-SCN004-backstop-disabled-d14f929b,1095.000000,4.800000,4.800000,PASS,1,1,1,1.000000,5.000000
EXP-SCN004-backstop-disabled-d14f929b,1095.500000,4.800000,4.800000,PASS,1,1,1,1.000000,5.000000
EXP-SCN004-backstop-disabled-d14f929b,1096.000000,4.800000,4.800000,PASS,1,1,1,1.000000,5.000000
EXP-SCN004-backstop-disabled-d14f929b,1096.500000,4.800000,4.800000,PASS,1,1,1,1.000000,5.000000
EXP-SCN004-backstop-disabled-d14f929b,1097.000000,4.800000,4.800000,PASS,1,1,1,1.000000,5.000000
EXP-SCN004-backstop-disabled-d14f929b,1097.500000,4.800000,4.800000,PASS,1,1,1,1.000000,5.000000
EXP-SCN004-backstop-disabled-d14f929b,1098.000000,4.800000,4.800000,PASS,1,1,1,1.000000,5.000000
EXP-SCN004-backstop-disabled-d14f929b,1098.500000,4.800000,4.800000,PASS,1,1,1,1.000000,5.000000
EXP-SCN004-backstop-disabled-d14f929b,1099.000000,4.800000,4.800000,PASS,1,1,1,1.000000,5.000000
EXP-SCN004-backstop-disabled-d14f929b,1099.500000,4.800000,4.800000,PASS,1,1,1,1.000000,5.000000
EXP-SCN004-backstop-disabled-d14f929b,1100.000000,4.800000,4.800000,PASS,1,1,1,1.000000,5.000000
EXP-SCN004-backstop-disabled-d14f929b,1100.500000,4.800000,4.800000,PASS,1,1,1,1.000000,5.000000
EXP-SCN004-backstop-disabled-d14f929b,1101.000000,4.800000,4.800000,PASS,1,1,1,1.000000,5.000000
EXP-SCN004-backstop-disabled-d14f929b,1101.500000,4.800000,4.800000,PASS,1,1,1,1.000000,5.000000
EXP-SCN004-backstop-disabled-d14f929b,1102.000000,4.800000,4.800000,PASS,1,1,1,1.000000,5.000000
EXP-SCN004-backstop-disabled-d14f929b,1102.500000,4.800000,4.800000,PASS,1,1,1,1.000000,5.000000
EXP-SCN004-backstop-disabled-d14f929b,1103.000000,4.800000,4.800000,PASS,1,1,1,1.000000,5.000000
EXP-SCN004-backstop-disabled-d14f929b,1103.500000,4.800000,4.800000,PASS,1,1,1,1.000000,5.000000
EXP-SCN004-backstop-disabled-d14f929b,1104.000000,4.800000,4.800000,PASS,1,1,1,1.000000,5.000000
EXP-SCN004-backstop-disabled-d14f929b,1104.500000,4.800000,4.800000,PASS,1,1,1,1.000000,5.000000
EXP-SCN004-backstop-disabled-d14f929b,1105.000000,4.800000,4.800000,PASS,1,1,1,1.000000,5.000000
EXP-SCN004-backstop-disabled-d14f929b,1105.500000,4.800000,4.800000,PASS,1,1,1,1.000000,5.000000
EXP-SCN004-backstop-disabled-d14f929b,1106.000000,4.800000,4.800000,PASS,1,1,1,1.000000,5.000000
EXP-SCN004-backstop-disabled-d14f929b,1106.500000,4.800000,4.800000,PASS,1,1,1,1.000000,5.000000
EXP-SCN004-backstop-disabled-d14f929b,1107.000000,4.800000,4.800000,PASS,1,1,1,1.000000,5.000000
EXP-SCN004-backstop-disabled-d14f929b,1107.500000,4.800000,4.800000,PASS,1,1,1,1.000000,5.000000
EXP-SCN004-backstop-disabled-d14f929b,1108.000000,4.800000,4.800000,PASS,1,1,1,1.000000,5.000000
EXP-SCN004-backstop-disabled-d14f929b,1108.500000,4.800000,4.800000,PASS,1,1,1,1.000000,5.000000
EXP-SCN004-backstop-disabled-d14f929b,1109.000000,4.800000,4.800000,PASS,1,1,1,1.000000,5.000000
EXP-SCN004-backstop-disabled-d14f929b,1109.500000,4.800000,4.800000,PASS,1,1,1,1.000000,5.000000
EXP-SCN004-backstop-disabled-d14f929b,1110.000000,4.800000,4.800000,PASS,1,1,1,1.000000,5.000000
EXP-SCN004-backstop-disabled-d14f929b,1110.500000,4.800000,4.800000,PASS,1,1,1,1.000000,5.000000
EXP-SCN004-backstop-disabled-d14f929b,1111.000000,4.800000,4.800000,PASS,1,1,1,1.000000,5.000000
EXP-SCN004-backstop-disabled-d14f929b,1111.500000,4.800000,4.800000,PASS,1,1,1,1.000000,5.000000
EXP-SCN004-backstop-disabled-d14f929b,1112.000000,4.800000,4.800000,PASS,1,1,1,1.000000,5.000000
EXP-SCN004-backstop-disabled-d14f929b,1112.500000,4.800000,4.800000,PASS,1,1,1,1.000000,5.000000
EXP-SCN004-backstop-disabled-d14f929b,1113.000000,4.800000,4.800000,PASS,1,1,1,1.000000,5.000000
EXP-SCN004-backstop-disabled-d14f929b,1113.500000,4.800000,4.800000,PASS,1,1,1,1.000000,5.000000
EXP-SCN004-backstop-disabled-d14f929b,1114.000000,4.800000,4.800000,PASS,1,1,1,1.000000,5.000000
EXP-SCN004-backstop-disabled-d14f929b,1114.500000,4.800000,4.800000,PASS,1,1,1,1.000000,5.000000
EXP-SCN004-backstop-disabled-d14f929b,1115.000000,4.800000,4.800000,PASS,1,1,1,1.000000,5.000000
EXP-SCN004-backstop-disabled-d14f929b,1115.500000,4.800000,4.800000,PASS,1,1,1,1.000000,5.000000
EXP-SCN004-backstop-disabled-d14f929b,1116.000000,4.800000,4.800000,PASS,1,1,1,1.000000,5.000000
EXP-SCN004-backstop-disabled-d14f929b,1116.500000,4.800000,4.800000,PASS,1,1,1,1.000000,5.000000
EXP-SCN004-backstop-disabled-d14f929b,1117.000000,4.800000,4.800000,PASS,1,1,1,1.000000,5.000000
EXP-SCN004-backstop-disabled-d14f929b,1117.500000,4.800000,4.800000,PASS,1,1,1,1.000000,5.000000
EXP-SCN004-backstop-disabled-d14f929b,1118.000000,4.800000,4.800000,PASS,1,1,1,1.000000,5.000000
EXP-SCN004-backstop-disabled-d14f929b,1118.500000,4.800000,4.800000,PASS,1,1,1,1.000000,5.000000
EXP-SCN004-backstop-disabled-d14f929b,1119.000000,4.800000,4.800000,PASS,1,1,1,1.000000,5.000000
EXP-SCN004-backstop-disabled-d14f929b,1119.500000,4.800000,4.800000,PASS,1,1,1,1.000000,5.000000
EXP-SCN004-backstop-disabled-d14f929b,1120.000000,4.800000,4.800000,PASS,1,1,1,1.000000,5.000000
EXP-SCN004-backstop-disabled-d14f929b,1120.500000,4.800000,4.800000,PASS,1,1,1,1.000000,5.000000
EXP-SCN004-backstop-disabled-d14f929b,1121.000000,4.800000,4.800000,PASS,1,1,1,1.000000,5.000000
EXP-SCN004-backstop-disabled-d14f929b,1121.500000,4.800000,4.800000,PASS,1,1,1,1.000000,5.000000
EXP-SCN004-backstop-disabled-d14f929b,1122.000000,4.800000,4.800000,PASS,1,1,1,1.000000,5.000000
EXP-SCN004-backstop-disabled-d14f929b,1122.500000,4.800000,4.800000,PASS,1,1,1,1.000000,5.000000
EXP-SCN004-backstop-disabled-d14f929b,1123.000000,4.800000,4.800000,PASS,1,1,1,1.000000,5.000000
EXP-SCN004-backstop-disabled-d14f929b,1123.500000,4.800000,4.800000,PASS,1,1,1,1.000000,5.000000
EXP-SCN004-backstop-disabled-d14f929b,1124.000000,4.800000,4.800000,PASS,1,1,1,1.000000,5.000000
EXP-SCN004-backstop-disabled-d14f929b,1124.500000,4.800000,4.800000,PASS,1,1,1,1.000000,5.000000
EXP-SCN004-backstop-disabled-d14f929b,1125.000000,4.800000,4.800000,PASS,1,1,1,1.000000,5.000000
EXP-SCN004-backstop-disabled-d14f929b,1125.500000,4.800000,4.800000,PASS,1,1,1,1.000000,5.000000
EXP-SCN004-backstop-disabled-d14f929b,1126.000000,4.800000,4.800000,PASS,1,1,1,1.000000,5.000000
EXP-SCN004-backstop-disabled-d14f929b,1126.500000,4.800000,4.800000,PASS,1,1,1,1.000000,5.000000
EXP-SCN004-backstop-disabled-d14f929b,1127.000000,4.800000,4.800000,PASS,1,1,1,1.000000,5.000000
EXP-SCN004-backstop-disabled-d14f929b,1127.500000,4.800000,4.800000,PASS,1,1,1,1.000000,5.000000
EXP-SCN004-backstop-disabled-d14f929b,1128.000000,4.800000,4.800000,PASS,1,1,1,1.000000,5.000000
EXP-SCN004-backstop-disabled-d14f929b,1128.500000,4.800000,4.800000,PASS,1,1,1,1.000000,5.000000
EXP-SCN004-backstop-disabled-d14f929b,1129.000000,4.800000,4.800000,PASS,1,1,1,1.000000,5.000000
EXP-SCN004-backstop-disabled-d14f929b,1129.500000,4.800000,4.800000,PASS,1,1,1,1.000000,5.000000
EXP-SCN004-backstop-disabled-d14f929b,1130.000000,4.800000,4.800000,PASS,1,1,1,1.000000,5.000000
EXP-SCN004-backstop-disabled-d14f929b,1130.500000,4.800000,4.800000,PASS,1,1,1,1.000000,5.000000
EXP-SCN004-backstop-disabled-d14f929b,1131.000000,4.800000,4.800000,PASS,1,1,1,1.000000,5.000000
EXP-SCN004-backstop-disabled-d14f929b,1131.500000,4.800000,4.800000,PASS,1,1,1,1.000000,5.000000
EXP-SCN004-backstop-disabled-d14f929b,1132.000000,4.800000,4.800000,PASS,1,1,1,1.000000,5.000000
EXP-SCN004-backstop-disabled-d14f929b,1132.500000,4.800000,4.800000,PASS,1,1,1,1.000000,5.000000
EXP-SCN004-backstop-disabled-d14f929b,1133.000000,4.800000,4.800000,PASS,1,1,1,1.000000,5.000000
EXP-SCN004-backstop-disabled-d14f929b,1133.500000,4.800000,4.800000,PASS,1,1,1,1.000000,5.000000
EXP-SCN004-backstop-disabled-d14f929b,1134.000000,4.800000,4.800000,PASS,1,1,1,1.000000,5.000000
EXP-SCN004-backstop-disabled-d14f929b,1134.500000,4.800000,4.800000,PASS,1,1,1,1.000000,5.000000
EXP-SCN004-backstop-disabled-d14f929b,1135.000000,4.800000,4.800000,PASS,1,1,1,1.000000,5.000000
EXP-SCN004-backstop-disabled-d14f929b,1135.500000,4.800000,4.800000,PASS,1,1,1,1.000000,5.000000
EXP-SCN004-backstop-disabled-d14f929b,1136.000000,4.800000,4.800000,PASS,1,1,1,1.000000,5.000000
EXP-SCN004-backstop-disabled-d14f929b,1136.500000,4.800000,4.800000,PASS,1,1,1,1.000000,5.000000
EXP-SCN004-backstop-disabled-d14f929b,1137.000000,4.800000,4.800000,PASS,1,1,1,1.000000,5.000000
EXP-SCN004-backstop-disabled-d14f929b,1137.500000,4.800000,4.800000,PASS,1,1,1,1.000000,5.000000
EXP-SCN004-backstop-disabled-d14f929b,1138.000000,4.800000,4.800000,PASS,1,1,1,1.000000,5.000000
EXP-SCN004-backstop-disabled-d14f929b,1138.500000,4.800000,4.800000,PASS,1,1,1,1.000000,5.000000
EXP-SCN004-backstop-disabled-d14f929b,1139.000000,4.800000,4.800000,PASS,1,1,1,1.000000,5.000000
EXP-SCN004-backstop-disabled-d14f929b,1139.500000,4.800000,4.800000,PASS,1,1,1,1.000000,5.000000
EXP-SCN004-backstop-disabled-d14f929b,1140.000000,4.800000,4.800000,PASS,1,1,1,1.000000,5.000000
EXP-SCN004-backstop-disabled-d14f929b,1140.500000,4.800000,4.800000,PASS,1,1,1,1.000000,5.000000
EXP-SCN004-backstop-disabled-d14f929b,1141.000000,4.800000,4.800000,PASS,1,1,1,1.000000,5.000000
EXP-SCN004-backstop-disabled-d14f929b,1141.500000,4.800000,4.800000,PASS,1,1,1,1.000000,5.000000
EXP-SCN004-backstop-disabled-d14f929b,1142.000000,4.800000,4.800000,PASS,1,1,1,1.000000,5.000000
EXP-SCN004-backstop-disabled-d14f929b,1142.500000,4.800000,4.800000,PASS,1,1,1,1.000000,5.000000
EXP-SCN004-backstop-disabled-d14f929b,1143.000000,4.800000,4.800000,PASS,1,1,1,1.000000,5.000000
EXP-SCN004-backstop-disabled-d14f929b,1143.500000,4.800000,4.800000,PASS,1,1,1,1.000000,5.000000
EXP-SCN004-backstop-disabled-d14f929b,1144.000000,4.800000,4.800000,PASS,1,1,1,1.000000,5.000000
EXP-SCN004-backstop-disabled-d14f929b,1144.500000,4.800000,4.800000,PASS,1,1,1,1.000000,5.000000
EXP-SCN004-backstop-disabled-d14f929b,1145.000000,4.800000,4.800000,PASS,1,1,1,1.000000,5.000000
EXP-SCN004-backstop-disabled-d14f929b,1145.500000,4.800000,4.800000,PASS,1,1,1,1.000000,5.000000
EXP-SCN004-backstop-disabled-d14f929b,1146.000000,4.800000,4.800000,PASS,1,1,1,1.000000,5.000000
EXP-SCN004-backstop-disabled-d14f929b,1146.500000,4.800000,4.800000,PASS,1,1,1,1.000000,5.000000
EXP-SCN004-backstop-disabled-d14f929b,1147.000000,4.800000,4.800000,PASS,1,1,1,1.000000,5.000000
EXP-SCN004-backstop-disabled-d14f929b,1147.500000,4.800000,4.800000,PASS,1,1,1,1.000000,5.000000
EXP-SCN004-backstop-disabled-d14f929b,1148.000000,4.800000,4.800000,PASS,1,1,1,1.000000,5.000000
EXP-SCN004-backstop-disabled-d14f929b,1148.500000,4.800000,4.800000,PASS,1,1,1,1.000000,5.000000
EXP-SCN004-backstop-disabled-d14f929b,1149.000000,4.800000,4.800000,PASS,1,1,1,1.000000,5.000000
EXP-SCN004-backstop-disabled-d14f929b,1149.500000,4.800000,4.800000,PASS,1,1,1,1.000000,5.000000
EXP-SCN004-backstop-disabled-d14f929b,1150.000000,4.800000,4.800000,PASS,1,1,1,1.000000,5.000000
EXP-SCN004-backstop-disabled-d14f929b,1150.500000,4.800000,4.800000,PASS,1,1,1,1.000000,5.000000
EXP-SCN004-backstop-disabled-d14f929b,1151.000000,4.800000,4.800000,PASS,1,1,1,1.000000,5.000000
EXP-SCN004-backstop-disabled-d14f929b,1151.500000,4.800000,4.800000,PASS,1,1,1,1.000000,5.000000
EXP-SCN004-backstop-disabled-d14f929b,1152.000000,4.800000,4.800000,PASS,1,1,1,1.000000,5.000000
EXP-SCN004-backstop-disabled-d14f929b,1152.500000,4.800000,4.800000,PASS,1,1,1,1.000000,5.000000
EXP-SCN004-backstop-disabled-d14f929b,1153.000000,4.800000,4.800000,PASS,1,1,1,1.000000,5.000000
EXP-SCN004-backstop-disabled-d14f929b,1153.500000,4.800000,4.800000,PASS,1,1,1,1.000000,5.000000
EXP-SCN004-backstop-disabled-d14f929b,1154.000000,4.800000,4.800000,PASS,1,1,1,1.000000,5.000000
EXP-SCN004-backstop-disabled-d14f929b,1154.500000,4.800000,4.800000,PASS,1,1,1,1.000000,5.000000
EXP-SCN004-backstop-disabled-d14f929b,1155.000000,4.800000,4.800000,PASS,1,1,1,1.000000,5.000000
EXP-SCN004-backstop-disabled-d14f929b,1155.500000,4.800000,4.800000,PASS,1,1,1,1.000000,5.000000
EXP-SCN004-backstop-disabled-d14f929b,1156.000000,4.800000,4.800000,PASS,1,1,1,1.000000,5.000000
EXP-SCN004-backstop-disabled-d14f929b,1156.500000,4.800000,4.800000,PASS,1,1,1,1.000000,5.000000
EXP-SCN004-backstop-disabled-d14f929b,1157.000000,4.800000,4.800000,PASS,1,1,1,1.000000,5.000000
EXP-SCN004-backstop-disabled-d14f929b,1157.500000,4.800000,4.800000,PASS,1,1,1,1.000000,5.000000
EXP-SCN004-backstop-disabled-d14f929b,1158.000000,4.800000,4.800000,PASS,1,1,1,1.000000,5.000000
EXP-SCN004-backstop-disabled-d14f929b,1158.500000,4.800000,4.800000,PASS,1,1,1,1.000000,5.000000
EXP-SCN004-backstop-disabled-d14f929b,1159.000000,4.800000,4.800000,PASS,1,1,1,1.000000,5.000000
EXP-SCN004-backstop-disabled-d14f929b,1159.500000,4.800000,4.800000,PASS,1,1,1,1.000000,5.000000
EXP-SCN004-backstop-disabled-d14f929b,1160.000000,4.800000,4.800000,PASS,1,1,1,1.000000,5.000000
EXP-SCN004-backstop-disabled-d14f929b,1160.500000,4.800000,4.800000,PASS,1,1,1,1.000000,5.000000
EXP-SCN004-backstop-disabled-d14f929b,1161.000000,4.800000,4.800000,PASS,1,1,1,1.000000,5.000000
EXP-SCN004-backstop-disabled-d14f929b,1161.500000,4.800000,4.800000,PASS,1,1,1,1.000000,5.000000
EXP-SCN004-backstop-disabled-d14f929b,1162.000000,4.800000,4.800000,PASS,1,1,1,1.000000,5.000000
EXP-SCN004-backstop-disabled-d14f929b,1162.500000,4.800000,4.800000,PASS,1,1,1,1.000000,5.000000
EXP-SCN004-backstop-disabled-d14f929b,1163.000000,4.800000,4.800000,PASS,1,1,1,1.000000,5.000000
EXP-SCN004-backstop-disabled-d14f929b,1163.500000,4.800000,4.800000,PASS,1,1,1,1.000000,5.000000
EXP-SCN004-backstop-disabled-d14f929b,1164.000000,4.800000,4.800000,PASS,1,1,1,1.000000,5.000000
EXP-SCN004-backstop-disabled-d14f929b,1164.500000,4.800000,4.800000,PASS,1,1,1,1.000000,5.000000
EXP-SCN004-backstop-disabled-d14f929b,1165.000000,4.800000,4.800000,PASS,1,1,1,1.000000,5.000000
EXP-SCN004-backstop-disabled-d14f929b,1165.500000,4.800000,4.800000,PASS,1,1,1,1.000000,5.000000
EXP-SCN004-backstop-disabled-d14f929b,1166.000000,4.800000,4.800000,PASS,1,1,1,1.000000,5.000000
EXP-SCN004-backstop-disabled-d14f929b,1166.500000,4.800000,4.800000,PASS,1,1,1,1.000000,5.000000
EXP-SCN004-backstop-disabled-d14f929b,1167.000000,4.800000,4.800000,PASS,1,1,1,1.000000,5.000000
EXP-SCN004-backstop-disabled-d14f929b,1167.500000,4.800000,4.800000,PASS,1,1,1,1.000000,5.000000
EXP-SCN004-backstop-disabled-d14f929b,1168.000000,4.800000,4.800000,PASS,1,1,1,1.000000,5.000000
EXP-SCN004-backstop-disabled-d14f929b,1168.500000,4.800000,4.800000,PASS,1,1,1,1.000000,5.000000
EXP-SCN004-backstop-disabled-d14f929b,1169.000000,4.800000,4.800000,PASS,1,1,1,1.000000,5.000000
EXP-SCN004-backstop-disabled-d14f929b,1169.500000,4.800000,4.800000,PASS,1,1,1,1.000000,5.000000
EXP-SCN004-backstop-disabled-d14f929b,1170.000000,4.800000,4.800000,PASS,1,1,1,1.000000,5.000000
EXP-SCN004-backstop-disabled-d14f929b,1170.500000,4.800000,4.800000,PASS,1,1,1,1.000000,5.000000
EXP-SCN004-backstop-disabled-d14f929b,1171.000000,4.800000,4.800000,PASS,1,1,1,1.000000,5.000000
EXP-SCN004-backstop-disabled-d14f929b,1171.500000,4.800000,4.800000,PASS,1,1,1,1.000000,5.000000
EXP-SCN004-backstop-disabled-d14f929b,1172.000000,4.800000,4.800000,PASS,1,1,1,1.000000,5.000000
EXP-SCN004-backstop-disabled-d14f929b,1172.500000,4.800000,4.800000,PASS,1,1,1,1.000000,5.000000
EXP-SCN004-backstop-disabled-d14f929b,1173.000000,4.800000,4.800000,PASS,1,1,1,1.000000,5.000000
EXP-SCN004-backstop-disabled-d14f929b,1173.500000,4.800000,4.800000,PASS,1,1,1,1.000000,5.000000
EXP-SCN004-backstop-disabled-d14f929b,1174.000000,4.800000,4.800000,PASS,1,1,1,1.000000,5.000000
EXP-SCN004-backstop-disabled-d14f929b,1174.500000,4.800000,4.800000,PASS,1,1,1,1.000000,5.000000
EXP-SCN004-backstop-disabled-d14f929b,1175.000000,4.800000,4.800000,PASS,1,1,1,1.000000,5.000000
EXP-SCN004-backstop-disabled-d14f929b,1175.500000,4.800000,4.800000,PASS,1,1,1,1.000000,5.000000
EXP-SCN004-backstop-disabled-d14f929b,1176.000000,4.800000,4.800000,PASS,1,1,1,1.000000,5.000000
EXP-SCN004-backstop-disabled-d14f929b,1176.500000,4.800000,4.800000,PASS,1,1,1,1.000000,5.000000
EXP-SCN004-backstop-disabled-d14f929b,1177.000000,4.800000,4.800000,PASS,1,1,1,1.000000,5.000000
EXP-SCN004-backstop-disabled-d14f929b,1177.500000,4.800000,4.800000,PASS,1,1,1,1.000000,5.000000
EXP-SCN004-backstop-disabled-d14f929b,1178.000000,4.800000,4.800000,PASS,1,1,1,1.000000,5.000000
EXP-SCN004-backstop-disabled-d14f929b,1178.500000,4.800000,4.800000,PASS,1,1,1,1.000000,5.000000
EXP-SCN004-backstop-disabled-d14f929b,1179.000000,4.800000,4.800000,PASS,1,1,1,1.000000,5.000000
EXP-SCN004-backstop-disabled-d14f929b,1179.500000,4.800000,4.800000,PASS,1,1,1,1.000000,5.000000
EXP-SCN004-backstop-disabled-d14f929b,1180.000000,4.800000,4.800000,PASS,1,1,1,1.000000,5.000000
EXP-SCN004-backstop-disabled-d14f929b,1180.500000,4.800000,4.800000,PASS,1,1,1,1.000000,5.000000
EXP-SCN004-backstop-disabled-d14f929b,1181.000000,4.800000,4.800000,PASS,1,1,1,1.000000,5.000000
EXP-SCN004-backstop-disabled-d14f929b,1181.500000,4.800000,4.800000,PASS,1,1,1,1.000000,5.000000
EXP-SCN004-backstop-disabled-d14f929b,1182.000000,4.800000,4.800000,PASS,1,1,1,1.000000,5.000000
EXP-SCN004-backstop-disabled-d14f929b,1182.500000,4.800000,4.800000,PASS,1,1,1,1.000000,5.000000
EXP-SCN004-backstop-disabled-d14f929b,1183.000000,4.800000,4.800000,PASS,1,1,1,1.000000,5.000000
EXP-SCN004-backstop-disabled-d14f929b,1183.500000,4.800000,4.800000,PASS,1,1,1,1.000000,5.000000
EXP-SCN004-backstop-disabled-d14f929b,1184.000000,4.800000,4.800000,PASS,1,1,1,1.000000,5.000000
EXP-SCN004-backstop-disabled-d14f929b,1184.500000,4.800000,4.800000,PASS,1,1,1,1.000000,5.000000
EXP-SCN004-backstop-disabled-d14f929b,1185.000000,4.800000,4.800000,PASS,1,1,1,1.000000,5.000000
EXP-SCN004-backstop-disabled-d14f929b,1185.500000,4.800000,4.800000,PASS,1,1,1,1.000000,5.000000
EXP-SCN004-backstop-disabled-d14f929b,1186.000000,4.800000,4.800000,PASS,1,1,1,1.000000,5.000000
EXP-SCN004-backstop-disabled-d14f929b,1186.500000,4.800000,4.800000,PASS,1,1,1,1.000000,5.000000
EXP-SCN004-backstop-disabled-d14f929b,1187.000000,4.800000,4.800000,PASS,1,1,1,1.000000,5.000000
EXP-SCN004-backstop-disabled-d14f929b,1187.500000,4.800000,4.800000,PASS,1,1,1,1.000000,5.000000
EXP-SCN004-backstop-disabled-d14f929b,1188.000000,4.800000,4.800000,PASS,1,1,1,1.000000,5.000000
EXP-SCN004-backstop-disabled-d14f929b,1188.500000,4.800000,4.800000,PASS,1,1,1,1.000000,5.000000
EXP-SCN004-backstop-disabled-d14f929b,1189.000000,4.800000,4.800000,PASS,1,1,1,1.000000,5.000000
EXP-SCN004-backstop-disabled-d14f929b,1189.500000,4.800000,4.800000,PASS,1,1,1,1.000000,5.000000
EXP-SCN004-backstop-disabled-d14f929b,1190.000000,4.800000,4.800000,PASS,1,1,1,1.000000,5.000000
EXP-SCN004-backstop-disabled-d14f929b,1190.500000,4.800000,4.800000,PASS,1,1,1,1.000000,5.000000
EXP-SCN004-backstop-disabled-d14f929b,1191.000000,4.800000,4.800000,PASS,1,1,1,1.000000,5.000000
EXP-SCN004-backstop-disabled-d14f929b,1191.500000,4.800000,4.800000,PASS,1,1,1,1.000000,5.000000
EXP-SCN004-backstop-disabled-d14f929b,1192.000000,4.800000,4.800000,PASS,1,1,1,1.000000,5.000000
EXP-SCN004-backstop-disabled-d14f929b,1192.500000,4.800000,4.800000,PASS,1,1,1,1.000000,5.000000
EXP-SCN004-backstop-disabled-d14f929b,1193.000000,4.800000,4.800000,PASS,1,1,1,1.000000,5.000000
EXP-SCN004-backstop-disabled-d14f929b,1193.500000,4.800000,4.800000,PASS,1,1,1,1.000000,5.000000
EXP-SCN004-backstop-disabled-d14f929b,1194.000000,4.800000,4.800000,PASS,1,1,1,1.000000,5.000000
EXP-SCN004-backstop-disabled-d14f929b,1194.500000,4.800000,4.800000,PASS,1,1,1,1.000000,5.000000
EXP-SCN004-backstop-disabled-d14f929b,1195.000000,4.800000,4.800000,PASS,1,1,1,1.000000,5.000000
EXP-SCN004-backstop-disabled-d14f929b,1195.500000,4.800000,4.800000,PASS,1,1,1,1.000000,5.000000
EXP-SCN004-backstop-disabled-d14f929b,1196.000000,4.800000,4.800000,PASS,1,1,1,1.000000,5.000000
EXP-SCN004-backstop-disabled-d14f929b,1196.500000,4.800000,4.800000,PASS,1,1,1,1.000000,5.000000
EXP-SCN004-backstop-disabled-d14f929b,1197.000000,4.800000,4.800000,PASS,1,1,1,1.000000,5.000000
EXP-SCN004-backstop-disabled-d14f929b,1197.500000,4.800000,4.800000,PASS,1,1,1,1.000000,5.000000
EXP-SCN004-backstop-disabled-d14f929b,1198.000000,4.800000,4.800000,PASS,1,1,1,1.000000,5.000000
EXP-SCN004-backstop-disabled-d14f929b,1198.500000,4.800000,4.800000,PASS,1,1,1,1.000000,5.000000
EXP-SCN004-backstop-disabled-d14f929b,1199.000000,4.800000,4.800000,PASS,1,1,1,1.000000,5.000000
EXP-SCN004-backstop-disabled-d14f929b,1199.500000,4.800000,4.800000,PASS,1,1,1,1.000000,5.000000
