t_s,true_tank_level_m,reported_tank_level_m,independent_level_m,true_source_level_m,true_inflow_m3_s,true_outflow_m3_s,demand_m3_s,service_shortfall_ratio,spill_volume_m3,pump_energised,pump_permitted,pump_command,valve_position,requested_setpoint_m,effective_setpoint_m,supervisory_available,consequence_level,violated_invariants
0.000000,3.200000,3.203000,3.200000,6.000000,0.000000,0.000000,0.000000,0.000000,0.000000,0,0,0,1.000000,3.200000,3.200000,1,C0,
0.500000,3.198594,3.201000,3.190000,6.000000,0.000000,0.033747,0.033747,0.000000,0.000000,0,0,0,1.000000,3.200000,3.200000,1,C0,
1.000000,3.197114,3.196000,3.200000,6.000000,0.000000,0.035517,0.035517,0.000000,0.000000,0,0,0,1.000000,3.200000,3.200000,1,C0,
1.500000,3.195703,3.197000,3.180000,6.000000,0.000000,0.033858,0.033858,0.000000,0.000000,0,0,0,1.000000,3.200000,3.200000,1,C0,
2.000000,3.194323,3.184000,3.200000,6.000000,0.000000,0.033136,0.033136,0.000000,0.000000,0,0,0,1.000000,3.200000,3.200000,1,C0,
2.500000,3.192961,3.191000,3.200000,6.000000,0.000000,0.032678,0.032678,0.000000,0.000000,0,0,0,1.000000,3.200000,3.200000,1,C0,
3.000000,3.191559,3.195000,3.190000,6.000000,0.000000,0.033649,0.033649,0.000000,0.000000,0,0,0,1.000000,3.200000,3.200000,1,C0,
3.500000,3.190010,3.189000,3.200000,6.000000,0.000000,0.037167,0.037167,0.000000,0.000000,0,0,0,1.000000,3.200000,3.200000,1,C0,
4.000000,3.188432,3.177000,3.180000,6.000000,0.000000,0.037875,0.037875,0.000000,0.000000,0,0,0,1.000000,3.200000,3.200000,1,C0,
4.500000,3.186879,3.184000,3.190000,6.000000,0.000000,0.037288,0.037288,0.000000,0.000000,0,0,0,1.000000,3.200000,3.200000,1,C0,
5.000000,3.185385,3.177000,3.190000,6.000000,0.000000,0.035844,0.035844,0.000000,0.000000,0,0,0,1.000000,3.200000,3.200000,1,C0,
5.500000,3.183864,3.182000,3.200000,6.000000,0.000000,0.036499,0.036499,0.000000,0.000000,0,0,0,1.000000,3.200000,3.200000,1,C0,
6.000000,3.182396,3.183000,3.180000,6.000000,0.000000,0.035241,0.035241,0.000000,0.000000,0,0,0,1.000000,3.200000,3.200000,1,C0,
6.500000,3.180909,3.173000,3.200000,6.000000,0.000000,0.035679,0.035679,0.000000,0.000000,0,0,0,1.000000,3.200000,3.200000,1,C0,
7.000000,3.179455,3.181000,3.200000,6.000000,0.000000,0.034905,0.034905,0.000000,0.000000,0,0,0,1.000000,3.200000,3.200000,1,C0,
7.500000,3.177900,3.183000,3.180000,6.000000,0.000000,0.037313,0.037313,0.000000,0.000000,0,0,0,1.000000,3.200000,3.200000,1,C0,
8.000000,3.176555,3.164000,3.190000,6.000000,0.000000,0.032280,0.032280,0.000000,0.000000,0,0,0,1.000000,3.200000,3.200000,1,C0,
8.500000,3.175156,3.168000,3.170000,6.000000,0.000000,0.033576,0.033576,0.000000,0.000000,0,0,0,1.000000,3.200000,3.200000,1,C0,
9.000000,3.173578,3.175000,3.180000,6.000000,0.000000,0.037877,0.037877,0.000000,0.000000,0,0,0,1.000000,3.200000,3.200000,1,C0,
9.500000,3.172171,3.174000,3.180000,6.000000,0.000000,0.033758,0.033758,0.000000,0.000000,0,0,0,1.000000,3.200000,3.200000,1,C0,
10.000000,3.170598,3.163000,3.170000,6.000000,0.000000,0.037749,0.037749,0.000000,0.000000,0,0,0,1.000000,3.200000,3.200000,1,C0,
10.500000,3.169004,3.175000,3.160000,6.000000,0.000000,0.038273,0.038273,0.000000,0.000000,0,0,0,1.000000,3.200000,3.200000,1,C0,
11.000000,3.167651,3.169000,3.170000,6.000000,0.000000,0.032466,0.032466,0.000000,0.000000,0,0,0,1.000000,3.200000,3.200000,1,C0,
11.500000,3.166120,3.169000,3.180000,6.000000,0.000000,0.036745,0.036745,0.000000,0.000000,0,0,0,1.000000,3.200000,3.200000,1,C0,
12.000000,3.164758,3.168000,3.160000,6.000000,0.000000,0.032694,0.032694,0.000000,0.000000,0,0,0,1.000000,3.200000,3.200000,1,C0,
12.500000,3.163196,3.165000,3.180000,6.000000,0.000000,0.037485,0.037485,0.000000,0.000000,0,0,0,1.000000,3.200000,3.200000,1,C0,
13.000000,3.161737,3.161000,3.170000,6.000000,0.000000,0.035001,0.035001,0.000000,0.000000,0,0,0,1.000000,3.200000,3.200000,1,C0,
13.500000,3.160150,3.151000,3.150000,6.000000,0.000000,0.038099,0.038099,0.000000,0.000000,0,0,0,1.000000,3.200000,3.200000,1,C0,
14.000000,3.158800,3.161000,3.160000,6.000000,0.000000,0.032409,0.032409,0.000000,0.000000,0,0,0,1.000000,3.200000,3.200000,1,C0,
14.500000,3.157324,3.159000,3.170000,6.000000,0.000000,0.035407,0.035407,0.000000,0.000000,0,0,0,1.000000,3.200000,3.200000,1,C0,
15.000000,3.155724,3.156000,3.160000,6.000000,0.000000,0.038408,0.038408,0.000000,0.000000,0,0,0,1.000000,3.200000,3.200000,1,C0,
15.500000,3.154126,3.150000,3.180000,6.000000,0.000000,0.038350,0.038350,0.000000,0.000000,0,0,0,1.000000,3.200000,3.200000,1,C0,
16.000000,3.152598,3.152000,3.170000,6.000000,0.000000,0.036665,0.036665,0.000000,0.000000,0,0,0,1.000000,3.200000,3.200000,1,C0,
16.500000,3.151152,3.150000,3.150000,6.000000,0.000000,0.034714,0.034714,0.000000,0.000000,0,0,0,1.000000,3.200000,3.200000,1,C0,
17.000000,3.149803,3.153000,3.150000,6.000000,0.000000,0.032388,0.032388,0.000000,0.000000,0,0,0,1.000000,3.200000,3.200000,1,C0,
17.500000,3.148212,3.148000,3.150000,6.000000,0.000000,0.038176,0.038176,0.000000,0.000000,0,0,0,1.000000,3.200000,3.200000,1,C0,
18.000000,3.146660,3.140000,3.150000,6.000000,0.000000,0.037252,0.037252,0.000000,0.000000,0,0,0,1.000000,3.200000,3.200000,1,C0,
18.500000,3.145218,3.135000,3.150000,6.000000,0.000000,0.034610,0.034610,0.000000,0.000000,0,0,0,1.000000,3.200000,3.200000,1,C0,
19.000000,3.143847,3.148000,3.130000,6.000000,0.000000,0.032902,0.032902,0.000000,0.000000,0,0,0,1.000000,3.200000,3.200000,1,C0,
19.500000,3.142388,3.143000,3.150000,6.000000,0.000000,0.035017,0.035017,0.000000,0.000000,0,0,0,1.000000,3.200000,3.200000,1,C0,
20.000000,3.140856,3.137000,3.130000,6.000000,0.000000,0.036753,0.036753,0.000000,0.000000,0,0,0,1.000000,3.200000,3.200000,1,C0,
20.500000,3.139436,3.135000,3.150000,6.000000,0.000000,0.034083,0.034083,0.000000,0.000000,0,0,0,1.000000,3.200000,3.200000,1,C0,
21.000000,3.138083,3.140000,3.130000,6.000000,0.000000,0.032468,0.032468,0.000000,0.000000,0,0,0,1.000000,3.200000,3.200000,1,C0,
21.500000,3.136531,3.127000,3.140000,6.000000,0.000000,0.037257,0.037257,0.000000,0.000000,0,0,0,1.000000,3.200000,3.200000,1,C0,
22.000000,3.134981,3.137000,3.150000,6.000000,0.000000,0.037200,0.037200,0.000000,0.000000,0,0,0,1.000000,3.200000,3.200000,1,C0,
22.500000,3.133502,3.139000,3.140000,6.000000,0.000000,0.035484,0.035484,0.000000,0.000000,0,0,0,1.000000,3.200000,3.200000,1,C0,
23.000000,3.132003,3.131000,3.120000,6.000000,0.000000,0.035981,0.035981,0.000000,0.000000,0,0,0,1.000000,3.200000,3.200000,1,C0,
23.500000,3.130660,3.135000,3.140000,6.000000,0.000000,0.032231,0.032231,0.000000,0.000000,0,0,0,1.000000,3.200000,3.200000,1,C0,
24.000000,3.129095,3.120000,3.140000,6.000000,0.000000,0.037575,0.037575,0.000000,0.000000,0,0,0,1.000000,3.200000,3.200000,1,C0,
24.500000,3.127629,3.125000,3.130000,6.000000,0.000000,0.035177,0.035177,0.000000,0.000000,0,0,0,1.000000,3.200000,3.200000,1,C0,
25.000000,3.126051,3.129000,3.150000,6.000000,0.000000,0.037868,0.037868,0.000000,0.000000,0,0,0,1.000000,3.200000,3.200000,1,C0,
25.500000,3.124568,3.127000,3.120000,6.000000,0.000000,0.035604,0.035604,0.000000,0.000000,0,0,0,1.000000,3.200000,3.200000,1,C0,
26.000000,3.123086,3.119000,3.120000,6.000000,0.000000,0.035564,0.035564,0.000000,0.000000,0,0,0,1.000000,3.200000,3.200000,1,C0,
26.500000,3.121642,3.122000,3.130000,6.000000,0.000000,0.034656,0.034656,0.000000,0.000000,0,0,0,1.000000,3.200000,3.200000,1,C0,
27.000000,3.120069,3.124000,3.100000,6.000000,0.000000,0.037747,0.037747,0.000000,0.000000,0,0,0,1.000000,3.200000,3.200000,1,C0,
27.500000,3.118500,3.124000,3.140000,6.000000,0.000000,0.037648,0.037648,0.000000,0.000000,0,0,0,1.000000,3.200000,3.200000,1,C0,
28.000000,3.117155,3.124000,3.130000,6.000000,0.000000,0.032285,0.032285,0.000000,0.000000,0,0,0,1.000000,3.200000,3.200000,1,C0,
28.500000,3.115590,3.112000,3.110000,6.000000,0.000000,0.037555,0.037555,0.000000,0.000000,0,0,0,1.000000,3.200000,3.200000,1,C0,
29.000000,3.114059,3.110000,3.110000,6.000000,0.000000,0.036748,0.036748,0.000000,0.000000,0,0,0,1.000000,3.200000,3.200000,1,C0,
29.500000,3.112477,3.109000,3.120000,6.000000,0.000000,0.037973,0.037973,0.000000,0.000000,0,0,0,1.000000,3.200000,3.200000,1,C0,
30.000000,3.111017,3.124000,3.100000,6.000000,0.000000,0.035048,0.035048,0.000000,0.000000,0,0,0,1.000000,3.200000,3.200000,1,C0,
30.500000,3.109672,3.115000,3.090000,6.000000,0.000000,0.032261,0.032261,0.000000,0.000000,0,0,0,1.000000,3.200000,3.200000,1,C0,
31.000000,3.108231,3.113000,3.110000,6.000000,0.000000,0.034582,0.034582,0.000000,0.000000,0,0,0,1.000000,3.200000,3.200000,1,C0,
31.500000,3.106716,3.113000,3.100000,6.000000,0.000000,0.036368,0.036368,0.000000,0.000000,0,0,0,1.000000,3.200000,3.200000,1,C0,
32.000000,3.105324,3.102000,3.100000,6.000000,0.000000,0.033404,0.033404,0.000000,0.000000,0,0,0,1.000000,3.200000,3.200000,1,C0,
32.500000,3.103793,3.097000,3.100000,6.000000,0.000000,0.036747,0.036747,0.000000,0.000000,0,0,0,1.000000,3.200000,3.200000,1,C0,
33.000000,3.102466,3.102000,3.100000,6.000000,0.000000,0.031861,0.031861,0.000000,0.000000,0,0,0,1.000000,3.200000,3.200000,1,C0,
33.500000,3.100948,3.104000,3.090000,6.000000,0.000000,0.036425,0.036425,0.000000,0.000000,0,0,0,1.000000,3.200000,3.200000,1,C0,
34.000000,3.099346,3.099000,3.110000,6.000000,0.000000,0.038440,0.038440,0.000000,0.000000,0,0,0,1.000000,3.200000,3.200000,1,C0,
34.500000,3.097880,3.097000,3.100000,6.000000,0.000000,0.035189,0.035189,0.000000,0.000000,0,0,0,1.000000,3.200000,3.200000,1,C0,
35.000000,3.096551,3.096000,3.110000,6.000000,0.000000,0.031902,0.031902,0.000000,0.000000,0,0,0,1.000000,3.200000,3.200000,1,C0,
35.500000,3.095160,3.096000,3.100000,6.000000,0.000000,0.033369,0.033369,0.000000,0.000000,0,0,0,1.000000,3.200000,3.200000,1,C0,
36.000000,3.093727,3.093000,3.090000,6.000000,0.000000,0.034397,0.034397,0.000000,0.000000,0,0,0,1.000000,3.200000,3.200000,1,C0,
36.500000,3.092345,3.095000,3.090000,6.000000,0.000000,0.033169,0.033169,0.000000,0.000000,0,0,0,1.000000,3.200000,3.200000,1,C0,
37.000000,3.090827,3.094000,3.090000,6.000000,0.000000,0.036425,0.036425,0.000000,0.000000,0,0,0,1.000000,3.200000,3.200000,1,C0,
37.500000,3.089327,3.093000,3.090000,6.000000,0.000000,0.036017,0.036017,0.000000,0.000000,0,0,0,1.000000,3.200000,3.200000,1,C0,
38.000000,3.087999,3.093000,3.090000,6.000000,0.000000,0.031871,0.031871,0.000000,0.000000,0,0,0,1.000000,3.200000,3.200000,1,C0,
38.500000,3.086498,3.091000,3.070000,6.000000,0.000000,0.036026,0.036026,0.000000,0.000000,0,0,0,1.000000,3.200000,3.200000,1,C0,
39.000000,3.085108,3.085000,3.100000,6.000000,0.000000,0.033363,0.033363,0.000000,0.000000,0,0,0,1.000000,3.200000,3.200000,1,C0,
39.500000,3.083582,3.084000,3.090000,6.000000,0.000000,0.036619,0.036619,0.000000,0.000000,0,0,0,1.000000,3.200000,3.200000,1,C0,
40.000000,3.082072,3.080000,3.080000,6.000000,0.000000,0.036239,0.036239,0.000000,0.000000,0,0,0,1.000000,3.200000,3.200000,1,C0,
40.500000,3.080686,3.082000,3.080000,6.000000,0.000000,0.033259,0.033259,0.000000,0.000000,0,0,0,1.000000,3.200000,3.200000,1,C0,
41.000000,3.079160,3.088000,3.060000,6.000000,0.000000,0.036618,0.036618,0.000000,0.000000,0,0,0,1.000000,3.200000,3.200000,1,C0,
41.500000,3.077749,3.086000,3.090000,6.000000,0.000000,0.033881,0.033881,0.000000,0.000000,0,0,0,1.000000,3.200000,3.200000,1,C0,
42.000000,3.076371,3.069000,3.060000,6.000000,0.000000,0.033071,0.033071,0.000000,0.000000,0,0,0,1.000000,3.200000,3.200000,1,C0,
42.500000,3.074906,3.072000,3.090000,6.000000,0.000000,0.035150,0.035150,0.000000,0.000000,0,0,0,1.000000,3.200000,3.200000,1,C0,
43.000000,3.073564,3.077000,3.080000,6.000000,0.000000,0.032199,0.032199,0.000000,0.000000,0,0,0,1.000000,3.200000,3.200000,1,C0,
43.500000,3.072167,3.084000,3.070000,6.000000,0.000000,0.033541,0.033541,0.000000,0.000000,0,0,0,1.000000,3.200000,3.200000,1,C0,
44.000000,3.070624,3.070000,3.060000,6.000000,0.000000,0.037037,0.037037,0.000000,0.000000,0,0,0,1.000000,3.200000,3.200000,1,C0,
44.500000,3.069279,3.070000,3.060000,6.000000,0.000000,0.032266,0.032266,0.000000,0.000000,0,0,0,1.000000,3.200000,3.200000,1,C0,
45.000000,3.067962,3.076000,3.080000,6.000000,0.000000,0.031625,0.031625,0.000000,0.000000,0,0,0,1.000000,3.200000,3.200000,1,C0,
45.500000,3.066510,3.061000,3.060000,6.000000,0.000000,0.034835,0.034835,0.000000,0.000000,0,0,0,1.000000,3.200000,3.200000,1,C0,
46.000000,3.065192,3.070000,3.060000,6.000000,0.000000,0.031645,0.031645,0.000000,0.000000,0,0,0,1.000000,3.200000,3.200000,1,C0,
46.500000,3.063713,3.065000,3.070000,6.000000,0.000000,0.035491,0.035491,0.000000,0.000000,0,0,0,1.000000,3.200000,3.200000,1,C0,
47.000000,3.062373,3.056000,3.060000,6.000000,0.000000,0.032145,0.032145,0.000000,0.000000,0,0,0,1.000000,3.200000,3.200000,1,C0,
47.500000,3.060958,3.063000,3.040000,6.000000,0.000000,0.033980,0.033980,0.000000,0.000000,0,0,0,1.000000,3.200000,3.200000,1,C0,
48.000000,3.059613,3.059000,3.070000,6.000000,0.000000,0.032261,0.032261,0.000000,0.000000,0,0,0,1.000000,3.200000,3.200000,1,C0,
48.500000,3.058251,3.057000,3.090000,6.000000,0.000000,0.032700,0.032700,0.000000,0.000000,0,0,0,1.000000,3.200000,3.200000,1,C0,
49.000000,3.056669,3.049000,3.070000,6.000000,0.000000,0.037974,0.037974,0.000000,0.000000,0,0,0,1.000000,3.200000,3.200000,1,C0,
49.500000,3.055290,3.057000,3.070000,6.000000,0.000000,0.033080,0.033080,0.000000,0.000000,0,0,0,1.000000,3.200000,3.200000,1,C0,
50.000000,3.053845,3.060000,3.060000,6.000000,0.000000,0.034686,0.034686,0.000000,0.000000,0,0,0,1.000000,3.200000,3.200000,1,C0,
50.500000,3.052314,3.047000,3.060000,6.000000,0.000000,0.036741,0.036741,0.000000,0.000000,0,0,0,1.000000,3.200000,3.200000,1,C0,
51.000000,3.050818,3.052000,3.060000,6.000000,0.000000,0.035910,0.035910,0.000000,0.000000,0,0,0,1.000000,3.200000,3.200000,1,C0,
51.500000,3.049321,3.050000,3.050000,6.000000,0.000000,0.035924,0.035924,0.000000,0.000000,0,0,0,1.000000,3.200000,3.200000,1,C0,
52.000000,3.047741,3.043000,3.050000,6.000000,0.000000,0.037923,0.037923,0.000000,0.000000,0,0,0,1.000000,3.200000,3.200000,1,C0,
52.500000,3.046190,3.049000,3.050000,6.000000,0.000000,0.037214,0.037214,0.000000,0.000000,0,0,0,1.000000,3.200000,3.200000,1,C0,
53.000000,3.044736,3.048000,3.050000,6.000000,0.000000,0.034896,0.034896,0.000000,0.000000,0,0,0,1.000000,3.200000,3.200000,1,C0,
53.500000,3.043297,3.046000,3.060000,6.000000,0.000000,0.034554,0.034554,0.000000,0.000000,0,0,0,1.000000,3.200000,3.200000,1,C0,
54.000000,3.041889,3.032000,3.050000,6.000000,0.000000,0.033779,0.033779,0.000000,0.000000,0,0,0,1.000000,3.200000,3.200000,1,C0,
54.500000,3.040469,3.037000,3.040000,6.000000,0.000000,0.034091,0.034091,0.000000,0.000000,0,0,0,1.000000,3.200000,3.200000,1,C0,
55.000000,3.039017,3.033000,3.040000,6.000000,0.000000,0.034838,0.034838,0.000000,0.000000,0,0,0,1.000000,3.200000,3.200000,1,C0,
55.500000,3.037644,3.030000,3.030000,6.000000,0.000000,0.032954,0.032954,0.000000,0.000000,0,0,0,1.000000,3.200000,3.200000,1,C0,
56.000000,3.036124,3.032000,3.030000,6.000000,0.000000,0.036484,0.036484,0.000000,0.000000,0,0,0,1.000000,3.200000,3.200000,1,C0,
56.500000,3.034809,3.036000,3.020000,6.000000,0.000000,0.031548,0.031548,0.000000,0.000000,0,0,0,1.000000,3.200000,3.200000,1,C0,
57.000000,3.033241,3.026000,3.030000,6.000000,0.000000,0.037634,0.037634,0.000000,0.000000,0,0,0,1.000000,3.200000,3.200000,1,C0,
57.500000,3.031924,3.041000,3.030000,6.000000,0.000000,0.031626,0.031626,0.000000,0.000000,0,0,0,1.000000,3.200000,3.200000,1,C0,
58.000000,3.030397,3.035000,3.030000,6.000000,0.000000,0.036646,0.036646,0.000000,0.000000,0,0,0,1.000000,3.200000,3.200000,1,C0,
58.500000,3.028799,3.030000,3.020000,6.000000,0.000000,0.038345,0.038345,0.000000,0.000000,0,0,0,1.000000,3.200000,3.200000,1,C0,
59.000000,3.027330,3.037000,3.030000,6.000000,0.000000,0.035250,0.035250,0.000000,0.000000,0,0,0,1.000000,3.200000,3.200000,1,C0,
59.500000,3.025738,3.026000,3.000000,6.000000,0.000000,0.038209,0.038209,0.000000,0.000000,0,0,0,1.000000,3.200000,3.200000,1,C0,
60.000000,3.024341,3.020000,3.030000,6.000000,0.000000,0.033536,0.033536,0.000000,0.000000,0,0,0,1.000000,3.200000,3.200000,1,C0,
60.500000,3.022928,3.019000,3.020000,6.000000,0.000000,0.033912,0.033912,0.000000,0.000000,0,0,0,1.000000,3.200000,3.200000,1,C0,
61.000000,3.021504,3.027000,3.020000,6.000000,0.000000,0.034164,0.034164,0.000000,0.000000,0,0,0,1.000000,3.200000,3.200000,1,C0,
61.500000,3.019962,3.014000,3.030000,6.000000,0.000000,0.037009,0.037009,0.000000,0.000000,0,0,0,1.000000,3.200000,3.200000,1,C0,
62.000000,3.018496,3.016000,3.020000,6.000000,0.000000,0.035194,0.035194,0.000000,0.000000,0,0,0,1.000000,3.200000,3.200000,1,C0,
62.500000,3.016969,3.010000,3.010000,6.000000,0.000000,0.036646,0.036646,0.000000,0.000000,0,0,0,1.000000,3.200000,3.200000,1,C0,
63.000000,3.015617,3.025000,3.000000,6.000000,0.000000,0.032440,0.032440,0.000000,0.000000,0,0,0,1.000000,3.200000,3.200000,1,C0,
63.500000,3.014257,3.008000,3.010000,6.000000,0.000000,0.032642,0.032642,0.000000,0.000000,0,0,0,1.000000,3.200000,3.200000,1,C0,
64.000000,3.012923,3.012000,3.020000,6.000000,0.000000,0.032030,0.032030,0.000000,0.000000,0,0,0,1.000000,3.200000,3.200000,1,C0,
64.500000,3.011462,3.012000,3.010000,6.000000,0.000000,0.035061,0.035061,0.000000,0.000000,0,0,0,1.000000,3.200000,3.200000,1,C0,
65.000000,3.009921,3.017000,3.030000,6.000000,0.000000,0.036978,0.036978,0.000000,0.000000,0,0,0,1.000000,3.200000,3.200000,1,C0,
65.500000,3.008436,3.004000,3.020000,6.000000,0.000000,0.035647,0.035647,0.000000,0.000000,0,0,0,1.000000,3.200000,3.200000,1,C0,
66.000000,3.007061,3.007000,3.020000,6.000000,0.000000,0.033002,0.033002,0.000000,0.000000,0,0,0,1.000000,3.200000,3.200000,1,C0,
66.500000,3.005611,2.997000,3.020000,6.000000,0.000000,0.034796,0.034796,0.000000,0.000000,0,0,0,1.000000,3.200000,3.200000,1,C0,
67.000000,3.004185,3.005000,3.000000,6.000000,0.000000,0.034230,0.034230,0.000000,0.000000,0,0,0,1.000000,3.200000,3.200000,1,C0,
67.500000,3.002654,3.002000,3.000000,6.000000,0.000000,0.036744,0.036744,0.000000,0.000000,0,0,0,1.000000,3.200000,3.200000,1,C0,
68.000000,3.001162,2.994000,3.000000,6.000000,0.000000,0.035789,0.035789,0.000000,0.000000,0,0,0,1.000000,3.200000,3.200000,1,C0,
68.500000,2.999593,2.994000,3.020000,6.000000,0.000000,0.037669,0.037669,0.000000,0.000000,0,0,0,1.000000,3.200000,3.200000,1,C0,
69.000000,2.998207,2.990000,2.990000,6.000000,0.000000,0.033270,0.033270,0.000000,0.000000,0,0,0,1.000000,3.200000,3.200000,1,C0,
69.500000,2.996847,2.994000,3.010000,6.000000,0.000000,0.032639,0.032639,0.000000,0.000000,0,0,0,1.000000,3.200000,3.200000,1,C0,
70.000000,2.995329,2.994000,3.000000,6.000000,0.000000,0.036417,0.036417,0.000000,0.000000,0,0,0,1.000000,3.200000,3.200000,1,C0,
70.500000,2.993793,2.994000,3.010000,6.000000,0.000000,0.036862,0.036862,0.000000,0.000000,0,0,0,1.000000,3.200000,3.200000,1,C0,
71.000000,2.992238,2.982000,2.990000,6.000000,0.000000,0.037321,0.037321,0.000000,0.000000,0,0,0,1.000000,3.200000,3.200000,1,C0,
71.500000,2.990779,2.990000,3.000000,6.000000,0.000000,0.035014,0.035014,0.000000,0.000000,0,0,0,1.000000,3.200000,3.200000,1,C0,
72.000000,2.989244,2.983000,2.990000,6.000000,0.000000,0.036842,0.036842,0.000000,0.000000,0,0,0,1.000000,3.200000,3.200000,1,C0,
72.500000,2.987755,2.995000,2.990000,6.000000,0.000000,0.035734,0.035734,0.000000,0.000000,0,0,0,1.000000,3.200000,3.200000,1,C0,
73.000000,2.986387,2.990000,2.980000,6.000000,0.000000,0.032848,0.032848,0.000000,0.000000,0,0,0,1.000000,3.200000,3.200000,1,C0,
73.500000,2.985019,2.989000,3.000000,6.000000,0.000000,0.032829,0.032829,0.000000,0.000000,0,0,0,1.000000,3.200000,3.200000,1,C0,
74.000000,2.983633,2.983000,2.990000,6.000000,0.000000,0.033252,0.033252,0.000000,0.000000,0,0,0,1.000000,3.200000,3.200000,1,C0,
74.500000,2.982288,2.970000,2.980000,6.000000,0.000000,0.032295,0.032295,0.000000,0.000000,0,0,0,1.000000,3.200000,3.200000,1,C0,
75.000000,2.980773,2.986000,2.990000,6.000000,0.000000,0.036359,0.036359,0.000000,0.000000,0,0,0,1.000000,3.200000,3.200000,1,C0,
75.500000,2.979273,2.967000,2.970000,6.000000,0.000000,0.035980,0.035980,0.000000,0.000000,0,0,0,1.000000,3.200000,3.200000,1,C0,
76.000000,2.977697,2.984000,2.990000,6.000000,0.000000,0.037827,0.037827,0.000000,0.000000,0,0,0,1.000000,3.200000,3.200000,1,C0,
76.500000,2.976243,2.974000,2.970000,6.000000,0.000000,0.034905,0.034905,0.000000,0.000000,0,0,0,1.000000,3.200000,3.200000,1,C0,
77.000000,2.974924,2.972000,2.980000,6.000000,0.000000,0.031655,0.031655,0.000000,0.000000,0,0,0,1.000000,3.200000,3.200000,1,C0,
77.500000,2.973500,2.973000,2.960000,6.000000,0.000000,0.034182,0.034182,0.000000,0.000000,0,0,0,1.000000,3.200000,3.200000,1,C0,
78.000000,2.971974,2.973000,2.970000,6.000000,0.000000,0.036623,0.036623,0.000000,0.000000,0,0,0,1.000000,3.200000,3.200000,1,C0,
78.500000,2.970505,2.965000,2.970000,6.000000,0.000000,0.035240,0.035240,0.000000,0.000000,0,0,0,1.000000,3.200000,3.200000,1,C0,
79.000000,2.969165,2.967000,2.970000,6.000000,0.000000,0.032178,0.032178,0.000000,0.000000,0,0,0,1.000000,3.200000,3.200000,1,C0,
79.500000,2.967641,2.967000,2.960000,6.000000,0.000000,0.036574,0.036574,0.000000,0.000000,0,0,0,1.000000,3.200000,3.200000,1,C0,
80.000000,2.966039,2.968000,2.970000,6.000000,0.000000,0.038446,0.038446,0.000000,0.000000,0,0,0,1.000000,3.200000,3.200000,1,C0,
80.500000,2.964700,2.958000,2.950000,6.000000,0.000000,0.032139,0.032139,0.000000,0.000000,0,0,0,1.000000,3.200000,3.200000,1,C0,
81.000000,2.963320,2.964000,2.950000,6.000000,0.000000,0.033111,0.033111,0.000000,0.000000,0,0,0,1.000000,3.200000,3.200000,1,C0,
81.500000,2.961875,2.974000,2.960000,6.000000,0.000000,0.034671,0.034671,0.000000,0.000000,0,0,0,1.000000,3.200000,3.200000,1,C0,
82.000000,2.960452,2.955000,2.970000,6.000000,0.000000,0.034154,0.034154,0.000000,0.000000,0,0,0,1.000000,3.200000,3.200000,1,C0,
82.500000,2.958870,2.955000,2.960000,6.000000,0.000000,0.037984,0.037984,0.000000,0.000000,0,0,0,1.000000,3.200000,3.200000,1,C0,
83.000000,2.957318,2.964000,2.970000,6.000000,0.000000,0.037242,0.037242,0.000000,0.000000,0,0,0,1.000000,3.200000,3.200000,1,C0,
83.500000,2.955879,2.961000,2.950000,6.000000,0.000000,0.034535,0.034535,0.000000,0.000000,0,0,0,1.000000,3.200000,3.200000,1,C0,
84.000000,2.954293,2.951000,2.960000,6.000000,0.000000,0.038056,0.038056,0.000000,0.000000,0,0,0,1.000000,3.200000,3.200000,1,C0,
84.500000,2.952973,2.955000,2.940000,6.000000,0.000000,0.031695,0.031695,0.000000,0.000000,0,0,0,1.000000,3.200000,3.200000,1,C0,
85.000000,2.951459,2.949000,2.930000,6.000000,0.000000,0.036334,0.036334,0.000000,0.000000,0,0,0,1.000000,3.200000,3.200000,1,C0,
85.500000,2.949928,2.949000,2.960000,6.000000,0.000000,0.036737,0.036737,0.000000,0.000000,0,0,0,1.000000,3.200000,3.200000,1,C0,
86.000000,2.948363,2.949000,2.960000,6.000000,0.000000,0.037551,0.037551,0.000000,0.000000,0,0,0,1.000000,3.200000,3.200000,1,C0,
86.500000,2.946946,2.940000,2.950000,6.000000,0.000000,0.034029,0.034029,0.000000,0.000000,0,0,0,1.000000,3.200000,3.200000,1,C0,
87.000000,2.945513,2.943000,2.920000,6.000000,0.000000,0.034393,0.034393,0.000000,0.000000,0,0,0,1.000000,3.200000,3.200000,1,C0,
87.500000,2.944172,2.942000,2.950000,6.000000,0.000000,0.032164,0.032164,0.000000,0.000000,0,0,0,1.000000,3.200000,3.200000,1,C0,
88.000000,2.942678,2.940000,2.940000,6.000000,0.000000,0.035870,0.035870,0.000000,0.000000,0,0,0,1.000000,3.200000,3.200000,1,C0,
88.500000,2.941273,2.945000,2.930000,6.000000,0.000000,0.033720,0.033720,0.000000,0.000000,0,0,0,1.000000,3.200000,3.200000,1,C0,
89.000000,2.939867,2.941000,2.950000,6.000000,0.000000,0.033743,0.033743,0.000000,0.000000,0,0,0,1.000000,3.200000,3.200000,1,C0,
89.500000,2.938553,2.939000,2.940000,6.000000,0.000000,0.031537,0.031537,0.000000,0.000000,0,0,0,1.000000,3.200000,3.200000,1,C0,
90.000000,2.936981,2.932000,2.940000,6.000000,0.000000,0.037723,0.037723,0.000000,0.000000,0,0,0,1.000000,3.200000,3.200000,1,C0,
90.500000,2.935650,2.937000,2.940000,6.000000,0.000000,0.031942,0.031942,0.000000,0.000000,0,0,0,1.000000,3.200000,3.200000,1,C0,
91.000000,2.934071,2.941000,2.910000,6.000000,0.000000,0.037899,0.037899,0.000000,0.000000,0,0,0,1.000000,3.200000,3.200000,1,C0,
91.500000,2.932723,2.927000,2.920000,6.000000,0.000000,0.032340,0.032340,0.000000,0.000000,0,0,0,1.000000,3.200000,3.200000,1,C0,
92.000000,2.931400,2.927000,2.940000,6.000000,0.000000,0.031752,0.031752,0.000000,0.000000,0,0,0,1.000000,3.200000,3.200000,1,C0,
92.500000,2.929963,2.921000,2.970000,6.000000,0.000000,0.034507,0.034507,0.000000,0.000000,0,0,0,1.000000,3.200000,3.200000,1,C0,
93.000000,2.928587,2.927000,2.920000,6.000000,0.000000,0.033012,0.033012,0.000000,0.000000,0,0,0,1.000000,3.200000,3.200000,1,C0,
93.500000,2.927029,2.925000,2.910000,6.000000,0.000000,0.037402,0.037402,0.000000,0.000000,0,0,0,1.000000,3.200000,3.200000,1,C0,
94.000000,2.925586,2.930000,2.930000,6.000000,0.000000,0.034630,0.034630,0.000000,0.000000,0,0,0,1.000000,3.200000,3.200000,1,C0,
94.500000,2.924086,2.921000,2.920000,6.000000,0.000000,0.035986,0.035986,0.000000,0.000000,0,0,0,1.000000,3.200000,3.200000,1,C0,
95.000000,2.922555,2.920000,2.920000,6.000000,0.000000,0.036759,0.036759,0.000000,0.000000,0,0,0,1.000000,3.200000,3.200000,1,C0,
95.500000,2.921184,2.914000,2.930000,6.000000,0.000000,0.032900,0.032900,0.000000,0.000000,0,0,0,1.000000,3.200000,3.200000,1,C0,
96.000000,2.919581,2.927000,2.930000,6.000000,0.000000,0.038478,0.038478,0.000000,0.000000,0,0,0,1.000000,3.200000,3.200000,1,C0,
96.500000,2.918022,2.913000,2.930000,6.000000,0.000000,0.037418,0.037418,0.000000,0.000000,0,0,0,1.000000,3.200000,3.200000,1,C0,
97.000000,2.916535,2.916000,2.920000,6.000000,0.000000,0.035688,0.035688,0.000000,0.000000,0,0,0,1.000000,3.200000,3.200000,1,C0,
97.500000,2.915126,2.923000,2.920000,6.000000,0.000000,0.033806,0.033806,0.000000,0.000000,0,0,0,1.000000,3.200000,3.200000,1,C0,
98.000000,2.913544,2.920000,2.920000,6.000000,0.000000,0.037973,0.037973,0.000000,0.000000,0,0,0,1.000000,3.200000,3.200000,1,C0,
98.500000,2.911998,2.901000,2.920000,6.000000,0.000000,0.037106,0.037106,0.000000,0.000000,0,0,0,1.000000,3.200000,3.200000,1,C0,
99.000000,2.910459,2.906000,2.890000,6.000000,0.000000,0.036942,0.036942,0.000000,0.000000,0,0,0,1.000000,3.200000,3.200000,1,C0,
99.500000,2.909000,2.924000,2.890000,6.000000,0.000000,0.034994,0.034994,0.000000,0.000000,0,0,0,1.000000,3.200000,3.200000,1,C0,
100.000000,2.907645,2.902000,2.910000,6.000000,0.000000,0.032540,0.032540,0.000000,0.000000,0,0,0,1.000000,3.200000,3.200000,1,C0,
100.500000,2.906169,2.902000,2.910000,6.000000,0.000000,0.035409,0.035409,0.000000,0.000000,0,0,0,1.000000,3.200000,3.200000,1,C0,
101.000000,2.904611,2.905000,2.890000,6.000000,0.000000,0.037409,0.037409,0.000000,0.000000,0,0,0,1.000000,3.200000,3.200000,1,C0,
101.500000,2.903130,2.902000,2.900000,6.000000,0.000000,0.035527,0.035527,0.000000,0.000000,0,0,0,1.000000,3.200000,3.200000,1,C0,
102.000000,2.901545,2.901000,2.890000,6.000000,0.000000,0.038058,0.038058,0.000000,0.000000,0,0,0,1.000000,3.200000,3.200000,1,C0,
102.500000,2.900126,2.905000,2.890000,6.000000,0.000000,0.034052,0.034052,0.000000,0.000000,0,0,0,1.000000,3.200000,3.200000,1,C0,
103.000000,2.898687,2.902000,2.880000,6.000000,0.000000,0.034519,0.034519,0.000000,0.000000,0,0,0,1.000000,3.200000,3.200000,1,C0,
103.500000,2.897224,2.900000,2.890000,6.000000,0.000000,0.035133,0.035133,0.000000,0.000000,0,0,0,1.000000,3.200000,3.200000,1,C0,
104.000000,2.895655,2.895000,2.910000,6.000000,0.000000,0.037635,0.037635,0.000000,0.000000,0,0,0,1.000000,3.200000,3.200000,1,C0,
104.500000,2.894132,2.892000,2.890000,6.000000,0.000000,0.036558,0.036558,0.000000,0.000000,0,0,0,1.000000,3.200000,3.200000,1,C0,
105.000000,2.892575,2.890000,2.890000,6.000000,0.000000,0.037381,0.037381,0.000000,0.000000,0,0,0,1.000000,3.200000,3.200000,1,C0,
105.500000,2.891156,2.886000,2.910000,6.000000,0.000000,0.034042,0.034042,0.000000,0.000000,0,0,0,1.000000,3.200000,3.200000,1,C0,
106.000000,2.889715,2.880000,2.900000,6.000000,0.000000,0.034600,0.034600,0.000000,0.000000,0,0,0,1.000000,3.200000,3.200000,1,C0,
106.500000,2.888118,2.890000,2.890000,6.000000,0.000000,0.038307,0.038307,0.000000,0.000000,0,0,0,1.000000,3.200000,3.200000,1,C0,
107.000000,2.886652,2.892000,2.890000,6.000000,0.000000,0.035184,0.035184,0.000000,0.000000,0,0,0,1.000000,3.200000,3.200000,1,C0,
107.500000,2.885083,2.887000,2.900000,6.000000,0.000000,0.037671,0.037671,0.000000,0.000000,0,0,0,1.000000,3.200000,3.200000,1,C0,
108.000000,2.883528,2.881000,2.880000,6.000000,0.000000,0.037306,0.037306,0.000000,0.000000,0,0,0,1.000000,3.200000,3.200000,1,C0,
108.500000,2.882215,2.881000,2.890000,6.000000,0.000000,0.031519,0.031519,0.000000,0.000000,0,0,0,1.000000,3.200000,3.200000,1,C0,
109.000000,2.880886,2.871000,2.880000,6.000000,0.000000,0.031903,0.031903,0.000000,0.000000,0,0,0,1.000000,3.200000,3.200000,1,C0,
109.500000,2.879528,2.885000,2.880000,6.000000,0.000000,0.032590,0.032590,0.000000,0.000000,0,0,0,1.000000,3.200000,3.200000,1,C0,
110.000000,2.878109,2.876000,2.890000,6.000000,0.000000,0.034048,0.034048,0.000000,0.000000,0,0,0,1.000000,3.200000,3.200000,1,C0,
110.500000,2.876609,2.863000,2.880000,6.000000,0.000000,0.036011,0.036011,0.000000,0.000000,0,0,0,1.000000,3.200000,3.200000,1,C0,
111.000000,2.875234,2.872000,2.880000,6.000000,0.000000,0.032997,0.032997,0.000000,0.000000,0,0,0,1.000000,3.200000,3.200000,1,C0,
111.500000,2.873721,2.870000,2.860000,6.000000,0.000000,0.036305,0.036305,0.000000,0.000000,0,0,0,1.000000,3.200000,3.200000,1,C0,
112.000000,2.872117,2.882000,2.880000,6.000000,0.000000,0.038489,0.038489,0.000000,0.000000,0,0,0,1.000000,3.200000,3.200000,1,C0,
112.500000,2.870605,2.871000,2.870000,6.000000,0.000000,0.036301,0.036301,0.000000,0.000000,0,0,0,1.000000,3.200000,3.200000,1,C0,
113.000000,2.869145,2.862000,2.890000,6.000000,0.000000,0.035027,0.035027,0.000000,0.000000,0,0,0,1.000000,3.200000,3.200000,1,C0,
113.500000,2.867574,2.870000,2.870000,6.000000,0.000000,0.037721,0.037721,0.000000,0.000000,0,0,0,1.000000,3.200000,3.200000,1,C0,
114.000000,2.866132,2.869000,2.860000,6.000000,0.000000,0.034604,0.034604,0.000000,0.000000,0,0,0,1.000000,3.200000,3.200000,1,C0,
114.500000,2.864655,2.861000,2.860000,6.000000,0.000000,0.035456,0.035456,0.000000,0.000000,0,0,0,1.000000,3.200000,3.200000,1,C0,
115.000000,2.863270,2.862000,2.860000,6.000000,0.000000,0.033240,0.033240,0.000000,0.000000,0,0,0,1.000000,3.200000,3.200000,1,C0,
115.500000,2.861690,2.866000,2.840000,6.000000,0.000000,0.037910,0.037910,0.000000,0.000000,0,0,0,1.000000,3.200000,3.200000,1,C0,
116.000000,2.860109,2.859000,2.860000,6.000000,0.000000,0.037950,0.037950,0.000000,0.000000,0,0,0,1.000000,3.200000,3.200000,1,C0,
116.500000,2.858508,2.865000,2.870000,6.000000,0.000000,0.038416,0.038416,0.000000,0.000000,0,0,0,1.000000,3.200000,3.200000,1,C0,
117.000000,2.856948,2.851000,2.860000,6.000000,0.000000,0.037444,0.037444,0.000000,0.000000,0,0,0,1.000000,3.200000,3.200000,1,C0,
117.500000,2.855584,2.869000,2.870000,6.000000,0.000000,0.032727,0.032727,0.000000,0.000000,0,0,0,1.000000,3.200000,3.200000,1,C0,
118.000000,2.853990,2.852000,2.870000,6.000000,0.000000,0.038255,0.038255,0.000000,0.000000,0,0,0,1.000000,3.200000,3.200000,1,C0,
118.500000,2.852481,2.844000,2.870000,6.000000,0.000000,0.036225,0.036225,0.000000,0.000000,0,0,0,1.000000,3.200000,3.200000,1,C0,
119.000000,2.850928,2.856000,2.860000,6.000000,0.000000,0.037270,0.037270,0.000000,0.000000,0,0,0,1.000000,3.200000,3.200000,1,C0,
119.500000,2.849588,2.853000,2.850000,6.000000,0.000000,0.032162,0.032162,0.000000,0.000000,0,0,0,1.000000,3.200000,3.200000,1,C0,
120.000000,2.848146,2.846000,2.860000,6.000000,0.000000,0.034616,0.034616,0.000000,0.000000,0,0,0,1.000000,3.200000,3.200000,1,C0,
120.500000,2.846608,2.841000,2.840000,6.000000,0.000000,0.036900,0.036900,0.000000,0.000000,0,0,0,1.000000,3.200000,3.200000,1,C0,
121.000000,2.845241,2.842000,2.840000,6.000000,0.000000,0.032814,0.032814,0.000000,0.000000,0,0,0,1.000000,3.200000,3.200000,1,C0,
121.500000,2.843745,2.842000,2.830000,6.000000,0.000000,0.035903,0.035903,0.000000,0.000000,0,0,0,1.000000,3.200000,3.200000,1,C0,
122.000000,2.842186,2.843000,2.840000,6.000000,0.000000,0.037411,0.037411,0.000000,0.000000,0,0,0,1.000000,3.200000,3.200000,1,C0,
122.500000,2.840775,2.847000,2.850000,6.000000,0.000000,0.033862,0.033862,0.000000,0.000000,0,0,0,1.000000,3.200000,3.200000,1,C0,
123.000000,2.839175,2.845000,2.820000,6.000000,0.000000,0.038415,0.038415,0.000000,0.000000,0,0,0,1.000000,3.200000,3.200000,1,C0,
123.500000,2.837743,2.840000,2.830000,6.000000,0.000000,0.034354,0.034354,0.000000,0.000000,0,0,0,1.000000,3.200000,3.200000,1,C0,
124.000000,2.836205,2.836000,2.840000,6.000000,0.000000,0.036908,0.036908,0.000000,0.000000,0,0,0,1.000000,3.200000,3.200000,1,C0,
124.500000,2.834622,2.831000,2.840000,6.000000,0.000000,0.038001,0.038001,0.000000,0.000000,0,0,0,1.000000,3.200000,3.200000,1,C0,
125.000000,2.833129,2.839000,2.830000,6.000000,0.000000,0.035837,0.035837,0.000000,0.000000,0,0,0,1.000000,3.200000,3.200000,1,C0,
125.500000,2.831594,2.829000,2.830000,6.000000,0.000000,0.036836,0.036836,0.000000,0.000000,0,0,0,1.000000,3.200000,3.200000,1,C0,
126.000000,2.830060,2.841000,2.820000,6.000000,0.000000,0.036804,0.036804,0.000000,0.000000,0,0,0,1.000000,3.200000,3.200000,1,C0,
126.500000,2.828733,2.823000,2.810000,6.000000,0.000000,0.031855,0.031855,0.000000,0.000000,0,0,0,1.000000,3.200000,3.200000,1,C0,
127.000000,2.827193,2.825000,2.840000,6.000000,0.000000,0.036971,0.036971,0.000000,0.000000,0,0,0,1.000000,3.200000,3.200000,1,C0,
127.500000,2.825676,2.829000,2.830000,6.000000,0.000000,0.036404,0.036404,0.000000,0.000000,0,0,0,1.000000,3.200000,3.200000,1,C0,
128.000000,2.824308,2.823000,2.820000,6.000000,0.000000,0.032815,0.032815,0.000000,0.000000,0,0,0,1.000000,3.200000,3.200000,1,C0,
128.500000,2.822881,2.821000,2.820000,6.000000,0.000000,0.034252,0.034252,0.000000,0.000000,0,0,0,1.000000,3.200000,3.200000,1,C0,
129.000000,2.821553,2.815000,2.820000,6.000000,0.000000,0.031871,0.031871,0.000000,0.000000,0,0,0,1.000000,3.200000,3.200000,1,C0,
129.500000,2.820082,2.821000,2.830000,6.000000,0.000000,0.035313,0.035313,0.000000,0.000000,0,0,0,1.000000,3.200000,3.200000,1,C0,
130.000000,2.818621,2.814000,2.800000,6.000000,0.000000,0.035051,0.035051,0.000000,0.000000,0,0,0,1.000000,3.200000,3.200000,1,C0,
130.500000,2.817124,2.816000,2.820000,6.000000,0.000000,0.035948,0.035948,0.000000,0.000000,0,0,0,1.000000,3.200000,3.200000,1,C0,
131.000000,2.815746,2.821000,2.820000,6.000000,0.000000,0.033053,0.033053,0.000000,0.000000,0,0,0,1.000000,3.200000,3.200000,1,C0,
131.500000,2.814284,2.819000,2.810000,6.000000,0.000000,0.035098,0.035098,0.000000,0.000000,0,0,0,1.000000,3.200000,3.200000,1,C0,
132.000000,2.812716,2.805000,2.820000,6.000000,0.000000,0.037624,0.037624,0.000000,0.000000,0,0,0,1.000000,3.200000,3.200000,1,C0,
132.500000,2.811175,2.815000,2.810000,6.000000,0.000000,0.036984,0.036984,0.000000,0.000000,0,0,0,1.000000,3.200000,3.200000,1,C0,
133.000000,2.809622,2.804000,2.810000,6.000000,0.000000,0.037271,0.037271,0.000000,0.000000,0,0,0,1.000000,3.200000,3.200000,1,C0,
133.500000,2.808110,2.804000,2.820000,6.000000,0.000000,0.036306,0.036306,0.000000,0.000000,0,0,0,1.000000,3.200000,3.200000,1,C0,
134.000000,2.806671,2.802000,2.810000,6.000000,0.000000,0.034539,0.034539,0.000000,0.000000,0,0,0,1.000000,3.200000,3.200000,1,C0,
134.500000,2.805305,2.802000,2.800000,6.000000,0.000000,0.032762,0.032762,0.000000,0.000000,0,0,0,1.000000,3.200000,3.200000,1,C0,
135.000000,2.803933,2.807000,2.800000,6.000000,0.000000,0.032942,0.032942,0.000000,0.000000,0,0,0,1.000000,3.200000,3.200000,1,C0,
135.500000,2.802474,2.801000,2.820000,6.000000,0.000000,0.035010,0.035010,0.000000,0.000000,0,0,0,1.000000,3.200000,3.200000,1,C0,
136.000000,2.800922,2.799000,2.800000,6.000000,0.000000,0.037242,0.037242,0.000000,0.000000,1,1,1,1.000000,3.200000,3.200000,1,C0,
136.500000,2.804064,2.804000,2.800000,6.000000,0.113818,0.038414,0.038414,0.000000,0.000000,1,1,1,1.000000,3.200000,3.200000,1,C0,
137.000000,2.807228,2.813000,2.810000,6.000000,0.113721,0.037798,0.037798,0.000000,0.000000,1,1,1,1.000000,3.200000,3.200000,1,C0,
137.500000,2.810476,2.816000,2.820000,6.000000,0.113624,0.035664,0.035664,0.000000,0.000000,1,1,1,1.000000,3.200000,3.200000,1,C0,
138.000000,2.813892,2.819000,2.810000,6.000000,0.113524,0.031538,0.031538,0.000000,0.000000,1,1,1,1.000000,3.200000,3.200000,1,C0,
138.500000,2.817162,2.817000,2.820000,6.000000,0.113419,0.034941,0.034941,0.000000,0.000000,1,1,1,1.000000,3.200000,3.200000,1,C0,
139.000000,2.820500,2.824000,2.820000,6.000000,0.113318,0.033208,0.033208,0.000000,0.000000,1,1,1,1.000000,3.200000,3.200000,1,C0,
139.500000,2.823887,2.827000,2.820000,6.000000,0.113215,0.031917,0.031917,0.000000,0.000000,1,1,1,1.000000,3.200000,3.200000,1,C0,
140.000000,2.827059,2.820000,2.830000,6.000000,0.113111,0.036980,0.036980,0.000000,0.000000,1,1,1,1.000000,3.200000,3.200000,1,C0,
140.500000,2.830249,2.829000,2.830000,6.000000,0.113014,0.036459,0.036459,0.000000,0.000000,1,1,1,1.000000,3.200000,3.200000,1,C0,
141.000000,2.833478,2.833000,2.830000,6.000000,0.112915,0.035429,0.035429,0.000000,0.000000,1,1,1,1.000000,3.200000,3.200000,1,C0,
141.500000,2.836815,2.841000,2.840000,6.000000,0.112816,0.032727,0.032727,0.000000,0.000000,1,1,1,1.000000,3.200000,3.200000,1,C0,
142.000000,2.840167,2.839000,2.840000,6.000000,0.112713,0.032257,0.032257,0.000000,0.000000,1,1,1,1.000000,3.200000,3.200000,1,C0,
142.500000,2.843338,2.853000,2.850000,6.000000,0.112610,0.036513,0.036513,0.000000,0.000000,1,1,1,1.000000,3.200000,3.200000,1,C0,
143.000000,2.846438,2.853000,2.850000,6.000000,0.112513,0.038110,0.038110,0.000000,0.000000,1,1,1,1.000000,3.200000,3.200000,1,C0,
143.500000,2.849727,2.853000,2.840000,6.000000,0.112417,0.033485,0.033485,0.000000,0.000000,1,1,1,1.000000,3.200000,3.200000,1,C0,
144.000000,2.853007,2.856000,2.860000,6.000000,0.112316,0.033592,0.033592,0.000000,0.000000,1,1,1,1.000000,3.200000,3.200000,1,C0,
144.500000,2.856153,2.850000,2.850000,6.000000,0.112215,0.036724,0.036724,0.000000,0.000000,1,1,1,1.000000,3.200000,3.200000,1,C0,
145.000000,2.859294,2.859000,2.860000,6.000000,0.112118,0.036711,0.036711,0.000000,0.000000,1,1,1,1.000000,3.200000,3.200000,1,C0,
145.500000,2.862587,2.863000,2.870000,6.000000,0.112022,0.033004,0.033004,0.000000,0.000000,1,1,1,1.000000,3.200000,3.200000,1,C0,
146.000000,2.865777,2.868000,2.870000,6.000000,0.111920,0.035346,0.035346,0.000000,0.000000,1,1,1,1.000000,3.200000,3.200000,1,C0,
146.500000,2.868919,2.860000,2.850000,6.000000,0.111822,0.036427,0.036427,0.000000,0.000000,1,1,1,1.000000,3.200000,3.200000,1,C0,
147.000000,2.872086,2.867000,2.850000,6.000000,0.111726,0.035727,0.035727,0.000000,0.000000,1,1,1,1.000000,3.200000,3.200000,1,C0,
147.500000,2.875213,2.876000,2.870000,6.000000,0.111628,0.036571,0.036571,0.000000,0.000000,1,1,1,1.000000,3.200000,3.200000,1,C0,
148.000000,2.878538,2.872000,2.890000,6.000000,0.111532,0.031733,0.031733,0.000000,0.000000,1,1,1,1.000000,3.200000,3.200000,1,C0,
148.500000,2.881825,2.879000,2.890000,6.000000,0.111430,0.032547,0.032547,0.000000,0.000000,1,1,1,1.000000,3.200000,3.200000,1,C0,
149.000000,2.884936,2.878000,2.880000,6.000000,0.111328,0.036662,0.036662,0.000000,0.000000,1,1,1,1.000000,3.200000,3.200000,1,C0,
149.500000,2.888092,2.888000,2.880000,6.000000,0.111233,0.035487,0.035487,0.000000,0.000000,1,1,1,1.000000,3.200000,3.200000,1,C0,
150.000000,2.891392,2.886000,2.890000,6.000000,0.111136,0.031925,0.031925,0.000000,0.000000,1,1,1,1.000000,3.200000,3.200000,1,C0,
150.500000,2.894626,2.892000,2.880000,6.000000,0.111034,0.033422,0.033422,0.000000,0.000000,1,1,1,1.000000,3.200000,3.200000,1,C0,
151.000000,2.897728,2.901000,2.900000,6.000000,0.110935,0.036485,0.036485,0.000000,0.000000,1,1,1,1.000000,3.200000,3.200000,1,C0,
151.500000,2.900766,2.900000,2.900000,6.000000,0.110839,0.037938,0.037938,0.000000,0.000000,1,1,1,1.000000,3.200000,3.200000,1,C0,
152.000000,2.904061,2.904000,2.910000,6.000000,0.110746,0.031656,0.031656,0.000000,0.000000,1,1,1,1.000000,3.200000,3.200000,1,C0,
152.500000,2.907313,2.909000,2.910000,6.000000,0.110644,0.032607,0.032607,0.000000,0.000000,1,1,1,1.000000,3.200000,3.200000,1,C0,
153.000000,2.910468,2.909000,2.910000,6.000000,0.110544,0.034809,0.034809,0.000000,0.000000,1,1,1,1.000000,3.200000,3.200000,1,C0,
153.500000,2.913498,2.917000,2.920000,6.000000,0.110447,0.037722,0.037722,0.000000,0.000000,1,1,1,1.000000,3.200000,3.200000,1,C0,
154.000000,2.916686,2.913000,2.900000,6.000000,0.110354,0.033844,0.033844,0.000000,0.000000,1,1,1,1.000000,3.200000,3.200000,1,C0,
154.500000,2.919887,2.920000,2.910000,6.000000,0.110256,0.033436,0.033436,0.000000,0.000000,1,1,1,1.000000,3.200000,3.200000,1,C0,
155.000000,2.923013,2.927000,2.920000,6.000000,0.110157,0.035136,0.035136,0.000000,0.000000,1,1,1,1.000000,3.200000,3.200000,1,C0,
155.500000,2.926232,2.931000,2.900000,6.000000,0.110061,0.032804,0.032804,0.000000,0.000000,1,1,1,1.000000,3.200000,3.200000,1,C0,
156.000000,2.929423,2.926000,2.930000,6.000000,0.109962,0.033375,0.033375,0.000000,0.000000,1,1,1,1.000000,3.200000,3.200000,1,C0,
156.500000,2.932559,2.935000,2.940000,6.000000,0.109864,0.034618,0.034618,0.000000,0.000000,1,1,1,1.000000,3.200000,3.200000,1,C0,
157.000000,2.935680,2.938000,2.930000,6.000000,0.109767,0.034855,0.034855,0.000000,0.000000,1,1,1,1.000000,3.200000,3.200000,1,C0,
157.500000,2.938834,2.939000,2.950000,6.000000,0.109671,0.033970,0.033970,0.000000,0.000000,1,1,1,1.000000,3.200000,3.200000,1,C0,
158.000000,2.941984,2.938000,2.970000,6.000000,0.109574,0.033983,0.033983,0.000000,0.000000,1,1,1,1.000000,3.200000,3.200000,1,C0,
158.500000,2.945167,2.946000,2.940000,6.000000,0.109477,0.033077,0.033077,0.000000,0.000000,1,1,1,1.000000,3.200000,3.200000,1,C0,
159.000000,2.948370,2.947000,2.950000,6.000000,0.109379,0.032512,0.032512,0.000000,0.000000,1,1,1,1.000000,3.200000,3.200000,1,C0,
159.500000,2.951453,2.946000,2.980000,6.000000,0.109281,0.035299,0.035299,0.000000,0.000000,1,1,1,1.000000,3.200000,3.200000,1,C0,
160.000000,2.954517,2.946000,2.960000,6.000000,0.109186,0.035636,0.035636,0.000000,0.000000,1,1,1,1.000000,3.200000,3.200000,1,C0,
160.500000,2.957661,2.957000,2.970000,6.000000,0.109092,0.033633,0.033633,0.000000,0.000000,1,1,1,1.000000,3.200000,3.200000,1,C0,
161.000000,2.960619,2.961000,2.950000,6.000000,0.108995,0.038009,0.038009,0.000000,0.000000,1,1,1,1.000000,3.200000,3.200000,1,C0,
161.500000,2.963800,2.967000,2.960000,6.000000,0.108904,0.032560,0.032560,0.000000,0.000000,1,1,1,1.000000,3.200000,3.200000,1,C0,
162.000000,2.966780,2.964000,2.970000,6.000000,0.108806,0.037295,0.037295,0.000000,0.000000,1,1,1,1.000000,3.200000,3.200000,1,C0,
162.500000,2.969756,2.969000,2.960000,6.000000,0.108714,0.037291,0.037291,0.000000,0.000000,1,1,1,1.000000,3.200000,3.200000,1,C0,
163.000000,2.972794,2.992000,2.990000,6.000000,0.108623,0.035694,0.035694,0.000000,0.000000,1,1,1,1.000000,3.200000,3.200000,1,C0,
163.500000,2.975733,2.982000,2.980000,6.000000,0.108529,0.038000,0.038000,0.000000,0.000000,1,1,1,1.000000,3.200000,3.200000,1,C0,
164.000000,2.978764,2.981000,2.990000,6.000000,0.108439,0.035685,0.035685,0.000000,0.000000,1,1,1,1.000000,3.200000,3.200000,1,C0,
164.500000,2.981793,2.984000,3.000000,6.000000,0.108346,0.035659,0.035659,0.000000,0.000000,1,1,1,1.000000,3.200000,3.200000,1,C0,
165.000000,2.984963,2.976000,3.000000,6.000000,0.108253,0.032162,0.032162,0.000000,0.000000,1,1,1,1.000000,3.200000,3.200000,1,C0,
165.500000,2.988098,2.986000,3.000000,6.000000,0.108155,0.032927,0.032927,0.000000,0.000000,1,1,1,1.000000,3.200000,3.200000,1,C0,
166.000000,2.991150,2.997000,2.990000,6.000000,0.108059,0.034801,0.034801,0.000000,0.000000,1,1,1,1.000000,3.200000,3.200000,1,C0,
166.500000,2.994313,2.993000,2.980000,6.000000,0.107965,0.032056,0.032056,0.000000,0.000000,1,1,1,1.000000,3.200000,3.200000,1,C0,
167.000000,2.997376,2.993000,3.020000,6.000000,0.107867,0.034351,0.034351,0.000000,0.000000,1,1,1,1.000000,3.200000,3.200000,1,C0,
167.500000,3.000434,3.003000,2.990000,6.000000,0.107773,0.034384,0.034384,0.000000,0.000000,1,1,1,1.000000,3.200000,3.200000,1,C0,
168.000000,3.003583,3.001000,2.990000,6.000000,0.107679,0.032111,0.032111,0.000000,0.000000,1,1,1,1.000000,3.200000,3.200000,1,C0,
168.500000,3.006585,3.008000,3.010000,6.000000,0.107582,0.035543,0.035543,0.000000,0.000000,1,1,1,1.000000,3.200000,3.200000,1,C0,
169.000000,3.009561,3.008000,3.010000,6.000000,0.107490,0.036047,0.036047,0.000000,0.000000,1,1,1,1.000000,3.200000,3.200000,1,C0,
169.500000,3.012700,3.007000,3.030000,6.000000,0.107398,0.032064,0.032064,0.000000,0.000000,1,1,1,1.000000,3.200000,3.200000,1,C0,
170.000000,3.015811,3.017000,3.020000,6.000000,0.107302,0.032642,0.032642,0.000000,0.000000,1,1,1,1.000000,3.200000,3.200000,1,C0,
170.500000,3.018729,3.013000,3.010000,6.000000,0.107206,0.037175,0.037175,0.000000,0.000000,1,1,1,1.000000,3.200000,3.200000,1,C0,
171.000000,3.021591,3.017000,3.010000,6.000000,0.107116,0.038417,0.038417,0.000000,0.000000,1,1,1,1.000000,3.200000,3.200000,1,C0,
171.500000,3.024597,3.024000,3.020000,6.000000,0.107028,0.034906,0.034906,0.000000,0.000000,1,1,1,1.000000,3.200000,3.200000,1,C0,
172.000000,3.027573,3.038000,3.020000,6.000000,0.106935,0.035508,0.035508,0.000000,0.000000,1,1,1,1.000000,3.200000,3.200000,1,C0,
172.500000,3.030571,3.035000,3.050000,6.000000,0.106844,0.034897,0.034897,0.000000,0.000000,1,1,1,1.000000,3.200000,3.200000,1,C0,
173.000000,3.033593,3.042000,3.030000,6.000000,0.106752,0.034201,0.034201,0.000000,0.000000,1,1,1,1.000000,3.200000,3.200000,1,C0,
173.500000,3.036457,3.047000,3.040000,6.000000,0.106659,0.037943,0.037943,0.000000,0.000000,1,1,1,1.000000,3.200000,3.200000,1,C0,
174.000000,3.039479,3.040000,3.050000,6.000000,0.106571,0.034030,0.034030,0.000000,0.000000,1,1,1,1.000000,3.200000,3.200000,1,C0,
174.500000,3.042506,3.055000,3.030000,6.000000,0.106478,0.033841,0.033841,0.000000,0.000000,1,1,1,1.000000,3.200000,3.200000,1,C0,
175.000000,3.045423,3.046000,3.050000,6.000000,0.106384,0.036364,0.036364,0.000000,0.000000,1,1,1,1.000000,3.200000,3.200000,1,C0,
175.500000,3.048527,3.036000,3.050000,6.000000,0.106295,0.031798,0.031798,0.000000,0.000000,1,1,1,1.000000,3.200000,3.200000,1,C0,
176.000000,3.051628,3.051000,3.050000,6.000000,0.106199,0.031773,0.031773,0.000000,0.000000,1,1,1,1.000000,3.200000,3.200000,1,C0,
176.500000,3.054573,3.053000,3.050000,6.000000,0.106104,0.035438,0.035438,0.000000,0.000000,1,1,1,1.000000,3.200000,3.200000,1,C0,
177.000000,3.057475,3.062000,3.050000,6.000000,0.106013,0.036359,0.036359,0.000000,0.000000,1,1,1,1.000000,3.200000,3.200000,1,C0,
177.500000,3.060466,3.054000,3.080000,6.000000,0.105924,0.034137,0.034137,0.000000,0.000000,1,1,1,1.000000,3.200000,3.200000,1,C0,
178.000000,3.063444,3.057000,3.070000,6.000000,0.105832,0.034370,0.034370,0.000000,0.000000,1,1,1,1.000000,3.200000,3.200000,1,C0,
178.500000,3.066359,3.055000,3.070000,6.000000,0.105740,0.035785,0.035785,0.000000,0.000000,1,1,1,1.000000,3.200000,3.200000,1,C0,
179.000000,3.069229,3.073000,3.060000,6.000000,0.105651,0.036767,0.036767,0.000000,0.000000,1,1,1,1.000000,3.200000,3.200000,1,C0,
179.500000,3.072299,3.074000,3.070000,6.000000,0.105562,0.031880,0.031880,0.000000,0.000000,1,1,1,1.000000,3.200000,3.200000,1,C0,
180.000000,3.075312,3.074000,3.070000,6.000000,0.105468,0.033146,0.033146,0.000000,0.000000,1,1,1,1.000000,4.800000,4.800000,1,C1,INV-004|INV-005
180.500000,3.078370,3.083000,3.080000,6.000000,0.105375,0.031990,0.031990,0.000000,0.000000,1,1,1,1.000000,4.800000,4.800000,1,C1,INV-005
181.000000,3.081390,3.075000,3.090000,6.000000,0.105281,0.032795,0.032795,0.000000,0.000000,1,1,1,1.000000,4.800000,4.800000,1,C1,INV-005
181.500000,3.084192,3.087000,3.090000,6.000000,0.105188,0.037940,0.037940,0.000000,0.000000,1,1,1,1.000000,4.800000,4.800000,1,C1,INV-005
182.000000,3.087195,3.085000,3.090000,6.000000,0.105102,0.033022,0.033022,0.000000,0.000000,1,1,1,1.000000,4.800000,4.800000,1,C1,INV-005
182.500000,3.090109,3.097000,3.090000,6.000000,0.105009,0.035087,0.035087,0.000000,0.000000,1,1,1,1.000000,4.800000,4.800000,1,C1,INV-005
183.000000,3.092887,3.094000,3.080000,6.000000,0.104920,0.038242,0.038242,0.000000,0.000000,1,1,1,1.000000,4.800000,4.800000,1,C1,INV-005
183.500000,3.095746,3.106000,3.110000,6.000000,0.104834,0.036213,0.036213,0.000000,0.000000,1,1,1,1.000000,4.800000,4.800000,1,C1,INV-005
184.000000,3.098586,3.089000,3.100000,6.000000,0.104746,0.036585,0.036585,0.000000,0.000000,1,1,1,1.000000,4.800000,4.800000,1,C1,INV-005
184.500000,3.101418,3.107000,3.110000,6.000000,0.104659,0.036706,0.036706,0.000000,0.000000,1,1,1,1.000000,4.800000,4.800000,1,C1,INV-005
185.000000,3.104200,3.110000,3.080000,6.000000,0.104572,0.037790,0.037790,0.000000,0.000000,1,1,1,1.000000,4.800000,4.800000,1,C1,INV-005
185.500000,3.107097,3.102000,3.130000,6.000000,0.104486,0.034969,0.034969,0.000000,0.000000,1,1,1,1.000000,4.800000,4.800000,1,C1,INV-005
186.000000,3.109910,3.115000,3.100000,6.000000,0.104397,0.036878,0.036878,0.000000,0.000000,1,1,1,1.000000,4.800000,4.800000,1,C1,INV-005
186.500000,3.112784,3.114000,3.110000,6.000000,0.104310,0.035347,0.035347,0.000000,0.000000,1,1,1,1.000000,4.800000,4.800000,1,C1,INV-005
187.000000,3.115685,3.110000,3.120000,6.000000,0.104222,0.034585,0.034585,0.000000,0.000000,1,1,1,1.000000,4.800000,4.800000,1,C1,INV-005
187.500000,3.118636,3.112000,3.120000,6.000000,0.104133,0.033325,0.033325,0.000000,0.000000,1,1,1,1.000000,4.800000,4.800000,1,C1,INV-005
188.000000,3.121380,3.117000,3.130000,6.000000,0.104042,0.038182,0.038182,0.000000,0.000000,1,1,1,1.000000,4.800000,4.800000,1,C1,INV-005
188.500000,3.124182,3.131000,3.110000,6.000000,0.103958,0.036712,0.036712,0.000000,0.000000,1,1,1,1.000000,4.800000,4.800000,1,C1,INV-005
189.000000,3.126994,3.124000,3.120000,6.000000,0.103871,0.036380,0.036380,0.000000,0.000000,1,1,1,1.000000,4.800000,4.800000,1,C1,INV-005
189.500000,3.129990,3.128000,3.130000,6.000000,0.103785,0.031882,0.031882,0.000000,0.000000,1,1,1,1.000000,4.800000,4.800000,1,C1,INV-005
190.000000,3.132745,3.139000,3.130000,6.000000,0.103693,0.037556,0.037556,0.000000,0.000000,1,1,1,1.000000,4.800000,4.800000,1,C1,INV-005
190.500000,3.135644,3.130000,3.130000,6.000000,0.103608,0.034031,0.034031,0.000000,0.000000,1,1,1,1.000000,4.800000,4.800000,1,C1,INV-005
191.000000,3.138412,3.135000,3.150000,6.000000,0.103519,0.037109,0.037109,0.000000,0.000000,1,1,1,1.000000,4.800000,4.800000,1,C1,INV-005
191.500000,3.141192,3.139000,3.130000,6.000000,0.103433,0.036702,0.036702,0.000000,0.000000,1,1,1,1.000000,4.800000,4.800000,1,C1,INV-005
192.000000,3.144180,3.137000,3.140000,6.000000,0.103348,0.031640,0.031640,0.000000,0.000000,1,1,1,1.000000,4.800000,4.800000,1,C1,INV-005
192.500000,3.146888,3.146000,3.140000,6.000000,0.103256,0.038264,0.038264,0.000000,0.000000,1,1,1,1.000000,4.800000,4.800000,1,C1,INV-005
193.000000,3.149684,3.146000,3.150000,6.000000,0.103173,0.036071,0.036071,0.000000,0.000000,1,1,1,1.000000,4.800000,4.800000,1,C1,INV-005
193.500000,3.152415,3.145000,3.140000,6.000000,0.103087,0.037533,0.037533,0.000000,0.000000,1,1,1,1.000000,4.800000,4.800000,1,C1,INV-005
194.000000,3.155321,3.142000,3.160000,6.000000,0.103003,0.033256,0.033256,0.000000,0.000000,1,1,1,1.000000,4.800000,4.800000,1,C1,INV-005
194.500000,3.158014,3.160000,3.160000,6.000000,0.102913,0.038299,0.038299,0.000000,0.000000,1,1,1,1.000000,4.800000,4.800000,1,C1,INV-005
195.000000,3.160935,3.162000,3.160000,6.000000,0.102830,0.032720,0.032720,0.000000,0.000000,1,1,1,1.000000,4.800000,4.800000,1,C1,INV-005
195.500000,3.163901,3.169000,3.150000,6.000000,0.102740,0.031557,0.031557,0.000000,0.000000,1,1,1,1.000000,4.800000,4.800000,1,C1,INV-005
196.000000,3.166718,3.163000,3.170000,6.000000,0.102649,0.035034,0.035034,0.000000,0.000000,1,1,1,1.000000,4.800000,4.800000,1,C1,INV-005
196.500000,3.169513,3.174000,3.190000,6.000000,0.102563,0.035489,0.035489,0.000000,0.000000,1,1,1,1.000000,4.800000,4.800000,1,C1,INV-005
197.000000,3.172263,3.176000,3.170000,6.000000,0.102477,0.036463,0.036463,0.000000,0.000000,1,1,1,1.000000,4.800000,4.800000,1,C1,INV-005
197.500000,3.175006,3.169000,3.170000,6.000000,0.102392,0.036573,0.036573,0.000000,0.000000,1,1,1,1.000000,4.800000,4.800000,1,C1,INV-005
198.000000,3.177871,3.173000,3.170000,6.000000,0.102308,0.033555,0.033555,0.000000,0.000000,1,1,1,1.000000,4.800000,4.800000,1,C1,INV-005
198.500000,3.180645,3.180000,3.180000,6.000000,0.102219,0.035630,0.035630,0.000000,0.000000,1,1,1,1.000000,4.800000,4.800000,1,C1,INV-005
199.000000,3.183538,3.194000,3.170000,6.000000,0.102134,0.032712,0.032712,0.000000,0.000000,1,1,1,1.000000,4.800000,4.800000,1,C1,INV-005
199.500000,3.186433,3.183000,3.190000,6.000000,0.102045,0.032565,0.032565,0.000000,0.000000,1,1,1,1.000000,4.800000,4.800000,1,C1,INV-005
200.000000,3.189110,3.192000,3.180000,6.000000,0.101956,0.037688,0.037688,0.000000,0.000000,1,1,1,1.000000,4.800000,4.800000,1,C1,INV-005
200.500000,3.191918,3.181000,3.200000,6.000000,0.101874,0.034481,0.034481,0.000000,0.000000,1,1,1,1.000000,4.800000,4.800000,1,C1,INV-005
201.000000,3.194577,3.194000,3.200000,6.000000,0.101787,0.037980,0.037980,0.000000,0.000000,1,1,1,1.000000,4.800000,4.800000,1,C1,INV-005
201.500000,3.197339,3.194000,3.190000,6.000000,0.101705,0.035418,0.035418,0.000000,0.000000,1,1,1,1.000000,4.800000,4.800000,1,C1,INV-005
202.000000,3.199987,3.204000,3.200000,6.000000,0.101620,0.038069,0.038069,0.000000,0.000000,1,1,1,1.000000,4.800000,4.800000,1,C1,INV-005
202.500000,3.202826,3.205000,3.210000,6.000000,0.101539,0.033395,0.033395,0.000000,0.000000,1,1,1,1.000000,4.800000,4.800000,1,C1,INV-005
203.000000,3.205574,3.202000,3.210000,6.000000,0.101451,0.035511,0.035511,0.000000,0.000000,1,1,1,1.000000,4.800000,4.800000,1,C1,INV-005
203.500000,3.208385,3.207000,3.210000,6.000000,0.101367,0.033895,0.033895,0.000000,0.000000,1,1,1,1.000000,4.800000,4.800000,1,C1,INV-005
204.000000,3.211246,3.211000,3.220000,6.000000,0.101280,0.032623,0.032623,0.000000,0.000000,1,1,1,1.000000,4.800000,4.800000,1,C1,INV-005
204.500000,3.213892,3.209000,3.200000,6.000000,0.101192,0.037681,0.037681,0.000000,0.000000,1,1,1,1.000000,4.800000,4.800000,1,C1,INV-005
205.000000,3.216661,3.224000,3.210000,6.000000,0.101111,0.034658,0.034658,0.000000,0.000000,1,1,1,1.000000,4.800000,4.800000,1,C1,INV-005
205.500000,3.219485,3.214000,3.210000,6.000000,0.101026,0.033257,0.033257,0.000000,0.000000,1,1,1,1.000000,4.800000,4.800000,1,C1,INV-005
206.000000,3.222264,3.217000,3.230000,6.000000,0.100939,0.034240,0.034240,0.000000,0.000000,1,1,1,1.000000,4.800000,4.800000,1,C1,INV-005
206.500000,3.225026,3.220000,3.220000,6.000000,0.100853,0.034554,0.034554,0.000000,0.000000,1,1,1,1.000000,4.800000,4.800000,1,C1,INV-005
207.000000,3.227755,3.220000,3.210000,6.000000,0.100768,0.035282,0.035282,0.000000,0.000000,1,1,1,1.000000,4.800000,4.800000,1,C1,INV-005
207.500000,3.230372,3.232000,3.220000,6.000000,0.100684,0.037870,0.037870,0.000000,0.000000,1,1,1,1.000000,4.800000,4.800000,1,C1,INV-005
208.000000,3.233181,3.233000,3.230000,6.000000,0.100604,0.033198,0.033198,0.000000,0.000000,1,1,1,1.000000,4.800000,4.800000,1,C1,INV-005
208.500000,3.235808,3.233000,3.240000,6.000000,0.100518,0.037460,0.037460,0.000000,0.000000,1,1,1,1.000000,4.800000,4.800000,1,C1,INV-005
209.000000,3.238610,3.238000,3.250000,6.000000,0.100437,0.033185,0.033185,0.000000,0.000000,1,1,1,1.000000,4.800000,4.800000,1,C1,INV-005
209.500000,3.241464,3.247000,3.250000,6.000000,0.100350,0.031874,0.031874,0.000000,0.000000,1,1,1,1.000000,4.800000,4.800000,1,C1,INV-005
210.000000,3.244094,3.246000,3.230000,6.000000,0.100263,0.037147,0.037147,0.000000,0.000000,1,1,1,1.000000,4.800000,4.800000,1,C1,INV-005
210.500000,3.246826,3.247000,3.250000,6.000000,0.100182,0.034612,0.034612,0.000000,0.000000,1,1,1,1.000000,4.800000,4.800000,1,C1,INV-005
211.000000,3.249452,3.244000,3.250000,6.000000,0.100098,0.037075,0.037075,0.000000,0.000000,1,1,1,1.000000,4.800000,4.800000,1,C1,INV-005
211.500000,3.252278,3.244000,3.260000,6.000000,0.100017,0.032191,0.032191,0.000000,0.000000,1,1,1,1.000000,4.800000,4.800000,1,C1,INV-005
212.000000,3.255038,3.245000,3.250000,6.000000,0.099930,0.033689,0.033689,0.000000,0.000000,1,1,1,1.000000,4.800000,4.800000,1,C1,INV-005
212.500000,3.257788,3.263000,3.270000,6.000000,0.099845,0.033842,0.033842,0.000000,0.000000,1,1,1,1.000000,4.800000,4.800000,1,C1,INV-005
213.000000,3.260528,3.271000,3.260000,6.000000,0.099760,0.034008,0.034008,0.000000,0.000000,1,1,1,1.000000,4.800000,4.800000,1,C1,INV-005
213.500000,3.263276,3.259000,3.260000,6.000000,0.099676,0.033712,0.033712,0.000000,0.000000,1,1,1,1.000000,4.800000,4.800000,1,C1,INV-005
214.000000,3.265969,3.264000,3.260000,6.000000,0.099592,0.034964,0.034964,0.000000,0.000000,1,1,1,1.000000,4.800000,4.800000,1,C1,INV-005
214.500000,3.268793,3.267000,3.250000,6.000000,0.099509,0.031735,0.031735,0.000000,0.000000,1,1,1,1.000000,4.800000,4.800000,1,C1,INV-005
215.000000,3.271344,3.277000,3.270000,6.000000,0.099422,0.038191,0.038191,0.000000,0.000000,1,1,1,1.000000,4.800000,4.800000,1,C1,INV-005
215.500000,3.274120,3.268000,3.290000,6.000000,0.099343,0.032709,0.032709,0.000000,0.000000,1,1,1,1.000000,4.800000,4.800000,1,C1,INV-005
216.000000,3.276939,3.274000,3.290000,6.000000,0.099258,0.031607,0.031607,0.000000,0.000000,1,1,1,1.000000,4.800000,4.800000,1,C1,INV-005
216.500000,3.279635,3.272000,3.270000,6.000000,0.099171,0.034474,0.034474,0.000000,0.000000,1,1,1,1.000000,4.800000,4.800000,1,C1,INV-005
217.000000,3.282336,3.280000,3.290000,6.000000,0.099088,0.034271,0.034271,0.000000,0.000000,1,1,1,1.000000,4.800000,4.800000,1,C1,INV-005
217.500000,3.284857,3.280000,3.280000,6.000000,0.099005,0.038489,0.038489,0.000000,0.000000,1,1,1,1.000000,4.800000,4.800000,1,C1,INV-005
218.000000,3.287648,3.285000,3.290000,6.000000,0.098927,0.031949,0.031949,0.000000,0.000000,1,1,1,1.000000,4.800000,4.800000,1,C1,INV-005
218.500000,3.290437,3.293000,3.290000,6.000000,0.098842,0.031898,0.031898,0.000000,0.000000,1,1,1,1.000000,4.800000,4.800000,1,C1,INV-005
219.000000,3.293167,3.305000,3.300000,6.000000,0.098756,0.033234,0.033234,0.000000,0.000000,1,1,1,1.000000,4.800000,4.800000,1,C1,INV-005
219.500000,3.295811,3.292000,3.280000,6.000000,0.098672,0.035212,0.035212,0.000000,0.000000,1,1,1,1.000000,4.800000,4.800000,1,C1,INV-005
220.000000,3.298451,3.298000,3.280000,6.000000,0.098590,0.035247,0.035247,0.000000,0.000000,1,1,1,1.000000,4.800000,4.800000,1,C1,INV-005
220.500000,3.300975,3.307000,3.320000,6.000000,0.098509,0.037918,0.037918,0.000000,0.000000,1,1,1,1.000000,4.800000,4.800000,1,C1,INV-005
221.000000,3.303610,3.296000,3.310000,6.000000,0.098432,0.035214,0.035214,0.000000,0.000000,1,1,1,1.000000,4.800000,4.800000,1,C1,INV-005
221.500000,3.306370,3.300000,3.290000,6.000000,0.098350,0.032091,0.032091,0.000000,0.000000,1,1,1,1.000000,4.800000,4.800000,1,C1,INV-005
222.000000,3.308973,3.307000,3.300000,6.000000,0.098266,0.035810,0.035810,0.000000,0.000000,1,1,1,1.000000,4.800000,4.800000,1,C1,INV-005
222.500000,3.311532,3.302000,3.320000,6.000000,0.098185,0.036758,0.036758,0.000000,0.000000,1,1,1,1.000000,4.800000,4.800000,1,C1,INV-005
223.000000,3.314043,3.303000,3.310000,6.000000,0.098107,0.037839,0.037839,0.000000,0.000000,1,1,1,1.000000,4.800000,4.800000,1,C1,INV-005
223.500000,3.316705,3.318000,3.280000,6.000000,0.098029,0.034159,0.034159,0.000000,0.000000,1,1,1,1.000000,4.800000,4.800000,1,C1,INV-005
224.000000,3.319282,3.316000,3.310000,6.000000,0.097948,0.036097,0.036097,0.000000,0.000000,1,1,1,1.000000,4.800000,4.800000,1,C1,INV-005
224.500000,3.321919,3.328000,3.340000,6.000000,0.097868,0.034566,0.034566,0.000000,0.000000,1,1,1,1.000000,4.800000,4.800000,1,C1,INV-005
225.000000,3.324656,3.330000,3.340000,6.000000,0.097787,0.032097,0.032097,0.000000,0.000000,1,1,1,1.000000,4.800000,4.800000,1,C1,INV-005
225.500000,3.327393,3.322000,3.330000,6.000000,0.097703,0.032027,0.032027,0.000000,0.000000,1,1,1,1.000000,4.800000,4.800000,1,C1,INV-005
226.000000,3.329972,3.336000,3.340000,6.000000,0.097619,0.035716,0.035716,0.000000,0.000000,1,1,1,1.000000,4.800000,4.800000,1,C1,INV-005
226.500000,3.332554,3.331000,3.320000,6.000000,0.097539,0.035574,0.035574,0.000000,0.000000,1,1,1,1.000000,4.800000,4.800000,1,C1,INV-005
227.000000,3.335167,3.336000,3.340000,6.000000,0.097460,0.034742,0.034742,0.000000,0.000000,1,1,1,1.000000,4.800000,4.800000,1,C1,INV-005
227.500000,3.337773,3.348000,3.350000,6.000000,0.097379,0.034843,0.034843,0.000000,0.000000,1,1,1,1.000000,4.800000,4.800000,1,C1,INV-005
228.000000,3.340247,3.335000,3.350000,6.000000,0.097299,0.037920,0.037920,0.000000,0.000000,1,1,1,1.000000,4.800000,4.800000,1,C1,INV-005
228.500000,3.342978,3.342000,3.350000,6.000000,0.097223,0.031693,0.031693,0.000000,0.000000,1,1,1,1.000000,4.800000,4.800000,1,C1,INV-005
229.000000,3.345642,3.354000,3.360000,6.000000,0.097139,0.033199,0.033199,0.000000,0.000000,1,1,1,1.000000,4.800000,4.800000,1,C1,INV-005
229.500000,3.348324,3.345000,3.350000,6.000000,0.097057,0.032687,0.032687,0.000000,0.000000,1,1,1,1.000000,4.800000,4.800000,1,C1,INV-005
230.000000,3.350782,3.345000,3.340000,6.000000,0.096975,0.037983,0.037983,0.000000,0.000000,1,1,1,1.000000,4.800000,4.800000,1,C1,INV-005
230.500000,3.353456,3.351000,3.380000,6.000000,0.096899,0.032713,0.032713,0.000000,0.000000,1,1,1,1.000000,4.800000,4.800000,1,C1,INV-005
231.000000,3.356160,3.350000,3.350000,6.000000,0.096817,0.031917,0.031917,0.000000,0.000000,1,1,1,1.000000,4.800000,4.800000,1,C1,INV-005
231.500000,3.358651,3.367000,3.370000,6.000000,0.096734,0.036949,0.036949,0.000000,0.000000,1,1,1,1.000000,4.800000,4.800000,1,C1,INV-005
232.000000,3.361343,3.363000,3.360000,6.000000,0.096657,0.032069,0.032069,0.000000,0.000000,1,1,1,1.000000,4.800000,4.800000,1,C1,INV-005
232.500000,3.363867,3.351000,3.370000,6.000000,0.096574,0.035995,0.035995,0.000000,0.000000,1,1,1,1.000000,4.800000,4.800000,1,C1,INV-005
233.000000,3.366499,3.361000,3.360000,6.000000,0.096496,0.033319,0.033319,0.000000,0.000000,1,1,1,1.000000,4.800000,4.800000,1,C1,INV-005
233.500000,3.368959,3.371000,3.360000,6.000000,0.096415,0.037386,0.037386,0.000000,0.000000,1,1,1,1.000000,4.800000,4.800000,1,C1,INV-005
234.000000,3.371594,3.369000,3.390000,6.000000,0.096340,0.033083,0.033083,0.000000,0.000000,1,1,1,1.000000,4.800000,4.800000,1,C1,INV-005
234.500000,3.374091,3.380000,3.370000,6.000000,0.096259,0.036331,0.036331,0.000000,0.000000,1,1,1,1.000000,4.800000,4.800000,1,C1,INV-005
235.000000,3.376726,3.370000,3.390000,6.000000,0.096182,0.032942,0.032942,0.000000,0.000000,1,1,1,1.000000,4.800000,4.800000,1,C1,INV-005
235.500000,3.379142,3.380000,3.370000,6.000000,0.096101,0.038131,0.038131,0.000000,0.000000,1,1,1,1.000000,4.800000,4.800000,1,C1,INV-005
236.000000,3.381645,3.387000,3.390000,6.000000,0.096026,0.035952,0.035952,0.000000,0.000000,1,1,1,1.000000,4.800000,4.800000,1,C1,INV-005
236.500000,3.384067,3.381000,3.390000,6.000000,0.095949,0.037813,0.037813,0.000000,0.000000,1,1,1,1.000000,4.800000,4.800000,1,C1,INV-005
237.000000,3.386706,3.383000,3.390000,6.000000,0.095875,0.032541,0.032541,0.000000,0.000000,1,1,1,1.000000,4.800000,4.800000,1,C1,INV-005
237.500000,3.389165,3.392000,3.390000,6.000000,0.095794,0.036785,0.036785,0.000000,0.000000,1,1,1,1.000000,4.800000,4.800000,1,C1,INV-005
238.000000,3.391730,3.395000,3.380000,6.000000,0.095718,0.034164,0.034164,0.000000,0.000000,1,1,1,1.000000,4.800000,4.800000,1,C1,INV-005
238.500000,3.394369,3.395000,3.390000,6.000000,0.095639,0.032299,0.032299,0.000000,0.000000,1,1,1,1.000000,4.800000,4.800000,1,C1,INV-005
239.000000,3.396971,3.404000,3.400000,6.000000,0.095558,0.033095,0.033095,0.000000,0.000000,1,1,1,1.000000,4.800000,4.800000,1,C1,INV-005
239.500000,3.399487,3.398000,3.390000,6.000000,0.095478,0.035096,0.035096,0.000000,0.000000,1,1,1,1.000000,4.800000,4.800000,1,C1,INV-005
240.000000,3.402029,3.403000,3.380000,6.000000,0.095400,0.034398,0.034398,0.000000,0.000000,1,1,1,1.000000,4.800000,4.800000,1,C1,INV-005
240.500000,3.404478,3.409000,3.400000,6.000000,0.095322,0.036546,0.036546,0.000000,0.000000,1,1,1,1.000000,4.800000,4.800000,1,C1,INV-005
241.000000,3.406944,3.394000,3.410000,6.000000,0.095247,0.036051,0.036051,0.000000,0.000000,1,1,1,1.000000,4.800000,4.800000,1,C1,INV-005
241.500000,3.409333,3.405000,3.420000,6.000000,0.095171,0.037844,0.037844,0.000000,0.000000,1,1,1,1.000000,4.800000,4.800000,1,C1,INV-005
242.000000,3.411840,3.404000,3.440000,6.000000,0.095097,0.034940,0.034940,0.000000,0.000000,1,1,1,1.000000,4.800000,4.800000,1,C1,INV-005
242.500000,3.414400,3.420000,3.420000,6.000000,0.095020,0.033579,0.033579,0.000000,0.000000,1,1,1,1.000000,4.800000,4.800000,1,C1,INV-005
243.000000,3.416815,3.413000,3.410000,6.000000,0.094942,0.036987,0.036987,0.000000,0.000000,1,1,1,1.000000,4.800000,4.800000,1,C1,INV-005
243.500000,3.419278,3.421000,3.440000,6.000000,0.094867,0.035739,0.035739,0.000000,0.000000,1,1,1,1.000000,4.800000,4.800000,1,C1,INV-005
244.000000,3.421736,3.422000,3.420000,6.000000,0.094791,0.035801,0.035801,0.000000,0.000000,1,1,1,1.000000,4.800000,4.800000,1,C1,INV-005
244.500000,3.424316,3.427000,3.440000,6.000000,0.094716,0.032793,0.032793,0.000000,0.000000,1,1,1,1.000000,4.800000,4.800000,1,C1,INV-005
245.000000,3.426687,3.428000,3.440000,6.000000,0.094636,0.037729,0.037729,0.000000,0.000000,1,1,1,1.000000,4.800000,4.800000,1,C1,INV-005
245.500000,3.429122,3.426000,3.420000,6.000000,0.094563,0.036121,0.036121,0.000000,0.000000,1,1,1,1.000000,4.800000,4.800000,1,C1,INV-005
246.000000,3.431683,3.436000,3.430000,6.000000,0.094489,0.033032,0.033032,0.000000,0.000000,1,1,1,1.000000,4.800000,4.800000,1,C1,INV-005
246.500000,3.434115,3.431000,3.440000,6.000000,0.094410,0.036044,0.036044,0.000000,0.000000,1,1,1,1.000000,4.800000,4.800000,1,C1,INV-005
247.000000,3.436480,3.432000,3.440000,6.000000,0.094335,0.037569,0.037569,0.000000,0.000000,1,1,1,1.000000,4.800000,4.800000,1,C1,INV-005
247.500000,3.439028,3.440000,3.430000,6.000000,0.094262,0.033127,0.033127,0.000000,0.000000,1,1,1,1.000000,4.800000,4.800000,1,C1,INV-005
248.000000,3.441410,3.429000,3.440000,6.000000,0.094184,0.037000,0.037000,0.000000,0.000000,1,1,1,1.000000,4.800000,4.800000,1,C1,INV-005
248.500000,3.444006,3.443000,3.450000,6.000000,0.094110,0.031805,0.031805,0.000000,0.000000,1,1,1,1.000000,4.800000,4.800000,1,C1,INV-005
249.000000,3.446451,3.445000,3.450000,6.000000,0.094031,0.035356,0.035356,0.000000,0.000000,1,1,1,1.000000,4.800000,4.800000,1,C1,INV-005
249.500000,3.448981,3.452000,3.470000,6.000000,0.093955,0.033236,0.033236,0.000000,0.000000,1,1,1,1.000000,4.800000,4.800000,1,C1,INV-005
250.000000,3.451327,3.449000,3.450000,6.000000,0.093878,0.037580,0.037580,0.000000,0.000000,1,1,1,1.000000,4.800000,4.800000,1,C1,INV-005
250.500000,3.453902,3.446000,3.460000,6.000000,0.093805,0.031999,0.031999,0.000000,0.000000,1,1,1,1.000000,4.800000,4.800000,1,C1,INV-005
251.000000,3.456204,3.456000,3.450000,6.000000,0.093726,0.038473,0.038473,0.000000,0.000000,1,1,1,1.000000,4.800000,4.800000,1,C1,INV-005
251.500000,3.458716,3.455000,3.450000,6.000000,0.093655,0.033362,0.033362,0.000000,0.000000,1,1,1,1.000000,4.800000,4.800000,1,C1,INV-005
252.000000,3.461295,3.463000,3.470000,6.000000,0.093578,0.031686,0.031686,0.000000,0.000000,1,1,1,1.000000,4.800000,4.800000,1,C1,INV-005
252.500000,3.463738,3.461000,3.460000,6.000000,0.093499,0.034871,0.034871,0.000000,0.000000,1,1,1,1.000000,4.800000,4.800000,1,C1,INV-005
253.000000,3.466275,3.469000,3.470000,6.000000,0.093423,0.032528,0.032528,0.000000,0.000000,1,1,1,1.000000,4.800000,4.800000,1,C1,INV-005
253.500000,3.468792,3.467000,3.470000,6.000000,0.093345,0.032942,0.032942,0.000000,0.000000,1,1,1,1.000000,4.800000,4.800000,1,C1,INV-005
254.000000,3.471164,3.466000,3.470000,6.000000,0.093268,0.036350,0.036350,0.000000,0.000000,1,1,1,1.000000,4.800000,4.800000,1,C1,INV-005
254.500000,3.473593,3.474000,3.470000,6.000000,0.093195,0.034901,0.034901,0.000000,0.000000,1,1,1,1.000000,4.800000,4.800000,1,C1,INV-005
255.000000,3.475953,3.484000,3.450000,6.000000,0.093120,0.036477,0.036477,0.000000,0.000000,1,1,1,1.000000,4.800000,4.800000,1,C1,INV-005
255.500000,3.478415,3.479000,3.460000,6.000000,0.093048,0.033969,0.033969,0.000000,0.000000,1,1,1,1.000000,4.800000,4.800000,1,C1,INV-005
256.000000,3.480713,3.481000,3.470000,6.000000,0.092972,0.037817,0.037817,0.000000,0.000000,1,1,1,1.000000,4.800000,4.800000,1,C1,INV-005
256.500000,3.483227,3.488000,3.500000,6.000000,0.092901,0.032562,0.032562,0.000000,0.000000,1,1,1,1.000000,4.800000,4.800000,1,C1,INV-005
257.000000,3.485524,3.474000,3.480000,6.000000,0.092824,0.037697,0.037697,0.000000,0.000000,1,1,1,1.000000,4.800000,4.800000,1,C1,INV-005
257.500000,3.488000,3.491000,3.480000,6.000000,0.092753,0.033316,0.033316,0.000000,0.000000,1,1,1,1.000000,4.800000,4.800000,1,C1,INV-005
258.000000,3.490396,3.492000,3.490000,6.000000,0.092677,0.035183,0.035183,0.000000,0.000000,1,1,1,1.000000,4.800000,4.800000,1,C1,INV-005
258.500000,3.492904,3.492000,3.480000,6.000000,0.092603,0.032410,0.032410,0.000000,0.000000,1,1,1,1.000000,4.800000,4.800000,1,C1,INV-005
259.000000,3.495416,3.488000,3.490000,6.000000,0.092526,0.032236,0.032236,0.000000,0.000000,1,1,1,1.000000,4.800000,4.800000,1,C1,INV-005
259.500000,3.497682,3.496000,3.520000,6.000000,0.092449,0.038067,0.038067,0.000000,0.000000,1,1,1,1.000000,4.800000,4.800000,1,C1,INV-005
260.000000,3.500139,3.504000,3.500000,6.000000,0.092379,0.033405,0.033405,0.000000,0.000000,1,1,1,1.000000,4.800000,4.800000,1,C1,INV-005
260.500000,3.502407,3.498000,3.510000,6.000000,0.092303,0.037883,0.037883,0.000000,0.000000,1,1,1,1.000000,4.800000,4.800000,1,C1,INV-005
261.000000,3.504932,3.502000,3.500000,6.000000,0.092234,0.031615,0.031615,0.000000,0.000000,1,1,1,1.000000,4.800000,4.800000,1,C1,INV-005
261.500000,3.507239,3.505000,3.500000,6.000000,0.092156,0.036796,0.036796,0.000000,0.000000,1,1,1,1.000000,4.800000,4.800000,1,C1,INV-005
262.000000,3.509537,3.515000,3.510000,6.000000,0.092085,0.036928,0.036928,0.000000,0.000000,1,1,1,1.000000,4.800000,4.800000,1,C1,INV-005
262.500000,3.511880,3.515000,3.530000,6.000000,0.092014,0.035787,0.035787,0.000000,0.000000,1,1,1,1.000000,4.800000,4.800000,1,C1,INV-005
263.000000,3.514169,3.513000,3.500000,6.000000,0.091942,0.037005,0.037005,0.000000,0.000000,1,1,1,1.000000,4.800000,4.800000,1,C1,INV-005
263.500000,3.516609,3.519000,3.530000,6.000000,0.091872,0.033307,0.033307,0.000000,0.000000,1,1,1,1.000000,4.800000,4.800000,1,C1,INV-005
264.000000,3.519101,3.525000,3.540000,6.000000,0.091797,0.031994,0.031994,0.000000,0.000000,1,1,1,1.000000,4.800000,4.800000,1,C1,INV-005
264.500000,3.521349,3.522000,3.530000,6.000000,0.091720,0.037776,0.037776,0.000000,0.000000,1,1,1,1.000000,4.800000,4.800000,1,C1,INV-005
265.000000,3.523784,3.528000,3.510000,6.000000,0.091651,0.033210,0.033210,0.000000,0.000000,1,1,1,1.000000,4.800000,4.800000,1,C1,INV-005
265.500000,3.526121,3.534000,3.530000,6.000000,0.091576,0.035485,0.035485,0.000000,0.000000,1,1,1,1.000000,4.800000,4.800000,1,C1,INV-005
266.000000,3.528410,3.532000,3.520000,6.000000,0.091504,0.036576,0.036576,0.000000,0.000000,1,1,1,1.000000,4.800000,4.800000,1,C1,INV-005
266.500000,3.530700,3.526000,3.540000,6.000000,0.091434,0.036464,0.036464,0.000000,0.000000,1,1,1,1.000000,4.800000,4.800000,1,C1,INV-005
267.000000,3.532988,3.527000,3.530000,6.000000,0.091363,0.036452,0.036452,0.000000,0.000000,1,1,1,1.000000,4.800000,4.800000,1,C1,INV-005
267.500000,3.535328,3.535000,3.550000,6.000000,0.091293,0.035135,0.035135,0.000000,0.000000,1,1,1,1.000000,4.800000,4.800000,1,C1,INV-005
268.000000,3.537597,3.532000,3.540000,6.000000,0.091221,0.036761,0.036761,0.000000,0.000000,1,1,1,1.000000,4.800000,4.800000,1,C1,INV-005
268.500000,3.539858,3.539000,3.530000,6.000000,0.091151,0.036885,0.036885,0.000000,0.000000,1,1,1,1.000000,4.800000,4.800000,1,C1,INV-005
269.000000,3.542105,3.537000,3.550000,6.000000,0.091081,0.037145,0.037145,0.000000,0.000000,1,1,1,1.000000,4.800000,4.800000,1,C1,INV-005
269.500000,3.544392,3.546000,3.550000,6.000000,0.091012,0.036146,0.036146,0.000000,0.000000,1,1,1,1.000000,4.800000,4.800000,1,C1,INV-005
270.000000,3.546725,3.544000,3.540000,6.000000,0.090942,0.034950,0.034950,0.000000,0.000000,1,1,1,1.000000,4.800000,4.800000,1,C1,INV-005
270.500000,3.549018,3.548000,3.550000,6.000000,0.090870,0.035834,0.035834,0.000000,0.000000,1,1,1,1.000000,4.800000,4.800000,1,C1,INV-005
271.000000,3.551416,3.562000,3.540000,6.000000,0.090799,0.033229,0.033229,0.000000,0.000000,1,1,1,1.000000,4.800000,4.800000,1,C1,INV-005
271.500000,3.553741,3.550000,3.560000,6.000000,0.090726,0.034928,0.034928,0.000000,0.000000,1,1,1,1.000000,4.800000,4.800000,1,C1,INV-005
272.000000,3.556192,3.552000,3.550000,6.000000,0.090654,0.031842,0.031842,0.000000,0.000000,1,1,1,1.000000,4.800000,4.800000,1,C1,INV-005
272.500000,3.558512,3.553000,3.560000,6.000000,0.090579,0.034885,0.034885,0.000000,0.000000,1,1,1,1.000000,4.800000,4.800000,1,C1,INV-005
273.000000,3.560695,3.559000,3.560000,6.000000,0.090507,0.038118,0.038118,0.000000,0.000000,1,1,1,1.000000,4.800000,4.800000,1,C1,INV-005
273.500000,3.563013,3.558000,3.550000,6.000000,0.090440,0.034807,0.034807,0.000000,0.000000,1,1,1,1.000000,4.800000,4.800000,1,C1,INV-005
274.000000,3.565297,3.561000,3.570000,6.000000,0.090369,0.035564,0.035564,0.000000,0.000000,1,1,1,1.000000,4.800000,4.800000,1,C1,INV-005
274.500000,3.567578,3.563000,3.560000,6.000000,0.090299,0.035546,0.035546,0.000000,0.000000,1,1,1,1.000000,4.800000,4.800000,1,C1,INV-005
275.000000,3.569771,3.568000,3.560000,6.000000,0.090228,0.037601,0.037601,0.000000,0.000000,1,1,1,1.000000,4.800000,4.800000,1,C1,INV-005
275.500000,3.572039,3.569000,3.570000,6.000000,0.090161,0.035734,0.035734,0.000000,0.000000,1,1,1,1.000000,4.800000,4.800000,1,C1,INV-005
276.000000,3.574201,3.575000,3.580000,6.000000,0.090091,0.038194,0.038194,0.000000,0.000000,1,1,1,1.000000,4.800000,4.800000,1,C1,INV-005
276.500000,3.576537,3.570000,3.580000,6.000000,0.090025,0.033962,0.033962,0.000000,0.000000,1,1,1,1.000000,4.800000,4.800000,1,C1,INV-005
277.000000,3.578726,3.582000,3.580000,6.000000,0.089953,0.037427,0.037427,0.000000,0.000000,1,1,1,1.000000,4.800000,4.800000,1,C1,INV-005
277.500000,3.581089,3.588000,3.570000,6.000000,0.089885,0.033158,0.033158,0.000000,0.000000,1,1,1,1.000000,4.800000,4.800000,1,C1,INV-005
278.000000,3.583422,3.586000,3.580000,6.000000,0.089813,0.033819,0.033819,0.000000,0.000000,1,1,1,1.000000,4.800000,4.800000,1,C1,INV-005
278.500000,3.585682,3.585000,3.570000,6.000000,0.089741,0.035503,0.035503,0.000000,0.000000,1,1,1,1.000000,4.800000,4.800000,1,C1,INV-005
279.000000,3.588018,3.585000,3.590000,6.000000,0.089671,0.033613,0.033613,0.000000,0.000000,1,1,1,1.000000,4.800000,4.800000,1,C1,INV-005
279.500000,3.590369,3.595000,3.590000,6.000000,0.089599,0.033189,0.033189,0.000000,0.000000,1,1,1,1.000000,4.800000,4.800000,1,C1,INV-005
280.000000,3.592741,3.600000,3.610000,6.000000,0.089527,0.032578,0.032578,0.000000,0.000000,1,1,1,1.000000,4.800000,4.800000,1,C1,INV-005
280.500000,3.595025,3.596000,3.590000,6.000000,0.089454,0.034637,0.034637,0.000000,0.000000,1,1,1,1.000000,4.800000,4.800000,1,C1,INV-005
281.000000,3.597404,3.593000,3.600000,6.000000,0.089384,0.032300,0.032300,0.000000,0.000000,1,1,1,1.000000,4.800000,4.800000,1,C1,INV-005
281.500000,3.599559,3.600000,3.610000,6.000000,0.089311,0.037583,0.037583,0.000000,0.000000,1,1,1,1.000000,4.800000,4.800000,1,C1,INV-005
282.000000,3.601791,3.590000,3.620000,6.000000,0.089244,0.035687,0.035687,0.000000,0.000000,1,1,1,1.000000,4.800000,4.800000,1,C1,INV-005
282.500000,3.604157,3.603000,3.600000,6.000000,0.089176,0.032377,0.032377,0.000000,0.000000,1,1,1,1.000000,4.800000,4.800000,1,C1,INV-005
283.000000,3.606495,3.606000,3.620000,6.000000,0.089103,0.032991,0.032991,0.000000,0.000000,1,1,1,1.000000,4.800000,4.800000,1,C1,INV-005
283.500000,3.608729,3.607000,3.600000,6.000000,0.089031,0.035417,0.035417,0.000000,0.000000,1,1,1,1.000000,4.800000,4.800000,1,C1,INV-005
284.000000,3.611048,3.612000,3.600000,6.000000,0.088962,0.033321,0.033321,0.000000,0.000000,1,1,1,1.000000,4.800000,4.800000,1,C1,INV-005
284.500000,3.613195,3.616000,3.610000,6.000000,0.088891,0.037360,0.037360,0.000000,0.000000,1,1,1,1.000000,4.800000,4.800000,1,C1,INV-005
285.000000,3.615334,3.622000,3.620000,6.000000,0.088825,0.037484,0.037484,0.000000,0.000000,1,1,1,1.000000,4.800000,4.800000,1,C1,INV-005
285.500000,3.617433,3.616000,3.620000,6.000000,0.088759,0.038381,0.038381,0.000000,0.000000,1,1,1,1.000000,4.800000,4.800000,1,C1,INV-005
286.000000,3.619741,3.615000,3.630000,6.000000,0.088694,0.033307,0.033307,0.000000,0.000000,1,1,1,1.000000,4.800000,4.800000,1,C1,INV-005
286.500000,3.622097,3.632000,3.640000,6.000000,0.088623,0.032068,0.032068,0.000000,0.000000,1,1,1,1.000000,4.800000,4.800000,1,C1,INV-005
287.000000,3.624382,3.631000,3.620000,6.000000,0.088551,0.033714,0.033714,0.000000,0.000000,1,1,1,1.000000,4.800000,4.800000,1,C1,INV-005
287.500000,3.626565,3.621000,3.620000,6.000000,0.088481,0.036089,0.036089,0.000000,0.000000,1,1,1,1.000000,4.800000,4.800000,1,C1,INV-005
288.000000,3.628686,3.626000,3.620000,6.000000,0.088413,0.037514,0.037514,0.000000,0.000000,1,1,1,1.000000,4.800000,4.800000,1,C1,INV-005
288.500000,3.630833,3.639000,3.620000,6.000000,0.088348,0.036819,0.036819,0.000000,0.000000,1,1,1,1.000000,4.800000,4.800000,1,C1,INV-005
289.000000,3.632919,3.626000,3.640000,6.000000,0.088282,0.038232,0.038232,0.000000,0.000000,1,1,1,1.000000,4.800000,4.800000,1,C1,INV-005
289.500000,3.635228,3.640000,3.630000,6.000000,0.088218,0.032793,0.032793,0.000000,0.000000,1,1,1,1.000000,4.800000,4.800000,1,C1,INV-005
290.000000,3.637379,3.643000,3.630000,6.000000,0.088147,0.036515,0.036515,0.000000,0.000000,1,1,1,1.000000,4.800000,4.800000,1,C1,INV-005
290.500000,3.639667,3.635000,3.630000,6.000000,0.088081,0.033183,0.033183,0.000000,0.000000,1,1,1,1.000000,4.800000,4.800000,1,C1,INV-005
291.000000,3.641844,3.652000,3.650000,6.000000,0.088010,0.035760,0.035760,0.000000,0.000000,1,1,1,1.000000,4.800000,4.800000,1,C1,INV-005
291.500000,3.643904,3.641000,3.650000,6.000000,0.087943,0.038487,0.038487,0.000000,0.000000,1,1,1,1.000000,4.800000,4.800000,1,C1,INV-005
292.000000,3.645981,3.648000,3.640000,6.000000,0.087880,0.038048,0.038048,0.000000,0.000000,1,1,1,1.000000,4.800000,4.800000,1,C1,INV-005
292.500000,3.648134,3.644000,3.650000,6.000000,0.087816,0.036149,0.036149,0.000000,0.000000,1,1,1,1.000000,4.800000,4.800000,1,C1,INV-005
293.000000,3.650241,3.644000,3.660000,6.000000,0.087750,0.037162,0.037162,0.000000,0.000000,1,1,1,1.000000,4.800000,4.800000,1,C1,INV-005
293.500000,3.652450,3.647000,3.660000,6.000000,0.087685,0.034690,0.034690,0.000000,0.000000,1,1,1,1.000000,4.800000,4.800000,1,C1,INV-005
294.000000,3.654596,3.650000,3.660000,6.000000,0.087617,0.036110,0.036110,0.000000,0.000000,1,1,1,1.000000,4.800000,4.800000,1,C1,INV-005
294.500000,3.656718,3.662000,3.640000,6.000000,0.087551,0.036617,0.036617,0.000000,0.000000,1,1,1,1.000000,4.800000,4.800000,1,C1,INV-005
295.000000,3.658890,3.658000,3.670000,6.000000,0.087486,0.035368,0.035368,0.000000,0.000000,1,1,1,1.000000,4.800000,4.800000,1,C1,INV-005
295.500000,3.661217,3.654000,3.660000,6.000000,0.087419,0.031564,0.031564,0.000000,0.000000,1,1,1,1.000000,4.800000,4.800000,1,C1,INV-005
296.000000,3.663333,3.663000,3.670000,6.000000,0.087347,0.036547,0.036547,0.000000,0.000000,1,1,1,1.000000,4.800000,4.800000,1,C1,INV-005
296.500000,3.665383,3.657000,3.660000,6.000000,0.087282,0.038100,0.038100,0.000000,0.000000,1,1,1,1.000000,4.800000,4.800000,1,C1,INV-005
297.000000,3.667620,3.666000,3.660000,6.000000,0.087219,0.033528,0.033528,0.000000,0.000000,1,1,1,1.000000,4.800000,4.800000,1,C1,INV-005
297.500000,3.669826,3.668000,3.660000,6.000000,0.087150,0.034194,0.034194,0.000000,0.000000,1,1,1,1.000000,4.800000,4.800000,1,C1,INV-005
298.000000,3.672099,3.680000,3.670000,6.000000,0.087082,0.032532,0.032532,0.000000,0.000000,1,1,1,1.000000,4.800000,4.800000,1,C1,INV-005
298.500000,3.674154,3.680000,3.670000,6.000000,0.087012,0.037695,0.037695,0.000000,0.000000,1,1,1,1.000000,4.800000,4.800000,1,C1,INV-005
299.000000,3.676274,3.672000,3.660000,6.000000,0.086949,0.036065,0.036065,0.000000,0.000000,1,1,1,1.000000,4.800000,4.800000,1,C1,INV-005
299.500000,3.678386,3.672000,3.660000,6.000000,0.086884,0.036205,0.036205,0.000000,0.000000,1,1,1,1.000000,4.800000,4.800000,1,C1,INV-005
300.000000,3.680454,3.685000,3.710000,6.000000,0.086819,0.037184,0.037184,0.000000,0.000000,1,1,1,1.000000,4.800000,4.800000,1,C1,INV-005
300.500000,3.682569,3.680000,3.690000,6.000000,0.086755,0.035995,0.035995,0.000000,0.000000,1,1,1,1.000000,4.800000,4.800000,1,C1,INV-005
301.000000,3.684730,3.681000,3.680000,6.000000,0.086690,0.034826,0.034826,0.000000,0.000000,1,1,1,1.000000,4.800000,4.800000,1,C1,INV-005
301.500000,3.686865,3.685000,3.690000,6.000000,0.086624,0.035393,0.035393,0.000000,0.000000,1,1,1,1.000000,4.800000,4.800000,1,C1,INV-005
302.000000,3.689087,3.681000,3.680000,6.000000,0.086558,0.033219,0.033219,0.000000,0.000000,1,1,1,1.000000,4.800000,4.800000,1,C1,INV-005
302.500000,3.691295,3.697000,3.680000,6.000000,0.086490,0.033502,0.033502,0.000000,0.000000,1,1,1,1.000000,4.800000,4.800000,1,C1,INV-005
303.000000,3.693292,3.702000,3.690000,6.000000,0.086422,0.038499,0.038499,0.000000,0.000000,1,1,1,1.000000,4.800000,4.800000,1,C1,INV-005
303.500000,3.695322,3.703000,3.700000,6.000000,0.086360,0.037634,0.037634,0.000000,0.000000,1,1,1,1.000000,4.800000,4.800000,1,C1,INV-005
304.000000,3.697506,3.703000,3.710000,6.000000,0.086298,0.033874,0.033874,0.000000,0.000000,1,1,1,1.000000,4.800000,4.800000,1,C1,INV-005
304.500000,3.699544,3.698000,3.700000,6.000000,0.086231,0.037315,0.037315,0.000000,0.000000,1,1,1,1.000000,4.800000,4.800000,1,C1,INV-005
305.000000,3.701544,3.701000,3.690000,6.000000,0.086168,0.038190,0.038190,0.000000,0.000000,1,1,1,1.000000,4.800000,4.800000,1,C1,INV-005
305.500000,3.703549,3.704000,3.700000,6.000000,0.086106,0.037973,0.037973,0.000000,0.000000,1,1,1,1.000000,4.800000,4.800000,1,C1,INV-005
306.000000,3.705821,3.704000,3.700000,6.000000,0.086045,0.031514,0.031514,0.000000,0.000000,1,1,1,1.000000,4.800000,4.800000,1,C1,INV-005
306.500000,3.707808,3.714000,3.710000,6.000000,0.085975,0.038289,0.038289,0.000000,0.000000,1,1,1,1.000000,4.800000,4.800000,1,C1,INV-005
307.000000,3.709996,3.707000,3.710000,6.000000,0.085914,0.033397,0.033397,0.000000,0.000000,1,1,1,1.000000,4.800000,4.800000,1,C1,INV-005
307.500000,3.712202,3.713000,3.710000,6.000000,0.085846,0.032919,0.032919,0.000000,0.000000,1,1,1,1.000000,4.800000,4.800000,1,C1,INV-005
308.000000,3.714234,3.718000,3.730000,6.000000,0.085778,0.037000,0.037000,0.000000,0.000000,1,1,1,1.000000,4.800000,4.800000,1,C1,INV-005
308.500000,3.716269,3.718000,3.700000,6.000000,0.085716,0.036873,0.036873,0.000000,0.000000,1,1,1,1.000000,4.800000,4.800000,1,C1,INV-005
309.000000,3.718462,3.719000,3.730000,6.000000,0.085653,0.033017,0.033017,0.000000,0.000000,1,1,1,1.000000,4.800000,4.800000,1,C1,INV-005
309.500000,3.720593,3.713000,3.710000,6.000000,0.085586,0.034457,0.034457,0.000000,0.000000,1,1,1,1.000000,4.800000,4.800000,1,C1,INV-005
310.000000,3.722719,3.718000,3.720000,6.000000,0.085520,0.034487,0.034487,0.000000,0.000000,1,1,1,1.000000,4.800000,4.800000,1,C1,INV-005
310.500000,3.724710,3.720000,3.740000,6.000000,0.085455,0.037674,0.037674,0.000000,0.000000,1,1,1,1.000000,4.800000,4.800000,1,C1,INV-005
311.000000,3.726936,3.725000,3.740000,6.000000,0.085394,0.031957,0.031957,0.000000,0.000000,1,1,1,1.000000,4.800000,4.800000,1,C1,INV-005
311.500000,3.728941,3.732000,3.750000,6.000000,0.085325,0.037211,0.037211,0.000000,0.000000,1,1,1,1.000000,4.800000,4.800000,1,C1,INV-005
312.000000,3.731139,3.747000,3.740000,6.000000,0.085263,0.032525,0.032525,0.000000,0.000000,1,1,1,1.000000,4.800000,4.800000,1,C1,INV-005
312.500000,3.733145,3.731000,3.750000,6.000000,0.085196,0.037034,0.037034,0.000000,0.000000,1,1,1,1.000000,4.800000,4.800000,1,C1,INV-005
313.000000,3.735148,3.732000,3.770000,6.000000,0.085134,0.037064,0.037064,0.000000,0.000000,1,1,1,1.000000,4.800000,4.800000,1,C1,INV-005
313.500000,3.737220,3.738000,3.720000,6.000000,0.085072,0.035347,0.035347,0.000000,0.000000,1,1,1,1.000000,4.800000,4.800000,1,C1,INV-005
314.000000,3.739421,3.736000,3.740000,6.000000,0.085009,0.032179,0.032179,0.000000,0.000000,1,1,1,1.000000,4.800000,4.800000,1,C1,INV-005
314.500000,3.741502,3.742000,3.750000,6.000000,0.084941,0.035018,0.035018,0.000000,0.000000,1,1,1,1.000000,4.800000,4.800000,1,C1,INV-005
315.000000,3.743685,3.739000,3.730000,6.000000,0.084877,0.032481,0.032481,0.000000,0.000000,1,1,1,1.000000,4.800000,4.800000,1,C1,INV-005
315.500000,3.745736,3.731000,3.740000,6.000000,0.084810,0.035577,0.035577,0.000000,0.000000,1,1,1,1.000000,4.800000,4.800000,1,C1,INV-005
316.000000,3.747917,3.750000,3.750000,6.000000,0.084747,0.032403,0.032403,0.000000,0.000000,1,1,1,1.000000,4.800000,4.800000,1,C1,INV-005
316.500000,3.750008,3.749000,3.750000,6.000000,0.084679,0.034497,0.034497,0.000000,0.000000,1,1,1,1.000000,4.800000,4.800000,1,C1,INV-005
317.000000,3.752136,3.751000,3.740000,6.000000,0.084615,0.033551,0.033551,0.000000,0.000000,1,1,1,1.000000,4.800000,4.800000,1,C1,INV-005
317.500000,3.754102,3.744000,3.760000,6.000000,0.084550,0.037371,0.037371,0.000000,0.000000,1,1,1,1.000000,4.800000,4.800000,1,C1,INV-005
318.000000,3.756137,3.754000,3.760000,6.000000,0.084489,0.035642,0.035642,0.000000,0.000000,1,1,1,1.000000,4.800000,4.800000,1,C1,INV-005
318.500000,3.758183,3.756000,3.760000,6.000000,0.084427,0.035317,0.035317,0.000000,0.000000,1,1,1,1.000000,4.800000,4.800000,1,C1,INV-005
319.000000,3.760191,3.755000,3.740000,6.000000,0.084364,0.036180,0.036180,0.000000,0.000000,1,1,1,1.000000,4.800000,4.800000,1,C1,INV-005
319.500000,3.762118,3.756000,3.740000,6.000000,0.084302,0.038048,0.038048,0.000000,0.000000,1,1,1,1.000000,4.800000,4.800000,1,C1,INV-005
320.000000,3.764247,3.763000,3.760000,6.000000,0.084243,0.033136,0.033136,0.000000,0.000000,1,1,1,1.000000,4.800000,4.800000,1,C1,INV-005
320.500000,3.766261,3.759000,3.780000,6.000000,0.084177,0.035846,0.035846,0.000000,0.000000,1,1,1,1.000000,4.800000,4.800000,1,C1,INV-005
321.000000,3.768288,3.768000,3.770000,6.000000,0.084115,0.035484,0.035484,0.000000,0.000000,1,1,1,1.000000,4.800000,4.800000,1,C1,INV-005
321.500000,3.770410,3.771000,3.760000,6.000000,0.084053,0.033102,0.033102,0.000000,0.000000,1,1,1,1.000000,4.800000,4.800000,1,C1,INV-005
322.000000,3.772315,3.774000,3.770000,6.000000,0.083987,0.038285,0.038285,0.000000,0.000000,1,1,1,1.000000,4.800000,4.800000,1,C1,INV-005
322.500000,3.774462,3.772000,3.770000,6.000000,0.083929,0.032394,0.032394,0.000000,0.000000,1,1,1,1.000000,4.800000,4.800000,1,C1,INV-005
323.000000,3.776545,3.769000,3.760000,6.000000,0.083863,0.033868,0.033868,0.000000,0.000000,1,1,1,1.000000,4.800000,4.800000,1,C1,INV-005
323.500000,3.778622,3.771000,3.790000,6.000000,0.083799,0.033948,0.033948,0.000000,0.000000,1,1,1,1.000000,4.800000,4.800000,1,C1,INV-005
324.000000,3.780788,3.781000,3.770000,6.000000,0.083735,0.031747,0.031747,0.000000,0.000000,1,1,1,1.000000,4.800000,4.800000,1,C1,INV-005
324.500000,3.782881,3.786000,3.770000,6.000000,0.083668,0.033451,0.033451,0.000000,0.000000,1,1,1,1.000000,4.800000,4.800000,1,C1,INV-005
325.000000,3.784797,3.792000,3.790000,6.000000,0.083604,0.037614,0.037614,0.000000,0.000000,1,1,1,1.000000,4.800000,4.800000,1,C1,INV-005
325.500000,3.786755,3.795000,3.780000,6.000000,0.083545,0.036558,0.036558,0.000000,0.000000,1,1,1,1.000000,4.800000,4.800000,1,C1,INV-005
326.000000,3.788692,3.794000,3.780000,6.000000,0.083484,0.036996,0.036996,0.000000,0.000000,1,1,1,1.000000,4.800000,4.800000,1,C1,INV-005
326.500000,3.790638,3.788000,3.790000,6.000000,0.083425,0.036724,0.036724,0.000000,0.000000,1,1,1,1.000000,4.800000,4.800000,1,C1,INV-005
327.000000,3.792571,3.790000,3.780000,6.000000,0.083365,0.036956,0.036956,0.000000,0.000000,1,1,1,1.000000,4.800000,4.800000,1,C1,INV-005
327.500000,3.794683,3.794000,3.790000,6.000000,0.083305,0.032632,0.032632,0.000000,0.000000,1,1,1,1.000000,4.800000,4.800000,1,C1,INV-005
328.000000,3.796739,3.793000,3.820000,6.000000,0.083241,0.033882,0.033882,0.000000,0.000000,1,1,1,1.000000,4.800000,4.800000,1,C1,INV-005
328.500000,3.798620,3.801000,3.810000,6.000000,0.083177,0.038033,0.038033,0.000000,0.000000,1,1,1,1.000000,4.800000,4.800000,1,C1,INV-005
329.000000,3.800510,3.803000,3.790000,6.000000,0.083119,0.037764,0.037764,0.000000,0.000000,1,1,1,1.000000,4.800000,4.800000,1,C1,INV-005
329.500000,3.802502,3.814000,3.800000,6.000000,0.083061,0.035257,0.035257,0.000000,0.000000,1,1,1,1.000000,4.800000,4.800000,1,C1,INV-005
330.000000,3.804481,3.808000,3.820000,6.000000,0.083000,0.035507,0.035507,0.000000,0.000000,1,1,1,1.000000,4.800000,4.800000,1,C1,INV-005
330.500000,3.806518,3.802000,3.800000,6.000000,0.082939,0.034049,0.034049,0.000000,0.000000,1,1,1,1.000000,4.800000,4.800000,1,C1,INV-005
331.000000,3.808644,3.809000,3.800000,6.000000,0.082876,0.031851,0.031851,0.000000,0.000000,1,1,1,1.000000,4.800000,4.800000,1,C1,INV-005
331.500000,3.810542,3.807000,3.830000,6.000000,0.082811,0.037262,0.037262,0.000000,0.000000,1,1,1,1.000000,4.800000,4.800000,1,C1,INV-005
332.000000,3.812401,3.808000,3.810000,6.000000,0.082753,0.038128,0.038128,0.000000,0.000000,1,1,1,1.000000,4.800000,4.800000,1,C1,INV-005
332.500000,3.814390,3.813000,3.820000,6.000000,0.082695,0.034971,0.034971,0.000000,0.000000,1,1,1,1.000000,4.800000,4.800000,1,C1,INV-005
333.000000,3.816331,3.809000,3.810000,6.000000,0.082634,0.036040,0.036040,0.000000,0.000000,1,1,1,1.000000,4.800000,4.800000,1,C1,INV-005
333.500000,3.818192,3.816000,3.830000,6.000000,0.082574,0.037926,0.037926,0.000000,0.000000,1,1,1,1.000000,4.800000,4.800000,1,C1,INV-005
334.000000,3.820300,3.816000,3.820000,6.000000,0.082517,0.031907,0.031907,0.000000,0.000000,1,1,1,1.000000,4.800000,4.800000,1,C1,INV-005
334.500000,3.822409,3.819000,3.820000,6.000000,0.082452,0.031850,0.031850,0.000000,0.000000,1,1,1,1.000000,4.800000,4.800000,1,C1,INV-005
335.000000,3.824339,3.826000,3.820000,6.000000,0.082387,0.036062,0.036062,0.000000,0.000000,1,1,1,1.000000,4.800000,4.800000,1,C1,INV-005
335.500000,3.826360,3.835000,3.820000,6.000000,0.082328,0.033818,0.033818,0.000000,0.000000,1,1,1,1.000000,4.800000,4.800000,1,C1,INV-005
336.000000,3.828465,3.823000,3.830000,6.000000,0.082266,0.031754,0.031754,0.000000,0.000000,1,1,1,1.000000,4.800000,4.800000,1,C1,INV-005
336.500000,3.830533,3.834000,3.830000,6.000000,0.082201,0.032573,0.032573,0.000000,0.000000,1,1,1,1.000000,4.800000,4.800000,1,C1,INV-005
337.000000,3.832506,3.836000,3.840000,6.000000,0.082137,0.034781,0.034781,0.000000,0.000000,1,1,1,1.000000,4.800000,4.800000,1,C1,INV-005
337.500000,3.834482,3.836000,3.850000,6.000000,0.082077,0.034646,0.034646,0.000000,0.000000,1,1,1,1.000000,4.800000,4.800000,1,C1,INV-005
338.000000,3.836476,3.839000,3.820000,6.000000,0.082016,0.034166,0.034166,0.000000,0.000000,1,1,1,1.000000,4.800000,4.800000,1,C1,INV-005
338.500000,3.838294,3.832000,3.850000,6.000000,0.081955,0.038325,0.038325,0.000000,0.000000,1,1,1,1.000000,4.800000,4.800000,1,C1,INV-005
339.000000,3.840284,3.836000,3.840000,6.000000,0.081899,0.034142,0.034142,0.000000,0.000000,1,1,1,1.000000,4.800000,4.800000,1,C1,INV-005
339.500000,3.842257,3.849000,3.840000,6.000000,0.081837,0.034471,0.034471,0.000000,0.000000,1,1,1,1.000000,4.800000,4.800000,1,C1,INV-005
340.000000,3.844186,3.837000,3.840000,6.000000,0.081777,0.035490,0.035490,0.000000,0.000000,1,1,1,1.000000,4.800000,4.800000,1,C1,INV-005
340.500000,3.846006,3.843000,3.840000,6.000000,0.081717,0.038038,0.038038,0.000000,0.000000,1,1,1,1.000000,4.800000,4.800000,1,C1,INV-005
341.000000,3.847873,3.848000,3.850000,6.000000,0.081661,0.036841,0.036841,0.000000,0.000000,1,1,1,1.000000,4.800000,4.800000,1,C1,INV-005
341.500000,3.849944,3.850000,3.850000,6.000000,0.081604,0.031908,0.031908,0.000000,0.000000,1,1,1,1.000000,4.800000,4.800000,1,C1,INV-005
342.000000,3.851874,3.849000,3.860000,6.000000,0.081540,0.035226,0.035226,0.000000,0.000000,1,1,1,1.000000,4.800000,4.800000,1,C1,INV-005
342.500000,3.853669,3.860000,3.860000,6.000000,0.081481,0.038399,0.038399,0.000000,0.000000,1,1,1,1.000000,4.800000,4.800000,1,C1,INV-005
343.000000,3.855632,3.861000,3.840000,6.000000,0.081426,0.034313,0.034313,0.000000,0.000000,1,1,1,1.000000,4.800000,4.800000,1,C1,INV-005
343.500000,3.857489,3.859000,3.870000,6.000000,0.081365,0.036793,0.036793,0.000000,0.000000,1,1,1,1.000000,4.800000,4.800000,1,C1,INV-005
344.000000,3.859433,3.865000,3.860000,6.000000,0.081308,0.034649,0.034649,0.000000,0.000000,1,1,1,1.000000,4.800000,4.800000,1,C1,INV-005
344.500000,3.861434,3.865000,3.870000,6.000000,0.081248,0.033227,0.033227,0.000000,0.000000,1,1,1,1.000000,4.800000,4.800000,1,C1,INV-005
345.000000,3.863328,3.853000,3.860000,6.000000,0.081187,0.035744,0.035744,0.000000,0.000000,1,1,1,1.000000,4.800000,4.800000,1,C1,INV-005
345.500000,3.865183,3.872000,3.880000,6.000000,0.081128,0.036604,0.036604,0.000000,0.000000,1,1,1,1.000000,4.800000,4.800000,1,C1,INV-005
346.000000,3.867029,3.867000,3.890000,6.000000,0.081071,0.036768,0.036768,0.000000,0.000000,1,1,1,1.000000,4.800000,4.800000,1,C1,INV-005
346.500000,3.869061,3.869000,3.870000,6.000000,0.081015,0.032235,0.032235,0.000000,0.000000,1,1,1,1.000000,4.800000,4.800000,1,C1,INV-005
347.000000,3.870965,3.863000,3.880000,6.000000,0.080952,0.035248,0.035248,0.000000,0.000000,1,1,1,1.000000,4.800000,4.800000,1,C1,INV-005
347.500000,3.873003,3.875000,3.870000,6.000000,0.080893,0.031999,0.031999,0.000000,0.000000,1,1,1,1.000000,4.800000,4.800000,1,C1,INV-005
348.000000,3.875033,3.879000,3.860000,6.000000,0.080831,0.032094,0.032094,0.000000,0.000000,1,1,1,1.000000,4.800000,4.800000,1,C1,INV-005
348.500000,3.876967,3.878000,3.870000,6.000000,0.080768,0.034363,0.034363,0.000000,0.000000,1,1,1,1.000000,4.800000,4.800000,1,C1,INV-005
349.000000,3.879014,3.891000,3.880000,6.000000,0.080709,0.031582,0.031582,0.000000,0.000000,1,1,1,1.000000,4.800000,4.800000,1,C1,INV-005
349.500000,3.881023,3.874000,3.890000,6.000000,0.080646,0.032426,0.032426,0.000000,0.000000,1,1,1,1.000000,4.800000,4.800000,1,C1,INV-005
350.000000,3.882861,3.883000,3.890000,6.000000,0.080584,0.036468,0.036468,0.000000,0.000000,1,1,1,1.000000,4.800000,4.800000,1,C1,INV-005
350.500000,3.884821,3.881000,3.870000,6.000000,0.080527,0.033497,0.033497,0.000000,0.000000,1,1,1,1.000000,4.800000,4.800000,1,C1,INV-005
351.000000,3.886764,3.893000,3.890000,6.000000,0.080467,0.033825,0.033825,0.000000,0.000000,1,1,1,1.000000,4.800000,4.800000,1,C1,INV-005
351.500000,3.888678,3.892000,3.900000,6.000000,0.080407,0.034479,0.034479,0.000000,0.000000,1,1,1,1.000000,4.800000,4.800000,1,C1,INV-005
352.000000,3.890647,3.894000,3.900000,6.000000,0.080348,0.033081,0.033081,0.000000,0.000000,1,1,1,1.000000,4.800000,4.800000,1,C1,INV-005
352.500000,3.892423,3.886000,3.890000,6.000000,0.080288,0.037682,0.037682,0.000000,0.000000,1,1,1,1.000000,4.800000,4.800000,1,C1,INV-005
353.000000,3.894424,3.892000,3.900000,6.000000,0.080233,0.032193,0.032193,0.000000,0.000000,1,1,1,1.000000,4.800000,4.800000,1,C1,INV-005
353.500000,3.896265,3.898000,3.870000,6.000000,0.080172,0.035986,0.035986,0.000000,0.000000,1,1,1,1.000000,4.800000,4.800000,1,C1,INV-005
354.000000,3.898275,3.898000,3.890000,6.000000,0.080115,0.031887,0.031887,0.000000,0.000000,1,1,1,1.000000,4.800000,4.800000,1,C1,INV-005
354.500000,3.900171,3.890000,3.910000,6.000000,0.080053,0.034546,0.034546,0.000000,0.000000,1,1,1,1.000000,4.800000,4.800000,1,C1,INV-005
355.000000,3.901917,3.894000,3.900000,6.000000,0.079995,0.038082,0.038082,0.000000,0.000000,1,1,1,1.000000,4.800000,4.800000,1,C1,INV-005
355.500000,3.903728,3.898000,3.910000,6.000000,0.079941,0.036480,0.036480,0.000000,0.000000,1,1,1,1.000000,4.800000,4.800000,1,C1,INV-005
356.000000,3.905593,3.900000,3.910000,6.000000,0.079885,0.035133,0.035133,0.000000,0.000000,1,1,1,1.000000,4.800000,4.800000,1,C1,INV-005
356.500000,3.907329,3.904000,3.900000,6.000000,0.079828,0.038160,0.038160,0.000000,0.000000,1,1,1,1.000000,4.800000,4.800000,1,C1,INV-005
357.000000,3.909076,3.909000,3.890000,6.000000,0.079774,0.037834,0.037834,0.000000,0.000000,1,1,1,1.000000,4.800000,4.800000,1,C1,INV-005
357.500000,3.910813,3.919000,3.910000,6.000000,0.079721,0.038050,0.038050,0.000000,0.000000,1,1,1,1.000000,4.800000,4.800000,1,C1,INV-005
358.000000,3.912728,3.905000,3.900000,6.000000,0.079667,0.033706,0.033706,0.000000,0.000000,1,1,1,1.000000,4.800000,4.800000,1,C1,INV-005
358.500000,3.914516,3.916000,3.910000,6.000000,0.079608,0.036689,0.036689,0.000000,0.000000,1,1,1,1.000000,4.800000,4.800000,1,C1,INV-005
359.000000,3.916471,3.913000,3.910000,6.000000,0.079553,0.032632,0.032632,0.000000,0.000000,1,1,1,1.000000,4.800000,4.800000,1,C1,INV-005
359.500000,3.918258,3.926000,3.910000,6.000000,0.079493,0.036598,0.036598,0.000000,0.000000,1,1,1,1.000000,4.800000,4.800000,1,C1,INV-005
360.000000,3.920190,3.919000,3.940000,6.000000,0.079438,0.033069,0.033069,0.000000,0.000000,1,1,1,1.000000,4.800000,4.800000,1,C1,INV-005
360.500000,3.921912,3.928000,3.930000,6.000000,0.079379,0.038058,0.038058,0.000000,0.000000,1,1,1,1.000000,4.800000,4.800000,1,C1,INV-005
361.000000,3.923673,3.918000,3.910000,6.000000,0.079326,0.037059,0.037059,0.000000,0.000000,1,1,1,1.000000,4.800000,4.800000,1,C1,INV-005
361.500000,3.925485,3.930000,3.950000,6.000000,0.079272,0.035801,0.035801,0.000000,0.000000,1,1,1,1.000000,4.800000,4.800000,1,C1,INV-005
362.000000,3.927431,3.921000,3.920000,6.000000,0.079216,0.032502,0.032502,0.000000,0.000000,1,1,1,1.000000,4.800000,4.800000,1,C1,INV-005
362.500000,3.929185,3.930000,3.920000,6.000000,0.079156,0.037060,0.037060,0.000000,0.000000,1,1,1,1.000000,4.800000,4.800000,1,C1,INV-005
363.000000,3.931092,3.917000,3.930000,6.000000,0.079102,0.033334,0.033334,0.000000,0.000000,1,1,1,1.000000,4.800000,4.800000,1,C1,INV-005
363.500000,3.932958,3.928000,3.930000,6.000000,0.079043,0.034265,0.034265,0.000000,0.000000,1,1,1,1.000000,4.800000,4.800000,1,C1,INV-005
364.000000,3.934820,3.939000,3.930000,6.000000,0.078986,0.034285,0.034285,0.000000,0.000000,1,1,1,1.000000,4.800000,4.800000,1,C1,INV-005
364.500000,3.936739,3.942000,3.930000,6.000000,0.078929,0.032880,0.032880,0.000000,0.000000,1,1,1,1.000000,4.800000,4.800000,1,C1,INV-005
365.000000,3.938559,3.942000,3.920000,6.000000,0.078870,0.035193,0.035193,0.000000,0.000000,1,1,1,1.000000,4.800000,4.800000,1,C1,INV-005
365.500000,3.940302,3.935000,3.940000,6.000000,0.078814,0.036970,0.036970,0.000000,0.000000,1,1,1,1.000000,4.800000,4.800000,1,C1,INV-005
366.000000,3.942121,3.947000,3.950000,6.000000,0.078760,0.035104,0.035104,0.000000,0.000000,1,1,1,1.000000,4.800000,4.800000,1,C1,INV-005
366.500000,3.943974,3.934000,3.950000,6.000000,0.078704,0.034233,0.034233,0.000000,0.000000,1,1,1,1.000000,4.800000,4.800000,1,C1,INV-005
367.000000,3.945698,3.941000,3.960000,6.000000,0.078647,0.037284,0.037284,0.000000,0.000000,1,1,1,1.000000,4.800000,4.800000,1,C1,INV-005
367.500000,3.947460,3.952000,3.960000,6.000000,0.078594,0.036290,0.036290,0.000000,0.000000,1,1,1,1.000000,4.800000,4.800000,1,C1,INV-005
368.000000,3.949276,3.939000,3.960000,6.000000,0.078540,0.034963,0.034963,0.000000,0.000000,1,1,1,1.000000,4.800000,4.800000,1,C1,INV-005
368.500000,3.950991,3.951000,3.950000,6.000000,0.078484,0.037320,0.037320,0.000000,0.000000,1,1,1,1.000000,4.800000,4.800000,1,C1,INV-005
369.000000,3.952864,3.946000,3.950000,6.000000,0.078431,0.033492,0.033492,0.000000,0.000000,1,1,1,1.000000,4.800000,4.800000,1,C1,INV-005
369.500000,3.954627,3.954000,3.950000,6.000000,0.078373,0.036067,0.036067,0.000000,0.000000,1,1,1,1.000000,4.800000,4.800000,1,C1,INV-005
370.000000,3.956530,3.963000,3.960000,6.000000,0.078319,0.032641,0.032641,0.000000,0.000000,1,1,1,1.000000,4.800000,4.800000,1,C1,INV-005
370.500000,3.958443,3.958000,3.980000,6.000000,0.078261,0.032343,0.032343,0.000000,0.000000,1,1,1,1.000000,4.800000,4.800000,1,C1,INV-005
371.000000,3.960249,3.955000,3.970000,6.000000,0.078202,0.034866,0.034866,0.000000,0.000000,1,1,1,1.000000,4.800000,4.800000,1,C1,INV-005
371.500000,3.962059,3.968000,3.960000,6.000000,0.078146,0.034704,0.034704,0.000000,0.000000,1,1,1,1.000000,4.800000,4.800000,1,C1,INV-005
372.000000,3.963727,3.966000,3.960000,6.000000,0.078090,0.038064,0.038064,0.000000,0.000000,1,1,1,1.000000,4.800000,4.800000,1,C1,INV-005
372.500000,3.965630,3.961000,3.960000,6.000000,0.078039,0.032349,0.032349,0.000000,0.000000,1,1,1,1.000000,4.800000,4.800000,1,C1,INV-005
373.000000,3.967488,3.966000,3.970000,6.000000,0.077981,0.033398,0.033398,0.000000,0.000000,1,1,1,1.000000,4.800000,4.800000,1,C1,INV-005
373.500000,3.969150,3.973000,3.960000,6.000000,0.077923,0.038039,0.038039,0.000000,0.000000,1,1,1,1.000000,4.800000,4.800000,1,C1,INV-005
374.000000,3.970955,3.974000,3.970000,6.000000,0.077872,0.034554,0.034554,0.000000,0.000000,1,1,1,1.000000,4.800000,4.800000,1,C1,INV-005
374.500000,3.972752,3.977000,3.970000,6.000000,0.077817,0.034677,0.034677,0.000000,0.000000,1,1,1,1.000000,4.800000,4.800000,1,C1,INV-005
375.000000,3.974644,3.976000,3.950000,6.000000,0.077761,0.032361,0.032361,0.000000,0.000000,1,1,1,1.000000,4.800000,4.800000,1,C1,INV-005
375.500000,3.976358,3.976000,3.960000,6.000000,0.077703,0.036572,0.036572,0.000000,0.000000,1,1,1,1.000000,4.800000,4.800000,1,C1,INV-005
376.000000,3.978120,3.974000,3.990000,6.000000,0.077651,0.035358,0.035358,0.000000,0.000000,1,1,1,1.000000,4.800000,4.800000,1,C1,INV-005
376.500000,3.979814,3.983000,3.990000,6.000000,0.077596,0.036946,0.036946,0.000000,0.000000,1,1,1,1.000000,4.800000,4.800000,1,C1,INV-005
377.000000,3.981568,3.972000,3.990000,6.000000,0.077544,0.035442,0.035442,0.000000,0.000000,1,1,1,1.000000,4.800000,4.800000,1,C1,INV-005
377.500000,3.983409,3.973000,3.990000,6.000000,0.077490,0.033306,0.033306,0.000000,0.000000,1,1,1,1.000000,4.800000,4.800000,1,C1,INV-005
378.000000,3.985034,3.987000,3.990000,6.000000,0.077434,0.038422,0.038422,0.000000,0.000000,1,1,1,1.000000,4.800000,4.800000,1,C1,INV-005
378.500000,3.986794,3.982000,3.970000,6.000000,0.077384,0.035161,0.035161,0.000000,0.000000,1,1,1,1.000000,4.800000,4.800000,1,C1,INV-005
379.000000,3.988665,3.990000,3.980000,6.000000,0.077329,0.032421,0.032421,0.000000,0.000000,1,1,1,1.000000,4.800000,4.800000,1,C1,INV-005
379.500000,3.990544,3.996000,3.980000,6.000000,0.077272,0.032171,0.032171,0.000000,0.000000,1,1,1,1.000000,4.800000,4.800000,1,C1,INV-005
380.000000,3.992251,3.993000,4.010000,6.000000,0.077214,0.036249,0.036249,0.000000,0.000000,1,1,1,1.000000,4.800000,4.800000,1,C1,INV-005
380.500000,3.994008,3.989000,3.990000,6.000000,0.077162,0.034982,0.034982,0.000000,0.000000,1,1,1,1.000000,4.800000,4.800000,1,C1,INV-005
381.000000,3.995715,3.986000,4.010000,6.000000,0.077107,0.036142,0.036142,0.000000,0.000000,1,1,1,1.000000,4.800000,4.800000,1,C1,INV-005
381.500000,3.997563,3.991000,3.990000,6.000000,0.077055,0.032703,0.032703,0.000000,0.000000,1,1,1,1.000000,4.800000,4.800000,1,C1,INV-005
382.000000,3.999277,4.000000,3.980000,6.000000,0.076998,0.035876,0.035876,0.000000,0.000000,1,1,1,1.000000,4.800000,4.800000,1,C1,INV-005
382.500000,4.000951,3.997000,4.020000,6.000000,0.076945,0.036748,0.036748,0.000000,0.000000,1,1,1,1.000000,4.800000,4.800000,1,C1,INV-005
383.000000,4.002795,4.000000,4.000000,6.000000,0.076894,0.032662,0.032662,0.000000,0.000000,1,1,1,1.000000,4.800000,4.800000,1,C1,INV-005
383.500000,4.004488,4.005000,4.000000,6.000000,0.076837,0.036196,0.036196,0.000000,0.000000,1,1,1,1.000000,4.800000,4.800000,1,C1,INV-005
384.000000,4.006130,4.010000,4.030000,6.000000,0.076785,0.037380,0.037380,0.000000,0.000000,1,1,1,1.000000,4.800000,4.800000,1,C1,INV-005
384.500000,4.007843,4.011000,4.010000,6.000000,0.076734,0.035617,0.035617,0.000000,0.000000,1,1,1,1.000000,4.800000,4.800000,1,C1,INV-005
385.000000,4.009490,4.017000,4.010000,6.000000,0.076682,0.037150,0.037150,0.000000,0.000000,1,1,1,1.000000,4.800000,4.800000,1,C1,INV-005
385.500000,4.011153,4.004000,4.010000,6.000000,0.076631,0.036726,0.036726,0.000000,0.000000,1,1,1,1.000000,4.800000,4.800000,1,C1,INV-005
386.000000,4.013010,4.006000,3.990000,6.000000,0.076580,0.032006,0.032006,0.000000,0.000000,1,1,1,1.000000,4.800000,4.800000,1,C1,INV-005
386.500000,4.014749,4.018000,4.000000,6.000000,0.076523,0.034799,0.034799,0.000000,0.000000,1,1,1,1.000000,4.800000,4.800000,1,C1,INV-005
387.000000,4.016488,4.023000,4.010000,6.000000,0.076469,0.034735,0.034735,0.000000,0.000000,1,1,1,1.000000,4.800000,4.800000,1,C1,INV-005
387.500000,4.018236,4.017000,4.020000,6.000000,0.076416,0.034457,0.034457,0.000000,0.000000,1,1,1,1.000000,4.800000,4.800000,1,C1,INV-005
388.000000,4.020104,4.020000,4.010000,6.000000,0.076362,0.031536,0.031536,0.000000,0.000000,1,1,1,1.000000,4.800000,4.800000,1,C1,INV-005
388.500000,4.021689,4.030000,4.010000,6.000000,0.076305,0.038262,0.038262,0.000000,0.000000,1,1,1,1.000000,4.800000,4.800000,1,C1,INV-005
389.000000,4.023326,4.021000,4.020000,6.000000,0.076256,0.036958,0.036958,0.000000,0.000000,1,1,1,1.000000,4.800000,4.800000,1,C1,INV-005
389.500000,4.025152,4.025000,4.030000,6.000000,0.076205,0.032376,0.032376,0.000000,0.000000,1,1,1,1.000000,4.800000,4.800000,1,C1,INV-005
390.000000,4.026894,4.033000,4.020000,6.000000,0.076149,0.034343,0.034343,0.000000,0.000000,1,1,1,1.000000,4.800000,4.800000,1,C1,INV-005
390.500000,4.028729,4.029000,4.040000,6.000000,0.076096,0.032060,0.032060,0.000000,0.000000,1,1,1,1.000000,4.800000,4.800000,1,C1,INV-005
391.000000,4.030383,4.048000,4.030000,6.000000,0.076039,0.036351,0.036351,0.000000,0.000000,1,1,1,1.000000,4.800000,4.800000,1,C1,INV-005
391.500000,4.032234,4.033000,4.040000,6.000000,0.075988,0.031558,0.031558,0.000000,0.000000,1,1,1,1.000000,4.800000,4.800000,1,C1,INV-005
392.000000,4.033915,4.035000,4.010000,6.000000,0.075931,0.035577,0.035577,0.000000,0.000000,1,1,1,1.000000,4.800000,4.800000,1,C1,INV-005
392.500000,4.035624,4.033000,4.040000,6.000000,0.075880,0.034872,0.034872,0.000000,0.000000,1,1,1,1.000000,4.800000,4.800000,1,C1,INV-005
393.000000,4.037255,4.035000,4.030000,6.000000,0.075827,0.036678,0.036678,0.000000,0.000000,1,1,1,1.000000,4.800000,4.800000,1,C1,INV-005
393.500000,4.038921,4.033000,4.040000,6.000000,0.075777,0.035805,0.035805,0.000000,0.000000,1,1,1,1.000000,4.800000,4.800000,1,C1,INV-005
394.000000,4.040758,4.034000,4.030000,6.000000,0.075726,0.031632,0.031632,0.000000,0.000000,1,1,1,1.000000,4.800000,4.800000,1,C1,INV-005
394.500000,4.042372,4.034000,4.050000,6.000000,0.075669,0.036933,0.036933,0.000000,0.000000,1,1,1,1.000000,4.800000,4.800000,1,C1,INV-005
395.000000,4.044091,4.045000,4.060000,6.000000,0.075619,0.034373,0.034373,0.000000,0.000000,1,1,1,1.000000,4.800000,4.800000,1,C1,INV-005
395.500000,4.045696,4.054000,4.030000,6.000000,0.075566,0.037041,0.037041,0.000000,0.000000,1,1,1,1.000000,4.800000,4.800000,1,C1,INV-005
396.000000,4.047284,4.043000,4.050000,6.000000,0.075517,0.037396,0.037396,0.000000,0.000000,1,1,1,1.000000,4.800000,4.800000,1,C1,INV-005
396.500000,4.048964,4.051000,4.060000,6.000000,0.075468,0.035144,0.035144,0.000000,0.000000,1,1,1,1.000000,4.800000,4.800000,1,C1,INV-005
397.000000,4.050753,4.045000,4.050000,6.000000,0.075416,0.032484,0.032484,0.000000,0.000000,1,1,1,1.000000,4.800000,4.800000,1,C1,INV-005
397.500000,4.052393,4.051000,4.050000,6.000000,0.075361,0.036017,0.036017,0.000000,0.000000,1,1,1,1.000000,4.800000,4.800000,1,C1,INV-005
398.000000,4.054060,4.059000,4.060000,6.000000,0.075311,0.035284,0.035284,0.000000,0.000000,1,1,1,1.000000,4.800000,4.800000,1,C1,INV-005
398.500000,4.055612,4.050000,4.060000,6.000000,0.075260,0.038015,0.038015,0.000000,0.000000,1,1,1,1.000000,4.800000,4.800000,1,C1,INV-005
399.000000,4.057206,4.050000,4.060000,6.000000,0.075212,0.036955,0.036955,0.000000,0.000000,1,1,1,1.000000,4.800000,4.800000,1,C1,INV-005
399.500000,4.058824,4.053000,4.040000,6.000000,0.075163,0.036327,0.036327,0.000000,0.000000,1,1,1,1.000000,4.800000,4.800000,1,C1,INV-005
400.000000,4.060578,4.066000,4.070000,6.000000,0.075113,0.033037,0.033037,0.000000,0.000000,1,1,1,1.000000,4.800000,4.800000,1,C1,INV-005
400.500000,4.062121,4.066000,4.060000,6.000000,0.075059,0.038022,0.038022,0.000000,0.000000,1,1,1,1.000000,4.800000,4.800000,1,C1,INV-005
401.000000,4.063898,4.061000,4.050000,6.000000,0.075012,0.032363,0.032363,0.000000,0.000000,1,1,1,1.000000,4.800000,4.800000,1,C1,INV-005
401.500000,4.065525,4.063000,4.070000,6.000000,0.074957,0.035908,0.035908,0.000000,0.000000,1,1,1,1.000000,4.800000,4.800000,1,C1,INV-005
402.000000,4.067289,4.067000,4.080000,6.000000,0.074907,0.032576,0.032576,0.000000,0.000000,1,1,1,1.000000,4.800000,4.800000,1,C1,INV-005
402.500000,4.069061,4.076000,4.080000,6.000000,0.074853,0.032311,0.032311,0.000000,0.000000,1,1,1,1.000000,4.800000,4.800000,1,C1,INV-005
403.000000,4.070644,4.071000,4.060000,6.000000,0.074798,0.036821,0.036821,0.000000,0.000000,1,1,1,1.000000,4.800000,4.800000,1,C1,INV-005
403.500000,4.072375,4.074000,4.080000,6.000000,0.074749,0.033192,0.033192,0.000000,0.000000,1,1,1,1.000000,4.800000,4.800000,1,C1,INV-005
404.000000,4.073886,4.077000,4.080000,6.000000,0.074696,0.038440,0.038440,0.000000,0.000000,1,1,1,1.000000,4.800000,4.800000,1,C1,INV-005
404.500000,4.075473,4.076000,4.070000,6.000000,0.074650,0.036565,0.036565,0.000000,0.000000,1,1,1,1.000000,4.800000,4.800000,1,C1,INV-005
405.000000,4.077092,4.078000,4.090000,6.000000,0.074601,0.035728,0.035728,0.000000,0.000000,1,1,1,1.000000,4.800000,4.800000,1,C1,INV-005
405.500000,4.078833,4.075000,4.080000,6.000000,0.074551,0.032772,0.032772,0.000000,0.000000,1,1,1,1.000000,4.800000,4.800000,1,C1,INV-005
406.000000,4.080598,4.081000,4.090000,6.000000,0.074497,0.032139,0.032139,0.000000,0.000000,1,1,1,1.000000,4.800000,4.800000,1,C1,INV-005
406.500000,4.082119,4.086000,4.080000,6.000000,0.074443,0.037951,0.037951,0.000000,0.000000,1,1,1,1.000000,4.800000,4.800000,1,C1,INV-005
407.000000,4.083901,4.087000,4.080000,6.000000,0.074396,0.031609,0.031609,0.000000,0.000000,1,1,1,1.000000,4.800000,4.800000,1,C1,INV-005
407.500000,4.085529,4.090000,4.080000,6.000000,0.074341,0.035276,0.035276,0.000000,0.000000,1,1,1,1.000000,4.800000,4.800000,1,C1,INV-005
408.000000,4.087065,4.079000,4.090000,6.000000,0.074291,0.037432,0.037432,0.000000,0.000000,1,1,1,1.000000,4.800000,4.800000,1,C1,INV-005
408.500000,4.088567,4.089000,4.090000,6.000000,0.074244,0.038200,0.038200,0.000000,0.000000,1,1,1,1.000000,4.800000,4.800000,1,C1,INV-005
409.000000,4.090102,4.089000,4.090000,6.000000,0.074198,0.037357,0.037357,0.000000,0.000000,1,1,1,1.000000,4.800000,4.800000,1,C1,INV-005
409.500000,4.091854,4.094000,4.100000,6.000000,0.074151,0.032087,0.032087,0.000000,0.000000,1,1,1,1.000000,4.800000,4.800000,1,C1,INV-005
410.000000,4.093605,4.092000,4.080000,6.000000,0.074097,0.032084,0.032084,0.000000,0.000000,1,1,1,1.000000,4.800000,4.800000,1,C1,INV-005
410.500000,4.095106,4.097000,4.110000,6.000000,0.074043,0.038030,0.038030,0.000000,0.000000,1,1,1,1.000000,4.800000,4.800000,1,C1,INV-005
411.000000,4.096846,4.096000,4.100000,6.000000,0.073997,0.032223,0.032223,0.000000,0.000000,1,1,1,1.000000,4.800000,4.800000,1,C1,INV-005
411.500000,4.098492,4.096000,4.100000,6.000000,0.073943,0.034446,0.034446,0.000000,0.000000,1,1,1,1.000000,4.800000,4.800000,1,C1,INV-005
412.000000,4.100012,4.098000,4.100000,6.000000,0.073893,0.037397,0.037397,0.000000,0.000000,1,1,1,1.000000,4.800000,4.800000,1,C1,INV-005
412.500000,4.101536,4.099000,4.100000,6.000000,0.073846,0.037287,0.037287,0.000000,0.000000,1,1,1,1.000000,4.800000,4.800000,1,C1,INV-005
413.000000,4.103217,4.092000,4.110000,6.000000,0.073799,0.033450,0.033450,0.000000,0.000000,1,1,1,1.000000,4.800000,4.800000,1,C1,INV-005
413.500000,4.104955,4.115000,4.110000,6.000000,0.073747,0.032038,0.032038,0.000000,0.000000,1,1,1,1.000000,4.800000,4.800000,1,C1,INV-005
414.000000,4.106663,4.105000,4.130000,6.000000,0.073694,0.032694,0.032694,0.000000,0.000000,1,1,1,1.000000,4.800000,4.800000,1,C1,INV-005
414.500000,4.108310,4.113000,4.120000,6.000000,0.073641,0.034111,0.034111,0.000000,0.000000,1,1,1,1.000000,4.800000,4.800000,1,C1,INV-005
415.000000,4.110002,4.114000,4.100000,6.000000,0.073590,0.032983,0.032983,0.000000,0.000000,1,1,1,1.000000,4.800000,4.800000,1,C1,INV-005
415.500000,4.111703,4.102000,4.100000,6.000000,0.073538,0.032712,0.032712,0.000000,0.000000,1,1,1,1.000000,4.800000,4.800000,1,C1,INV-005
416.000000,4.113185,4.118000,4.130000,6.000000,0.073486,0.037928,0.037928,0.000000,0.000000,1,1,1,1.000000,4.800000,4.800000,1,C1,INV-005
416.500000,4.114915,4.116000,4.110000,6.000000,0.073440,0.031915,0.031915,0.000000,0.000000,1,1,1,1.000000,4.800000,4.800000,1,C1,INV-005
417.000000,4.116579,4.118000,4.110000,6.000000,0.073387,0.033464,0.033464,0.000000,0.000000,1,1,1,1.000000,4.800000,4.800000,1,C1,INV-005
417.500000,4.118157,4.113000,4.130000,6.000000,0.073336,0.035447,0.035447,0.000000,0.000000,1,1,1,1.000000,4.800000,4.800000,1,C1,INV-005
418.000000,4.119896,4.124000,4.110000,6.000000,0.073287,0.031556,0.031556,0.000000,0.000000,1,1,1,1.000000,4.800000,4.800000,1,C1,INV-005
418.500000,4.121461,4.124000,4.130000,6.000000,0.073234,0.035676,0.035676,0.000000,0.000000,1,1,1,1.000000,4.800000,4.800000,1,C1,INV-005
419.000000,4.123196,4.127000,4.120000,6.000000,0.073186,0.031554,0.031554,0.000000,0.000000,1,1,1,1.000000,4.800000,4.800000,1,C1,INV-005
419.500000,4.124846,4.122000,4.130000,6.000000,0.073132,0.033528,0.033528,0.000000,0.000000,1,1,1,1.000000,4.800000,4.800000,1,C1,INV-005
420.000000,4.126511,4.132000,4.110000,6.000000,0.073082,0.033130,0.033130,0.000000,0.000000,1,1,1,1.000000,4.800000,4.800000,1,C1,INV-005
420.500000,4.128238,4.124000,4.130000,6.000000,0.073030,0.031574,0.031574,0.000000,0.000000,1,1,1,1.000000,4.800000,4.800000,1,C1,INV-005
421.000000,4.129727,4.134000,4.130000,6.000000,0.072977,0.037244,0.037244,0.000000,0.000000,1,1,1,1.000000,4.800000,4.800000,1,C1,INV-005
421.500000,4.131399,4.134000,4.140000,6.000000,0.072931,0.032796,0.032796,0.000000,0.000000,1,1,1,1.000000,4.800000,4.800000,1,C1,INV-005
422.000000,4.133078,4.131000,4.140000,6.000000,0.072880,0.032599,0.032599,0.000000,0.000000,1,1,1,1.000000,4.800000,4.800000,1,C1,INV-005
422.500000,4.134605,4.143000,4.130000,6.000000,0.072828,0.036180,0.036180,0.000000,0.000000,1,1,1,1.000000,4.800000,4.800000,1,C1,INV-005
423.000000,4.136298,4.135000,4.130000,6.000000,0.072781,0.032133,0.032133,0.000000,0.000000,1,1,1,1.000000,4.800000,4.800000,1,C1,INV-005
423.500000,4.137969,4.133000,4.150000,6.000000,0.072729,0.032621,0.032621,0.000000,0.000000,1,1,1,1.000000,4.800000,4.800000,1,C1,INV-005
424.000000,4.139554,4.136000,4.140000,6.000000,0.072678,0.034647,0.034647,0.000000,0.000000,1,1,1,1.000000,4.800000,4.800000,1,C1,INV-005
424.500000,4.141048,4.127000,4.120000,6.000000,0.072629,0.036776,0.036776,0.000000,0.000000,1,1,1,1.000000,4.800000,4.800000,1,C1,INV-005
425.000000,4.142678,4.143000,4.140000,6.000000,0.072583,0.033472,0.033472,0.000000,0.000000,1,1,1,1.000000,4.800000,4.800000,1,C1,INV-005
425.500000,4.144258,4.145000,4.160000,6.000000,0.072533,0.034611,0.034611,0.000000,0.000000,1,1,1,1.000000,4.800000,4.800000,1,C1,INV-005
426.000000,4.145921,4.148000,4.160000,6.000000,0.072484,0.032568,0.032568,0.000000,0.000000,1,1,1,1.000000,4.800000,4.800000,1,C1,INV-005
426.500000,4.147366,4.140000,4.130000,6.000000,0.072433,0.037747,0.037747,0.000000,0.000000,1,1,1,1.000000,4.800000,4.800000,1,C1,INV-005
427.000000,4.148958,4.148000,4.160000,6.000000,0.072389,0.034174,0.034174,0.000000,0.000000,1,1,1,1.000000,4.800000,4.800000,1,C1,INV-005
427.500000,4.150405,4.151000,4.160000,6.000000,0.072340,0.037618,0.037618,0.000000,0.000000,1,1,1,1.000000,4.800000,4.800000,1,C1,INV-005
428.000000,4.151894,4.144000,4.160000,6.000000,0.072295,0.036560,0.036560,0.000000,0.000000,1,1,1,1.000000,4.800000,4.800000,1,C1,INV-005
428.500000,4.153335,4.146000,4.130000,6.000000,0.072249,0.037663,0.037663,0.000000,0.000000,1,1,1,1.000000,4.800000,4.800000,1,C1,INV-005
429.000000,4.155022,4.151000,4.150000,6.000000,0.072205,0.031726,0.031726,0.000000,0.000000,1,1,1,1.000000,4.800000,4.800000,1,C1,INV-005
429.500000,4.156688,4.159000,4.170000,6.000000,0.072153,0.032169,0.032169,0.000000,0.000000,1,1,1,1.000000,4.800000,4.800000,1,C1,INV-005
430.000000,4.158255,4.167000,4.160000,6.000000,0.072102,0.034478,0.034478,0.000000,0.000000,1,1,1,1.000000,4.800000,4.800000,1,C1,INV-005
430.500000,4.159918,4.152000,4.160000,6.000000,0.072054,0.032151,0.032151,0.000000,0.000000,1,1,1,1.000000,4.800000,4.800000,1,C1,INV-005
431.000000,4.161375,4.169000,4.160000,6.000000,0.072003,0.037043,0.037043,0.000000,0.000000,1,1,1,1.000000,4.800000,4.800000,1,C1,INV-005
431.500000,4.162884,4.160000,4.150000,6.000000,0.071958,0.035739,0.035739,0.000000,0.000000,1,1,1,1.000000,4.800000,4.800000,1,C1,INV-005
432.000000,4.164350,4.162000,4.170000,6.000000,0.071911,0.036728,0.036728,0.000000,0.000000,1,1,1,1.000000,4.800000,4.800000,1,C1,INV-005
432.500000,4.165945,4.165000,4.160000,6.000000,0.071866,0.033578,0.033578,0.000000,0.000000,1,1,1,1.000000,4.800000,4.800000,1,C1,INV-005
433.000000,4.167340,4.170000,4.170000,6.000000,0.071817,0.038330,0.038330,0.000000,0.000000,1,1,1,1.000000,4.800000,4.800000,1,C1,INV-005
433.500000,4.168861,4.166000,4.170000,6.000000,0.071774,0.035286,0.035286,0.000000,0.000000,1,1,1,1.000000,4.800000,4.800000,1,C1,INV-005
434.000000,4.170489,4.173000,4.180000,6.000000,0.071727,0.032655,0.032655,0.000000,0.000000,1,1,1,1.000000,4.800000,4.800000,1,C1,INV-005
434.500000,4.171959,4.174000,4.180000,6.000000,0.071677,0.036381,0.036381,0.000000,0.000000,1,1,1,1.000000,4.800000,4.800000,1,C1,INV-005
435.000000,4.173449,4.184000,4.180000,6.000000,0.071632,0.035878,0.035878,0.000000,0.000000,1,1,1,1.000000,4.800000,4.800000,1,C1,INV-005
435.500000,4.175028,4.180000,4.190000,6.000000,0.071586,0.033705,0.033705,0.000000,0.000000,1,1,1,1.000000,4.800000,4.800000,1,C1,INV-005
436.000000,4.176488,4.184000,4.180000,6.000000,0.071538,0.036484,0.036484,0.000000,0.000000,1,1,1,1.000000,4.800000,4.800000,1,C1,INV-005
436.500000,4.178044,4.174000,4.170000,6.000000,0.071493,0.034143,0.034143,0.000000,0.000000,1,1,1,1.000000,4.800000,4.800000,1,C1,INV-005
437.000000,4.179682,4.175000,4.180000,6.000000,0.071445,0.032146,0.032146,0.000000,0.000000,1,1,1,1.000000,4.800000,4.800000,1,C1,INV-005
437.500000,4.181278,4.180000,4.170000,6.000000,0.071394,0.033083,0.033083,0.000000,0.000000,1,1,1,1.000000,4.800000,4.800000,1,C1,INV-005
438.000000,4.182849,4.183000,4.180000,6.000000,0.071345,0.033643,0.033643,0.000000,0.000000,1,1,1,1.000000,4.800000,4.800000,1,C1,INV-005
438.500000,4.184427,4.191000,4.190000,6.000000,0.071297,0.033438,0.033438,0.000000,0.000000,1,1,1,1.000000,4.800000,4.800000,1,C1,INV-005
439.000000,4.186010,4.184000,4.190000,6.000000,0.071248,0.033249,0.033249,0.000000,0.000000,1,1,1,1.000000,4.800000,4.800000,1,C1,INV-005
439.500000,4.187611,4.184000,4.190000,6.000000,0.071200,0.032782,0.032782,0.000000,0.000000,1,1,1,1.000000,4.800000,4.800000,1,C1,INV-005
440.000000,4.189237,4.175000,4.190000,6.000000,0.071150,0.032107,0.032107,0.000000,0.000000,1,1,1,1.000000,4.800000,4.800000,1,C1,INV-005
440.500000,4.190859,4.198000,4.200000,6.000000,0.071100,0.032183,0.032183,0.000000,0.000000,1,1,1,1.000000,4.800000,4.800000,1,C1,INV-005
441.000000,4.192227,4.188000,4.180000,6.000000,0.071050,0.038210,0.038210,0.000000,0.000000,1,1,1,1.000000,4.800000,4.800000,1,C1,INV-005
441.500000,4.193807,4.206000,4.190000,6.000000,0.071008,0.033106,0.033106,0.000000,0.000000,1,1,1,1.000000,4.800000,4.800000,1,C1,INV-005
442.000000,4.195417,4.186000,4.200000,6.000000,0.070960,0.032301,0.032301,0.000000,0.000000,1,1,1,1.000000,4.800000,4.800000,1,C1,INV-005
442.500000,4.197043,4.189000,4.200000,6.000000,0.070910,0.031894,0.031894,0.000000,0.000000,1,1,1,1.000000,4.800000,4.800000,1,C1,INV-005
443.000000,4.198477,4.197000,4.230000,6.000000,0.070860,0.036455,0.036455,0.000000,0.000000,1,1,1,1.000000,4.800000,4.800000,1,C1,INV-005
443.500000,4.199988,4.200000,4.210000,6.000000,0.070816,0.034544,0.034544,0.000000,0.000000,1,1,1,1.000000,4.800000,4.800000,1,C1,INV-005
444.000000,4.201610,4.199000,4.180000,6.000000,0.070770,0.031843,0.031843,0.000000,0.000000,1,1,1,1.000000,4.800000,4.800000,1,C1,INV-005
444.500000,4.202976,4.203000,4.190000,6.000000,0.070720,0.037937,0.037937,0.000000,0.000000,1,1,1,1.000000,4.800000,4.800000,1,C1,INV-005
445.000000,4.204574,4.207000,4.210000,6.000000,0.070678,0.032319,0.032319,0.000000,0.000000,1,1,1,1.000000,4.800000,4.800000,1,C1,INV-005
445.500000,4.206046,4.207000,4.190000,6.000000,0.070628,0.035295,0.035295,0.000000,0.000000,1,1,1,1.000000,4.800000,4.800000,1,C1,INV-005
446.000000,4.207469,4.215000,4.200000,6.000000,0.070583,0.036429,0.036429,0.000000,0.000000,1,1,1,1.000000,4.800000,4.800000,1,C1,INV-005
446.500000,4.209091,4.211000,4.210000,6.000000,0.070539,0.031627,0.031627,0.000000,0.000000,1,1,1,1.000000,4.800000,4.800000,1,C1,INV-005
447.000000,4.210618,4.205000,4.210000,6.000000,0.070490,0.033827,0.033827,0.000000,0.000000,1,1,1,1.000000,4.800000,4.800000,1,C1,INV-005
447.500000,4.212237,4.210000,4.210000,6.000000,0.070443,0.031591,0.031591,0.000000,0.000000,1,1,1,1.000000,4.800000,4.800000,1,C1,INV-005
448.000000,4.213680,4.216000,4.210000,6.000000,0.070393,0.035774,0.035774,0.000000,0.000000,1,1,1,1.000000,4.800000,4.800000,1,C1,INV-005
448.500000,4.215260,4.212000,4.220000,6.000000,0.070348,0.032416,0.032416,0.000000,0.000000,1,1,1,1.000000,4.800000,4.800000,1,C1,INV-005
449.000000,4.216733,4.214000,4.210000,6.000000,0.070300,0.034958,0.034958,0.000000,0.000000,1,1,1,1.000000,4.800000,4.800000,1,C1,INV-005
449.500000,4.218122,4.209000,4.230000,6.000000,0.070254,0.036901,0.036901,0.000000,0.000000,1,1,1,1.000000,4.800000,4.800000,1,C1,INV-005
450.000000,4.219594,4.219000,4.230000,6.000000,0.070212,0.034894,0.034894,0.000000,0.000000,1,1,1,1.000000,4.800000,4.800000,1,C1,INV-005
450.500000,4.220993,4.219000,4.220000,6.000000,0.070166,0.036596,0.036596,0.000000,0.000000,1,1,1,1.000000,4.800000,4.800000,1,C1,INV-005
451.000000,4.222598,4.222000,4.230000,6.000000,0.070123,0.031607,0.031607,0.000000,0.000000,1,1,1,1.000000,4.800000,4.800000,1,C1,INV-005
451.500000,4.223915,4.221000,4.230000,6.000000,0.070074,0.038447,0.038447,0.000000,0.000000,1,1,1,1.000000,4.800000,4.800000,1,C1,INV-005
452.000000,4.225288,4.226000,4.230000,6.000000,0.070033,0.037100,0.037100,0.000000,0.000000,1,1,1,1.000000,4.800000,4.800000,1,C1,INV-005
452.500000,4.226674,4.209000,4.240000,6.000000,0.069991,0.036715,0.036715,0.000000,0.000000,1,1,1,1.000000,4.800000,4.800000,1,C1,INV-005
453.000000,4.228015,4.240000,4.220000,6.000000,0.069948,0.037755,0.037755,0.000000,0.000000,1,1,1,1.000000,4.800000,4.800000,1,C1,INV-005
453.500000,4.229434,4.240000,4.230000,6.000000,0.069907,0.035870,0.035870,0.000000,0.000000,1,1,1,1.000000,4.800000,4.800000,1,C1,INV-005
454.000000,4.230842,4.230000,4.210000,6.000000,0.069864,0.036073,0.036073,0.000000,0.000000,1,1,1,1.000000,4.800000,4.800000,1,C1,INV-005
454.500000,4.232325,4.229000,4.230000,6.000000,0.069820,0.034216,0.034216,0.000000,0.000000,1,1,1,1.000000,4.800000,4.800000,1,C1,INV-005
455.000000,4.233875,4.234000,4.240000,6.000000,0.069775,0.032574,0.032574,0.000000,0.000000,1,1,1,1.000000,4.800000,4.800000,1,C1,INV-005
455.500000,4.235273,4.232000,4.230000,6.000000,0.069727,0.036169,0.036169,0.000000,0.000000,1,1,1,1.000000,4.800000,4.800000,1,C1,INV-005
456.000000,4.236839,4.244000,4.230000,6.000000,0.069684,0.032116,0.032116,0.000000,0.000000,1,1,1,1.000000,4.800000,4.800000,1,C1,INV-005
456.500000,4.238330,4.245000,4.240000,6.000000,0.069636,0.033846,0.033846,0.000000,0.000000,1,1,1,1.000000,4.800000,4.800000,1,C1,INV-005
457.000000,4.239877,4.241000,4.230000,6.000000,0.069590,0.032471,0.032471,0.000000,0.000000,1,1,1,1.000000,4.800000,4.800000,1,C1,INV-005
457.500000,4.241344,4.245000,4.220000,6.000000,0.069542,0.034320,0.034320,0.000000,0.000000,1,1,1,1.000000,4.800000,4.800000,1,C1,INV-005
458.000000,4.242702,4.237000,4.240000,6.000000,0.069497,0.036911,0.036911,0.000000,0.000000,1,1,1,1.000000,4.800000,4.800000,1,C1,INV-005
458.500000,4.244059,4.248000,4.230000,6.000000,0.069455,0.036884,0.036884,0.000000,0.000000,1,1,1,1.000000,4.800000,4.800000,1,C1,INV-005
459.000000,4.245417,4.241000,4.240000,6.000000,0.069414,0.036814,0.036814,0.000000,0.000000,1,1,1,1.000000,4.800000,4.800000,1,C1,INV-005
459.500000,4.246947,4.251000,4.240000,6.000000,0.069372,0.032665,0.032665,0.000000,0.000000,1,1,1,1.000000,4.800000,4.800000,1,C1,INV-005
460.000000,4.248398,4.251000,4.260000,6.000000,0.069325,0.034506,0.034506,0.000000,0.000000,1,1,1,1.000000,4.800000,4.800000,1,C1,INV-005
460.500000,4.249835,4.251000,4.250000,6.000000,0.069280,0.034791,0.034791,0.000000,0.000000,1,1,1,1.000000,4.800000,4.800000,1,C1,INV-005
461.000000,4.251381,4.250000,4.260000,6.000000,0.069236,0.032117,0.032117,0.000000,0.000000,1,1,1,1.000000,4.800000,4.800000,1,C1,INV-005
461.500000,4.252779,4.256000,4.270000,6.000000,0.069188,0.035643,0.035643,0.000000,0.000000,1,1,1,1.000000,4.800000,4.800000,1,C1,INV-005
462.000000,4.254186,4.251000,4.270000,6.000000,0.069145,0.035387,0.035387,0.000000,0.000000,1,1,1,1.000000,4.800000,4.800000,1,C1,INV-005
462.500000,4.255473,4.256000,4.260000,6.000000,0.069102,0.038203,0.038203,0.000000,0.000000,1,1,1,1.000000,4.800000,4.800000,1,C1,INV-005
463.000000,4.256889,4.264000,4.260000,6.000000,0.069062,0.035088,0.035088,0.000000,0.000000,1,1,1,1.000000,4.800000,4.800000,1,C1,INV-005
463.500000,4.258271,4.263000,4.250000,6.000000,0.069019,0.035842,0.035842,0.000000,0.000000,1,1,1,1.000000,4.800000,4.800000,1,C1,INV-005
464.000000,4.259789,4.260000,4.230000,6.000000,0.068976,0.032545,0.032545,0.000000,0.000000,1,1,1,1.000000,4.800000,4.800000,1,C1,INV-005
464.500000,4.261063,4.269000,4.260000,6.000000,0.068930,0.038362,0.038362,0.000000,0.000000,1,1,1,1.000000,4.800000,4.800000,1,C1,INV-005
465.000000,4.262388,4.269000,4.260000,6.000000,0.068890,0.037082,0.037082,0.000000,0.000000,1,1,1,1.000000,4.800000,4.800000,1,C1,INV-005
465.500000,4.263939,4.264000,4.260000,6.000000,0.068850,0.031634,0.031634,0.000000,0.000000,1,1,1,1.000000,4.800000,4.800000,1,C1,INV-005
466.000000,4.265234,4.263000,4.270000,6.000000,0.068802,0.037722,0.037722,0.000000,0.000000,1,1,1,1.000000,4.800000,4.800000,1,C1,INV-005
466.500000,4.266508,4.265000,4.280000,6.000000,0.068762,0.038185,0.038185,0.000000,0.000000,1,1,1,1.000000,4.800000,4.800000,1,C1,INV-005
467.000000,4.268048,4.265000,4.250000,6.000000,0.068723,0.031744,0.031744,0.000000,0.000000,1,1,1,1.000000,4.800000,4.800000,1,C1,INV-005
467.500000,4.269370,4.269000,4.260000,6.000000,0.068675,0.036968,0.036968,0.000000,0.000000,1,1,1,1.000000,4.800000,4.800000,1,C1,INV-005
468.000000,4.270684,4.264000,4.260000,6.000000,0.068635,0.037093,0.037093,0.000000,0.000000,1,1,1,1.000000,4.800000,4.800000,1,C1,INV-005
468.500000,4.272092,4.279000,4.290000,6.000000,0.068594,0.034796,0.034796,0.000000,0.000000,1,1,1,1.000000,4.800000,4.800000,1,C1,INV-005
469.000000,4.273565,4.272000,4.280000,6.000000,0.068551,0.033208,0.033208,0.000000,0.000000,1,1,1,1.000000,4.800000,4.800000,1,C1,INV-005
469.500000,4.274848,4.279000,4.280000,6.000000,0.068506,0.037703,0.037703,0.000000,0.000000,1,1,1,1.000000,4.800000,4.800000,1,C1,INV-005
470.000000,4.276267,4.277000,4.260000,6.000000,0.068466,0.034416,0.034416,0.000000,0.000000,1,1,1,1.000000,4.800000,4.800000,1,C1,INV-005
470.500000,4.277635,4.290000,4.300000,6.000000,0.068423,0.035599,0.035599,0.000000,0.000000,1,1,1,1.000000,4.800000,4.800000,1,C1,INV-005
471.000000,4.279026,4.282000,4.260000,6.000000,0.068380,0.034976,0.034976,0.000000,0.000000,1,1,1,1.000000,4.800000,4.800000,1,C1,INV-005
471.500000,4.280372,4.288000,4.270000,6.000000,0.068338,0.036052,0.036052,0.000000,0.000000,1,1,1,1.000000,4.800000,4.800000,1,C1,INV-005
472.000000,4.281850,4.275000,4.280000,6.000000,0.068296,0.032811,0.032811,0.000000,0.000000,1,1,1,1.000000,4.800000,4.800000,1,C1,INV-005
472.500000,4.283168,4.282000,4.290000,6.000000,0.068251,0.036633,0.036633,0.000000,0.000000,1,1,1,1.000000,4.800000,4.800000,1,C1,INV-005
473.000000,4.284679,4.282000,4.290000,6.000000,0.068210,0.031934,0.031934,0.000000,0.000000,1,1,1,1.000000,4.800000,4.800000,1,C1,INV-005
473.500000,4.285962,4.282000,4.280000,6.000000,0.068164,0.037373,0.037373,0.000000,0.000000,1,1,1,1.000000,4.800000,4.800000,1,C1,INV-005
474.000000,4.287272,4.294000,4.290000,6.000000,0.068124,0.036684,0.036684,0.000000,0.000000,1,1,1,1.000000,4.800000,4.800000,1,C1,INV-005
474.500000,4.288590,4.293000,4.310000,6.000000,0.068084,0.036445,0.036445,0.000000,0.000000,1,1,1,1.000000,4.800000,4.800000,1,C1,INV-005
475.000000,4.289863,4.283000,4.310000,6.000000,0.068043,0.037492,0.037492,0.000000,0.000000,1,1,1,1.000000,4.800000,4.800000,1,C1,INV-005
475.500000,4.291139,4.288000,4.290000,6.000000,0.068004,0.037382,0.037382,0.000000,0.000000,1,1,1,1.000000,4.800000,4.800000,1,C1,INV-005
476.000000,4.292426,4.297000,4.290000,6.000000,0.067965,0.037094,0.037094,0.000000,0.000000,1,1,1,1.000000,4.800000,4.800000,1,C1,INV-005
476.500000,4.293931,4.290000,4.290000,6.000000,0.067925,0.031807,0.031807,0.000000,0.000000,1,1,1,1.000000,4.800000,4.800000,1,C1,INV-005
477.000000,4.295183,4.294000,4.310000,6.000000,0.067879,0.037819,0.037819,0.000000,0.000000,1,1,1,1.000000,4.800000,4.800000,1,C1,INV-005
477.500000,4.296568,4.298000,4.300000,6.000000,0.067841,0.034590,0.034590,0.000000,0.000000,1,1,1,1.000000,4.800000,4.800000,1,C1,INV-005
478.000000,4.297841,4.300000,4.290000,6.000000,0.067798,0.037267,0.037267,0.000000,0.000000,1,1,1,1.000000,4.800000,4.800000,1,C1,INV-005
478.500000,4.299232,4.297000,4.300000,6.000000,0.067759,0.034356,0.034356,0.000000,0.000000,1,1,1,1.000000,4.800000,4.800000,1,C1,INV-005
479.000000,4.300676,4.297000,4.310000,6.000000,0.067716,0.033071,0.033071,0.000000,0.000000,1,1,1,1.000000,4.800000,4.800000,1,C1,INV-005
479.500000,4.302162,4.299000,4.300000,6.000000,0.067672,0.032014,0.032014,0.000000,0.000000,1,1,1,1.000000,4.800000,4.800000,1,C1,INV-005
480.000000,4.303415,4.311000,4.290000,6.000000,0.067626,0.037556,0.037556,0.000000,0.000000,1,1,1,1.000000,4.800000,4.800000,1,C1,INV-005
480.500000,4.304627,4.300000,4.300000,6.000000,0.067587,0.038499,0.038499,0.000000,0.000000,1,1,1,1.000000,4.800000,4.800000,1,C1,INV-005
481.000000,4.306034,4.296000,4.300000,6.000000,0.067550,0.033778,0.033778,0.000000,0.000000,1,1,1,1.000000,4.800000,4.800000,1,C1,INV-005
481.500000,4.307488,4.309000,4.310000,6.000000,0.067507,0.032603,0.032603,0.000000,0.000000,1,1,1,1.000000,4.800000,4.800000,1,C1,INV-005
482.000000,4.308872,4.319000,4.290000,6.000000,0.067462,0.034244,0.034244,0.000000,0.000000,1,1,1,1.000000,4.800000,4.800000,1,C1,INV-005
482.500000,4.310169,4.312000,4.310000,6.000000,0.067419,0.036287,0.036287,0.000000,0.000000,1,1,1,1.000000,4.800000,4.800000,1,C1,INV-005
483.000000,4.311408,4.313000,4.320000,6.000000,0.067379,0.037652,0.037652,0.000000,0.000000,1,1,1,1.000000,4.800000,4.800000,1,C1,INV-005
483.500000,4.312710,4.313000,4.300000,6.000000,0.067341,0.036103,0.036103,0.000000,0.000000,1,1,1,1.000000,4.800000,4.800000,1,C1,INV-005
484.000000,4.314069,4.322000,4.310000,6.000000,0.067301,0.034683,0.034683,0.000000,0.000000,1,1,1,1.000000,4.800000,4.800000,1,C1,INV-005
484.500000,4.315412,4.312000,4.310000,6.000000,0.067259,0.035014,0.035014,0.000000,0.000000,1,1,1,1.000000,4.800000,4.800000,1,C1,INV-005
485.000000,4.316794,4.315000,4.290000,6.000000,0.067218,0.034057,0.034057,0.000000,0.000000,1,1,1,1.000000,4.800000,4.800000,1,C1,INV-005
485.500000,4.318101,4.320000,4.350000,6.000000,0.067176,0.035806,0.035806,0.000000,0.000000,1,1,1,1.000000,4.800000,4.800000,1,C1,INV-005
486.000000,4.319399,4.311000,4.330000,6.000000,0.067135,0.035973,0.035973,0.000000,0.000000,1,1,1,1.000000,4.800000,4.800000,1,C1,INV-005
486.500000,4.320814,4.323000,4.330000,6.000000,0.067095,0.033153,0.033153,0.000000,0.000000,1,1,1,1.000000,4.800000,4.800000,1,C1,INV-005
487.000000,4.322133,4.314000,4.330000,6.000000,0.067052,0.035389,0.035389,0.000000,0.000000,1,1,1,1.000000,4.800000,4.800000,1,C1,INV-005
487.500000,4.323352,4.331000,4.330000,6.000000,0.067011,0.037763,0.037763,0.000000,0.000000,1,1,1,1.000000,4.800000,4.800000,1,C1,INV-005
488.000000,4.324598,4.322000,4.340000,6.000000,0.066974,0.037063,0.037063,0.000000,0.000000,1,1,1,1.000000,4.800000,4.800000,1,C1,INV-005
488.500000,4.325945,4.326000,4.340000,6.000000,0.066935,0.034605,0.034605,0.000000,0.000000,1,1,1,1.000000,4.800000,4.800000,1,C1,INV-005
489.000000,4.327252,4.327000,4.330000,6.000000,0.066894,0.035528,0.035528,0.000000,0.000000,1,1,1,1.000000,4.800000,4.800000,1,C1,INV-005
489.500000,4.328488,4.331000,4.340000,6.000000,0.066854,0.037189,0.037189,0.000000,0.000000,1,1,1,1.000000,4.800000,4.800000,1,C1,INV-005
490.000000,4.329775,4.327000,4.320000,6.000000,0.066816,0.035932,0.035932,0.000000,0.000000,1,1,1,1.000000,4.800000,4.800000,1,C1,INV-005
490.500000,4.331223,4.333000,4.330000,6.000000,0.066776,0.032016,0.032016,0.000000,0.000000,1,1,1,1.000000,4.800000,4.800000,1,C1,INV-005
491.000000,4.332438,4.331000,4.320000,6.000000,0.066732,0.037578,0.037578,0.000000,0.000000,1,1,1,1.000000,4.800000,4.800000,1,C1,INV-005
491.500000,4.333794,4.336000,4.360000,6.000000,0.066694,0.034146,0.034146,0.000000,0.000000,1,1,1,1.000000,4.800000,4.800000,1,C1,INV-005
492.000000,4.335120,4.334000,4.340000,6.000000,0.066652,0.034834,0.034834,0.000000,0.000000,1,1,1,1.000000,4.800000,4.800000,1,C1,INV-005
492.500000,4.336310,4.331000,4.320000,6.000000,0.066612,0.038043,0.038043,0.000000,0.000000,1,1,1,1.000000,4.800000,4.800000,1,C1,INV-005
493.000000,4.337484,4.330000,4.370000,6.000000,0.066575,0.038409,0.038409,0.000000,0.000000,1,1,1,1.000000,4.800000,4.800000,1,C1,INV-005
493.500000,4.338764,4.344000,4.330000,6.000000,0.066539,0.035809,0.035809,0.000000,0.000000,1,1,1,1.000000,4.800000,4.800000,1,C1,INV-005
494.000000,4.340040,4.344000,4.350000,6.000000,0.066500,0.035883,0.035883,0.000000,0.000000,1,1,1,1.000000,4.800000,4.800000,1,C1,INV-005
494.500000,4.341300,4.342000,4.350000,6.000000,0.066460,0.036214,0.036214,0.000000,0.000000,1,1,1,1.000000,4.800000,4.800000,1,C1,INV-005
495.000000,4.342585,4.339000,4.350000,6.000000,0.066422,0.035593,0.035593,0.000000,0.000000,1,1,1,1.000000,4.800000,4.800000,1,C1,INV-005
495.500000,4.343854,4.348000,4.350000,6.000000,0.066382,0.035929,0.035929,0.000000,0.000000,1,1,1,1.000000,4.800000,4.800000,1,C1,INV-005
496.000000,4.345085,4.340000,4.340000,6.000000,0.066343,0.036783,0.036783,0.000000,0.000000,1,1,1,1.000000,4.800000,4.800000,1,C1,INV-005
496.500000,4.346451,4.345000,4.370000,6.000000,0.066305,0.033523,0.033523,0.000000,0.000000,1,1,1,1.000000,4.800000,4.800000,1,C1,INV-005
497.000000,4.347863,4.346000,4.350000,6.000000,0.066263,0.032371,0.032371,0.000000,0.000000,1,1,1,1.000000,4.800000,4.800000,1,C1,INV-005
497.500000,4.349147,4.352000,4.350000,6.000000,0.066220,0.035407,0.035407,0.000000,0.000000,1,1,1,1.000000,4.800000,4.800000,1,C1,INV-005
498.000000,4.350430,4.350000,4.340000,6.000000,0.066180,0.035397,0.035397,0.000000,0.000000,1,1,1,1.000000,4.800000,4.800000,1,C1,INV-005
498.500000,4.351789,4.352000,4.340000,6.000000,0.066141,0.033524,0.033524,0.000000,0.000000,1,1,1,1.000000,4.800000,4.800000,1,C1,INV-005
499.000000,4.353217,4.344000,4.340000,6.000000,0.066099,0.031832,0.031832,0.000000,0.000000,1,1,1,1.000000,4.800000,4.800000,1,C1,INV-005
499.500000,4.354600,4.353000,4.360000,6.000000,0.066055,0.032842,0.032842,0.000000,0.000000,1,1,1,1.000000,4.800000,4.800000,1,C1,INV-005
500.000000,4.355771,4.362000,4.360000,6.000000,0.066012,0.037921,0.037921,0.000000,0.000000,1,1,1,1.000000,4.800000,4.800000,1,C1,INV-005
500.500000,4.357112,4.361000,4.360000,6.000000,0.065976,0.033782,0.033782,0.000000,0.000000,1,1,1,1.000000,4.800000,4.800000,1,C1,INV-005
501.000000,4.358406,4.361000,4.360000,6.000000,0.065935,0.034880,0.034880,0.000000,0.000000,1,1,1,1.000000,4.800000,4.800000,1,C1,INV-005
501.500000,4.359645,4.355000,4.360000,6.000000,0.065895,0.036155,0.036155,0.000000,0.000000,1,1,1,1.000000,4.800000,4.800000,1,C1,INV-005
502.000000,4.361023,4.363000,4.370000,6.000000,0.065857,0.032792,0.032792,0.000000,0.000000,1,1,1,1.000000,4.800000,4.800000,1,C1,INV-005
502.500000,4.362448,4.353000,4.370000,6.000000,0.065815,0.031614,0.031614,0.000000,0.000000,1,1,1,1.000000,4.800000,4.800000,1,C1,INV-005
503.000000,4.363842,4.363000,4.380000,6.000000,0.065771,0.032332,0.032332,0.000000,0.000000,1,1,1,1.000000,4.800000,4.800000,1,C1,INV-005
503.500000,4.365212,4.363000,4.360000,6.000000,0.065728,0.032837,0.032837,0.000000,0.000000,1,1,1,1.000000,4.800000,4.800000,1,C1,INV-005
504.000000,4.366614,4.357000,4.360000,6.000000,0.065686,0.032047,0.032047,0.000000,0.000000,1,1,1,1.000000,4.800000,4.800000,1,C1,INV-005
504.500000,4.368032,4.367000,4.370000,6.000000,0.065643,0.031595,0.031595,0.000000,0.000000,1,1,1,1.000000,4.800000,4.800000,1,C1,INV-005
505.000000,4.369391,4.366000,4.360000,6.000000,0.065599,0.032982,0.032982,0.000000,0.000000,1,1,1,1.000000,4.800000,4.800000,1,C1,INV-005
505.500000,4.370643,4.371000,4.380000,6.000000,0.065557,0.035525,0.035525,0.000000,0.000000,1,1,1,1.000000,4.800000,4.800000,1,C1,INV-005
506.000000,4.371838,4.373000,4.380000,6.000000,0.065519,0.036841,0.036841,0.000000,0.000000,1,1,1,1.000000,4.800000,4.800000,1,C1,INV-005
506.500000,4.373071,4.375000,4.370000,6.000000,0.065482,0.035887,0.035887,0.000000,0.000000,1,1,1,1.000000,4.800000,4.800000,1,C1,INV-005
507.000000,4.374470,4.379000,4.380000,6.000000,0.065444,0.031859,0.031859,0.000000,0.000000,1,1,1,1.000000,4.800000,4.800000,1,C1,INV-005
507.500000,4.375770,4.378000,4.370000,6.000000,0.065401,0.034209,0.034209,0.000000,0.000000,1,1,1,1.000000,4.800000,4.800000,1,C1,INV-005
508.000000,4.377109,4.369000,4.390000,6.000000,0.065361,0.033219,0.033219,0.000000,0.000000,1,1,1,1.000000,4.800000,4.800000,1,C1,INV-005
508.500000,4.378442,4.378000,4.380000,6.000000,0.065320,0.033321,0.033321,0.000000,0.000000,1,1,1,1.000000,4.800000,4.800000,1,C1,INV-005
509.000000,4.379586,4.383000,4.370000,6.000000,0.065279,0.037829,0.037829,0.000000,0.000000,1,1,1,1.000000,4.800000,4.800000,1,C1,INV-005
509.500000,4.380906,4.384000,4.390000,6.000000,0.065244,0.033569,0.033569,0.000000,0.000000,1,1,1,1.000000,4.800000,4.800000,1,C1,INV-005
510.000000,4.382029,4.385000,4.370000,6.000000,0.065203,0.038249,0.038249,0.000000,0.000000,1,1,1,1.000000,4.800000,4.800000,1,C1,INV-005
510.500000,4.383319,4.384000,4.390000,6.000000,0.065168,0.034199,0.034199,0.000000,0.000000,1,1,1,1.000000,4.800000,4.800000,1,C1,INV-005
511.000000,4.384515,4.387000,4.390000,6.000000,0.065129,0.036437,0.036437,0.000000,0.000000,1,1,1,1.000000,4.800000,4.800000,1,C1,INV-005
511.500000,4.385635,4.389000,4.380000,6.000000,0.065092,0.038203,0.038203,0.000000,0.000000,1,1,1,1.000000,4.800000,4.800000,1,C1,INV-005
512.000000,4.387032,4.389000,4.380000,6.000000,0.065057,0.031528,0.031528,0.000000,0.000000,1,1,1,1.000000,4.800000,4.800000,1,C1,INV-005
512.500000,4.388355,4.390000,4.410000,6.000000,0.065014,0.033272,0.033272,0.000000,0.000000,1,1,1,1.000000,4.800000,4.800000,1,C1,INV-005
513.000000,4.389640,4.387000,4.400000,6.000000,0.064974,0.034134,0.034134,0.000000,0.000000,1,1,1,1.000000,4.800000,4.800000,1,C1,INV-005
513.500000,4.390976,4.380000,4.390000,6.000000,0.064934,0.032857,0.032857,0.000000,0.000000,1,1,1,1.000000,4.800000,4.800000,1,C1,INV-005
514.000000,4.392118,4.388000,4.380000,6.000000,0.064893,0.037499,0.037499,0.000000,0.000000,1,1,1,1.000000,4.800000,4.800000,1,C1,INV-005
514.500000,4.393312,4.400000,4.390000,6.000000,0.064858,0.036185,0.036185,0.000000,0.000000,1,1,1,1.000000,4.800000,4.800000,1,C1,INV-005
515.000000,4.394633,4.396000,4.400000,6.000000,0.064821,0.033133,0.033133,0.000000,0.000000,1,1,1,1.000000,4.800000,4.800000,1,C1,INV-005
515.500000,4.395794,4.382000,4.410000,6.000000,0.064781,0.036911,0.036911,0.000000,0.000000,1,1,1,1.000000,4.800000,4.800000,1,C1,INV-005
516.000000,4.396895,4.395000,4.400000,6.000000,0.064745,0.038308,0.038308,0.000000,0.000000,1,1,1,1.000000,4.800000,4.800000,1,C1,INV-005
516.500000,4.398208,4.406000,4.410000,6.000000,0.064711,0.033214,0.033214,0.000000,0.000000,1,1,1,1.000000,4.800000,4.800000,1,C1,INV-005
517.000000,4.399299,4.385000,4.390000,6.000000,0.064671,0.038486,0.038486,0.000000,0.000000,1,1,1,1.000000,4.800000,4.800000,1,C1,INV-005
517.500000,4.400396,4.404000,4.390000,6.000000,0.064637,0.038297,0.038297,0.000000,0.000000,1,1,1,1.000000,4.800000,4.800000,1,C1,INV-005
518.000000,4.401578,4.393000,4.400000,6.000000,0.064603,0.036252,0.036252,0.000000,0.000000,1,1,1,1.000000,4.800000,4.800000,1,C1,INV-005
518.500000,4.402688,4.410000,4.400000,6.000000,0.064567,0.037909,0.037909,0.000000,0.000000,1,1,1,1.000000,4.800000,4.800000,1,C1,INV-005
519.000000,4.404022,4.407000,4.410000,6.000000,0.064533,0.032523,0.032523,0.000000,0.000000,1,1,1,1.000000,4.800000,4.800000,1,C1,INV-005
519.500000,4.405124,4.413000,4.400000,6.000000,0.064492,0.038057,0.038057,0.000000,0.000000,1,1,1,1.000000,4.800000,4.800000,1,C1,INV-005
520.000000,4.406480,4.398000,4.410000,6.000000,0.064458,0.031911,0.031911,0.000000,0.000000,1,1,1,1.000000,4.800000,4.800000,1,C1,INV-005
520.500000,4.407631,4.404000,4.420000,6.000000,0.064416,0.036775,0.036775,0.000000,0.000000,1,1,1,1.000000,4.800000,4.800000,1,C1,INV-005
521.000000,4.408915,4.412000,4.400000,6.000000,0.064381,0.033586,0.033586,0.000000,0.000000,1,1,1,1.000000,4.800000,4.800000,1,C1,INV-005
521.500000,4.410232,4.409000,4.410000,6.000000,0.064341,0.032721,0.032721,0.000000,0.000000,1,1,1,1.000000,4.800000,4.800000,1,C1,INV-005
522.000000,4.411344,4.422000,4.410000,6.000000,0.064301,0.037604,0.037604,0.000000,0.000000,1,1,1,1.000000,4.800000,4.800000,1,C1,INV-005
522.500000,4.412566,4.411000,4.420000,6.000000,0.064266,0.034936,0.034936,0.000000,0.000000,1,1,1,1.000000,4.800000,4.800000,1,C1,INV-005
523.000000,4.413910,4.414000,4.400000,6.000000,0.064229,0.031990,0.031990,0.000000,0.000000,1,1,1,1.000000,4.800000,4.800000,1,C1,INV-005
523.500000,4.414987,4.419000,4.420000,6.000000,0.064187,0.038326,0.038326,0.000000,0.000000,1,1,1,1.000000,4.800000,4.800000,1,C1,INV-005
524.000000,4.416258,4.418000,4.420000,6.000000,0.064154,0.033647,0.033647,0.000000,0.000000,1,1,1,1.000000,4.800000,4.800000,1,C1,INV-005
524.500000,4.417337,4.423000,4.430000,6.000000,0.064115,0.038226,0.038226,0.000000,0.000000,1,1,1,1.000000,4.800000,4.800000,1,C1,INV-005
525.000000,4.418595,4.416000,4.410000,6.000000,0.064082,0.033903,0.033903,0.000000,0.000000,1,1,1,1.000000,4.800000,4.800000,1,C1,INV-005
525.500000,4.419667,4.417000,4.400000,6.000000,0.064043,0.038309,0.038309,0.000000,0.000000,1,1,1,1.000000,4.800000,4.800000,1,C1,INV-005
526.000000,4.420757,4.417000,4.420000,6.000000,0.064010,0.037844,0.037844,0.000000,0.000000,1,1,1,1.000000,4.800000,4.800000,1,C1,INV-005
526.500000,4.422071,4.412000,4.420000,6.000000,0.063977,0.032448,0.032448,0.000000,0.000000,1,1,1,1.000000,4.800000,4.800000,1,C1,INV-005
527.000000,4.423330,4.427000,4.420000,6.000000,0.063936,0.033717,0.033717,0.000000,0.000000,1,1,1,1.000000,4.800000,4.800000,1,C1,INV-005
527.500000,4.424604,4.420000,4.440000,6.000000,0.063898,0.033314,0.033314,0.000000,0.000000,1,1,1,1.000000,4.800000,4.800000,1,C1,INV-005
528.000000,4.425917,4.427000,4.420000,6.000000,0.063858,0.032342,0.032342,0.000000,0.000000,1,1,1,1.000000,4.800000,4.800000,1,C1,INV-005
528.500000,4.427194,4.432000,4.430000,6.000000,0.063818,0.033178,0.033178,0.000000,0.000000,1,1,1,1.000000,4.800000,4.800000,1,C1,INV-005
529.000000,4.428387,4.430000,4.430000,6.000000,0.063779,0.035143,0.035143,0.000000,0.000000,1,1,1,1.000000,4.800000,4.800000,1,C1,INV-005
529.500000,4.429724,4.432000,4.420000,6.000000,0.063742,0.031668,0.031668,0.000000,0.000000,1,1,1,1.000000,4.800000,4.800000,1,C1,INV-005
530.000000,4.430835,4.429000,4.430000,6.000000,0.063701,0.037025,0.037025,0.000000,0.000000,1,1,1,1.000000,4.800000,4.800000,1,C1,INV-005
530.500000,4.432013,4.422000,4.440000,6.000000,0.063667,0.035402,0.035402,0.000000,0.000000,1,1,1,1.000000,4.800000,4.800000,1,C1,INV-005
531.000000,4.433189,4.436000,4.430000,6.000000,0.063630,0.035407,0.035407,0.000000,0.000000,1,1,1,1.000000,4.800000,4.800000,1,C1,INV-005
531.500000,4.434511,4.427000,4.450000,6.000000,0.063594,0.031867,0.031867,0.000000,0.000000,1,1,1,1.000000,4.800000,4.800000,1,C1,INV-005
532.000000,4.435702,4.439000,4.440000,6.000000,0.063554,0.034965,0.034965,0.000000,0.000000,1,1,1,1.000000,4.800000,4.800000,1,C1,INV-005
532.500000,4.436990,4.440000,4.430000,6.000000,0.063517,0.032602,0.032602,0.000000,0.000000,1,1,1,1.000000,4.800000,4.800000,1,C1,INV-005
533.000000,4.438066,4.436000,4.450000,6.000000,0.063477,0.037662,0.037662,0.000000,0.000000,1,1,1,1.000000,4.800000,4.800000,1,C1,INV-005
533.500000,4.439297,4.437000,4.450000,6.000000,0.063444,0.033899,0.033899,0.000000,0.000000,1,1,1,1.000000,4.800000,4.800000,1,C1,INV-005
534.000000,4.440591,4.436000,4.440000,6.000000,0.063406,0.032339,0.032339,0.000000,0.000000,1,1,1,1.000000,4.800000,4.800000,1,C1,INV-005
534.500000,4.441740,4.438000,4.420000,6.000000,0.063366,0.035806,0.035806,0.000000,0.000000,1,1,1,1.000000,4.800000,4.800000,1,C1,INV-005
535.000000,4.442834,4.442000,4.460000,6.000000,0.063331,0.037068,0.037068,0.000000,0.000000,1,1,1,1.000000,4.800000,4.800000,1,C1,INV-005
535.500000,4.444056,4.441000,4.420000,6.000000,0.063297,0.033976,0.033976,0.000000,0.000000,1,1,1,1.000000,4.800000,4.800000,1,C1,INV-005
536.000000,4.445087,4.452000,4.430000,6.000000,0.063260,0.038495,0.038495,0.000000,0.000000,1,1,1,1.000000,4.800000,4.800000,1,C1,INV-005
536.500000,4.446248,4.447000,4.450000,6.000000,0.063228,0.035377,0.035377,0.000000,0.000000,1,1,1,1.000000,4.800000,4.800000,1,C1,INV-005
537.000000,4.447507,4.452000,4.450000,6.000000,0.063192,0.032966,0.032966,0.000000,0.000000,1,1,1,1.000000,4.800000,4.800000,1,C1,INV-005
537.500000,4.448637,4.453000,4.450000,6.000000,0.063154,0.036040,0.036040,0.000000,0.000000,1,1,1,1.000000,4.800000,4.800000,1,C1,INV-005
538.000000,4.449879,4.453000,4.460000,6.000000,0.063119,0.033306,0.033306,0.000000,0.000000,1,1,1,1.000000,4.800000,4.800000,1,C1,INV-005
538.500000,4.451026,4.449000,4.440000,6.000000,0.063081,0.035558,0.035558,0.000000,0.000000,1,1,1,1.000000,4.800000,4.800000,1,C1,INV-005
539.000000,4.452200,4.456000,4.450000,6.000000,0.063045,0.034863,0.034863,0.000000,0.000000,1,1,1,1.000000,4.800000,4.800000,1,C1,INV-005
539.500000,4.453241,4.457000,4.450000,6.000000,0.063009,0.038026,0.038026,0.000000,0.000000,1,1,1,1.000000,4.800000,4.800000,1,C1,INV-005
540.000000,4.454336,4.452000,4.460000,6.000000,0.062977,0.036713,0.036713,0.000000,0.000000,1,1,1,1.000000,4.800000,4.800000,1,C1,INV-005
540.500000,4.455457,4.456000,4.450000,6.000000,0.062944,0.036034,0.036034,0.000000,0.000000,1,1,1,1.000000,4.800000,4.800000,1,C1,INV-005
541.000000,4.456539,4.458000,4.440000,6.000000,0.062909,0.036929,0.036929,0.000000,0.000000,1,1,1,1.000000,4.800000,4.800000,1,C1,INV-005
541.500000,4.457802,4.454000,4.470000,6.000000,0.062876,0.032570,0.032570,0.000000,0.000000,1,1,1,1.000000,4.800000,4.800000,1,C1,INV-005
542.000000,4.458977,4.461000,4.450000,6.000000,0.062837,0.034632,0.034632,0.000000,0.000000,1,1,1,1.000000,4.800000,4.800000,1,C1,INV-005
542.500000,4.460113,4.454000,4.470000,6.000000,0.062801,0.035554,0.035554,0.000000,0.000000,1,1,1,1.000000,4.800000,4.800000,1,C1,INV-005
543.000000,4.461393,4.460000,4.460000,6.000000,0.062766,0.032038,0.032038,0.000000,0.000000,1,1,1,1.000000,4.800000,4.800000,1,C1,INV-005
543.500000,4.462469,4.464000,4.460000,6.000000,0.062726,0.036890,0.036890,0.000000,0.000000,1,1,1,1.000000,4.800000,4.800000,1,C1,INV-005
544.000000,4.463648,4.462000,4.470000,6.000000,0.062693,0.034401,0.034401,0.000000,0.000000,1,1,1,1.000000,4.800000,4.800000,1,C1,INV-005
544.500000,4.464831,4.460000,4.460000,6.000000,0.062657,0.034272,0.034272,0.000000,0.000000,1,1,1,1.000000,4.800000,4.800000,1,C1,INV-005
545.000000,4.466104,4.460000,4.460000,6.000000,0.062621,0.032074,0.032074,0.000000,0.000000,1,1,1,1.000000,4.800000,4.800000,1,C1,INV-005
545.500000,4.467147,4.467000,4.450000,6.000000,0.062581,0.037542,0.037542,0.000000,0.000000,1,1,1,1.000000,4.800000,4.800000,1,C1,INV-005
546.000000,4.468296,4.472000,4.460000,6.000000,0.062549,0.034986,0.034986,0.000000,0.000000,1,1,1,1.000000,4.800000,4.800000,1,C1,INV-005
546.500000,4.469373,4.474000,4.470000,6.000000,0.062514,0.036655,0.036655,0.000000,0.000000,1,1,1,1.000000,4.800000,4.800000,1,C1,INV-005
547.000000,4.470577,4.476000,4.480000,6.000000,0.062481,0.033586,0.033586,0.000000,0.000000,1,1,1,1.000000,4.800000,4.800000,1,C1,INV-005
547.500000,4.471609,4.469000,4.470000,6.000000,0.062444,0.037678,0.037678,0.000000,0.000000,1,1,1,1.000000,4.800000,4.800000,1,C1,INV-005
548.000000,4.472839,4.471000,4.470000,6.000000,0.062412,0.032880,0.032880,0.000000,0.000000,1,1,1,1.000000,4.800000,4.800000,1,C1,INV-005
548.500000,4.473990,4.473000,4.470000,6.000000,0.062374,0.034761,0.034761,0.000000,0.000000,1,1,1,1.000000,4.800000,4.800000,1,C1,INV-005
549.000000,4.475228,4.475000,4.480000,6.000000,0.062339,0.032622,0.032622,0.000000,0.000000,1,1,1,1.000000,4.800000,4.800000,1,C1,INV-005
549.500000,4.476374,4.486000,4.470000,6.000000,0.062301,0.034794,0.034794,0.000000,0.000000,1,1,1,1.000000,4.800000,4.800000,1,C1,INV-005
550.000000,4.477377,4.475000,4.490000,6.000000,0.062265,0.038193,0.038193,0.000000,0.000000,1,1,1,1.000000,4.800000,4.800000,1,C1,INV-005
550.500000,4.478536,4.478000,4.480000,6.000000,0.062235,0.034415,0.034415,0.000000,0.000000,1,1,1,1.000000,4.800000,4.800000,1,C1,INV-005
551.000000,4.479776,4.481000,4.480000,6.000000,0.062199,0.032440,0.032440,0.000000,0.000000,1,1,1,1.000000,4.800000,4.800000,1,C1,INV-005
551.500000,4.480847,4.483000,4.490000,6.000000,0.062161,0.036473,0.036473,0.000000,0.000000,1,1,1,1.000000,4.800000,4.800000,1,C1,INV-005
552.000000,4.482065,4.475000,4.490000,6.000000,0.062128,0.032877,0.032877,0.000000,0.000000,1,1,1,1.000000,4.800000,4.800000,1,C1,INV-005
552.500000,4.483056,4.491000,4.480000,6.000000,0.062090,0.038317,0.038317,0.000000,0.000000,1,1,1,1.000000,4.800000,4.800000,1,C1,INV-005
553.000000,4.484203,4.481000,4.480000,6.000000,0.062060,0.034532,0.034532,0.000000,0.000000,1,1,1,1.000000,4.800000,4.800000,1,C1,INV-005
553.500000,4.485370,4.480000,4.480000,6.000000,0.062025,0.034021,0.034021,0.000000,0.000000,1,1,1,1.000000,4.800000,4.800000,1,C1,INV-005
554.000000,4.486407,4.478000,4.480000,6.000000,0.061989,0.037104,0.037104,0.000000,0.000000,1,1,1,1.000000,4.800000,4.800000,1,C1,INV-005
554.500000,4.487406,4.486000,4.480000,6.000000,0.061957,0.037978,0.037978,0.000000,0.000000,1,1,1,1.000000,4.800000,4.800000,1,C1,INV-005
555.000000,4.488453,4.486000,4.480000,6.000000,0.061926,0.036798,0.036798,0.000000,0.000000,1,1,1,1.000000,4.800000,4.800000,1,C1,INV-005
555.500000,4.489468,4.486000,4.480000,6.000000,0.061894,0.037519,0.037519,0.000000,0.000000,1,1,1,1.000000,4.800000,4.800000,1,C1,INV-005
556.000000,4.490681,4.486000,4.480000,6.000000,0.061863,0.032760,0.032760,0.000000,0.000000,1,1,1,1.000000,4.800000,4.800000,1,C1,INV-005
556.500000,4.491894,4.496000,4.490000,6.000000,0.061825,0.032708,0.032708,0.000000,0.000000,1,1,1,1.000000,4.800000,4.800000,1,C1,INV-005
557.000000,4.492963,4.497000,4.500000,6.000000,0.061788,0.036140,0.036140,0.000000,0.000000,1,1,1,1.000000,4.800000,4.800000,1,C1,INV-005
557.500000,4.493951,4.489000,4.490000,6.000000,0.061755,0.038046,0.038046,0.000000,0.000000,1,1,1,1.000000,4.800000,4.800000,1,C1,INV-005
558.000000,4.495105,4.500000,4.480000,6.000000,0.061725,0.034035,0.034035,0.000000,0.000000,1,1,1,1.000000,4.800000,4.800000,1,C1,INV-005
558.500000,4.496131,4.490000,4.510000,6.000000,0.061689,0.037047,0.037047,0.000000,0.000000,1,1,1,1.000000,4.800000,4.800000,1,C1,INV-005
559.000000,4.497346,4.492000,4.500000,6.000000,0.061657,0.032500,0.032500,0.000000,0.000000,1,1,1,1.000000,4.800000,4.800000,1,C1,INV-005
559.500000,4.498564,4.496000,4.480000,6.000000,0.061620,0.032404,0.032404,0.000000,0.000000,1,1,1,1.000000,4.800000,4.800000,1,C1,INV-005
560.000000,4.499625,4.495000,4.490000,6.000000,0.061583,0.036109,0.036109,0.000000,0.000000,1,1,1,1.000000,4.800000,4.800000,1,C1,INV-005
560.500000,4.500663,4.507000,4.500000,6.000000,0.061550,0.036645,0.036645,0.000000,0.000000,1,1,1,1.000000,4.800000,4.800000,1,C4,INV-001|INV-005
561.000000,4.501854,4.505000,4.490000,6.000000,0.061518,0.032919,0.032919,0.000000,0.000000,1,1,1,1.000000,4.800000,4.800000,1,C4,INV-001|INV-005
561.500000,4.503081,4.506000,4.490000,6.000000,0.061481,0.032036,0.032036,0.000000,0.000000,1,1,1,1.000000,4.800000,4.800000,1,C4,INV-001|INV-005
562.000000,4.504215,4.502000,4.510000,6.000000,0.061444,0.034221,0.034221,0.000000,0.000000,1,1,1,1.000000,4.800000,4.800000,1,C4,INV-001|INV-005
562.500000,4.505203,4.502000,4.500000,6.000000,0.061409,0.037709,0.037709,0.000000,0.000000,1,1,1,1.000000,4.800000,4.800000,1,C4,INV-001|INV-005
563.000000,4.506354,4.501000,4.500000,6.000000,0.061378,0.033760,0.033760,0.000000,0.000000,1,1,1,1.000000,4.800000,4.800000,1,C4,INV-001|INV-005
563.500000,4.507324,4.507000,4.520000,6.000000,0.061343,0.038053,0.038053,0.000000,0.000000,1,1,1,1.000000,4.800000,4.800000,1,C4,INV-001|INV-005
564.000000,4.508329,4.515000,4.510000,6.000000,0.061313,0.037195,0.037195,0.000000,0.000000,1,1,1,1.000000,4.800000,4.800000,1,C4,INV-001|INV-005
564.500000,4.509375,4.513000,4.510000,6.000000,0.061282,0.036181,0.036181,0.000000,0.000000,1,1,1,1.000000,4.800000,4.800000,1,C4,INV-001|INV-005
565.000000,4.510374,4.507000,4.500000,6.000000,0.061250,0.037279,0.037279,0.000000,0.000000,1,1,1,1.000000,4.800000,4.800000,1,C4,INV-001|INV-005
565.500000,4.511388,4.507000,4.520000,6.000000,0.061219,0.036868,0.036868,0.000000,0.000000,1,1,1,1.000000,4.800000,4.800000,1,C4,INV-001|INV-005
566.000000,4.512358,4.516000,4.530000,6.000000,0.061188,0.037924,0.037924,0.000000,0.000000,1,1,1,1.000000,4.800000,4.800000,1,C4,INV-001|INV-005
566.500000,4.513520,4.510000,4.530000,6.000000,0.061158,0.033256,0.033256,0.000000,0.000000,1,1,1,1.000000,4.800000,4.800000,1,C4,INV-001|INV-005
567.000000,4.514499,4.518000,4.510000,6.000000,0.061122,0.037625,0.037625,0.000000,0.000000,1,1,1,1.000000,4.800000,4.800000,1,C4,INV-001|INV-005
567.500000,4.515535,4.515000,4.520000,6.000000,0.061092,0.036226,0.036226,0.000000,0.000000,1,1,1,1.000000,4.800000,4.800000,1,C4,INV-001|INV-005
568.000000,4.516731,4.519000,4.540000,6.000000,0.061060,0.032374,0.032374,0.000000,0.000000,1,1,1,1.000000,4.800000,4.800000,1,C4,INV-001|INV-005
568.500000,4.517872,4.517000,4.520000,6.000000,0.061024,0.033623,0.033623,0.000000,0.000000,1,1,1,1.000000,4.800000,4.800000,1,C4,INV-001|INV-005
569.000000,4.519017,4.516000,4.530000,6.000000,0.060989,0.033516,0.033516,0.000000,0.000000,1,1,1,1.000000,4.800000,4.800000,1,C4,INV-001|INV-005
569.500000,4.520184,4.519000,4.510000,6.000000,0.060953,0.032937,0.032937,0.000000,0.000000,1,1,1,1.000000,4.800000,4.800000,1,C4,INV-001|INV-005
570.000000,4.521352,4.535000,4.520000,6.000000,0.060917,0.032896,0.032896,0.000000,0.000000,1,1,1,1.000000,4.800000,4.800000,1,C4,INV-001|INV-005
570.500000,4.522450,4.516000,4.520000,6.000000,0.060881,0.034520,0.034520,0.000000,0.000000,1,1,1,1.000000,4.800000,4.800000,1,C4,INV-001|INV-005
571.000000,4.523466,4.525000,4.520000,6.000000,0.060848,0.036482,0.036482,0.000000,0.000000,1,1,1,1.000000,4.800000,4.800000,1,C4,INV-001|INV-005
571.500000,4.524427,4.520000,4.540000,6.000000,0.060816,0.037751,0.037751,0.000000,0.000000,1,1,1,1.000000,4.800000,4.800000,1,C4,INV-001|INV-005
572.000000,4.525468,4.528000,4.520000,6.000000,0.060787,0.035799,0.035799,0.000000,0.000000,1,1,1,1.000000,4.800000,4.800000,1,C4,INV-001|INV-005
572.500000,4.526531,4.524000,4.520000,6.000000,0.060755,0.035232,0.035232,0.000000,0.000000,1,1,1,1.000000,4.800000,4.800000,1,C4,INV-001|INV-005
573.000000,4.527544,4.530000,4.530000,6.000000,0.060722,0.036409,0.036409,0.000000,0.000000,1,1,1,1.000000,4.800000,4.800000,1,C4,INV-001|INV-005
573.500000,4.528546,4.532000,4.530000,6.000000,0.060691,0.036662,0.036662,0.000000,0.000000,1,1,1,1.000000,4.800000,4.800000,1,C4,INV-001|INV-005
574.000000,4.529515,4.531000,4.540000,6.000000,0.060660,0.037405,0.037405,0.000000,0.000000,1,1,1,1.000000,4.800000,4.800000,1,C4,INV-001|INV-005
574.500000,4.530692,4.524000,4.530000,6.000000,0.060630,0.032366,0.032366,0.000000,0.000000,1,1,1,1.000000,4.800000,4.800000,1,C4,INV-001|INV-005
575.000000,4.531736,4.535000,4.510000,6.000000,0.060594,0.035532,0.035532,0.000000,0.000000,1,1,1,1.000000,4.800000,4.800000,1,C4,INV-001|INV-005
575.500000,4.532868,4.525000,4.550000,6.000000,0.060562,0.033416,0.033416,0.000000,0.000000,1,1,1,1.000000,4.800000,4.800000,1,C4,INV-001|INV-005
576.000000,4.533958,4.542000,4.530000,6.000000,0.060527,0.034367,0.034367,0.000000,0.000000,1,1,1,1.000000,4.800000,4.800000,1,C4,INV-001|INV-005
576.500000,4.535099,4.531000,4.540000,6.000000,0.060494,0.033092,0.033092,0.000000,0.000000,1,1,1,1.000000,4.800000,4.800000,1,C4,INV-001|INV-005
577.000000,4.536140,4.536000,4.540000,6.000000,0.060458,0.035486,0.035486,0.000000,0.000000,1,1,1,1.000000,4.800000,4.800000,1,C4,INV-001|INV-005
577.500000,4.537117,4.534000,4.550000,6.000000,0.060426,0.036974,0.036974,0.000000,0.000000,1,1,1,1.000000,4.800000,4.800000,1,C4,INV-001|INV-005
578.000000,4.538055,4.536000,4.530000,6.000000,0.060396,0.037880,0.037880,0.000000,0.000000,1,1,1,1.000000,4.800000,4.800000,1,C4,INV-001|INV-005
578.500000,4.539040,4.541000,4.520000,6.000000,0.060368,0.036730,0.036730,0.000000,0.000000,1,1,1,1.000000,4.800000,4.800000,1,C4,INV-001|INV-005
579.000000,4.540200,4.547000,4.540000,6.000000,0.060337,0.032497,0.032497,0.000000,0.000000,1,1,1,1.000000,4.800000,4.800000,1,C4,INV-001|INV-005
579.500000,4.541115,4.538000,4.530000,6.000000,0.060302,0.038351,0.038351,0.000000,0.000000,1,1,1,1.000000,4.800000,4.800000,1,C4,INV-001|INV-005
580.000000,4.542079,4.537000,4.550000,6.000000,0.060273,0.037133,0.037133,0.000000,0.000000,1,1,1,1.000000,4.800000,4.800000,1,C4,INV-001|INV-005
580.500000,4.543267,4.537000,4.530000,6.000000,0.060244,0.031723,0.031723,0.000000,0.000000,1,1,1,1.000000,4.800000,4.800000,1,C4,INV-001|INV-005
581.000000,4.544264,4.549000,4.550000,6.000000,0.060207,0.036286,0.036286,0.000000,0.000000,1,1,1,1.000000,4.800000,4.800000,1,C4,INV-001|INV-005
581.500000,4.545259,4.551000,4.550000,6.000000,0.060176,0.036287,0.036287,0.000000,0.000000,1,1,1,1.000000,4.800000,4.800000,1,C4,INV-001|INV-005
582.000000,4.546332,4.552000,4.540000,6.000000,0.060146,0.034411,0.034411,0.000000,0.000000,1,1,1,1.000000,4.800000,4.800000,1,C4,INV-001|INV-005
582.500000,4.547392,4.544000,4.540000,6.000000,0.060113,0.034662,0.034662,0.000000,0.000000,1,1,1,1.000000,4.800000,4.800000,1,C4,INV-001|INV-005
583.000000,4.548394,4.549000,4.530000,6.000000,0.060080,0.036041,0.036041,0.000000,0.000000,1,1,1,1.000000,4.800000,4.800000,1,C4,INV-001|INV-005
583.500000,4.549522,4.550000,4.550000,6.000000,0.060049,0.032968,0.032968,0.000000,0.000000,1,1,1,1.000000,4.800000,4.800000,1,C4,INV-001|INV-005
584.000000,4.550547,4.544000,4.540000,6.000000,0.060015,0.035429,0.035429,0.000000,0.000000,1,1,1,1.000000,4.800000,4.800000,1,C4,INV-001|INV-005
584.500000,4.551531,4.555000,4.570000,6.000000,0.059983,0.036350,0.036350,0.000000,0.000000,1,1,1,1.000000,4.800000,4.800000,1,C4,INV-001|INV-005
585.000000,4.552466,4.555000,4.540000,6.000000,0.059953,0.037515,0.037515,0.000000,0.000000,1,1,1,1.000000,4.800000,4.800000,1,C4,INV-001|INV-005
585.500000,4.553637,4.557000,4.550000,6.000000,0.059924,0.031823,0.031823,0.000000,0.000000,1,1,1,1.000000,4.800000,4.800000,1,C4,INV-001|INV-005
586.000000,4.554628,4.551000,4.530000,6.000000,0.059888,0.036110,0.036110,0.000000,0.000000,1,1,1,1.000000,4.800000,4.800000,1,C4,INV-001|INV-005
586.500000,4.555731,4.556000,4.550000,6.000000,0.059858,0.033371,0.033371,0.000000,0.000000,1,1,1,1.000000,4.800000,4.800000,1,C4,INV-001|INV-005
587.000000,4.556741,4.552000,4.550000,6.000000,0.059824,0.035594,0.035594,0.000000,0.000000,1,1,1,1.000000,4.800000,4.800000,1,C4,INV-001|INV-005
587.500000,4.557888,4.559000,4.560000,6.000000,0.059793,0.032258,0.032258,0.000000,0.000000,1,1,1,1.000000,4.800000,4.800000,1,C4,INV-001|INV-005
588.000000,4.559061,4.556000,4.560000,6.000000,0.059757,0.031603,0.031603,0.000000,0.000000,1,1,1,1.000000,4.800000,4.800000,1,C4,INV-001|INV-005
588.500000,4.560195,4.558000,4.570000,6.000000,0.059721,0.032512,0.032512,0.000000,0.000000,1,1,1,1.000000,4.800000,4.800000,1,C4,INV-001|INV-005
589.000000,4.561244,4.563000,4.540000,6.000000,0.059686,0.034512,0.034512,0.000000,0.000000,1,1,1,1.000000,4.800000,4.800000,1,C4,INV-001|INV-005
589.500000,4.562292,4.562000,4.570000,6.000000,0.059654,0.034494,0.034494,0.000000,0.000000,1,1,1,1.000000,4.800000,4.800000,1,C4,INV-001|INV-005
590.000000,4.563268,4.558000,4.560000,6.000000,0.059622,0.036215,0.036215,0.000000,0.000000,1,1,1,1.000000,4.800000,4.800000,1,C4,INV-001|INV-005
590.500000,4.564416,4.557000,4.560000,6.000000,0.059592,0.032040,0.032040,0.000000,0.000000,1,1,1,1.000000,4.800000,4.800000,1,C4,INV-001|INV-005
591.000000,4.565462,4.571000,4.560000,6.000000,0.059556,0.034447,0.034447,0.000000,0.000000,1,1,1,1.000000,4.800000,4.800000,1,C4,INV-001|INV-005
591.500000,4.566401,4.568000,4.560000,6.000000,0.059524,0.036974,0.036974,0.000000,0.000000,1,1,1,1.000000,4.800000,4.800000,1,C4,INV-001|INV-005
592.000000,4.567371,4.564000,4.580000,6.000000,0.059495,0.036235,0.036235,0.000000,0.000000,1,1,1,1.000000,4.800000,4.800000,1,C4,INV-001|INV-005
592.500000,4.568272,4.579000,4.570000,6.000000,0.059466,0.037831,0.037831,0.000000,0.000000,1,1,1,1.000000,4.800000,4.800000,1,C4,INV-001|INV-005
593.000000,4.569362,4.572000,4.570000,6.000000,0.059438,0.033270,0.033270,0.000000,0.000000,1,1,1,1.000000,4.800000,4.800000,1,C4,INV-001|INV-005
593.500000,4.570330,4.572000,4.570000,6.000000,0.059404,0.036175,0.036175,0.000000,0.000000,1,1,1,1.000000,4.800000,4.800000,1,C4,INV-001|INV-005
594.000000,4.571232,4.570000,4.570000,6.000000,0.059374,0.037723,0.037723,0.000000,0.000000,1,1,1,1.000000,4.800000,4.800000,1,C4,INV-001|INV-005
594.500000,4.572259,4.579000,4.560000,6.000000,0.059347,0.034702,0.034702,0.000000,0.000000,1,1,1,1.000000,4.800000,4.800000,1,C4,INV-001|INV-005
595.000000,4.573368,4.573000,4.560000,6.000000,0.059315,0.032696,0.032696,0.000000,0.000000,1,1,1,1.000000,4.800000,4.800000,1,C4,INV-001|INV-005
595.500000,4.574423,4.580000,4.570000,6.000000,0.059281,0.033981,0.033981,0.000000,0.000000,1,1,1,1.000000,4.800000,4.800000,1,C4,INV-001|INV-005
596.000000,4.575438,4.576000,4.610000,6.000000,0.059249,0.034872,0.034872,0.000000,0.000000,1,1,1,1.000000,4.800000,4.800000,1,C4,INV-001|INV-005
596.500000,4.576484,4.571000,4.570000,6.000000,0.059217,0.034115,0.034115,0.000000,0.000000,1,1,1,1.000000,4.800000,4.800000,1,C4,INV-001|INV-005
597.000000,4.577574,4.575000,4.580000,6.000000,0.059185,0.033021,0.033021,0.000000,0.000000,1,1,1,1.000000,4.800000,4.800000,1,C4,INV-001|INV-005
597.500000,4.578481,4.580000,4.570000,6.000000,0.059152,0.037392,0.037392,0.000000,0.000000,1,1,1,1.000000,4.800000,4.800000,1,C4,INV-001|INV-005
598.000000,4.579402,4.590000,4.580000,6.000000,0.059124,0.037016,0.037016,0.000000,0.000000,1,1,1,1.000000,4.800000,4.800000,1,C4,INV-001|INV-005
598.500000,4.580524,4.582000,4.590000,6.000000,0.059095,0.032182,0.032182,0.000000,0.000000,1,1,1,1.000000,4.800000,4.800000,1,C4,INV-001|INV-005
599.000000,4.581664,4.585000,4.560000,6.000000,0.059061,0.031688,0.031688,0.000000,0.000000,1,1,1,1.000000,4.800000,4.800000,1,C4,INV-001|INV-005
599.500000,4.582787,4.577000,4.600000,6.000000,0.059026,0.032068,0.032068,0.000000,0.000000,1,1,1,1.000000,4.800000,4.800000,1,C4,INV-001|INV-005
600.000000,4.583659,4.580000,4.580000,6.000000,0.058991,0.038063,0.038063,0.000000,0.000000,1,1,1,1.000000,4.800000,4.800000,1,C4,INV-001|INV-005
600.500000,4.584600,4.589000,4.590000,6.000000,0.058964,0.036393,0.036393,0.000000,0.000000,1,1,1,1.000000,4.800000,4.800000,1,C4,INV-001|INV-005
601.000000,4.585592,4.585000,4.570000,6.000000,0.058935,0.035130,0.035130,0.000000,0.000000,1,1,1,1.000000,4.800000,4.800000,1,C4,INV-001|INV-005
601.500000,4.586592,4.585000,4.580000,6.000000,0.058905,0.034899,0.034899,0.000000,0.000000,1,1,1,1.000000,4.800000,4.800000,1,C4,INV-001|INV-005
602.000000,4.587561,4.588000,4.590000,6.000000,0.058874,0.035627,0.035627,0.000000,0.000000,1,1,1,1.000000,4.800000,4.800000,1,C4,INV-001|INV-005
602.500000,4.588636,4.585000,4.590000,6.000000,0.058844,0.033033,0.033033,0.000000,0.000000,1,1,1,1.000000,4.800000,4.800000,1,C4,INV-001|INV-005
603.000000,4.589542,4.594000,4.580000,6.000000,0.058811,0.037079,0.037079,0.000000,0.000000,1,1,1,1.000000,4.800000,4.800000,1,C4,INV-001|INV-005
603.500000,4.590627,4.589000,4.600000,6.000000,0.058783,0.032734,0.032734,0.000000,0.000000,1,1,1,1.000000,4.800000,4.800000,1,C4,INV-001|INV-005
604.000000,4.591497,4.591000,4.600000,6.000000,0.058750,0.037874,0.037874,0.000000,0.000000,1,1,1,1.000000,4.800000,4.800000,1,C4,INV-001|INV-005
604.500000,4.592445,4.593000,4.600000,6.000000,0.058723,0.035959,0.035959,0.000000,0.000000,1,1,1,1.000000,4.800000,4.800000,1,C4,INV-001|INV-005
605.000000,4.593449,4.600000,4.590000,6.000000,0.058694,0.034596,0.034596,0.000000,0.000000,1,1,1,1.000000,4.800000,4.800000,1,C4,INV-001|INV-005
605.500000,4.594415,4.589000,4.600000,6.000000,0.058663,0.035494,0.035494,0.000000,0.000000,1,1,1,1.000000,4.800000,4.800000,1,C4,INV-001|INV-005
606.000000,4.595477,4.601000,4.600000,6.000000,0.058633,0.033147,0.033147,0.000000,0.000000,1,1,1,1.000000,4.800000,4.800000,1,C4,INV-001|INV-005
606.500000,4.596373,4.606000,4.600000,6.000000,0.058601,0.037087,0.037087,0.000000,0.000000,1,1,1,1.000000,4.800000,4.800000,1,C4,INV-001|INV-005
607.000000,4.597246,4.600000,4.590000,6.000000,0.058573,0.037629,0.037629,0.000000,0.000000,1,1,1,1.000000,4.800000,4.800000,1,C4,INV-001|INV-005
607.500000,4.598333,4.598000,4.570000,6.000000,0.058546,0.032446,0.032446,0.000000,0.000000,1,1,1,1.000000,4.800000,4.800000,1,C4,INV-001|INV-005
608.000000,4.599281,4.598000,4.600000,6.000000,0.058513,0.035758,0.035758,0.000000,0.000000,1,1,1,1.000000,4.800000,4.800000,1,C4,INV-001|INV-005
608.500000,4.600274,4.599000,4.610000,6.000000,0.058484,0.034650,0.034650,0.000000,0.000000,1,1,1,1.000000,4.800000,4.800000,1,C4,INV-001|INV-005
609.000000,4.601270,4.605000,4.610000,6.000000,0.058453,0.034557,0.034557,0.000000,0.000000,1,1,1,1.000000,4.800000,4.800000,1,C4,INV-001|INV-005
609.500000,4.602232,4.601000,4.590000,6.000000,0.058422,0.035327,0.035327,0.000000,0.000000,1,1,1,1.000000,4.800000,4.800000,1,C4,INV-001|INV-005
610.000000,4.603200,4.604000,4.590000,6.000000,0.058393,0.035178,0.035178,0.000000,0.000000,1,1,1,1.000000,4.800000,4.800000,1,C4,INV-001|INV-005
610.500000,4.604065,4.602000,4.600000,6.000000,0.058363,0.037586,0.037586,0.000000,0.000000,1,1,1,1.000000,4.800000,4.800000,1,C4,INV-001|INV-005
611.000000,4.604900,4.604000,4.610000,6.000000,0.058336,0.038299,0.038299,0.000000,0.000000,1,1,1,1.000000,4.800000,4.800000,1,C4,INV-001|INV-005
611.500000,4.606010,4.610000,4.610000,6.000000,0.058311,0.031673,0.031673,0.000000,0.000000,1,1,1,1.000000,4.800000,4.800000,1,C4,INV-001|INV-005
612.000000,4.606969,4.612000,4.600000,6.000000,0.058277,0.035268,0.035268,0.000000,0.000000,1,1,1,1.000000,4.800000,4.800000,1,C4,INV-001|INV-005
612.500000,4.607916,4.610000,4.610000,6.000000,0.058247,0.035515,0.035515,0.000000,0.000000,1,1,1,1.000000,4.800000,4.800000,1,C4,INV-001|INV-005
613.000000,4.608939,4.606000,4.610000,6.000000,0.058218,0.033662,0.033662,0.000000,0.000000,1,1,1,1.000000,4.800000,4.800000,1,C4,INV-001|INV-005
613.500000,4.609906,4.614000,4.630000,6.000000,0.058186,0.034977,0.034977,0.000000,0.000000,1,1,1,1.000000,4.800000,4.800000,1,C4,INV-001|INV-005
614.000000,4.610938,4.608000,4.610000,6.000000,0.058157,0.033391,0.033391,0.000000,0.000000,1,1,1,1.000000,4.800000,4.800000,1,C4,INV-001|INV-005
614.500000,4.611987,4.608000,4.600000,6.000000,0.058125,0.032956,0.032956,0.000000,0.000000,1,1,1,1.000000,4.800000,4.800000,1,C4,INV-001|INV-005
615.000000,4.612953,4.613000,4.590000,6.000000,0.058093,0.034895,0.034895,0.000000,0.000000,1,1,1,1.000000,4.800000,4.800000,1,C4,INV-001|INV-005
615.500000,4.613841,4.611000,4.610000,6.000000,0.058063,0.036766,0.036766,0.000000,0.000000,1,1,1,1.000000,4.800000,4.800000,1,C4,INV-001|INV-005
616.000000,4.614852,4.611000,4.620000,6.000000,0.058036,0.033764,0.033764,0.000000,0.000000,1,1,1,1.000000,4.800000,4.800000,1,C4,INV-001|INV-005
616.500000,4.615670,4.616000,4.600000,6.000000,0.058005,0.038377,0.038377,0.000000,0.000000,1,1,1,1.000000,4.800000,4.800000,1,C4,INV-001|INV-005
617.000000,4.616589,4.614000,4.610000,6.000000,0.057979,0.035926,0.035926,0.000000,0.000000,1,1,1,1.000000,4.800000,4.800000,1,C4,INV-001|INV-005
617.500000,4.617498,4.615000,4.620000,6.000000,0.057951,0.036129,0.036129,0.000000,0.000000,1,1,1,1.000000,4.800000,4.800000,1,C4,INV-001|INV-005
618.000000,4.618316,4.621000,4.620000,6.000000,0.057923,0.038283,0.038283,0.000000,0.000000,1,1,1,1.000000,4.800000,4.800000,1,C4,INV-001|INV-005
618.500000,4.619218,4.625000,4.620000,6.000000,0.057898,0.036258,0.036258,0.000000,0.000000,1,1,1,1.000000,4.800000,4.800000,1,C4,INV-001|INV-005
619.000000,4.620128,4.618000,4.620000,6.000000,0.057870,0.036039,0.036039,0.000000,0.000000,1,1,1,1.000000,4.800000,4.800000,1,C4,INV-001|INV-005
619.500000,4.621090,4.623000,4.600000,6.000000,0.057842,0.034753,0.034753,0.000000,0.000000,1,1,1,1.000000,4.800000,4.800000,1,C4,INV-001|INV-005
620.000000,4.622113,4.631000,4.610000,6.000000,0.057813,0.033249,0.033249,0.000000,0.000000,1,1,1,1.000000,4.800000,4.800000,1,C4,INV-001|INV-005
620.500000,4.622960,4.623000,4.620000,6.000000,0.057781,0.037471,0.037471,0.000000,0.000000,1,1,1,1.000000,4.800000,4.800000,1,C4,INV-001|INV-005
621.000000,4.624036,4.620000,4.630000,6.000000,0.057755,0.031924,0.031924,0.000000,0.000000,1,1,1,1.000000,4.800000,4.800000,1,C4,INV-001|INV-005
621.500000,4.624993,4.626000,4.610000,6.000000,0.057722,0.034741,0.034741,0.000000,0.000000,1,1,1,1.000000,4.800000,4.800000,1,C4,INV-001|INV-005
622.000000,4.625859,4.626000,4.650000,6.000000,0.057693,0.036915,0.036915,0.000000,0.000000,1,1,1,1.000000,4.800000,4.800000,1,C4,INV-001|INV-005
622.500000,4.626827,4.629000,4.630000,6.000000,0.057666,0.034446,0.034446,0.000000,0.000000,1,1,1,1.000000,4.800000,4.800000,1,C4,INV-001|INV-005
623.000000,4.627835,4.630000,4.620000,6.000000,0.057636,0.033429,0.033429,0.000000,0.000000,1,1,1,1.000000,4.800000,4.800000,1,C4,INV-001|INV-005
623.500000,4.628712,4.630000,4.620000,6.000000,0.057605,0.036555,0.036555,0.000000,0.000000,1,1,1,1.000000,4.800000,4.800000,1,C4,INV-001|INV-005
624.000000,4.629518,4.619000,4.620000,6.000000,0.057578,0.038242,0.038242,0.000000,0.000000,1,1,1,1.000000,4.800000,4.800000,1,C4,INV-001|INV-005
624.500000,4.630542,4.630000,4.640000,6.000000,0.057553,0.032976,0.032976,0.000000,0.000000,1,1,1,1.000000,4.800000,4.800000,1,C4,INV-001|INV-005
625.000000,4.631567,4.626000,4.630000,6.000000,0.057522,0.032936,0.032936,0.000000,0.000000,1,1,1,1.000000,4.800000,4.800000,1,C4,INV-001|INV-005
625.500000,4.632401,4.633000,4.620000,6.000000,0.057490,0.037454,0.037454,0.000000,0.000000,1,1,1,1.000000,4.800000,4.800000,1,C4,INV-001|INV-005
626.000000,4.633301,4.640000,4.630000,6.000000,0.057465,0.035866,0.035866,0.000000,0.000000,1,1,1,1.000000,4.800000,4.800000,1,C4,INV-001|INV-005
626.500000,4.634115,4.636000,4.650000,6.000000,0.057437,0.037907,0.037907,0.000000,0.000000,1,1,1,1.000000,4.800000,4.800000,1,C4,INV-001|INV-005
627.000000,4.635124,4.634000,4.630000,6.000000,0.057412,0.033207,0.033207,0.000000,0.000000,1,1,1,1.000000,4.800000,4.800000,1,C4,INV-001|INV-005
627.500000,4.636188,4.646000,4.630000,6.000000,0.057381,0.031829,0.031829,0.000000,0.000000,1,1,1,1.000000,4.800000,4.800000,1,C4,INV-001|INV-005
628.000000,4.637205,4.633000,4.620000,6.000000,0.057348,0.032941,0.032941,0.000000,0.000000,1,1,1,1.000000,4.800000,4.800000,1,C4,INV-001|INV-005
628.500000,4.638241,4.631000,4.640000,6.000000,0.057317,0.032447,0.032447,0.000000,0.000000,1,1,1,1.000000,4.800000,4.800000,1,C4,INV-001|INV-005
629.000000,4.639033,4.643000,4.640000,6.000000,0.057285,0.038283,0.038283,0.000000,0.000000,1,1,1,1.000000,4.800000,4.800000,1,C4,INV-001|INV-005
629.500000,4.639895,4.641000,4.650000,6.000000,0.057261,0.036568,0.036568,0.000000,0.000000,1,1,1,1.000000,4.800000,4.800000,1,C4,INV-001|INV-005
630.000000,4.640861,4.643000,4.640000,6.000000,0.057234,0.034060,0.034060,0.000000,0.000000,1,1,1,1.000000,4.800000,4.800000,1,C4,INV-001|INV-005
630.500000,4.641732,4.645000,4.640000,6.000000,0.057204,0.036297,0.036297,0.000000,0.000000,1,1,1,1.000000,4.800000,4.800000,1,C4,INV-001|INV-005
631.000000,4.642684,4.647000,4.660000,6.000000,0.057177,0.034337,0.034337,0.000000,0.000000,1,1,1,1.000000,4.800000,4.800000,1,C4,INV-001|INV-005
631.500000,4.643685,4.636000,4.640000,6.000000,0.057148,0.033121,0.033121,0.000000,0.000000,1,1,1,1.000000,4.800000,4.800000,1,C4,INV-001|INV-005
632.000000,4.644600,4.644000,4.650000,6.000000,0.057117,0.035162,0.035162,0.000000,0.000000,1,1,1,1.000000,4.800000,4.800000,1,C4,INV-001|INV-005
632.500000,4.645416,4.645000,4.640000,6.000000,0.057089,0.037510,0.037510,0.000000,0.000000,1,1,1,1.000000,4.800000,4.800000,1,C4,INV-001|INV-005
633.000000,4.646386,4.649000,4.650000,6.000000,0.057064,0.033763,0.033763,0.000000,0.000000,1,1,1,1.000000,4.800000,4.800000,1,C4,INV-001|INV-005
633.500000,4.647180,4.646000,4.650000,6.000000,0.057034,0.037979,0.037979,0.000000,0.000000,1,1,1,1.000000,4.800000,4.800000,1,C4,INV-001|INV-005
634.000000,4.648153,4.648000,4.640000,6.000000,0.057010,0.033663,0.033663,0.000000,0.000000,1,1,1,1.000000,4.800000,4.800000,1,C4,INV-001|INV-005
634.500000,4.649195,4.651000,4.670000,6.000000,0.056980,0.031965,0.031965,0.000000,0.000000,1,1,1,1.000000,4.800000,4.800000,1,C4,INV-001|INV-005
635.000000,4.650182,4.652000,4.660000,6.000000,0.056948,0.033265,0.033265,0.000000,0.000000,1,1,1,1.000000,4.800000,4.800000,1,C4,INV-001|INV-005
635.500000,4.651212,4.645000,4.650000,6.000000,0.056917,0.032199,0.032199,0.000000,0.000000,1,1,1,1.000000,4.800000,4.800000,1,C4,INV-001|INV-005
636.000000,4.652041,4.659000,4.620000,6.000000,0.056886,0.036984,0.036984,0.000000,0.000000,1,1,1,1.000000,4.800000,4.800000,1,C4,INV-001|INV-005
636.500000,4.652935,4.660000,4.660000,6.000000,0.056860,0.035419,0.035419,0.000000,0.000000,1,1,1,1.000000,4.800000,4.800000,1,C4,INV-001|INV-005
637.000000,4.653790,4.654000,4.660000,6.000000,0.056833,0.036314,0.036314,0.000000,0.000000,1,1,1,1.000000,4.800000,4.800000,1,C4,INV-001|INV-005
637.500000,4.654677,4.655000,4.650000,6.000000,0.056806,0.035509,0.035509,0.000000,0.000000,1,1,1,1.000000,4.800000,4.800000,1,C4,INV-001|INV-005
638.000000,4.655468,4.654000,4.650000,6.000000,0.056779,0.037802,0.037802,0.000000,0.000000,1,1,1,1.000000,4.800000,4.800000,1,C4,INV-001|INV-005
638.500000,4.656307,4.657000,4.660000,6.000000,0.056755,0.036617,0.036617,0.000000,0.000000,1,1,1,1.000000,4.800000,4.800000,1,C4,INV-001|INV-005
639.000000,4.657250,4.651000,4.650000,6.000000,0.056729,0.034091,0.034091,0.000000,0.000000,1,1,1,1.000000,4.800000,4.800000,1,C4,INV-001|INV-005
639.500000,4.658123,4.653000,4.670000,6.000000,0.056700,0.035741,0.035741,0.000000,0.000000,1,1,1,1.000000,4.800000,4.800000,1,C4,INV-001|INV-005
640.000000,4.659030,4.654000,4.660000,6.000000,0.056673,0.034919,0.034919,0.000000,0.000000,1,1,1,1.000000,4.800000,4.800000,1,C4,INV-001|INV-005
640.500000,4.659801,4.655000,4.660000,6.000000,0.056645,0.038137,0.038137,0.000000,0.000000,1,1,1,1.000000,4.800000,4.800000,1,C4,INV-001|INV-005
641.000000,4.660655,4.671000,4.650000,6.000000,0.056622,0.036118,0.036118,0.000000,0.000000,1,1,1,1.000000,4.800000,4.800000,1,C4,INV-001|INV-005
641.500000,4.661446,4.655000,4.670000,6.000000,0.056595,0.037615,0.037615,0.000000,0.000000,1,1,1,1.000000,4.800000,4.800000,1,C4,INV-001|INV-005
642.000000,4.662411,4.662000,4.660000,6.000000,0.056571,0.033413,0.033413,0.000000,0.000000,1,1,1,1.000000,4.800000,4.800000,1,C4,INV-001|INV-005
642.500000,4.663434,4.661000,4.660000,6.000000,0.056541,0.031989,0.031989,0.000000,0.000000,1,1,1,1.000000,4.800000,4.800000,1,C4,INV-001|INV-005
643.000000,4.664272,4.674000,4.670000,6.000000,0.056510,0.036406,0.036406,0.000000,0.000000,1,1,1,1.000000,4.800000,4.800000,1,C4,INV-001|INV-005
643.500000,4.665230,4.668000,4.650000,6.000000,0.056484,0.033491,0.033491,0.000000,0.000000,1,1,1,1.000000,4.800000,4.800000,1,C4,INV-001|INV-005
644.000000,4.666151,4.663000,4.680000,6.000000,0.056454,0.034346,0.034346,0.000000,0.000000,1,1,1,1.000000,4.800000,4.800000,1,C4,INV-001|INV-005
644.500000,4.667102,4.669000,4.660000,6.000000,0.056426,0.033616,0.033616,0.000000,0.000000,1,1,1,1.000000,4.800000,4.800000,1,C4,INV-001|INV-005
645.000000,4.668035,4.661000,4.660000,6.000000,0.056397,0.033997,0.033997,0.000000,0.000000,1,1,1,1.000000,4.800000,4.800000,1,C4,INV-001|INV-005
645.500000,4.668977,4.669000,4.670000,6.000000,0.056368,0.033759,0.033759,0.000000,0.000000,1,1,1,1.000000,4.800000,4.800000,1,C4,INV-001|INV-005
646.000000,4.669795,4.666000,4.650000,6.000000,0.056339,0.036698,0.036698,0.000000,0.000000,1,1,1,1.000000,4.800000,4.800000,1,C4,INV-001|INV-005
646.500000,4.670594,4.671000,4.670000,6.000000,0.056314,0.037156,0.037156,0.000000,0.000000,1,1,1,1.000000,4.800000,4.800000,1,C4,INV-001|INV-005
647.000000,4.671430,4.673000,4.680000,6.000000,0.056289,0.036222,0.036222,0.000000,0.000000,1,1,1,1.000000,4.800000,4.800000,1,C4,INV-001|INV-005
647.500000,4.672331,4.672000,4.680000,6.000000,0.056264,0.034628,0.034628,0.000000,0.000000,1,1,1,1.000000,4.800000,4.800000,1,C4,INV-001|INV-005
648.000000,4.673316,4.673000,4.680000,6.000000,0.056236,0.032607,0.032607,0.000000,0.000000,1,1,1,1.000000,4.800000,4.800000,1,C4,INV-001|INV-005
648.500000,4.674113,4.676000,4.660000,6.000000,0.056206,0.037060,0.037060,0.000000,0.000000,1,1,1,1.000000,4.800000,4.800000,1,C4,INV-001|INV-005
649.000000,4.674876,4.673000,4.680000,6.000000,0.056181,0.037875,0.037875,0.000000,0.000000,1,1,1,1.000000,4.800000,4.800000,1,C4,INV-001|INV-005
649.500000,4.675807,4.679000,4.670000,6.000000,0.056158,0.033827,0.033827,0.000000,0.000000,1,1,1,1.000000,4.800000,4.800000,1,C4,INV-001|INV-005
650.000000,4.676776,4.675000,4.690000,6.000000,0.056129,0.032853,0.032853,0.000000,0.000000,1,1,1,1.000000,4.800000,4.800000,1,C4,INV-001|INV-005
650.500000,4.677633,4.684000,4.680000,6.000000,0.056099,0.035546,0.035546,0.000000,0.000000,1,1,1,1.000000,4.800000,4.800000,1,C4,INV-001|INV-005
651.000000,4.678413,4.684000,4.680000,6.000000,0.056073,0.037348,0.037348,0.000000,0.000000,1,1,1,1.000000,4.800000,4.800000,1,C4,INV-001|INV-005
651.500000,4.679332,4.689000,4.680000,6.000000,0.056049,0.034006,0.034006,0.000000,0.000000,1,1,1,1.000000,4.800000,4.800000,1,C4,INV-001|INV-005
652.000000,4.680072,4.687000,4.680000,6.000000,0.056021,0.038247,0.038247,0.000000,0.000000,1,1,1,1.000000,4.800000,4.800000,1,C4,INV-001|INV-005
652.500000,4.681087,4.683000,4.670000,6.000000,0.055998,0.031649,0.031649,0.000000,0.000000,1,1,1,1.000000,4.800000,4.800000,1,C4,INV-001|INV-005
653.000000,4.681885,4.678000,4.690000,6.000000,0.055967,0.036810,0.036810,0.000000,0.000000,1,1,1,1.000000,4.800000,4.800000,1,C4,INV-001|INV-005
653.500000,4.682773,4.680000,4.690000,6.000000,0.055942,0.034619,0.034619,0.000000,0.000000,1,1,1,1.000000,4.800000,4.800000,1,C4,INV-001|INV-005
654.000000,4.683784,4.681000,4.690000,6.000000,0.055915,0.031648,0.031648,0.000000,0.000000,1,1,1,1.000000,4.800000,4.800000,1,C4,INV-001|INV-005
654.500000,4.684699,4.670000,4.680000,6.000000,0.055884,0.033927,0.033927,0.000000,0.000000,1,1,1,1.000000,4.800000,4.800000,1,C4,INV-001|INV-005
655.000000,4.685575,4.677000,4.690000,6.000000,0.055855,0.034840,0.034840,0.000000,0.000000,1,1,1,1.000000,4.800000,4.800000,1,C4,INV-001|INV-005
655.500000,4.686330,4.689000,4.690000,6.000000,0.055828,0.037710,0.037710,0.000000,0.000000,1,1,1,1.000000,4.800000,4.800000,1,C4,INV-001|INV-005
656.000000,4.687073,4.701000,4.690000,6.000000,0.055805,0.037977,0.037977,0.000000,0.000000,1,1,1,1.000000,4.800000,4.800000,1,C4,INV-001|INV-005
656.500000,4.688036,4.695000,4.680000,6.000000,0.055782,0.032659,0.032659,0.000000,0.000000,1,1,1,1.000000,4.800000,4.800000,1,C4,INV-001|INV-005
657.000000,4.688798,4.691000,4.690000,6.000000,0.055753,0.037469,0.037469,0.000000,0.000000,1,1,1,1.000000,4.800000,4.800000,1,C4,INV-001|INV-005
657.500000,4.689720,4.694000,4.690000,6.000000,0.055729,0.033589,0.033589,0.000000,0.000000,1,1,1,1.000000,4.800000,4.800000,1,C4,INV-001|INV-005
658.000000,4.690462,4.690000,4.690000,6.000000,0.055701,0.037898,0.037898,0.000000,0.000000,1,1,1,1.000000,4.800000,4.800000,1,C4,INV-001|INV-005
658.500000,4.691426,4.684000,4.690000,6.000000,0.055678,0.032542,0.032542,0.000000,0.000000,1,1,1,1.000000,4.800000,4.800000,1,C4,INV-001|INV-005
659.000000,4.692221,4.688000,4.690000,6.000000,0.055648,0.036571,0.036571,0.000000,0.000000,1,1,1,1.000000,4.800000,4.800000,1,C4,INV-001|INV-005
659.500000,4.693130,4.692000,4.700000,6.000000,0.055624,0.033807,0.033807,0.000000,0.000000,1,1,1,1.000000,4.800000,4.800000,1,C4,INV-001|INV-005
660.000000,4.694020,4.689000,4.700000,6.000000,0.055596,0.034237,0.034237,0.000000,0.000000,1,1,1,1.000000,4.800000,4.800000,1,C4,INV-001|INV-005
660.500000,4.694994,4.701000,4.690000,6.000000,0.055569,0.032199,0.032199,0.000000,0.000000,1,1,1,1.000000,4.800000,4.800000,1,C4,INV-001|INV-005
661.000000,4.695886,4.688000,4.690000,6.000000,0.055539,0.034119,0.034119,0.000000,0.000000,1,1,1,1.000000,4.800000,4.800000,1,C4,INV-001|INV-005
661.500000,4.696666,4.694000,4.710000,6.000000,0.055511,0.036794,0.036794,0.000000,0.000000,1,1,1,1.000000,4.800000,4.800000,1,C4,INV-001|INV-005
662.000000,4.697378,4.700000,4.700000,6.000000,0.055487,0.038405,0.038405,0.000000,0.000000,1,1,1,1.000000,4.800000,4.800000,1,C4,INV-001|INV-005
662.500000,4.698343,4.692000,4.680000,6.000000,0.055465,0.032309,0.032309,0.000000,0.000000,1,1,1,1.000000,4.800000,4.800000,1,C4,INV-001|INV-005
663.000000,4.699336,4.694000,4.710000,6.000000,0.055436,0.031599,0.031599,0.000000,0.000000,1,1,1,1.000000,4.800000,4.800000,1,C4,INV-001|INV-005
663.500000,4.700217,4.703000,4.710000,6.000000,0.055405,0.034253,0.034253,0.000000,0.000000,1,1,1,1.000000,4.800000,4.800000,1,C4,INV-001|INV-005
664.000000,4.701094,4.699000,4.690000,6.000000,0.055378,0.034334,0.034334,0.000000,0.000000,1,1,1,1.000000,4.800000,4.800000,1,C4,INV-001|INV-005
664.500000,4.702005,4.696000,4.710000,6.000000,0.055351,0.033493,0.033493,0.000000,0.000000,1,1,1,1.000000,4.800000,4.800000,1,C4,INV-001|INV-005
665.000000,4.702767,4.701000,4.690000,6.000000,0.055323,0.037038,0.037038,0.000000,0.000000,1,1,1,1.000000,4.800000,4.800000,1,C4,INV-001|INV-005
665.500000,4.703702,4.701000,4.700000,6.000000,0.055299,0.032847,0.032847,0.000000,0.000000,1,1,1,1.000000,4.800000,4.800000,1,C4,INV-001|INV-005
666.000000,4.704435,4.709000,4.730000,6.000000,0.055271,0.037682,0.037682,0.000000,0.000000,1,1,1,1.000000,4.800000,4.800000,1,C4,INV-001|INV-005
666.500000,4.705272,4.705000,4.720000,6.000000,0.055248,0.035163,0.035163,0.000000,0.000000,1,1,1,1.000000,4.800000,4.800000,1,C4,INV-001|INV-005
667.000000,4.705998,4.707000,4.720000,6.000000,0.055222,0.037801,0.037801,0.000000,0.000000,1,1,1,1.000000,4.800000,4.800000,1,C4,INV-001|INV-005
667.500000,4.706734,4.710000,4.700000,6.000000,0.055200,0.037544,0.037544,0.000000,0.000000,1,1,1,1.000000,4.800000,4.800000,1,C4,INV-001|INV-005
668.000000,4.707606,4.707000,4.720000,6.000000,0.055177,0.034246,0.034246,0.000000,0.000000,1,1,1,1.000000,4.800000,4.800000,1,C4,INV-001|INV-005
668.500000,4.708311,4.698000,4.710000,6.000000,0.055151,0.038231,0.038231,0.000000,0.000000,1,1,1,1.000000,4.800000,4.800000,1,C4,INV-001|INV-005
669.000000,4.709127,4.705000,4.710000,6.000000,0.055129,0.035546,0.035546,0.000000,0.000000,1,1,1,1.000000,4.800000,4.800000,1,C4,INV-001|INV-005
669.500000,4.710016,4.706000,4.710000,6.000000,0.055104,0.033753,0.033753,0.000000,0.000000,1,1,1,1.000000,4.800000,4.800000,1,C4,INV-001|INV-005
670.000000,4.710769,4.721000,4.710000,6.000000,0.055076,0.037015,0.037015,0.000000,0.000000,1,1,1,1.000000,4.800000,4.800000,1,C4,INV-001|INV-005
670.500000,4.711606,4.707000,4.720000,6.000000,0.055053,0.034970,0.034970,0.000000,0.000000,1,1,1,1.000000,4.800000,4.800000,1,C4,INV-001|INV-005
671.000000,4.712363,4.725000,4.720000,6.000000,0.055028,0.036852,0.036852,0.000000,0.000000,1,1,1,1.000000,4.800000,4.800000,1,C4,INV-001|INV-005
671.500000,4.713099,4.708000,4.700000,6.000000,0.055004,0.037340,0.037340,0.000000,0.000000,1,1,1,1.000000,4.800000,4.800000,1,C4,INV-001|INV-005
672.000000,4.713788,4.719000,4.710000,6.000000,0.054982,0.038435,0.038435,0.000000,0.000000,1,1,1,1.000000,4.800000,4.800000,1,C4,INV-001|INV-005
672.500000,4.714736,4.713000,4.720000,6.000000,0.054960,0.032209,0.032209,0.000000,0.000000,1,1,1,1.000000,4.800000,4.800000,1,C4,INV-001|INV-005
673.000000,4.715504,4.717000,4.730000,6.000000,0.054931,0.036501,0.036501,0.000000,0.000000,1,1,1,1.000000,4.800000,4.800000,1,C4,INV-001|INV-005
673.500000,4.716310,4.713000,4.710000,6.000000,0.054908,0.035573,0.035573,0.000000,0.000000,1,1,1,1.000000,4.800000,4.800000,1,C4,INV-001|INV-005
674.000000,4.717095,4.708000,4.730000,6.000000,0.054883,0.036033,0.036033,0.000000,0.000000,1,1,1,1.000000,4.800000,4.800000,1,C4,INV-001|INV-005
674.500000,4.717912,4.727000,4.710000,6.000000,0.054859,0.035252,0.035252,0.000000,0.000000,1,1,1,1.000000,4.800000,4.800000,1,C4,INV-001|INV-005
675.000000,4.718696,4.728000,4.700000,6.000000,0.054833,0.036020,0.036020,0.000000,0.000000,1,1,1,1.000000,4.800000,4.800000,1,C4,INV-001|INV-005
675.500000,4.719537,4.715000,4.700000,6.000000,0.054809,0.034630,0.034630,0.000000,0.000000,1,1,1,1.000000,4.800000,4.800000,1,C4,INV-001|INV-005
676.000000,4.720391,4.731000,4.720000,6.000000,0.054783,0.034300,0.034300,0.000000,0.000000,1,1,1,1.000000,4.800000,4.800000,1,C4,INV-001|INV-005
676.500000,4.721153,4.715000,4.710000,6.000000,0.054757,0.036452,0.036452,0.000000,0.000000,1,1,1,1.000000,4.800000,4.800000,1,C4,INV-001|INV-005
677.000000,4.722014,4.725000,4.730000,6.000000,0.054734,0.034066,0.034066,0.000000,0.000000,1,1,1,1.000000,4.800000,4.800000,1,C4,INV-001|INV-005
677.500000,4.722711,4.718000,4.720000,6.000000,0.054707,0.037992,0.037992,0.000000,0.000000,1,1,1,1.000000,4.800000,4.800000,1,C4,INV-001|INV-005
678.000000,4.723486,4.721000,4.720000,6.000000,0.054686,0.036085,0.036085,0.000000,0.000000,1,1,1,1.000000,4.800000,4.800000,1,C4,INV-001|INV-005
678.500000,4.724385,4.724000,4.720000,6.000000,0.054662,0.033089,0.033089,0.000000,0.000000,1,1,1,1.000000,4.800000,4.800000,1,C4,INV-001|INV-005
679.000000,4.725072,4.720000,4.720000,6.000000,0.054634,0.038133,0.038133,0.000000,0.000000,1,1,1,1.000000,4.800000,4.800000,1,C4,INV-001|INV-005
679.500000,4.725840,4.727000,4.730000,6.000000,0.054613,0.036178,0.036178,0.000000,0.000000,1,1,1,1.000000,4.800000,4.800000,1,C4,INV-001|INV-005
680.000000,4.726549,4.724000,4.730000,6.000000,0.054590,0.037576,0.037576,0.000000,0.000000,1,1,1,1.000000,4.800000,4.800000,1,C4,INV-001|INV-005
680.500000,4.727498,4.720000,4.710000,6.000000,0.054568,0.031803,0.031803,0.000000,0.000000,1,1,1,1.000000,4.800000,4.800000,1,C4,INV-001|INV-005
681.000000,4.728268,4.731000,4.740000,6.000000,0.054539,0.036066,0.036066,0.000000,0.000000,1,1,1,1.000000,4.800000,4.800000,1,C4,INV-001|INV-005
681.500000,4.729107,4.724000,4.740000,6.000000,0.054515,0.034371,0.034371,0.000000,0.000000,1,1,1,1.000000,4.800000,4.800000,1,C4,INV-001|INV-005
682.000000,4.729794,4.725000,4.730000,6.000000,0.054489,0.037989,0.037989,0.000000,0.000000,1,1,1,1.000000,4.800000,4.800000,1,C4,INV-001|INV-005
682.500000,4.730693,4.732000,4.750000,6.000000,0.054468,0.032890,0.032890,0.000000,0.000000,1,1,1,1.000000,4.800000,4.800000,1,C4,INV-001|INV-005
683.000000,4.731504,4.727000,4.730000,6.000000,0.054440,0.034978,0.034978,0.000000,0.000000,1,1,1,1.000000,4.800000,4.800000,1,C4,INV-001|INV-005
683.500000,4.732258,4.732000,4.730000,6.000000,0.054415,0.036330,0.036330,0.000000,0.000000,1,1,1,1.000000,4.800000,4.800000,1,C4,INV-001|INV-005
684.000000,4.732927,4.740000,4.730000,6.000000,0.054392,0.038333,0.038333,0.000000,0.000000,1,1,1,1.000000,4.800000,4.800000,1,C4,INV-001|INV-005
684.500000,4.733690,4.736000,4.750000,6.000000,0.054371,0.036059,0.036059,0.000000,0.000000,1,1,1,1.000000,4.800000,4.800000,1,C4,INV-001|INV-005
685.000000,4.734528,4.726000,4.740000,6.000000,0.054348,0.034241,0.034241,0.000000,0.000000,1,1,1,1.000000,4.800000,4.800000,1,C4,INV-001|INV-005
685.500000,4.735425,4.745000,4.740000,6.000000,0.054322,0.032800,0.032800,0.000000,0.000000,1,1,1,1.000000,4.800000,4.800000,1,C4,INV-001|INV-005
686.000000,4.736229,4.737000,4.740000,6.000000,0.054295,0.034997,0.034997,0.000000,0.000000,1,1,1,1.000000,4.800000,4.800000,1,C4,INV-001|INV-005
686.500000,4.736946,4.732000,4.750000,6.000000,0.054270,0.037062,0.037062,0.000000,0.000000,1,1,1,1.000000,4.800000,4.800000,1,C4,INV-001|INV-005
687.000000,4.737711,4.743000,4.750000,6.000000,0.054248,0.035888,0.035888,0.000000,0.000000,1,1,1,1.000000,4.800000,4.800000,1,C4,INV-001|INV-005
687.500000,4.738503,4.737000,4.760000,6.000000,0.054224,0.035201,0.035201,0.000000,0.000000,1,1,1,1.000000,4.800000,4.800000,1,C4,INV-001|INV-005
688.000000,4.739331,4.736000,4.740000,6.000000,0.054200,0.034336,0.034336,0.000000,0.000000,1,1,1,1.000000,4.800000,4.800000,1,C4,INV-001|INV-005
688.500000,4.740196,4.734000,4.750000,6.000000,0.054174,0.033409,0.033409,0.000000,0.000000,1,1,1,1.000000,4.800000,4.800000,1,C4,INV-001|INV-005
689.000000,4.741066,4.743000,4.740000,6.000000,0.054148,0.033283,0.033283,0.000000,0.000000,1,1,1,1.000000,4.800000,4.800000,1,C4,INV-001|INV-005
689.500000,4.741992,4.744000,4.740000,6.000000,0.054121,0.031888,0.031888,0.000000,0.000000,1,1,1,1.000000,4.800000,4.800000,1,C4,INV-001|INV-005
690.000000,4.742702,4.740000,4.750000,6.000000,0.054093,0.037052,0.037052,0.000000,0.000000,1,1,1,1.000000,4.800000,4.800000,1,C4,INV-001|INV-005
690.500000,4.743471,4.740000,4.740000,6.000000,0.054071,0.035622,0.035622,0.000000,0.000000,1,1,1,1.000000,4.800000,4.800000,1,C4,INV-001|INV-005
691.000000,4.744310,4.744000,4.730000,6.000000,0.054047,0.033894,0.033894,0.000000,0.000000,1,1,1,1.000000,4.800000,4.800000,1,C4,INV-001|INV-005
691.500000,4.745046,4.750000,4.770000,6.000000,0.054021,0.036355,0.036355,0.000000,0.000000,1,1,1,1.000000,4.800000,4.800000,1,C4,INV-001|INV-005
692.000000,4.745920,4.754000,4.750000,6.000000,0.053999,0.033042,0.033042,0.000000,0.000000,1,1,1,1.000000,4.800000,4.800000,1,C4,INV-001|INV-005
692.500000,4.746742,4.753000,4.760000,6.000000,0.053972,0.034239,0.034239,0.000000,0.000000,1,1,1,1.000000,4.800000,4.800000,1,C4,INV-001|INV-005
693.000000,4.747562,4.752000,4.740000,6.000000,0.053946,0.034262,0.034262,0.000000,0.000000,1,1,1,1.000000,4.800000,4.800000,1,C4,INV-001|INV-005
693.500000,4.748287,4.748000,4.760000,6.000000,0.053921,0.036514,0.036514,0.000000,0.000000,1,1,1,1.000000,4.800000,4.800000,1,C4,INV-001|INV-005
694.000000,4.749005,4.752000,4.760000,6.000000,0.053899,0.036684,0.036684,0.000000,0.000000,1,1,1,1.000000,4.800000,4.800000,1,C4,INV-001|INV-005
694.500000,4.749801,4.752000,4.750000,6.000000,0.053877,0.034754,0.034754,0.000000,0.000000,1,1,1,1.000000,4.800000,4.800000,1,C4,INV-001|INV-005
695.000000,4.750687,4.749000,4.760000,6.000000,0.053852,0.032597,0.032597,0.000000,0.000000,1,1,1,1.000000,4.800000,4.800000,1,C4,INV-001|INV-005
695.500000,4.751406,4.760000,4.750000,6.000000,0.053825,0.036564,0.036564,0.000000,0.000000,1,1,1,1.000000,4.800000,4.800000,1,C4,INV-001|INV-005
696.000000,4.752290,4.750000,4.750000,6.000000,0.053803,0.032596,0.032596,0.000000,0.000000,1,1,1,1.000000,4.800000,4.800000,1,C4,INV-001|INV-005
696.500000,4.753090,4.761000,4.750000,6.000000,0.053776,0.034571,0.034571,0.000000,0.000000,1,1,1,1.000000,4.800000,4.800000,1,C4,INV-001|INV-005
697.000000,4.753915,4.753000,4.770000,6.000000,0.053751,0.033949,0.033949,0.000000,0.000000,1,1,1,1.000000,4.800000,4.800000,1,C4,INV-001|INV-005
697.500000,4.754623,4.753000,4.750000,6.000000,0.053726,0.036732,0.036732,0.000000,0.000000,1,1,1,1.000000,4.800000,4.800000,1,C4,INV-001|INV-005
698.000000,4.755331,4.752000,4.760000,6.000000,0.053704,0.036718,0.036718,0.000000,0.000000,1,1,1,1.000000,4.800000,4.800000,1,C4,INV-001|INV-005
698.500000,4.756166,4.761000,4.740000,6.000000,0.053682,0.033637,0.033637,0.000000,0.000000,1,1,1,1.000000,4.800000,4.800000,1,C4,INV-001|INV-005
699.000000,4.756829,4.753000,4.770000,6.000000,0.053656,0.037746,0.037746,0.000000,0.000000,1,1,1,1.000000,4.800000,4.800000,1,C4,INV-001|INV-005
699.500000,4.757699,4.762000,4.760000,6.000000,0.053636,0.032765,0.032765,0.000000,0.000000,1,1,1,1.000000,4.800000,4.800000,1,C4,INV-001|INV-005
700.000000,4.758413,4.752000,4.760000,6.000000,0.053609,0.036474,0.036474,0.000000,0.000000,1,1,1,1.000000,4.800000,4.800000,1,C4,INV-001|INV-005
700.500000,4.759248,4.763000,4.760000,6.000000,0.053587,0.033545,0.033545,0.000000,0.000000,1,1,1,1.000000,4.800000,4.800000,1,C4,INV-001|INV-005
701.000000,4.760156,4.758000,4.760000,6.000000,0.053562,0.031760,0.031760,0.000000,0.000000,1,1,1,1.000000,4.800000,4.800000,1,C4,INV-001|INV-005
701.500000,4.761067,4.756000,4.760000,6.000000,0.053534,0.031686,0.031686,0.000000,0.000000,1,1,1,1.000000,4.800000,4.800000,1,C4,INV-001|INV-005
702.000000,4.761796,4.766000,4.780000,6.000000,0.053506,0.035998,0.035998,0.000000,0.000000,1,1,1,1.000000,4.800000,4.800000,1,C4,INV-001|INV-005
702.500000,4.762470,4.761000,4.760000,6.000000,0.053483,0.037320,0.037320,0.000000,0.000000,1,1,1,1.000000,4.800000,4.800000,1,C4,INV-001|INV-005
703.000000,4.763111,4.769000,4.770000,6.000000,0.053462,0.038072,0.038072,0.000000,0.000000,1,1,1,1.000000,4.800000,4.800000,1,C4,INV-001|INV-005
703.500000,4.763769,4.763000,4.740000,6.000000,0.053443,0.037640,0.037640,0.000000,0.000000,1,1,1,1.000000,4.800000,4.800000,1,C4,INV-001|INV-005
704.000000,4.764411,4.761000,4.760000,6.000000,0.053422,0.038031,0.038031,0.000000,0.000000,1,1,1,1.000000,4.800000,4.800000,1,C4,INV-001|INV-005
704.500000,4.765088,4.766000,4.760000,6.000000,0.053403,0.037148,0.037148,0.000000,0.000000,1,1,1,1.000000,4.800000,4.800000,1,C4,INV-001|INV-005
705.000000,4.765713,4.760000,4.780000,6.000000,0.053382,0.038380,0.038380,0.000000,0.000000,1,1,1,1.000000,4.800000,4.800000,1,C4,INV-001|INV-005
705.500000,4.766378,4.761000,4.780000,6.000000,0.053363,0.037401,0.037401,0.000000,0.000000,1,1,1,1.000000,4.800000,4.800000,1,C4,INV-001|INV-005
706.000000,4.767176,4.766000,4.770000,6.000000,0.053342,0.034189,0.034189,0.000000,0.000000,1,1,1,1.000000,4.800000,4.800000,1,C4,INV-001|INV-005
706.500000,4.768038,4.765000,4.770000,6.000000,0.053318,0.032640,0.032640,0.000000,0.000000,1,1,1,1.000000,4.800000,4.800000,1,C4,INV-001|INV-005
707.000000,4.768774,4.758000,4.780000,6.000000,0.053291,0.035606,0.035606,0.000000,0.000000,1,1,1,1.000000,4.800000,4.800000,1,C4,INV-001|INV-005
707.500000,4.769509,4.767000,4.780000,6.000000,0.053268,0.035648,0.035648,0.000000,0.000000,1,1,1,1.000000,4.800000,4.800000,1,C4,INV-001|INV-005
708.000000,4.770371,4.769000,4.780000,6.000000,0.053246,0.032540,0.032540,0.000000,0.000000,1,1,1,1.000000,4.800000,4.800000,1,C4,INV-001|INV-005
708.500000,4.771089,4.769000,4.780000,6.000000,0.053219,0.036007,0.036007,0.000000,0.000000,1,1,1,1.000000,4.800000,4.800000,1,C4,INV-001|INV-005
709.000000,4.771768,4.775000,4.780000,6.000000,0.053197,0.036885,0.036885,0.000000,0.000000,1,1,1,1.000000,4.800000,4.800000,1,C4,INV-001|INV-005
709.500000,4.772616,4.773000,4.790000,6.000000,0.053176,0.032830,0.032830,0.000000,0.000000,1,1,1,1.000000,4.800000,4.800000,1,C4,INV-001|INV-005
710.000000,4.773488,4.767000,4.790000,6.000000,0.053150,0.032233,0.032233,0.000000,0.000000,1,1,1,1.000000,4.800000,4.800000,1,C4,INV-001|INV-005
710.500000,4.774295,4.768000,4.780000,6.000000,0.053123,0.033745,0.033745,0.000000,0.000000,1,1,1,1.000000,4.800000,4.800000,1,C4,INV-001|INV-005
711.000000,4.775055,4.771000,4.760000,6.000000,0.053099,0.034871,0.034871,0.000000,0.000000,1,1,1,1.000000,4.800000,4.800000,1,C4,INV-001|INV-005
711.500000,4.775921,4.782000,4.760000,6.000000,0.053075,0.032288,0.032288,0.000000,0.000000,1,1,1,1.000000,4.800000,4.800000,1,C4,INV-001|INV-005
712.000000,4.776546,4.783000,4.770000,6.000000,0.053049,0.038048,0.038048,0.000000,0.000000,1,1,1,1.000000,4.800000,4.800000,1,C4,INV-001|INV-005
712.500000,4.777193,4.766000,4.770000,6.000000,0.053029,0.037489,0.037489,0.000000,0.000000,1,1,1,1.000000,4.800000,4.800000,1,C4,INV-001|INV-005
713.000000,4.777823,4.772000,4.760000,6.000000,0.053009,0.037900,0.037900,0.000000,0.000000,1,1,1,1.000000,4.800000,4.800000,1,C4,INV-001|INV-005
713.500000,4.778604,4.774000,4.790000,6.000000,0.052990,0.034248,0.034248,0.000000,0.000000,1,1,1,1.000000,4.800000,4.800000,1,C4,INV-001|INV-005
714.000000,4.779443,4.778000,4.780000,6.000000,0.052966,0.032829,0.032829,0.000000,0.000000,1,1,1,1.000000,4.800000,4.800000,1,C4,INV-001|INV-005
714.500000,4.780135,4.783000,4.780000,6.000000,0.052940,0.036336,0.036336,0.000000,0.000000,1,1,1,1.000000,4.800000,4.800000,1,C4,INV-001|INV-005
715.000000,4.780976,4.783000,4.800000,6.000000,0.052919,0.032732,0.032732,0.000000,0.000000,1,1,1,1.000000,4.800000,4.800000,1,C4,INV-001|INV-005
715.500000,4.781711,4.785000,4.780000,6.000000,0.052893,0.035251,0.035251,0.000000,0.000000,1,1,1,1.000000,4.800000,4.800000,1,C4,INV-001|INV-005
716.000000,4.782449,4.779000,4.750000,6.000000,0.052870,0.035164,0.035164,0.000000,0.000000,1,1,1,1.000000,4.800000,4.800000,1,C4,INV-001|INV-005
716.500000,4.783231,4.784000,4.770000,6.000000,0.052848,0.034073,0.034073,0.000000,0.000000,1,1,1,1.000000,4.800000,4.800000,1,C4,INV-001|INV-005
717.000000,4.784044,4.792000,4.800000,6.000000,0.052824,0.033312,0.033312,0.000000,0.000000,1,1,1,1.000000,4.800000,4.800000,1,C4,INV-001|INV-005
717.500000,4.784862,4.782000,4.780000,6.000000,0.052799,0.033153,0.033153,0.000000,0.000000,1,1,1,1.000000,4.800000,4.800000,1,C4,INV-001|INV-005
718.000000,4.785494,4.791000,4.790000,6.000000,0.052773,0.037624,0.037624,0.000000,0.000000,1,1,1,1.000000,4.800000,4.800000,1,C4,INV-001|INV-005
718.500000,4.786306,4.785000,4.780000,6.000000,0.052754,0.033245,0.033245,0.000000,0.000000,1,1,1,1.000000,4.800000,4.800000,1,C4,INV-001|INV-005
719.000000,4.787076,4.789000,4.780000,6.000000,0.052729,0.034252,0.034252,0.000000,0.000000,1,1,1,1.000000,4.800000,4.800000,1,C4,INV-001|INV-005
719.500000,4.787932,4.788000,4.790000,6.000000,0.052705,0.032170,0.032170,0.000000,0.000000,1,1,1,1.000000,4.800000,4.800000,1,C4,INV-001|INV-005
720.000000,4.788640,4.795000,4.800000,6.000000,0.052679,0.035696,0.035696,0.000000,0.000000,1,1,1,1.000000,4.800000,4.800000,1,C4,INV-001|INV-005
720.500000,4.789398,4.799000,4.780000,6.000000,0.052657,0.034463,0.034463,0.000000,0.000000,1,1,1,1.000000,4.800000,4.800000,1,C4,INV-001|INV-005
721.000000,4.790145,4.786000,4.800000,6.000000,0.052634,0.034692,0.034692,0.000000,0.000000,1,1,1,1.000000,4.800000,4.800000,1,C4,INV-001|INV-005
721.500000,4.790858,4.798000,4.800000,6.000000,0.052611,0.035513,0.035513,0.000000,0.000000,1,1,1,1.000000,4.800000,4.800000,1,C4,INV-001|INV-005
722.000000,4.791657,4.793000,4.810000,6.000000,0.052589,0.033406,0.033406,0.000000,0.000000,1,1,1,1.000000,4.800000,4.800000,1,C4,INV-001|INV-005
722.500000,4.792440,4.804000,4.810000,6.000000,0.052564,0.033780,0.033780,0.000000,0.000000,1,1,1,1.000000,4.800000,4.800000,1,C4,INV-001|INV-005
723.000000,4.793085,4.795000,4.810000,6.000000,0.052540,0.037057,0.037057,0.000000,0.000000,1,1,1,1.000000,4.800000,4.800000,1,C4,INV-001|INV-005
723.500000,4.793734,4.792000,4.790000,6.000000,0.052520,0.036943,0.036943,0.000000,0.000000,1,1,1,1.000000,4.800000,4.800000,1,C4,INV-001|INV-005
724.000000,4.794331,4.796000,4.790000,6.000000,0.052500,0.038165,0.038165,0.000000,0.000000,1,1,1,1.000000,4.800000,4.800000,1,C4,INV-001|INV-005
724.500000,4.795108,4.795000,4.800000,6.000000,0.052482,0.033829,0.033829,0.000000,0.000000,1,1,1,1.000000,4.800000,4.800000,1,C4,INV-001|INV-005
725.000000,4.795968,4.801000,4.800000,6.000000,0.052458,0.031835,0.031835,0.000000,0.000000,1,1,1,1.000000,4.800000,4.800000,1,C4,INV-001|INV-005
725.500000,4.796817,4.803000,4.780000,6.000000,0.052432,0.032037,0.032037,0.000000,0.000000,1,1,1,1.000000,4.800000,4.800000,1,C4,INV-001|INV-005
726.000000,4.797533,4.800000,4.800000,6.000000,0.052406,0.035225,0.035225,0.000000,0.000000,1,1,1,1.000000,4.800000,4.800000,1,C4,INV-001|INV-005
726.500000,4.798202,4.800000,4.790000,6.000000,0.052384,0.036342,0.036342,0.000000,0.000000,1,1,1,1.000000,4.800000,4.800000,1,C4,INV-001|INV-005
727.000000,4.798915,4.794000,4.800000,6.000000,0.052363,0.035235,0.035235,0.000000,0.000000,1,1,1,1.000000,4.800000,4.800000,1,C4,INV-001|INV-005
727.500000,4.799671,4.797000,4.790000,6.000000,0.052341,0.034203,0.034203,0.000000,0.000000,1,1,1,1.000000,4.800000,4.800000,1,C4,INV-001|INV-005
728.000000,4.800438,4.793000,4.800000,6.000000,0.052318,0.033917,0.033917,0.000000,0.000000,1,1,1,1.000000,4.800000,4.800000,1,C4,INV-001|INV-005
728.500000,4.801071,4.800000,4.800000,6.000000,0.052294,0.037104,0.037104,0.000000,0.000000,1,1,1,1.000000,4.800000,4.800000,1,C4,INV-001|INV-005
729.000000,4.801656,4.802000,4.800000,6.000000,0.052275,0.038237,0.038237,0.000000,0.000000,1,1,1,1.000000,4.800000,4.800000,1,C4,INV-001|INV-005
729.500000,4.802390,4.799000,4.800000,6.000000,0.052257,0.034632,0.034632,0.000000,0.000000,1,1,1,1.000000,4.800000,4.800000,1,C4,INV-001|INV-005
730.000000,4.803072,4.814000,4.790000,6.000000,0.052234,0.035858,0.035858,0.000000,0.000000,1,1,1,1.000000,4.800000,4.800000,1,C4,INV-001|INV-005
730.500000,4.803648,4.805000,4.810000,6.000000,0.052213,0.038404,0.038404,0.000000,0.000000,1,1,1,1.000000,4.800000,4.800000,1,C4,INV-001|INV-005
731.000000,4.804459,4.807000,4.820000,6.000000,0.052195,0.032728,0.032728,0.000000,0.000000,1,1,1,1.000000,4.800000,4.800000,1,C4,INV-001|INV-005
731.500000,4.805071,4.803000,4.820000,6.000000,0.052170,0.037471,0.037471,0.000000,0.000000,1,1,1,1.000000,4.800000,4.800000,1,C4,INV-001|INV-005
732.000000,4.805789,4.798000,4.810000,6.000000,0.052152,0.034931,0.034931,0.000000,0.000000,1,1,1,1.000000,4.800000,4.800000,1,C4,INV-001|INV-005
732.500000,4.806529,4.804000,4.810000,6.000000,0.052130,0.034373,0.034373,0.000000,0.000000,1,1,1,1.000000,4.800000,4.800000,1,C4,INV-001|INV-005
733.000000,4.807287,4.808000,4.820000,6.000000,0.052107,0.033914,0.033914,0.000000,0.000000,1,1,1,1.000000,4.800000,4.800000,1,C4,INV-001|INV-005
733.500000,4.808034,4.807000,4.800000,6.000000,0.052083,0.034148,0.034148,0.000000,0.000000,1,1,1,1.000000,4.800000,4.800000,1,C4,INV-001|INV-005
734.000000,4.808714,4.809000,4.790000,6.000000,0.052060,0.035740,0.035740,0.000000,0.000000,1,1,1,1.000000,4.800000,4.800000,1,C4,INV-001|INV-005
734.500000,4.809517,4.817000,4.820000,6.000000,0.052040,0.032774,0.032774,0.000000,0.000000,1,1,1,1.000000,4.800000,4.800000,1,C4,INV-001|INV-005
735.000000,4.810309,4.811000,4.820000,6.000000,0.052015,0.033012,0.033012,0.000000,0.000000,1,1,1,1.000000,4.800000,4.800000,1,C4,INV-001|INV-005
735.500000,4.811127,4.808000,4.810000,6.000000,0.051991,0.032349,0.032349,0.000000,0.000000,1,1,1,1.000000,4.800000,4.800000,1,C4,INV-001|INV-005
736.000000,4.811950,4.813000,4.790000,6.000000,0.051965,0.032218,0.032218,0.000000,0.000000,1,1,1,1.000000,4.800000,4.800000,1,C4,INV-001|INV-005
736.500000,4.812764,4.813000,4.810000,6.000000,0.051940,0.032399,0.032399,0.000000,0.000000,1,1,1,1.000000,4.800000,4.800000,1,C4,INV-001|INV-005
737.000000,4.813549,4.810000,4.800000,6.000000,0.051915,0.033084,0.033084,0.000000,0.000000,1,1,1,1.000000,4.800000,4.800000,1,C4,INV-001|INV-005
737.500000,4.814120,4.808000,4.820000,6.000000,0.051891,0.038168,0.038168,0.000000,0.000000,1,1,1,1.000000,4.800000,4.800000,1,C4,INV-001|INV-005
738.000000,4.814714,4.816000,4.820000,6.000000,0.051873,0.037629,0.037629,0.000000,0.000000,1,1,1,1.000000,4.800000,4.800000,1,C4,INV-001|INV-005
738.500000,4.815404,4.805000,4.810000,6.000000,0.051855,0.035302,0.035302,0.000000,0.000000,1,1,1,1.000000,4.800000,4.800000,1,C4,INV-001|INV-005
739.000000,4.816206,4.819000,4.820000,6.000000,0.051834,0.032583,0.032583,0.000000,0.000000,1,1,1,1.000000,4.800000,4.800000,1,C4,INV-001|INV-005
739.500000,4.816974,4.813000,4.800000,6.000000,0.051809,0.033377,0.033377,0.000000,0.000000,1,1,1,1.000000,4.800000,4.800000,1,C4,INV-001|INV-005
740.000000,4.817558,4.822000,4.820000,6.000000,0.051785,0.037768,0.037768,0.000000,0.000000,1,1,1,1.000000,4.800000,4.800000,1,C4,INV-001|INV-005
740.500000,4.818245,4.821000,4.840000,6.000000,0.051767,0.035284,0.035284,0.000000,0.000000,1,1,1,1.000000,4.800000,4.800000,1,C4,INV-001|INV-005
741.000000,4.818859,4.815000,4.820000,6.000000,0.051746,0.037005,0.037005,0.000000,0.000000,1,1,1,1.000000,4.800000,4.800000,1,C4,INV-001|INV-005
741.500000,4.819464,4.827000,4.820000,6.000000,0.051727,0.037209,0.037209,0.000000,0.000000,1,1,1,1.000000,4.800000,4.800000,1,C4,INV-001|INV-005
742.000000,4.820225,4.823000,4.820000,6.000000,0.051709,0.033432,0.033432,0.000000,0.000000,1,1,1,1.000000,4.800000,4.800000,1,C4,INV-001|INV-005
742.500000,4.820883,4.821000,4.830000,6.000000,0.051685,0.035892,0.035892,0.000000,0.000000,1,1,1,1.000000,4.800000,4.800000,1,C4,INV-001|INV-005
743.000000,4.821667,4.821000,4.800000,6.000000,0.051665,0.032869,0.032869,0.000000,0.000000,1,1,1,1.000000,4.800000,4.800000,1,C4,INV-001|INV-005
743.500000,4.822267,4.814000,4.840000,6.000000,0.051641,0.037225,0.037225,0.000000,0.000000,1,1,1,1.000000,4.800000,4.800000,1,C4,INV-001|INV-005
744.000000,4.822910,4.824000,4.810000,6.000000,0.051623,0.036192,0.036192,0.000000,0.000000,1,1,1,1.000000,4.800000,4.800000,1,C4,INV-001|INV-005
744.500000,4.823731,4.822000,4.820000,6.000000,0.051603,0.031913,0.031913,0.000000,0.000000,1,1,1,1.000000,4.800000,4.800000,1,C4,INV-001|INV-005
745.000000,4.824374,4.822000,4.820000,6.000000,0.051578,0.036131,0.036131,0.000000,0.000000,1,1,1,1.000000,4.800000,4.800000,1,C4,INV-001|INV-005
745.500000,4.824978,4.824000,4.820000,6.000000,0.051558,0.037073,0.037073,0.000000,0.000000,1,1,1,1.000000,4.800000,4.800000,1,C4,INV-001|INV-005
746.000000,4.825788,4.827000,4.840000,6.000000,0.051539,0.032101,0.032101,0.000000,0.000000,1,1,1,1.000000,4.800000,4.800000,1,C4,INV-001|INV-005
746.500000,4.826534,4.828000,4.830000,6.000000,0.051514,0.033596,0.033596,0.000000,0.000000,1,1,1,1.000000,4.800000,4.800000,1,C4,INV-001|INV-005
747.000000,4.827138,4.835000,4.820000,6.000000,0.051491,0.037003,0.037003,0.000000,0.000000,1,1,1,1.000000,4.800000,4.800000,1,C4,INV-001|INV-005
747.500000,4.827865,4.833000,4.840000,6.000000,0.051473,0.034022,0.034022,0.000000,0.000000,1,1,1,1.000000,4.800000,4.800000,1,C4,INV-001|INV-005
748.000000,4.828611,4.831000,4.830000,6.000000,0.051450,0.033537,0.033537,0.000000,0.000000,1,1,1,1.000000,4.800000,4.800000,1,C4,INV-001|INV-005
748.500000,4.829356,4.826000,4.840000,6.000000,0.051427,0.033561,0.033561,0.000000,0.000000,1,1,1,1.000000,4.800000,4.800000,1,C4,INV-001|INV-005
749.000000,4.830170,4.823000,4.820000,6.000000,0.051404,0.031854,0.031854,0.000000,0.000000,1,1,1,1.000000,4.800000,4.800000,1,C4,INV-001|INV-005
749.500000,4.830724,4.838000,4.840000,6.000000,0.051379,0.038093,0.038093,0.000000,0.000000,1,1,1,1.000000,4.800000,4.800000,1,C4,INV-001|INV-005
750.000000,4.831497,4.817000,4.850000,6.000000,0.051362,0.032803,0.032803,0.000000,0.000000,1,1,1,1.000000,4.800000,4.800000,1,C4,INV-001|INV-005
750.500000,4.832188,4.822000,4.850000,6.000000,0.051339,0.034751,0.034751,0.000000,0.000000,1,1,1,1.000000,4.800000,4.800000,1,C4,INV-001|INV-005
751.000000,4.833002,4.828000,4.820000,6.000000,0.051317,0.031798,0.031798,0.000000,0.000000,1,1,1,1.000000,4.800000,4.800000,1,C4,INV-001|INV-005
751.500000,4.833722,4.836000,4.820000,6.000000,0.051292,0.034005,0.034005,0.000000,0.000000,1,1,1,1.000000,4.800000,4.800000,1,C4,INV-001|INV-005
752.000000,4.834287,4.830000,4.820000,6.000000,0.051270,0.037722,0.037722,0.000000,0.000000,1,1,1,1.000000,4.800000,4.800000,1,C4,INV-001|INV-005
752.500000,4.834984,4.832000,4.850000,6.000000,0.051253,0.034524,0.034524,0.000000,0.000000,1,1,1,1.000000,4.800000,4.800000,1,C4,INV-001|INV-005
753.000000,4.835599,4.830000,4.840000,6.000000,0.051231,0.036452,0.036452,0.000000,0.000000,1,1,1,1.000000,4.800000,4.800000,1,C4,INV-001|INV-005
753.500000,4.836313,4.823000,4.830000,6.000000,0.051212,0.034099,0.034099,0.000000,0.000000,1,1,1,1.000000,4.800000,4.800000,1,C4,INV-001|INV-005
754.000000,4.837044,4.827000,4.850000,6.000000,0.051190,0.033641,0.033641,0.000000,0.000000,1,1,1,1.000000,4.800000,4.800000,1,C4,INV-001|INV-005
754.500000,4.837720,4.833000,4.840000,6.000000,0.051168,0.034945,0.034945,0.000000,0.000000,1,1,1,1.000000,4.800000,4.800000,1,C4,INV-001|INV-005
755.000000,4.838325,4.841000,4.830000,6.000000,0.051147,0.036611,0.036611,0.000000,0.000000,1,1,1,1.000000,4.800000,4.800000,1,C4,INV-001|INV-005
755.500000,4.839012,4.836000,4.830000,6.000000,0.051128,0.034646,0.034646,0.000000,0.000000,1,1,1,1.000000,4.800000,4.800000,1,C4,INV-001|INV-005
756.000000,4.839667,4.839000,4.840000,6.000000,0.051107,0.035384,0.035384,0.000000,0.000000,1,1,1,1.000000,4.800000,4.800000,1,C4,INV-001|INV-005
756.500000,4.840450,4.845000,4.860000,6.000000,0.051087,0.032312,0.032312,0.000000,0.000000,1,1,1,1.000000,4.800000,4.800000,1,C4,INV-001|INV-005
757.000000,4.841196,4.838000,4.860000,6.000000,0.051063,0.033150,0.033150,0.000000,0.000000,1,1,1,1.000000,4.800000,4.800000,1,C4,INV-001|INV-005
757.500000,4.841796,4.838000,4.830000,6.000000,0.051040,0.036636,0.036636,0.000000,0.000000,1,1,1,1.000000,4.800000,4.800000,1,C4,INV-001|INV-005
758.000000,4.842348,4.849000,4.830000,6.000000,0.051022,0.037776,0.037776,0.000000,0.000000,1,1,1,1.000000,4.800000,4.800000,1,C4,INV-001|INV-005
758.500000,4.843103,4.845000,4.850000,6.000000,0.051005,0.032878,0.032878,0.000000,0.000000,1,1,1,1.000000,4.800000,4.800000,1,C4,INV-001|INV-005
759.000000,4.843642,4.847000,4.880000,6.000000,0.050981,0.038055,0.038055,0.000000,0.000000,1,1,1,1.000000,4.800000,4.800000,1,C4,INV-001|INV-005
759.500000,4.844363,4.833000,4.850000,6.000000,0.050965,0.033656,0.033656,0.000000,0.000000,1,1,1,1.000000,4.800000,4.800000,1,C4,INV-001|INV-005
760.000000,4.845110,4.852000,4.840000,6.000000,0.050943,0.033025,0.033025,0.000000,0.000000,1,1,1,1.000000,4.800000,4.800000,1,C4,INV-001|INV-005
760.500000,4.845741,4.844000,4.850000,6.000000,0.050920,0.035776,0.035776,0.000000,0.000000,1,1,1,1.000000,4.800000,4.800000,1,C4,INV-001|INV-005
761.000000,4.846339,4.852000,4.850000,6.000000,0.050900,0.036532,0.036532,0.000000,0.000000,1,1,1,1.000000,4.800000,4.800000,1,C4,INV-001|INV-005
761.500000,4.847099,4.848000,4.840000,6.000000,0.050882,0.032644,0.032644,0.000000,0.000000,1,1,1,1.000000,4.800000,4.800000,1,C4,INV-001|INV-005
762.000000,4.847803,4.856000,4.860000,6.000000,0.050858,0.033962,0.033962,0.000000,0.000000,1,1,1,1.000000,4.800000,4.800000,1,C4,INV-001|INV-005
762.500000,4.848458,4.840000,4.840000,6.000000,0.050837,0.035125,0.035125,0.000000,0.000000,1,1,1,1.000000,4.800000,4.800000,1,C4,INV-001|INV-005
763.000000,4.849260,4.848000,4.870000,6.000000,0.050817,0.031561,0.031561,0.000000,0.000000,1,1,1,1.000000,4.800000,4.800000,1,C4,INV-001|INV-005
763.500000,4.849945,4.846000,4.850000,6.000000,0.050792,0.034363,0.034363,0.000000,0.000000,1,1,1,1.000000,4.800000,4.800000,1,C4,INV-001|INV-005
764.000000,4.850717,4.847000,4.840000,6.000000,0.050771,0.032232,0.032232,0.000000,0.000000,1,1,1,1.000000,4.800000,4.800000,1,C4,INV-001|INV-005
764.500000,4.851509,4.852000,4.860000,6.000000,0.050747,0.031735,0.031735,0.000000,0.000000,1,1,1,1.000000,4.800000,4.800000,1,C4,INV-001|INV-005
765.000000,4.852243,4.859000,4.830000,6.000000,0.050723,0.033109,0.033109,0.000000,0.000000,1,1,1,1.000000,4.800000,4.800000,1,C4,INV-001|INV-005
765.500000,4.852806,4.857000,4.850000,6.000000,0.050700,0.037189,0.037189,0.000000,0.000000,1,1,1,1.000000,4.800000,4.800000,1,C4,INV-001|INV-005
766.000000,4.853477,4.853000,4.850000,6.000000,0.050683,0.034597,0.034597,0.000000,0.000000,1,1,1,1.000000,4.800000,4.800000,1,C4,INV-001|INV-005
766.500000,4.854075,4.859000,4.870000,6.000000,0.050662,0.036287,0.036287,0.000000,0.000000,1,1,1,1.000000,4.800000,4.800000,1,C4,INV-001|INV-005
767.000000,4.854650,4.853000,4.830000,6.000000,0.050644,0.036865,0.036865,0.000000,0.000000,1,1,1,1.000000,4.800000,4.800000,1,C4,INV-001|INV-005
767.500000,4.855400,4.849000,4.850000,6.000000,0.050626,0.032614,0.032614,0.000000,0.000000,1,1,1,1.000000,4.800000,4.800000,1,C4,INV-001|INV-005
768.000000,4.856131,4.864000,4.840000,6.000000,0.050603,0.033057,0.033057,0.000000,0.000000,1,1,1,1.000000,4.800000,4.800000,1,C4,INV-001|INV-005
768.500000,4.856869,4.859000,4.870000,6.000000,0.050581,0.032860,0.032860,0.000000,0.000000,1,1,1,1.000000,4.800000,4.800000,1,C4,INV-001|INV-005
769.000000,4.857621,4.862000,4.870000,6.000000,0.050558,0.032520,0.032520,0.000000,0.000000,1,1,1,1.000000,4.800000,4.800000,1,C4,INV-001|INV-005
769.500000,4.858151,4.863000,4.870000,6.000000,0.050535,0.037813,0.037813,0.000000,0.000000,1,1,1,1.000000,4.800000,4.800000,1,C4,INV-001|INV-005
770.000000,4.858911,4.864000,4.860000,6.000000,0.050518,0.032293,0.032293,0.000000,0.000000,1,1,1,1.000000,4.800000,4.800000,1,C4,INV-001|INV-005
770.500000,4.859586,4.859000,4.860000,6.000000,0.050495,0.034273,0.034273,0.000000,0.000000,1,1,1,1.000000,4.800000,4.800000,1,C4,INV-001|INV-005
771.000000,4.860109,4.865000,4.860000,6.000000,0.050474,0.037928,0.037928,0.000000,0.000000,1,1,1,1.000000,4.800000,4.800000,1,C4,INV-001|INV-005
771.500000,4.860871,4.866000,4.850000,6.000000,0.050458,0.032167,0.032167,0.000000,0.000000,1,1,1,1.000000,4.800000,4.800000,1,C4,INV-001|INV-005
772.000000,4.861594,4.855000,4.850000,6.000000,0.050435,0.033095,0.033095,0.000000,0.000000,1,1,1,1.000000,4.800000,4.800000,1,C4,INV-001|INV-005
772.500000,4.862375,4.859000,4.840000,6.000000,0.050412,0.031653,0.031653,0.000000,0.000000,1,1,1,1.000000,4.800000,4.800000,1,C4,INV-001|INV-005
773.000000,4.862974,4.861000,4.860000,6.000000,0.050388,0.036031,0.036031,0.000000,0.000000,1,1,1,1.000000,4.800000,4.800000,1,C4,INV-001|INV-005
773.500000,4.863755,4.866000,4.860000,6.000000,0.050370,0.031607,0.031607,0.000000,0.000000,1,1,1,1.000000,4.800000,4.800000,1,C4,INV-001|INV-005
774.000000,4.864451,4.863000,4.870000,6.000000,0.050346,0.033652,0.033652,0.000000,0.000000,1,1,1,1.000000,4.800000,4.800000,1,C4,INV-001|INV-005
774.500000,4.865070,4.862000,4.870000,6.000000,0.050325,0.035467,0.035467,0.000000,0.000000,1,1,1,1.000000,4.800000,4.800000,1,C4,INV-001|INV-005
775.000000,4.865768,4.862000,4.860000,6.000000,0.050306,0.033548,0.033548,0.000000,0.000000,1,1,1,1.000000,4.800000,4.800000,1,C4,INV-001|INV-005
775.500000,4.866319,4.861000,4.870000,6.000000,0.050284,0.037059,0.037059,0.000000,0.000000,1,1,1,1.000000,4.800000,4.800000,1,C4,INV-001|INV-005
776.000000,4.867024,4.863000,4.880000,6.000000,0.050267,0.033345,0.033345,0.000000,0.000000,1,1,1,1.000000,4.800000,4.800000,1,C4,INV-001|INV-005
776.500000,4.867772,4.867000,4.880000,6.000000,0.050245,0.032300,0.032300,0.000000,0.000000,1,1,1,1.000000,4.800000,4.800000,1,C4,INV-001|INV-005
777.000000,4.868445,4.866000,4.880000,6.000000,0.050222,0.034068,0.034068,0.000000,0.000000,1,1,1,1.000000,4.800000,4.800000,1,C4,INV-001|INV-005
777.500000,4.869106,4.872000,4.870000,6.000000,0.050202,0.034342,0.034342,0.000000,0.000000,1,1,1,1.000000,4.800000,4.800000,1,C4,INV-001|INV-005
778.000000,4.869863,4.869000,4.890000,6.000000,0.050181,0.032020,0.032020,0.000000,0.000000,1,1,1,1.000000,4.800000,4.800000,1,C4,INV-001|INV-005
778.500000,4.870413,4.865000,4.880000,6.000000,0.050158,0.036950,0.036950,0.000000,0.000000,1,1,1,1.000000,4.800000,4.800000,1,C4,INV-001|INV-005
779.000000,4.871068,4.873000,4.870000,6.000000,0.050141,0.034417,0.034417,0.000000,0.000000,1,1,1,1.000000,4.800000,4.800000,1,C4,INV-001|INV-005
779.500000,4.871731,4.878000,4.890000,6.000000,0.050121,0.034226,0.034226,0.000000,0.000000,1,1,1,1.000000,4.800000,4.800000,1,C4,INV-001|INV-005
780.000000,4.872369,4.878000,4.880000,6.000000,0.050101,0.034772,0.034772,0.000000,0.000000,1,1,1,1.000000,4.800000,4.800000,1,C4,INV-001|INV-005
780.500000,4.872967,4.874000,4.870000,6.000000,0.050081,0.035727,0.035727,0.000000,0.000000,1,1,1,1.000000,4.800000,4.800000,1,C4,INV-001|INV-005
781.000000,4.873554,4.871000,4.860000,6.000000,0.050063,0.035981,0.035981,0.000000,0.000000,1,1,1,1.000000,4.800000,4.800000,1,C4,INV-001|INV-005
781.500000,4.874282,4.875000,4.870000,6.000000,0.050044,0.032582,0.032582,0.000000,0.000000,1,1,1,1.000000,4.800000,4.800000,1,C4,INV-001|INV-005
782.000000,4.874997,4.875000,4.880000,6.000000,0.050022,0.032858,0.032858,0.000000,0.000000,1,1,1,1.000000,4.800000,4.800000,1,C4,INV-001|INV-005
782.500000,4.875696,4.873000,4.880000,6.000000,0.050000,0.033212,0.033212,0.000000,0.000000,1,1,1,1.000000,4.800000,4.800000,1,C4,INV-001|INV-005
783.000000,4.876191,4.876000,4.890000,6.000000,0.049979,0.038105,0.038105,0.000000,0.000000,1,1,1,1.000000,4.800000,4.800000,1,C4,INV-001|INV-005
783.500000,4.876848,4.878000,4.870000,6.000000,0.049963,0.034200,0.034200,0.000000,0.000000,1,1,1,1.000000,4.800000,4.800000,1,C4,INV-001|INV-005
784.000000,4.877426,4.881000,4.880000,6.000000,0.049943,0.036079,0.036079,0.000000,0.000000,1,1,1,1.000000,4.800000,4.800000,1,C4,INV-001|INV-005
784.500000,4.878179,4.881000,4.880000,6.000000,0.049925,0.031833,0.031833,0.000000,0.000000,1,1,1,1.000000,4.800000,4.800000,1,C4,INV-001|INV-005
785.000000,4.878726,4.880000,4.870000,6.000000,0.049902,0.036785,0.036785,0.000000,0.000000,1,1,1,1.000000,4.800000,4.800000,1,C4,INV-001|INV-005
785.500000,4.879364,4.882000,4.890000,6.000000,0.049885,0.034573,0.034573,0.000000,0.000000,1,1,1,1.000000,4.800000,4.800000,1,C4,INV-001|INV-005
786.000000,4.880017,4.888000,4.880000,6.000000,0.049866,0.034192,0.034192,0.000000,0.000000,1,1,1,1.000000,4.800000,4.800000,1,C4,INV-001|INV-005
786.500000,4.880556,4.887000,4.890000,6.000000,0.049846,0.036911,0.036911,0.000000,0.000000,1,1,1,1.000000,4.800000,4.800000,1,C4,INV-001|INV-005
787.000000,4.881187,4.887000,4.880000,6.000000,0.049829,0.034691,0.034691,0.000000,0.000000,1,1,1,1.000000,4.800000,4.800000,1,C4,INV-001|INV-005
787.500000,4.881661,4.880000,4.880000,6.000000,0.049810,0.038435,0.038435,0.000000,0.000000,1,1,1,1.000000,4.800000,4.800000,1,C4,INV-001|INV-005
788.000000,4.882149,4.877000,4.870000,6.000000,0.049795,0.038067,0.038067,0.000000,0.000000,1,1,1,1.000000,4.800000,4.800000,1,C4,INV-001|INV-005
788.500000,4.882694,4.879000,4.890000,6.000000,0.049780,0.036700,0.036700,0.000000,0.000000,1,1,1,1.000000,4.800000,4.800000,1,C4,INV-001|INV-005
789.000000,4.883256,4.881000,4.880000,6.000000,0.049763,0.036283,0.036283,0.000000,0.000000,1,1,1,1.000000,4.800000,4.800000,1,C4,INV-001|INV-005
789.500000,4.883763,4.883000,4.880000,6.000000,0.049746,0.037572,0.037572,0.000000,0.000000,1,1,1,1.000000,4.800000,4.800000,1,C4,INV-001|INV-005
790.000000,4.884317,4.885000,4.900000,6.000000,0.049730,0.036430,0.036430,0.000000,0.000000,1,1,1,1.000000,4.800000,4.800000,1,C4,INV-001|INV-005
790.500000,4.884796,4.880000,4.870000,6.000000,0.049713,0.038217,0.038217,0.000000,0.000000,1,1,1,1.000000,4.800000,4.800000,1,C4,INV-001|INV-005
791.000000,4.885358,4.878000,4.880000,6.000000,0.049699,0.036213,0.036213,0.000000,0.000000,1,1,1,1.000000,4.800000,4.800000,1,C4,INV-001|INV-005
791.500000,4.886049,4.883000,4.890000,6.000000,0.049681,0.033102,0.033102,0.000000,0.000000,1,1,1,1.000000,4.800000,4.800000,1,C4,INV-001|INV-005
792.000000,4.886607,4.883000,4.870000,6.000000,0.049660,0.036281,0.036281,0.000000,0.000000,1,1,1,1.000000,4.800000,4.800000,1,C4,INV-001|INV-005
792.500000,4.887317,4.883000,4.890000,6.000000,0.049643,0.032586,0.032586,0.000000,0.000000,1,1,1,1.000000,4.800000,4.800000,1,C4,INV-001|INV-005
793.000000,4.887805,4.892000,4.890000,6.000000,0.049621,0.037911,0.037911,0.000000,0.000000,1,1,1,1.000000,4.800000,4.800000,1,C4,INV-001|INV-005
793.500000,4.888549,4.880000,4.870000,6.000000,0.049606,0.031745,0.031745,0.000000,0.000000,1,1,1,1.000000,4.800000,4.800000,1,C4,INV-001|INV-005
794.000000,4.889023,4.894000,4.890000,6.000000,0.049583,0.038227,0.038227,0.000000,0.000000,1,1,1,1.000000,4.800000,4.800000,1,C4,INV-001|INV-005
794.500000,4.889685,4.893000,4.890000,6.000000,0.049569,0.033666,0.033666,0.000000,0.000000,1,1,1,1.000000,4.800000,4.800000,1,C4,INV-001|INV-005
795.000000,4.890409,4.890000,4.880000,6.000000,0.049548,0.032165,0.032165,0.000000,0.000000,1,1,1,1.000000,4.800000,4.800000,1,C4,INV-001|INV-005
795.500000,4.890974,4.892000,4.890000,6.000000,0.049526,0.035982,0.035982,0.000000,0.000000,1,1,1,1.000000,4.800000,4.800000,1,C4,INV-001|INV-005
796.000000,4.891633,4.890000,4.900000,6.000000,0.049508,0.033695,0.033695,0.000000,0.000000,1,1,1,1.000000,4.800000,4.800000,1,C4,INV-001|INV-005
796.500000,4.892196,4.895000,4.890000,6.000000,0.049488,0.035969,0.035969,0.000000,0.000000,1,1,1,1.000000,4.800000,4.800000,1,C4,INV-001|INV-005
797.000000,4.892819,4.886000,4.890000,6.000000,0.049471,0.034530,0.034530,0.000000,0.000000,1,1,1,1.000000,4.800000,4.800000,1,C4,INV-001|INV-005
797.500000,4.893445,4.901000,4.870000,6.000000,0.049452,0.034425,0.034425,0.000000,0.000000,1,1,1,1.000000,4.800000,4.800000,1,C4,INV-001|INV-005
798.000000,4.894055,4.896000,4.890000,6.000000,0.049432,0.034781,0.034781,0.000000,0.000000,1,1,1,1.000000,4.800000,4.800000,1,C4,INV-001|INV-005
798.500000,4.894657,4.901000,4.900000,6.000000,0.049414,0.034973,0.034973,0.000000,0.000000,1,1,1,1.000000,4.800000,4.800000,1,C4,INV-001|INV-005
799.000000,4.895308,4.894000,4.890000,6.000000,0.049395,0.033776,0.033776,0.000000,0.000000,1,1,1,1.000000,4.800000,4.800000,1,C4,INV-001|INV-005
799.500000,4.895919,4.896000,4.900000,6.000000,0.049375,0.034714,0.034714,0.000000,0.000000,1,1,1,1.000000,4.800000,4.800000,1,C4,INV-001|INV-005
800.000000,4.896383,4.895000,4.900000,6.000000,0.049356,0.038211,0.038211,0.000000,0.000000,1,1,1,1.000000,4.800000,4.800000,1,C4,INV-001|INV-005
800.500000,4.896846,4.896000,4.900000,6.000000,0.049342,0.038219,0.038219,0.000000,0.000000,1,1,1,1.000000,4.800000,4.800000,1,C4,INV-001|INV-005
801.000000,4.897577,4.892000,4.890000,6.000000,0.049328,0.031797,0.031797,0.000000,0.000000,1,1,1,1.000000,4.800000,4.800000,1,C4,INV-001|INV-005
801.500000,4.898147,4.898000,4.890000,6.000000,0.049305,0.035615,0.035615,0.000000,0.000000,1,1,1,1.000000,4.800000,4.800000,1,C4,INV-001|INV-005
802.000000,4.898821,4.894000,4.900000,6.000000,0.049288,0.033123,0.033123,0.000000,0.000000,1,1,1,1.000000,4.800000,4.800000,1,C4,INV-001|INV-005
802.500000,4.899499,4.905000,4.900000,6.000000,0.049267,0.032993,0.032993,0.000000,0.000000,1,1,1,1.000000,4.800000,4.800000,1,C4,INV-001|INV-005
803.000000,4.900214,4.896000,4.910000,6.000000,0.049246,0.032094,0.032094,0.000000,0.000000,1,1,1,1.000000,4.800000,4.800000,1,C4,INV-001|INV-005
803.500000,4.900693,4.904000,4.900000,6.000000,0.049224,0.037720,0.037720,0.000000,0.000000,1,1,1,1.000000,4.800000,4.800000,1,C4,INV-001|INV-005
804.000000,4.901149,4.899000,4.890000,6.000000,0.049209,0.038274,0.038274,0.000000,0.000000,1,1,1,1.000000,4.800000,4.800000,1,C4,INV-001|INV-005
804.500000,4.901737,4.905000,4.910000,6.000000,0.049195,0.035068,0.035068,0.000000,0.000000,1,1,1,1.000000,4.800000,4.800000,1,C4,INV-001|INV-005
805.000000,4.902396,4.896000,4.910000,6.000000,0.049177,0.033357,0.033357,0.000000,0.000000,1,1,1,1.000000,4.800000,4.800000,1,C4,INV-001|INV-005
805.500000,4.902987,4.896000,4.900000,6.000000,0.049157,0.034971,0.034971,0.000000,0.000000,1,1,1,1.000000,4.800000,4.800000,1,C4,INV-001|INV-005
806.000000,4.903596,4.906000,4.890000,6.000000,0.049139,0.034530,0.034530,0.000000,0.000000,1,1,1,1.000000,4.800000,4.800000,1,C4,INV-001|INV-005
806.500000,4.904128,4.900000,4.900000,6.000000,0.049120,0.036363,0.036363,0.000000,0.000000,1,1,1,1.000000,4.800000,4.800000,1,C4,INV-001|INV-005
807.000000,4.904845,4.905000,4.900000,6.000000,0.049104,0.031883,0.031883,0.000000,0.000000,1,1,1,1.000000,4.800000,4.800000,1,C4,INV-001|INV-005
807.500000,4.905302,4.910000,4.890000,6.000000,0.049082,0.038117,0.038117,0.000000,0.000000,1,1,1,1.000000,4.800000,4.800000,1,C4,INV-001|INV-005
808.000000,4.905868,4.899000,4.890000,6.000000,0.049068,0.035491,0.035491,0.000000,0.000000,1,1,1,1.000000,4.800000,4.800000,1,C4,INV-001|INV-005
808.500000,4.906590,4.913000,4.900000,6.000000,0.049050,0.031720,0.031720,0.000000,0.000000,1,1,1,1.000000,4.800000,4.800000,1,C4,INV-001|INV-005
809.000000,4.907254,4.908000,4.890000,6.000000,0.049028,0.033079,0.033079,0.000000,0.000000,1,1,1,1.000000,4.800000,4.800000,1,C4,INV-001|INV-005
809.500000,4.907751,4.906000,4.920000,6.000000,0.049008,0.037087,0.037087,0.000000,0.000000,1,1,1,1.000000,4.800000,4.800000,1,C4,INV-001|INV-005
810.000000,4.908347,4.906000,4.920000,6.000000,0.048992,0.034681,0.034681,0.000000,0.000000,1,1,1,1.000000,4.800000,4.800000,1,C4,INV-001|INV-005
810.500000,4.908882,4.914000,4.900000,6.000000,0.048974,0.036146,0.036146,0.000000,0.000000,1,1,1,1.000000,4.800000,4.800000,1,C4,INV-001|INV-005
811.000000,4.909424,4.914000,4.900000,6.000000,0.048957,0.035939,0.035939,0.000000,0.000000,1,1,1,1.000000,4.800000,4.800000,1,C4,INV-001|INV-005
811.500000,4.910099,4.917000,4.900000,6.000000,0.048941,0.032754,0.032754,0.000000,0.000000,1,1,1,1.000000,4.800000,4.800000,1,C4,INV-001|INV-005
812.000000,4.910811,4.922000,4.910000,6.000000,0.048920,0.031817,0.031817,0.000000,0.000000,1,1,1,1.000000,4.800000,4.800000,1,C4,INV-001|INV-005
812.500000,4.911513,4.910000,4.910000,6.000000,0.048898,0.032058,0.032058,0.000000,0.000000,1,1,1,1.000000,4.800000,4.800000,1,C4,INV-001|INV-005
813.000000,4.912219,4.912000,4.920000,6.000000,0.048877,0.031932,0.031932,0.000000,0.000000,1,1,1,1.000000,4.800000,4.800000,1,C4,INV-001|INV-005
813.500000,4.912711,4.919000,4.920000,6.000000,0.048855,0.037061,0.037061,0.000000,0.000000,1,1,1,1.000000,4.800000,4.800000,1,C4,INV-001|INV-005
814.000000,4.913161,4.916000,4.890000,6.000000,0.048840,0.038036,0.038036,0.000000,0.000000,1,1,1,1.000000,4.800000,4.800000,1,C4,INV-001|INV-005
814.500000,4.913677,4.903000,4.900000,6.000000,0.048826,0.036444,0.036444,0.000000,0.000000,1,1,1,1.000000,4.800000,4.800000,1,C4,INV-001|INV-005
815.000000,4.914247,4.918000,4.920000,6.000000,0.048810,0.035129,0.035129,0.000000,0.000000,1,1,1,1.000000,4.800000,4.800000,1,C4,INV-001|INV-005
815.500000,4.914842,4.909000,4.910000,6.000000,0.048792,0.034497,0.034497,0.000000,0.000000,1,1,1,1.000000,4.800000,4.800000,1,C4,INV-001|INV-005
816.000000,4.915452,4.911000,4.920000,6.000000,0.048774,0.034151,0.034151,0.000000,0.000000,1,1,1,1.000000,4.800000,4.800000,1,C4,INV-001|INV-005
816.500000,4.915927,4.926000,4.930000,6.000000,0.048755,0.037343,0.037343,0.000000,0.000000,1,1,1,1.000000,4.800000,4.800000,1,C4,INV-001|INV-005
817.000000,4.916542,4.926000,4.900000,6.000000,0.048741,0.033987,0.033987,0.000000,0.000000,1,1,1,1.000000,4.800000,4.800000,1,C4,INV-001|INV-005
817.500000,4.917170,4.915000,4.930000,6.000000,0.048722,0.033653,0.033653,0.000000,0.000000,1,1,1,1.000000,4.800000,4.800000,1,C4,INV-001|INV-005
818.000000,4.917597,4.912000,4.900000,6.000000,0.048702,0.038442,0.038442,0.000000,0.000000,1,1,1,1.000000,4.800000,4.800000,1,C4,INV-001|INV-005
818.500000,4.918209,4.919000,4.900000,6.000000,0.048689,0.034020,0.034020,0.000000,0.000000,1,1,1,1.000000,4.800000,4.800000,1,C4,INV-001|INV-005
819.000000,4.918898,4.930000,4.930000,6.000000,0.048671,0.032118,0.032118,0.000000,0.000000,1,1,1,1.000000,4.800000,4.800000,1,C4,INV-001|INV-005
819.500000,4.919504,4.927000,4.920000,6.000000,0.048649,0.034117,0.034117,0.000000,0.000000,1,1,1,1.000000,4.800000,4.800000,1,C4,INV-001|INV-005
820.000000,4.920146,4.925000,4.920000,6.000000,0.048631,0.033207,0.033207,0.000000,0.000000,1,1,1,1.000000,4.800000,4.800000,1,C4,INV-001|INV-005
820.500000,4.920773,4.921000,4.920000,6.000000,0.048611,0.033566,0.033566,0.000000,0.000000,1,1,1,1.000000,4.800000,4.800000,1,C4,INV-001|INV-005
821.000000,4.921278,4.928000,4.930000,6.000000,0.048592,0.036489,0.036489,0.000000,0.000000,1,1,1,1.000000,4.800000,4.800000,1,C4,INV-001|INV-005
821.500000,4.921751,4.920000,4.930000,6.000000,0.048576,0.037215,0.037215,0.000000,0.000000,1,1,1,1.000000,4.800000,4.800000,1,C4,INV-001|INV-005
822.000000,4.922274,4.929000,4.930000,6.000000,0.048562,0.036016,0.036016,0.000000,0.000000,1,1,1,1.000000,4.800000,4.800000,1,C4,INV-001|INV-005
822.500000,4.922981,4.923000,4.940000,6.000000,0.048545,0.031560,0.031560,0.000000,0.000000,1,1,1,1.000000,4.800000,4.800000,1,C4,INV-001|INV-005
823.000000,4.923675,4.920000,4.920000,6.000000,0.048524,0.031885,0.031885,0.000000,0.000000,1,1,1,1.000000,4.800000,4.800000,1,C4,INV-001|INV-005
823.500000,4.924277,4.924000,4.910000,6.000000,0.048502,0.034047,0.034047,0.000000,0.000000,1,1,1,1.000000,4.800000,4.800000,1,C4,INV-001|INV-005
824.000000,4.924844,4.934000,4.940000,6.000000,0.048484,0.034877,0.034877,0.000000,0.000000,1,1,1,1.000000,4.800000,4.800000,1,C4,INV-001|INV-005
824.500000,4.925300,4.927000,4.930000,6.000000,0.048466,0.037532,0.037532,0.000000,0.000000,1,1,1,1.000000,4.800000,4.800000,1,C4,INV-001|INV-005
825.000000,4.925782,4.923000,4.910000,6.000000,0.048452,0.036875,0.036875,0.000000,0.000000,1,1,1,1.000000,4.800000,4.800000,1,C4,INV-001|INV-005
825.500000,4.926464,4.923000,4.930000,6.000000,0.048437,0.032078,0.032078,0.000000,0.000000,1,1,1,1.000000,4.800000,4.800000,1,C4,INV-001|INV-005
826.000000,4.927056,4.929000,4.940000,6.000000,0.048417,0.034195,0.034195,0.000000,0.000000,1,1,1,1.000000,4.800000,4.800000,1,C4,INV-001|INV-005
826.500000,4.927675,4.927000,4.920000,6.000000,0.048398,0.033533,0.033533,0.000000,0.000000,1,1,1,1.000000,4.800000,4.800000,1,C4,INV-001|INV-005
827.000000,4.928139,4.934000,4.920000,6.000000,0.048379,0.037247,0.037247,0.000000,0.000000,1,1,1,1.000000,4.800000,4.800000,1,C4,INV-001|INV-005
827.500000,4.928807,4.929000,4.940000,6.000000,0.048365,0.032331,0.032331,0.000000,0.000000,1,1,1,1.000000,4.800000,4.800000,1,C4,INV-001|INV-005
828.000000,4.929308,4.935000,4.940000,6.000000,0.048344,0.036330,0.036330,0.000000,0.000000,1,1,1,1.000000,4.800000,4.800000,1,C4,INV-001|INV-005
828.500000,4.929996,4.937000,4.940000,6.000000,0.048329,0.031827,0.031827,0.000000,0.000000,1,1,1,1.000000,4.800000,4.800000,1,C4,INV-001|INV-005
829.000000,4.930610,4.934000,4.930000,6.000000,0.048308,0.033549,0.033549,0.000000,0.000000,1,1,1,1.000000,4.800000,4.800000,1,C4,INV-001|INV-005
829.500000,4.931044,4.927000,4.920000,6.000000,0.048289,0.037897,0.037897,0.000000,0.000000,1,1,1,1.000000,4.800000,4.800000,1,C4,INV-001|INV-005
830.000000,4.931668,4.933000,4.940000,6.000000,0.048276,0.033293,0.033293,0.000000,0.000000,1,1,1,1.000000,4.800000,4.800000,1,C4,INV-001|INV-005
830.500000,4.932315,4.934000,4.940000,6.000000,0.048256,0.032733,0.032733,0.000000,0.000000,1,1,1,1.000000,4.800000,4.800000,1,C4,INV-001|INV-005
831.000000,4.932880,4.926000,4.920000,6.000000,0.048236,0.034660,0.034660,0.000000,0.000000,1,1,1,1.000000,4.800000,4.800000,1,C4,INV-001|INV-005
831.500000,4.933298,4.941000,4.940000,6.000000,0.048219,0.038205,0.038205,0.000000,0.000000,1,1,1,1.000000,4.800000,4.800000,1,C4,INV-001|INV-005
832.000000,4.933814,4.936000,4.930000,6.000000,0.048206,0.035800,0.035800,0.000000,0.000000,1,1,1,1.000000,4.800000,4.800000,1,C4,INV-001|INV-005
832.500000,4.934465,4.941000,4.930000,6.000000,0.048190,0.032576,0.032576,0.000000,0.000000,1,1,1,1.000000,4.800000,4.800000,1,C4,INV-001|INV-005
833.000000,4.935155,4.937000,4.940000,6.000000,0.048170,0.031613,0.031613,0.000000,0.000000,1,1,1,1.000000,4.800000,4.800000,1,C4,INV-001|INV-005
833.500000,4.935725,4.939000,4.920000,6.000000,0.048149,0.034457,0.034457,0.000000,0.000000,1,1,1,1.000000,4.800000,4.800000,1,C4,INV-001|INV-005
834.000000,4.936335,4.938000,4.930000,6.000000,0.048132,0.033514,0.033514,0.000000,0.000000,1,1,1,1.000000,4.800000,4.800000,1,C4,INV-001|INV-005
834.500000,4.936749,4.933000,4.930000,6.000000,0.048113,0.038160,0.038160,0.000000,0.000000,1,1,1,1.000000,4.800000,4.800000,1,C4,INV-001|INV-005
835.000000,4.937199,4.937000,4.950000,6.000000,0.048100,0.037307,0.037307,0.000000,0.000000,1,1,1,1.000000,4.800000,4.800000,1,C4,INV-001|INV-005
835.500000,4.937712,4.945000,4.960000,6.000000,0.048086,0.035783,0.035783,0.000000,0.000000,1,1,1,1.000000,4.800000,4.800000,1,C4,INV-001|INV-005
836.000000,4.938398,4.941000,4.940000,6.000000,0.048070,0.031604,0.031604,0.000000,0.000000,1,1,1,1.000000,4.800000,4.800000,1,C4,INV-001|INV-005
836.500000,4.938887,4.945000,4.940000,6.000000,0.048049,0.036312,0.036312,0.000000,0.000000,1,1,1,1.000000,4.800000,4.800000,1,C4,INV-001|INV-005
837.000000,4.939466,4.947000,4.920000,6.000000,0.048034,0.034137,0.034137,0.000000,0.000000,1,1,1,1.000000,4.800000,4.800000,1,C4,INV-001|INV-005
837.500000,4.940111,4.940000,4.940000,6.000000,0.048016,0.032536,0.032536,0.000000,0.000000,1,1,1,1.000000,4.800000,4.800000,1,C4,INV-001|INV-005
838.000000,4.940797,4.944000,4.950000,6.000000,0.047997,0.031519,0.031519,0.000000,0.000000,1,1,1,1.000000,4.800000,4.800000,1,C4,INV-001|INV-005
838.500000,4.941265,4.936000,4.930000,6.000000,0.047975,0.036751,0.036751,0.000000,0.000000,1,1,1,1.000000,4.800000,4.800000,1,C4,INV-001|INV-005
839.000000,4.941661,4.943000,4.950000,6.000000,0.047961,0.038460,0.038460,0.000000,0.000000,1,1,1,1.000000,4.800000,4.800000,1,C4,INV-001|INV-005
839.500000,4.942176,4.943000,4.940000,6.000000,0.047949,0.035587,0.035587,0.000000,0.000000,1,1,1,1.000000,4.800000,4.800000,1,C4,INV-001|INV-005
840.000000,4.942688,4.936000,4.950000,6.000000,0.047933,0.035648,0.035648,0.000000,0.000000,1,1,1,1.000000,4.800000,4.800000,1,C4,INV-001|INV-005
840.500000,4.943361,4.939000,4.950000,6.000000,0.047917,0.031768,0.031768,0.000000,0.000000,1,1,1,1.000000,4.800000,4.800000,1,C4,INV-001|INV-005
841.000000,4.944017,4.950000,4.940000,6.000000,0.047897,0.032140,0.032140,0.000000,0.000000,1,1,1,1.000000,4.800000,4.800000,1,C4,INV-001|INV-005
841.500000,4.944489,4.944000,4.950000,6.000000,0.047876,0.036544,0.036544,0.000000,0.000000,1,1,1,1.000000,4.800000,4.800000,1,C4,INV-001|INV-005
842.000000,4.945080,4.947000,4.940000,6.000000,0.047862,0.033698,0.033698,0.000000,0.000000,1,1,1,1.000000,4.800000,4.800000,1,C4,INV-001|INV-005
842.500000,4.945513,4.950000,4.930000,6.000000,0.047844,0.037447,0.037447,0.000000,0.000000,1,1,1,1.000000,4.800000,4.800000,1,C4,INV-001|INV-005
843.000000,4.945984,4.944000,4.960000,6.000000,0.047830,0.036532,0.036532,0.000000,0.000000,1,1,1,1.000000,4.800000,4.800000,1,C4,INV-001|INV-005
843.500000,4.946591,4.947000,4.930000,6.000000,0.047816,0.033246,0.033246,0.000000,0.000000,1,1,1,1.000000,4.800000,4.800000,1,C4,INV-001|INV-005
844.000000,4.947049,4.946000,4.960000,6.000000,0.047797,0.036790,0.036790,0.000000,0.000000,1,1,1,1.000000,4.800000,4.800000,1,C4,INV-001|INV-005
844.500000,4.947528,4.950000,4.940000,6.000000,0.047783,0.036304,0.036304,0.000000,0.000000,1,1,1,1.000000,4.800000,4.800000,1,C4,INV-001|INV-005
845.000000,4.948044,4.950000,4.960000,6.000000,0.047768,0.035372,0.035372,0.000000,0.000000,1,1,1,1.000000,4.800000,4.800000,1,C4,INV-001|INV-005
845.500000,4.948664,4.957000,4.950000,6.000000,0.047752,0.032877,0.032877,0.000000,0.000000,1,1,1,1.000000,4.800000,4.800000,1,C4,INV-001|INV-005
846.000000,4.949307,4.945000,4.940000,6.000000,0.047733,0.032307,0.032307,0.000000,0.000000,1,1,1,1.000000,4.800000,4.800000,1,C4,INV-001|INV-005
846.500000,4.949713,4.949000,4.970000,6.000000,0.047714,0.037969,0.037969,0.000000,0.000000,1,1,1,1.000000,4.800000,4.800000,1,C4,INV-001|INV-005
847.000000,4.950132,4.951000,4.940000,6.000000,0.047701,0.037638,0.037638,0.000000,0.000000,1,1,1,1.000000,4.800000,4.800000,1,C4,INV-001|INV-005
847.500000,4.950803,4.945000,4.940000,6.000000,0.047688,0.031585,0.031585,0.000000,0.000000,1,1,1,1.000000,4.800000,4.800000,1,C4,INV-001|INV-005
848.000000,4.951414,4.957000,4.970000,6.000000,0.047668,0.033009,0.033009,0.000000,0.000000,1,1,1,1.000000,4.800000,4.800000,1,C4,INV-001|INV-005
848.500000,4.951863,4.952000,4.960000,6.000000,0.047649,0.036865,0.036865,0.000000,0.000000,1,1,1,1.000000,4.800000,4.800000,1,C4,INV-001|INV-005
849.000000,4.952304,4.952000,4.950000,6.000000,0.047635,0.037053,0.037053,0.000000,0.000000,1,1,1,1.000000,4.800000,4.800000,1,C4,INV-001|INV-005
849.500000,4.952873,4.948000,4.960000,6.000000,0.047621,0.033969,0.033969,0.000000,0.000000,1,1,1,1.000000,4.800000,4.800000,1,C4,INV-001|INV-005
850.000000,4.953482,4.954000,4.950000,6.000000,0.047604,0.032977,0.032977,0.000000,0.000000,1,1,1,1.000000,4.800000,4.800000,1,C4,INV-001|INV-005
850.500000,4.953974,4.950000,4.950000,6.000000,0.047585,0.035796,0.035796,0.000000,0.000000,1,1,1,1.000000,4.800000,4.800000,1,C4,INV-001|INV-005
851.000000,4.954500,4.947000,4.950000,6.000000,0.047570,0.034942,0.034942,0.000000,0.000000,1,1,1,1.000000,4.800000,4.800000,1,C4,INV-001|INV-005
851.500000,4.955021,4.953000,4.950000,6.000000,0.047554,0.035046,0.035046,0.000000,0.000000,1,1,1,1.000000,4.800000,4.800000,1,C4,INV-001|INV-005
852.000000,4.955601,4.959000,4.970000,6.000000,0.047538,0.033603,0.033603,0.000000,0.000000,1,1,1,1.000000,4.800000,4.800000,1,C4,INV-001|INV-005
852.500000,4.956209,4.955000,4.960000,6.000000,0.047520,0.032942,0.032942,0.000000,0.000000,1,1,1,1.000000,4.800000,4.800000,1,C4,INV-001|INV-005
853.000000,4.956665,4.954000,4.970000,6.000000,0.047501,0.036565,0.036565,0.000000,0.000000,1,1,1,1.000000,4.800000,4.800000,1,C4,INV-001|INV-005
853.500000,4.957241,4.962000,4.950000,6.000000,0.047487,0.033656,0.033656,0.000000,0.000000,1,1,1,1.000000,4.800000,4.800000,1,C4,INV-001|INV-005
854.000000,4.957721,4.963000,4.960000,6.000000,0.047470,0.035956,0.035956,0.000000,0.000000,1,1,1,1.000000,4.800000,4.800000,1,C4,INV-001|INV-005
854.500000,4.958198,4.957000,4.960000,6.000000,0.047455,0.035994,0.035994,0.000000,0.000000,1,1,1,1.000000,4.800000,4.800000,1,C4,INV-001|INV-005
855.000000,4.958760,4.952000,4.950000,6.000000,0.047440,0.033961,0.033961,0.000000,0.000000,1,1,1,1.000000,4.800000,4.800000,1,C4,INV-001|INV-005
855.500000,4.959414,4.951000,4.950000,6.000000,0.047423,0.031718,0.031718,0.000000,0.000000,1,1,1,1.000000,4.800000,4.800000,1,C4,INV-001|INV-005
856.000000,4.959941,4.960000,4.950000,6.000000,0.047403,0.034762,0.034762,0.000000,0.000000,1,1,1,1.000000,4.800000,4.800000,1,C4,INV-001|INV-005
856.500000,4.960525,4.962000,4.970000,6.000000,0.047386,0.033356,0.033356,0.000000,0.000000,1,1,1,1.000000,4.800000,4.800000,1,C4,INV-001|INV-005
857.000000,4.960956,4.963000,4.970000,6.000000,0.047368,0.037032,0.037032,0.000000,0.000000,1,1,1,1.000000,4.800000,4.800000,1,C4,INV-001|INV-005
857.500000,4.961339,4.966000,4.970000,6.000000,0.047355,0.038160,0.038160,0.000000,0.000000,1,1,1,1.000000,4.800000,4.800000,1,C4,INV-001|INV-005
858.000000,4.961801,4.964000,4.960000,6.000000,0.047343,0.036254,0.036254,0.000000,0.000000,1,1,1,1.000000,4.800000,4.800000,1,C4,INV-001|INV-005
858.500000,4.962186,4.951000,4.960000,6.000000,0.047329,0.038084,0.038084,0.000000,0.000000,1,1,1,1.000000,4.800000,4.800000,1,C4,INV-001|INV-005
859.000000,4.962766,4.965000,4.950000,6.000000,0.047317,0.033409,0.033409,0.000000,0.000000,1,1,1,1.000000,4.800000,4.800000,1,C4,INV-001|INV-005
859.500000,4.963243,4.962000,4.970000,6.000000,0.047300,0.035846,0.035846,0.000000,0.000000,1,1,1,1.000000,4.800000,4.800000,1,C4,INV-001|INV-005
860.000000,4.963712,4.961000,4.960000,6.000000,0.047285,0.036034,0.036034,0.000000,0.000000,1,1,1,1.000000,4.800000,4.800000,1,C4,INV-001|INV-005
860.500000,4.964288,4.966000,4.960000,6.000000,0.047270,0.033454,0.033454,0.000000,0.000000,1,1,1,1.000000,4.800000,4.800000,1,C4,INV-001|INV-005
861.000000,4.964751,4.966000,4.960000,6.000000,0.047253,0.036139,0.036139,0.000000,0.000000,1,1,1,1.000000,4.800000,4.800000,1,C4,INV-001|INV-005
861.500000,4.965221,4.970000,4.970000,6.000000,0.047238,0.035949,0.035949,0.000000,0.000000,1,1,1,1.000000,4.800000,4.800000,1,C4,INV-001|INV-005
862.000000,4.965837,4.967000,4.960000,6.000000,0.047224,0.032433,0.032433,0.000000,0.000000,1,1,1,1.000000,4.800000,4.800000,1,C4,INV-001|INV-005
862.500000,4.966209,4.965000,4.960000,6.000000,0.047205,0.038298,0.038298,0.000000,0.000000,1,1,1,1.000000,4.800000,4.800000,1,C4,INV-001|INV-005
863.000000,4.966637,4.955000,4.950000,6.000000,0.047194,0.036922,0.036922,0.000000,0.000000,1,1,1,1.000000,4.800000,4.800000,1,C4,INV-001|INV-005
863.500000,4.967261,4.963000,4.960000,6.000000,0.047180,0.032196,0.032196,0.000000,0.000000,1,1,1,1.000000,4.800000,4.800000,1,C4,INV-001|INV-005
864.000000,4.967787,4.966000,4.970000,6.000000,0.047161,0.034524,0.034524,0.000000,0.000000,1,1,1,1.000000,4.800000,4.800000,1,C4,INV-001|INV-005
864.500000,4.968301,4.975000,4.970000,6.000000,0.047145,0.034819,0.034819,0.000000,0.000000,1,1,1,1.000000,4.800000,4.800000,1,C4,INV-001|INV-005
865.000000,4.968705,4.978000,4.960000,6.000000,0.047129,0.037424,0.037424,0.000000,0.000000,1,1,1,1.000000,4.800000,4.800000,1,C4,INV-001|INV-005
865.500000,4.969320,4.968000,4.980000,6.000000,0.047117,0.032363,0.032363,0.000000,0.000000,1,1,1,1.000000,4.800000,4.800000,1,C4,INV-001|INV-005
866.000000,4.969682,4.974000,4.960000,6.000000,0.047098,0.038415,0.038415,0.000000,0.000000,1,1,1,1.000000,4.800000,4.800000,1,C4,INV-001|INV-005
866.500000,4.970271,4.970000,4.960000,6.000000,0.047087,0.032961,0.032961,0.000000,0.000000,1,1,1,1.000000,4.800000,4.800000,1,C4,INV-001|INV-005
867.000000,4.970825,4.971000,4.970000,6.000000,0.047069,0.033752,0.033752,0.000000,0.000000,1,1,1,1.000000,4.800000,4.800000,1,C4,INV-001|INV-005
867.500000,4.971423,4.974000,4.980000,6.000000,0.047052,0.032719,0.032719,0.000000,0.000000,1,1,1,1.000000,4.800000,4.800000,1,C4,INV-001|INV-005
868.000000,4.971867,4.968000,4.960000,6.000000,0.047033,0.036364,0.036364,0.000000,0.000000,1,1,1,1.000000,4.800000,4.800000,1,C4,INV-001|INV-005
868.500000,4.972285,4.962000,4.970000,6.000000,0.047019,0.036983,0.036983,0.000000,0.000000,1,1,1,1.000000,4.800000,4.800000,1,C4,INV-001|INV-005
869.000000,4.972719,4.975000,4.980000,6.000000,0.047007,0.036586,0.036586,0.000000,0.000000,1,1,1,1.000000,4.800000,4.800000,1,C4,INV-001|INV-005
869.500000,4.973241,4.972000,4.970000,6.000000,0.046993,0.034464,0.034464,0.000000,0.000000,1,1,1,1.000000,4.800000,4.800000,1,C4,INV-001|INV-005
870.000000,4.973701,4.965000,4.980000,6.000000,0.046977,0.035938,0.035938,0.000000,0.000000,1,1,1,1.000000,4.800000,4.800000,1,C4,INV-001|INV-005
870.500000,4.974264,4.974000,4.970000,6.000000,0.046963,0.033458,0.033458,0.000000,0.000000,1,1,1,1.000000,4.800000,4.800000,1,C4,INV-001|INV-005
871.000000,4.974817,4.976000,4.970000,6.000000,0.046946,0.033683,0.033683,0.000000,0.000000,1,1,1,1.000000,4.800000,4.800000,1,C4,INV-001|INV-005
871.500000,4.975295,4.980000,4.970000,6.000000,0.046929,0.035443,0.035443,0.000000,0.000000,1,1,1,1.000000,4.800000,4.800000,1,C4,INV-001|INV-005
872.000000,4.975717,4.975000,4.970000,6.000000,0.046914,0.036798,0.036798,0.000000,0.000000,1,1,1,1.000000,4.800000,4.800000,1,C4,INV-001|INV-005
872.500000,4.976318,4.970000,5.000000,6.000000,0.046901,0.032482,0.032482,0.000000,0.000000,1,1,1,1.000000,4.800000,4.800000,1,C4,INV-001|INV-005
873.000000,4.976846,4.976000,4.980000,6.000000,0.046883,0.034195,0.034195,0.000000,0.000000,1,1,1,1.000000,4.800000,4.800000,1,C4,INV-001|INV-005
873.500000,4.977231,4.974000,4.980000,6.000000,0.046866,0.037628,0.037628,0.000000,0.000000,1,1,1,1.000000,4.800000,4.800000,1,C4,INV-001|INV-005
874.000000,4.977649,4.988000,4.960000,6.000000,0.046854,0.036822,0.036822,0.000000,0.000000,1,1,1,1.000000,4.800000,4.800000,1,C4,INV-001|INV-005
874.500000,4.978286,4.983000,4.980000,6.000000,0.046842,0.031551,0.031551,0.000000,0.000000,1,1,1,1.000000,4.800000,4.800000,1,C4,INV-001|INV-005
875.000000,4.978681,4.977000,4.980000,6.000000,0.046822,0.037341,0.037341,0.000000,0.000000,1,1,1,1.000000,4.800000,4.800000,1,C4,INV-001|INV-005
875.500000,4.979037,4.968000,4.980000,6.000000,0.046810,0.038272,0.038272,0.000000,0.000000,1,1,1,1.000000,4.800000,4.800000,1,C4,INV-001|INV-005
876.000000,4.979638,4.971000,4.980000,6.000000,0.046799,0.032386,0.032386,0.000000,0.000000,1,1,1,1.000000,4.800000,4.800000,1,C4,INV-001|INV-005
876.500000,4.980048,4.973000,4.980000,6.000000,0.046780,0.036945,0.036945,0.000000,0.000000,1,1,1,1.000000,4.800000,4.800000,1,C4,INV-001|INV-005
877.000000,4.980578,4.975000,4.970000,6.000000,0.046768,0.034029,0.034029,0.000000,0.000000,1,1,1,1.000000,4.800000,4.800000,1,C4,INV-001|INV-005
877.500000,4.981069,4.981000,4.970000,6.000000,0.046751,0.034973,0.034973,0.000000,0.000000,1,1,1,1.000000,4.800000,4.800000,1,C4,INV-001|INV-005
878.000000,4.981504,4.979000,5.000000,6.000000,0.046736,0.036305,0.036305,0.000000,0.000000,1,1,1,1.000000,4.800000,4.800000,1,C4,INV-001|INV-005
878.500000,4.981940,4.984000,5.010000,6.000000,0.046723,0.036251,0.036251,0.000000,0.000000,1,1,1,1.000000,4.800000,4.800000,1,C4,INV-001|INV-005
879.000000,4.982419,4.980000,4.970000,6.000000,0.046710,0.035215,0.035215,0.000000,0.000000,1,1,1,1.000000,4.800000,4.800000,1,C4,INV-001|INV-005
879.500000,4.982794,4.988000,4.990000,6.000000,0.046695,0.037693,0.037693,0.000000,0.000000,1,1,1,1.000000,4.800000,4.800000,1,C4,INV-001|INV-005
880.000000,4.983396,4.987000,4.980000,6.000000,0.046683,0.032237,0.032237,0.000000,0.000000,1,1,1,1.000000,4.800000,4.800000,1,C4,INV-001|INV-005
880.500000,4.984008,4.988000,5.000000,6.000000,0.046665,0.031975,0.031975,0.000000,0.000000,1,1,1,1.000000,4.800000,4.800000,1,C4,INV-001|INV-005
881.000000,4.984545,4.980000,4.990000,6.000000,0.046646,0.033754,0.033754,0.000000,0.000000,1,1,1,1.000000,4.800000,4.800000,1,C4,INV-001|INV-005
881.500000,4.985168,4.996000,4.980000,6.000000,0.046629,0.031673,0.031673,0.000000,0.000000,1,1,1,1.000000,4.800000,4.800000,1,C4,INV-001|INV-005
882.000000,4.985575,4.984000,4.980000,6.000000,0.046610,0.036843,0.036843,0.000000,0.000000,1,1,1,1.000000,4.800000,4.800000,1,C4,INV-001|INV-005
882.500000,4.986081,4.984000,4.990000,6.000000,0.046598,0.034468,0.034468,0.000000,0.000000,1,1,1,1.000000,4.800000,4.800000,1,C4,INV-001|INV-005
883.000000,4.986434,4.987000,4.990000,6.000000,0.046582,0.038095,0.038095,0.000000,0.000000,1,1,1,1.000000,4.800000,4.800000,1,C4,INV-001|INV-005
883.500000,4.986816,4.987000,4.990000,6.000000,0.046571,0.037423,0.037423,0.000000,0.000000,1,1,1,1.000000,4.800000,4.800000,1,C4,INV-001|INV-005
884.000000,4.987262,4.989000,4.990000,6.000000,0.046560,0.035846,0.035846,0.000000,0.000000,1,1,1,1.000000,4.800000,4.800000,1,C4,INV-001|INV-005
884.500000,4.987719,4.984000,5.000000,6.000000,0.046546,0.035572,0.035572,0.000000,0.000000,1,1,1,1.000000,4.800000,4.800000,1,C4,INV-001|INV-005
885.000000,4.988057,4.986000,4.990000,6.000000,0.046532,0.038435,0.038435,0.000000,0.000000,1,1,1,1.000000,4.800000,4.800000,1,C4,INV-001|INV-005
885.500000,4.988611,4.997000,4.990000,6.000000,0.046521,0.033227,0.033227,0.000000,0.000000,1,1,1,1.000000,4.800000,4.800000,1,C4,INV-001|INV-005
886.000000,4.989162,4.987000,4.970000,6.000000,0.046504,0.033267,0.033267,0.000000,0.000000,1,1,1,1.000000,4.800000,4.800000,1,C4,INV-001|INV-005
886.500000,4.989564,4.990000,5.000000,6.000000,0.046487,0.036840,0.036840,0.000000,0.000000,1,1,1,1.000000,4.800000,4.800000,1,C4,INV-001|INV-005
887.000000,4.990094,4.990000,5.000000,6.000000,0.046475,0.033758,0.033758,0.000000,0.000000,1,1,1,1.000000,4.800000,4.800000,1,C4,INV-001|INV-005
887.500000,4.990529,4.986000,4.990000,6.000000,0.046459,0.036018,0.036018,0.000000,0.000000,1,1,1,1.000000,4.800000,4.800000,1,C4,INV-001|INV-005
888.000000,4.991133,4.995000,5.010000,6.000000,0.046445,0.031940,0.031940,0.000000,0.000000,1,1,1,1.000000,4.800000,4.800000,1,C4,INV-001|INV-005
888.500000,4.991614,4.988000,4.980000,6.000000,0.046427,0.034901,0.034901,0.000000,0.000000,1,1,1,1.000000,4.800000,4.800000,1,C4,INV-001|INV-005
889.000000,4.992082,4.984000,5.000000,6.000000,0.046412,0.035160,0.035160,0.000000,0.000000,1,1,1,1.000000,4.800000,4.800000,1,C4,INV-001|INV-005
889.500000,4.992657,4.993000,4.990000,6.000000,0.046397,0.032618,0.032618,0.000000,0.000000,1,1,1,1.000000,4.800000,4.800000,1,C4,INV-001|INV-005
890.000000,4.993119,4.992000,4.970000,6.000000,0.046380,0.035279,0.035279,0.000000,0.000000,1,1,1,1.000000,4.800000,4.800000,1,C4,INV-001|INV-005
890.500000,4.993601,4.991000,4.980000,6.000000,0.046366,0.034798,0.034798,0.000000,0.000000,1,1,1,1.000000,4.800000,4.800000,1,C4,INV-001|INV-005
891.000000,4.994151,5.004000,5.000000,6.000000,0.046351,0.033152,0.033152,0.000000,0.000000,1,1,1,1.000000,4.800000,4.800000,1,C4,INV-001|INV-005
891.500000,4.994702,4.990000,4.990000,6.000000,0.046334,0.033119,0.033119,0.000000,0.000000,1,1,1,1.000000,4.800000,4.800000,1,C4,INV-001|INV-005
892.000000,4.995060,4.996000,5.000000,6.000000,0.046317,0.037715,0.037715,0.000000,0.000000,1,1,1,1.000000,4.800000,4.800000,1,C4,INV-001|INV-005
892.500000,4.995524,4.993000,5.000000,6.000000,0.046306,0.035179,0.035179,0.000000,0.000000,1,1,1,1.000000,4.800000,4.800000,1,C4,INV-001|INV-005
893.000000,4.995934,4.997000,5.010000,6.000000,0.046292,0.036435,0.036435,0.000000,0.000000,1,1,1,1.000000,4.800000,4.800000,1,C4,INV-001|INV-005
893.500000,4.996472,4.992000,5.000000,6.000000,0.046279,0.033369,0.033369,0.000000,0.000000,1,1,1,1.000000,4.800000,4.800000,1,C4,INV-001|INV-005
894.000000,4.996878,4.993000,4.990000,6.000000,0.046262,0.036518,0.036518,0.000000,0.000000,1,1,1,1.000000,4.800000,4.800000,1,C4,INV-001|INV-005
894.500000,4.997444,4.989000,4.980000,6.000000,0.046250,0.032678,0.032678,0.000000,0.000000,1,1,1,1.000000,4.800000,4.800000,1,C4,INV-001|INV-005
895.000000,4.997829,4.991000,5.020000,6.000000,0.046233,0.036989,0.036989,0.000000,0.000000,1,1,1,1.000000,4.800000,4.800000,1,C4,INV-001|INV-005
895.500000,4.998294,4.995000,5.000000,6.000000,0.046221,0.035066,0.035066,0.000000,0.000000,1,1,1,1.000000,4.800000,4.800000,1,C4,INV-001|INV-005
896.000000,4.998666,5.000000,5.010000,6.000000,0.046206,0.037283,0.037283,0.000000,0.000000,1,1,1,1.000000,4.800000,4.800000,1,C4,INV-001|INV-005
896.500000,4.999223,4.998000,4.990000,6.000000,0.046195,0.032817,0.032817,0.000000,0.000000,1,1,1,1.000000,4.800000,4.800000,1,C4,INV-001|INV-005
897.000000,4.999659,5.002000,4.990000,6.000000,0.046178,0.035702,0.035702,0.000000,0.000000,1,1,1,1.000000,4.800000,4.800000,1,C4,INV-001|INV-005
897.500000,5.000000,5.009000,4.990000,6.000000,0.046164,0.033330,0.033330,0.000000,0.002330,1,1,1,1.000000,4.800000,4.800000,1,C4,INV-001|INV-005
898.000000,5.000000,5.006000,5.000000,6.000000,0.046154,0.031771,0.031771,0.000000,0.009522,1,1,1,1.000000,4.800000,4.800000,1,C4,INV-001|INV-005
898.500000,5.000000,4.995000,5.000000,6.000000,0.046154,0.034247,0.034247,0.000000,0.015475,1,1,1,1.000000,4.800000,4.800000,1,C4,INV-001|INV-005
899.000000,5.000000,5.008000,5.010000,6.000000,0.046154,0.032819,0.032819,0.000000,0.022142,1,1,1,1.000000,4.800000,4.800000,1,C4,INV-001|INV-005
899.500000,5.000000,5.002000,5.000000,6.000000,0.046154,0.032952,0.032952,0.000000,0.028743,1,1,1,1.000000,4.800000,4.800000,1,C4,INV-001|INV-005
900.000000,5.000000,4.993000,5.010000,6.000000,0.046154,0.035502,0.035502,0.000000,0.034069,1,1,1,1.000000,4.800000,4.800000,1,C4,INV-001|INV-005
900.500000,5.000000,5.001000,4.990000,6.000000,0.046154,0.032975,0.032975,0.000000,0.040659,1,1,1,1.000000,4.800000,4.800000,1,C4,INV-001|INV-005
901.000000,5.000000,5.004000,5.000000,6.000000,0.046154,0.037627,0.037627,0.000000,0.044922,1,1,1,1.000000,4.800000,4.800000,1,C4,INV-001|INV-005
901.500000,5.000000,5.000000,4.990000,6.000000,0.046154,0.035191,0.035191,0.000000,0.050403,1,1,1,1.000000,4.800000,4.800000,1,C4,INV-001|INV-005
902.000000,5.000000,4.995000,5.000000,6.000000,0.046154,0.034666,0.034666,0.000000,0.056147,1,1,1,1.000000,4.800000,4.800000,1,C4,INV-001|INV-005
902.500000,5.000000,5.013000,5.000000,6.000000,0.046154,0.032369,0.032369,0.000000,0.063039,1,1,1,1.000000,4.800000,4.800000,1,C4,INV-001|INV-005
903.000000,5.000000,5.002000,5.000000,6.000000,0.046154,0.035168,0.035168,0.000000,0.068532,1,1,1,1.000000,4.800000,4.800000,1,C4,INV-001|INV-005
903.500000,5.000000,5.005000,5.010000,6.000000,0.046154,0.036457,0.036457,0.000000,0.073380,1,1,1,1.000000,4.800000,4.800000,1,C4,INV-001|INV-005
904.000000,5.000000,5.006000,5.010000,6.000000,0.046154,0.037304,0.037304,0.000000,0.077805,1,1,1,1.000000,4.800000,4.800000,1,C4,INV-001|INV-005
904.500000,5.000000,4.999000,5.010000,6.000000,0.046154,0.032363,0.032363,0.000000,0.084700,1,1,1,1.000000,4.800000,4.800000,1,C4,INV-001|INV-005
905.000000,5.000000,4.995000,4.990000,6.000000,0.046154,0.035014,0.035014,0.000000,0.090270,1,1,1,1.000000,4.800000,4.800000,1,C4,INV-001|INV-005
905.500000,5.000000,5.001000,5.000000,6.000000,0.046154,0.036976,0.036976,0.000000,0.094859,1,1,1,1.000000,4.800000,4.800000,1,C4,INV-001|INV-005
906.000000,5.000000,4.999000,4.990000,6.000000,0.046154,0.038389,0.038389,0.000000,0.098741,1,1,1,1.000000,4.800000,4.800000,1,C4,INV-001|INV-005
906.500000,5.000000,4.991000,4.990000,6.000000,0.046154,0.034109,0.034109,0.000000,0.104764,1,1,1,1.000000,4.800000,4.800000,1,C4,INV-001|INV-005
907.000000,5.000000,4.997000,4.990000,6.000000,0.046154,0.033720,0.033720,0.000000,0.110981,1,1,1,1.000000,4.800000,4.800000,1,C4,INV-001|INV-005
907.500000,5.000000,4.998000,5.030000,6.000000,0.046154,0.037656,0.037656,0.000000,0.115229,1,1,1,1.000000,4.800000,4.800000,1,C4,INV-001|INV-005
908.000000,5.000000,5.006000,4.990000,6.000000,0.046154,0.035350,0.035350,0.000000,0.120631,1,1,1,1.000000,4.800000,4.800000,1,C4,INV-001|INV-005
908.500000,5.000000,4.995000,5.010000,6.000000,0.046154,0.036508,0.036508,0.000000,0.125454,1,1,1,1.000000,4.800000,4.800000,1,C4,INV-001|INV-005
909.000000,5.000000,5.006000,5.030000,6.000000,0.046154,0.034297,0.034297,0.000000,0.131382,1,1,1,1.000000,4.800000,4.800000,1,C4,INV-001|INV-005
909.500000,5.000000,5.004000,5.000000,6.000000,0.046154,0.038315,0.038315,0.000000,0.135302,1,1,1,1.000000,4.800000,4.800000,1,C4,INV-001|INV-005
910.000000,5.000000,5.003000,5.000000,6.000000,0.046154,0.033739,0.033739,0.000000,0.141509,1,1,1,1.000000,4.800000,4.800000,1,C4,INV-001|INV-005
910.500000,5.000000,5.006000,4.990000,6.000000,0.046154,0.032500,0.032500,0.000000,0.148336,1,1,1,1.000000,4.800000,4.800000,1,C4,INV-001|INV-005
911.000000,5.000000,5.001000,4.990000,6.000000,0.046154,0.033277,0.033277,0.000000,0.154775,1,1,1,1.000000,4.800000,4.800000,1,C4,INV-001|INV-005
911.500000,5.000000,4.996000,4.990000,6.000000,0.046154,0.034923,0.034923,0.000000,0.160390,1,1,1,1.000000,4.800000,4.800000,1,C4,INV-001|INV-005
912.000000,5.000000,4.998000,4.990000,6.000000,0.046154,0.033093,0.033093,0.000000,0.166920,1,1,1,1.000000,4.800000,4.800000,1,C4,INV-001|INV-005
912.500000,5.000000,4.995000,5.000000,6.000000,0.046154,0.031967,0.031967,0.000000,0.174014,1,1,1,1.000000,4.800000,4.800000,1,C4,INV-001|INV-005
913.000000,5.000000,4.996000,4.990000,6.000000,0.046154,0.037265,0.037265,0.000000,0.178458,1,1,1,1.000000,4.800000,4.800000,1,C4,INV-001|INV-005
913.500000,5.000000,4.999000,5.020000,6.000000,0.046154,0.037843,0.037843,0.000000,0.182614,1,1,1,1.000000,4.800000,4.800000,1,C4,INV-001|INV-005
914.000000,5.000000,4.997000,4.980000,6.000000,0.046154,0.033101,0.033101,0.000000,0.189140,1,1,1,1.000000,4.800000,4.800000,1,C4,INV-001|INV-005
914.500000,5.000000,4.998000,5.000000,6.000000,0.046154,0.036193,0.036193,0.000000,0.194121,1,1,1,1.000000,4.800000,4.800000,1,C4,INV-001|INV-005
915.000000,5.000000,5.001000,5.000000,6.000000,0.046154,0.035904,0.035904,0.000000,0.199246,1,1,1,1.000000,4.800000,4.800000,1,C4,INV-001|INV-005
915.500000,5.000000,5.007000,5.020000,6.000000,0.046154,0.032908,0.032908,0.000000,0.205868,1,1,1,1.000000,4.800000,4.800000,1,C4,INV-001|INV-005
916.000000,5.000000,5.001000,5.010000,6.000000,0.046154,0.034549,0.034549,0.000000,0.211671,1,1,1,1.000000,4.800000,4.800000,1,C4,INV-001|INV-005
916.500000,5.000000,5.001000,4.990000,6.000000,0.046154,0.037153,0.037153,0.000000,0.216171,1,1,1,1.000000,4.800000,4.800000,1,C4,INV-001|INV-005
917.000000,5.000000,4.992000,4.990000,6.000000,0.046154,0.034455,0.034455,0.000000,0.222021,1,1,1,1.000000,4.800000,4.800000,1,C4,INV-001|INV-005
917.500000,5.000000,4.995000,5.000000,6.000000,0.046154,0.031585,0.031585,0.000000,0.229305,1,1,1,1.000000,4.800000,4.800000,1,C4,INV-001|INV-005
918.000000,5.000000,5.001000,4.990000,6.000000,0.046154,0.032987,0.032987,0.000000,0.235888,1,1,1,1.000000,4.800000,4.800000,1,C4,INV-001|INV-005
918.500000,5.000000,5.002000,4.990000,6.000000,0.046154,0.038120,0.038120,0.000000,0.239905,1,1,1,1.000000,4.800000,4.800000,1,C4,INV-001|INV-005
919.000000,5.000000,4.996000,5.010000,6.000000,0.046154,0.033960,0.033960,0.000000,0.246002,1,1,1,1.000000,4.800000,4.800000,1,C4,INV-001|INV-005
919.500000,5.000000,4.996000,4.990000,6.000000,0.046154,0.032931,0.032931,0.000000,0.252613,1,1,1,1.000000,4.800000,4.800000,1,C4,INV-001|INV-005
920.000000,5.000000,4.998000,5.010000,6.000000,0.046154,0.031882,0.031882,0.000000,0.259749,1,1,1,1.000000,4.800000,4.800000,1,C4,INV-001|INV-005
920.500000,5.000000,5.010000,4.990000,6.000000,0.046154,0.032962,0.032962,0.000000,0.266345,1,1,1,1.000000,4.800000,4.800000,1,C4,INV-001|INV-005
921.000000,5.000000,5.001000,5.000000,6.000000,0.046154,0.035762,0.035762,0.000000,0.271541,1,1,1,1.000000,4.800000,4.800000,1,C4,INV-001|INV-005
921.500000,5.000000,5.000000,5.010000,6.000000,0.046154,0.032184,0.032184,0.000000,0.278526,1,1,1,1.000000,4.800000,4.800000,1,C4,INV-001|INV-005
922.000000,5.000000,5.001000,5.010000,6.000000,0.046154,0.035899,0.035899,0.000000,0.283653,1,1,1,1.000000,4.800000,4.800000,1,C4,INV-001|INV-005
922.500000,5.000000,4.997000,5.000000,6.000000,0.046154,0.035516,0.035516,0.000000,0.288972,1,1,1,1.000000,4.800000,4.800000,1,C4,INV-001|INV-005
923.000000,5.000000,5.014000,5.000000,6.000000,0.046154,0.036881,0.036881,0.000000,0.293609,1,1,1,1.000000,4.800000,4.800000,1,C4,INV-001|INV-005
923.500000,5.000000,5.001000,5.010000,6.000000,0.046154,0.032437,0.032437,0.000000,0.300467,1,1,1,1.000000,4.800000,4.800000,1,C4,INV-001|INV-005
924.000000,5.000000,4.996000,5.020000,6.000000,0.046154,0.036054,0.036054,0.000000,0.305517,1,1,1,1.000000,4.800000,4.800000,1,C4,INV-001|INV-005
924.500000,5.000000,5.006000,5.010000,6.000000,0.046154,0.036714,0.036714,0.000000,0.310237,1,1,1,1.000000,4.800000,4.800000,1,C4,INV-001|INV-005
925.000000,5.000000,4.989000,5.000000,6.000000,0.046154,0.035749,0.035749,0.000000,0.315440,1,1,1,1.000000,4.800000,4.800000,1,C4,INV-001|INV-005
925.500000,5.000000,4.993000,4.990000,6.000000,0.046154,0.033601,0.033601,0.000000,0.321716,1,1,1,1.000000,4.800000,4.800000,1,C4,INV-001|INV-005
926.000000,5.000000,5.002000,5.000000,6.000000,0.046154,0.037146,0.037146,0.000000,0.326220,1,1,1,1.000000,4.800000,4.800000,1,C4,INV-001|INV-005
926.500000,5.000000,4.990000,5.030000,6.000000,0.046154,0.037844,0.037844,0.000000,0.330374,1,1,1,1.000000,4.800000,4.800000,1,C4,INV-001|INV-005
927.000000,5.000000,4.999000,5.020000,6.000000,0.046154,0.031755,0.031755,0.000000,0.337574,1,1,1,1.000000,4.800000,4.800000,1,C4,INV-001|INV-005
927.500000,5.000000,5.006000,5.000000,6.000000,0.046154,0.033362,0.033362,0.000000,0.343970,1,1,1,1.000000,4.800000,4.800000,1,C4,INV-001|INV-005
928.000000,5.000000,5.005000,5.010000,6.000000,0.046154,0.036954,0.036954,0.000000,0.348570,1,1,1,1.000000,4.800000,4.800000,1,C4,INV-001|INV-005
928.500000,5.000000,4.990000,5.000000,6.000000,0.046154,0.032491,0.032491,0.000000,0.355401,1,1,1,1.000000,4.800000,4.800000,1,C4,INV-001|INV-005
929.000000,5.000000,4.995000,5.020000,6.000000,0.046154,0.033993,0.033993,0.000000,0.361482,1,1,1,1.000000,4.800000,4.800000,1,C4,INV-001|INV-005
929.500000,5.000000,5.002000,5.000000,6.000000,0.046154,0.032120,0.032120,0.000000,0.368499,1,1,1,1.000000,4.800000,4.800000,1,C4,INV-001|INV-005
930.000000,5.000000,4.998000,5.010000,6.000000,0.046154,0.036476,0.036476,0.000000,0.373338,1,1,1,1.000000,4.800000,4.800000,1,C4,INV-001|INV-005
930.500000,5.000000,4.999000,4.990000,6.000000,0.046154,0.032020,0.032020,0.000000,0.380405,1,1,1,1.000000,4.800000,4.800000,1,C4,INV-001|INV-005
931.000000,5.000000,5.012000,5.000000,6.000000,0.046154,0.038095,0.038095,0.000000,0.384434,1,1,1,1.000000,4.800000,4.800000,1,C4,INV-001|INV-005
931.500000,5.000000,5.001000,4.990000,6.000000,0.046154,0.038375,0.038375,0.000000,0.388323,1,1,1,1.000000,4.800000,4.800000,1,C4,INV-001|INV-005
932.000000,5.000000,4.993000,4.990000,6.000000,0.046154,0.034296,0.034296,0.000000,0.394253,1,1,1,1.000000,4.800000,4.800000,1,C4,INV-001|INV-005
932.500000,5.000000,4.993000,5.020000,6.000000,0.046154,0.036755,0.036755,0.000000,0.398952,1,1,1,1.000000,4.800000,4.800000,1,C4,INV-001|INV-005
933.000000,5.000000,5.006000,4.990000,6.000000,0.046154,0.037008,0.037008,0.000000,0.403525,1,1,1,1.000000,4.800000,4.800000,1,C4,INV-001|INV-005
933.500000,5.000000,5.001000,4.980000,6.000000,0.046154,0.037354,0.037354,0.000000,0.407925,1,1,1,1.000000,4.800000,4.800000,1,C4,INV-001|INV-005
934.000000,5.000000,4.993000,4.990000,6.000000,0.046154,0.033705,0.033705,0.000000,0.414149,1,1,1,1.000000,4.800000,4.800000,1,C4,INV-001|INV-005
934.500000,5.000000,4.995000,5.000000,6.000000,0.046154,0.037342,0.037342,0.000000,0.418555,1,1,1,1.000000,4.800000,4.800000,1,C4,INV-001|INV-005
935.000000,5.000000,5.000000,4.990000,6.000000,0.046154,0.037244,0.037244,0.000000,0.423010,1,1,1,1.000000,4.800000,4.800000,1,C4,INV-001|INV-005
935.500000,5.000000,4.997000,4.990000,6.000000,0.046154,0.034501,0.034501,0.000000,0.428837,1,1,1,1.000000,4.800000,4.800000,1,C4,INV-001|INV-005
936.000000,5.000000,4.998000,5.010000,6.000000,0.046154,0.033883,0.033883,0.000000,0.434972,1,1,1,1.000000,4.800000,4.800000,1,C4,INV-001|INV-005
936.500000,5.000000,5.005000,5.000000,6.000000,0.046154,0.036571,0.036571,0.000000,0.439764,1,1,1,1.000000,4.800000,4.800000,1,C4,INV-001|INV-005
937.000000,5.000000,5.005000,4.990000,6.000000,0.046154,0.035873,0.035873,0.000000,0.444904,1,1,1,1.000000,4.800000,4.800000,1,C4,INV-001|INV-005
937.500000,5.000000,4.991000,5.000000,6.000000,0.046154,0.034813,0.034813,0.000000,0.450575,1,1,1,1.000000,4.800000,4.800000,1,C4,INV-001|INV-005
938.000000,5.000000,5.006000,5.020000,6.000000,0.046154,0.037650,0.037650,0.000000,0.454827,1,1,1,1.000000,4.800000,4.800000,1,C4,INV-001|INV-005
938.500000,5.000000,5.009000,5.000000,6.000000,0.046154,0.035622,0.035622,0.000000,0.460092,1,1,1,1.000000,4.800000,4.800000,1,C4,INV-001|INV-005
939.000000,5.000000,5.004000,5.000000,6.000000,0.046154,0.037562,0.037562,0.000000,0.464388,1,1,1,1.000000,4.800000,4.800000,1,C4,INV-001|INV-005
939.500000,5.000000,4.996000,5.000000,6.000000,0.046154,0.032370,0.032370,0.000000,0.471280,1,1,1,1.000000,4.800000,4.800000,1,C4,INV-001|INV-005
940.000000,5.000000,4.997000,5.010000,6.000000,0.046154,0.037223,0.037223,0.000000,0.475746,1,1,1,1.000000,4.800000,4.800000,1,C4,INV-001|INV-005
940.500000,5.000000,5.004000,5.000000,6.000000,0.046154,0.033596,0.033596,0.000000,0.482024,1,1,1,1.000000,4.800000,4.800000,1,C4,INV-001|INV-005
941.000000,5.000000,4.993000,5.000000,6.000000,0.046154,0.033883,0.033883,0.000000,0.488160,1,1,1,1.000000,4.800000,4.800000,1,C4,INV-001|INV-005
941.500000,5.000000,4.994000,4.990000,6.000000,0.046154,0.033403,0.033403,0.000000,0.494535,1,1,1,1.000000,4.800000,4.800000,1,C4,INV-001|INV-005
942.000000,5.000000,5.003000,5.010000,6.000000,0.046154,0.036069,0.036069,0.000000,0.499578,1,1,1,1.000000,4.800000,4.800000,1,C4,INV-001|INV-005
942.500000,5.000000,4.994000,5.010000,6.000000,0.046154,0.037450,0.037450,0.000000,0.503930,1,1,1,1.000000,4.800000,4.800000,1,C4,INV-001|INV-005
943.000000,5.000000,4.989000,5.010000,6.000000,0.046154,0.033888,0.033888,0.000000,0.510063,1,1,1,1.000000,4.800000,4.800000,1,C4,INV-001|INV-005
943.500000,5.000000,5.009000,5.010000,6.000000,0.046154,0.032454,0.032454,0.000000,0.516913,1,1,1,1.000000,4.800000,4.800000,1,C4,INV-001|INV-005
944.000000,5.000000,5.000000,5.000000,6.000000,0.046154,0.033390,0.033390,0.000000,0.523294,1,1,1,1.000000,4.800000,4.800000,1,C4,INV-001|INV-005
944.500000,5.000000,4.994000,5.000000,6.000000,0.046154,0.032405,0.032405,0.000000,0.530169,1,1,1,1.000000,4.800000,4.800000,1,C4,INV-001|INV-005
945.000000,5.000000,4.999000,4.990000,6.000000,0.046154,0.032228,0.032228,0.000000,0.537132,1,1,1,1.000000,4.800000,4.800000,1,C4,INV-001|INV-005
945.500000,5.000000,5.007000,5.010000,6.000000,0.046154,0.031853,0.031853,0.000000,0.544282,1,1,1,1.000000,4.800000,4.800000,1,C4,INV-001|INV-005
946.000000,5.000000,5.006000,5.000000,6.000000,0.046154,0.032799,0.032799,0.000000,0.550960,1,1,1,1.000000,4.800000,4.800000,1,C4,INV-001|INV-005
946.500000,5.000000,5.011000,5.010000,6.000000,0.046154,0.036533,0.036533,0.000000,0.555770,1,1,1,1.000000,4.800000,4.800000,1,C4,INV-001|INV-005
947.000000,5.000000,4.997000,5.000000,6.000000,0.046154,0.036696,0.036696,0.000000,0.560499,1,1,1,1.000000,4.800000,4.800000,1,C4,INV-001|INV-005
947.500000,5.000000,5.004000,5.010000,6.000000,0.046154,0.036544,0.036544,0.000000,0.565304,1,1,1,1.000000,4.800000,4.800000,1,C4,INV-001|INV-005
948.000000,5.000000,4.994000,5.000000,6.000000,0.046154,0.038256,0.038256,0.000000,0.569253,1,1,1,1.000000,4.800000,4.800000,1,C4,INV-001|INV-005
948.500000,5.000000,4.992000,5.000000,6.000000,0.046154,0.036053,0.036053,0.000000,0.574303,1,1,1,1.000000,4.800000,4.800000,1,C4,INV-001|INV-005
949.000000,5.000000,5.003000,5.000000,6.000000,0.046154,0.036678,0.036678,0.000000,0.579041,1,1,1,1.000000,4.800000,4.800000,1,C4,INV-001|INV-005
949.500000,5.000000,4.998000,5.010000,6.000000,0.046154,0.035934,0.035934,0.000000,0.584151,1,1,1,1.000000,4.800000,4.800000,1,C4,INV-001|INV-005
950.000000,5.000000,5.001000,5.000000,6.000000,0.046154,0.036354,0.036354,0.000000,0.589051,1,1,1,1.000000,4.800000,4.800000,1,C4,INV-001|INV-005
950.500000,5.000000,4.993000,5.000000,6.000000,0.046154,0.038326,0.038326,0.000000,0.592965,1,1,1,1.000000,4.800000,4.800000,1,C4,INV-001|INV-005
951.000000,5.000000,5.003000,4.980000,6.000000,0.046154,0.035030,0.035030,0.000000,0.598527,1,1,1,1.000000,4.800000,4.800000,1,C4,INV-001|INV-005
951.500000,5.000000,5.002000,5.010000,6.000000,0.046154,0.031830,0.031830,0.000000,0.605689,1,1,1,1.000000,4.800000,4.800000,1,C4,INV-001|INV-005
952.000000,5.000000,4.992000,5.000000,6.000000,0.046154,0.037844,0.037844,0.000000,0.609844,1,1,1,1.000000,4.800000,4.800000,1,C4,INV-001|INV-005
952.500000,5.000000,5.005000,5.000000,6.000000,0.046154,0.033336,0.033336,0.000000,0.616253,1,1,1,1.000000,4.800000,4.800000,1,C4,INV-001|INV-005
953.000000,5.000000,5.000000,5.000000,6.000000,0.046154,0.035527,0.035527,0.000000,0.621566,1,1,1,1.000000,4.800000,4.800000,1,C4,INV-001|INV-005
953.500000,5.000000,4.998000,5.020000,6.000000,0.046154,0.036664,0.036664,0.000000,0.626311,1,1,1,1.000000,4.800000,4.800000,1,C4,INV-001|INV-005
954.000000,5.000000,5.006000,4.990000,6.000000,0.046154,0.034914,0.034914,0.000000,0.631931,1,1,1,1.000000,4.800000,4.800000,1,C4,INV-001|INV-005
954.500000,5.000000,5.000000,5.000000,6.000000,0.046154,0.035549,0.035549,0.000000,0.637234,1,1,1,1.000000,4.800000,4.800000,1,C4,INV-001|INV-005
955.000000,5.000000,5.000000,5.010000,6.000000,0.046154,0.031526,0.031526,0.000000,0.644548,1,1,1,1.000000,4.800000,4.800000,1,C4,INV-001|INV-005
955.500000,5.000000,5.002000,4.990000,6.000000,0.046154,0.036847,0.036847,0.000000,0.649201,1,1,1,1.000000,4.800000,4.800000,1,C4,INV-001|INV-005
956.000000,5.000000,5.003000,5.000000,6.000000,0.046154,0.031583,0.031583,0.000000,0.656486,1,1,1,1.000000,4.800000,4.800000,1,C4,INV-001|INV-005
956.500000,5.000000,4.998000,5.010000,6.000000,0.046154,0.036885,0.036885,0.000000,0.661120,1,1,1,1.000000,4.800000,4.800000,1,C4,INV-001|INV-005
957.000000,5.000000,4.998000,5.000000,6.000000,0.046154,0.036362,0.036362,0.000000,0.666016,1,1,1,1.000000,4.800000,4.800000,1,C4,INV-001|INV-005
957.500000,5.000000,5.001000,5.000000,6.000000,0.046154,0.032208,0.032208,0.000000,0.672989,1,1,1,1.000000,4.800000,4.800000,1,C4,INV-001|INV-005
958.000000,5.000000,5.001000,5.020000,6.000000,0.046154,0.034399,0.034399,0.000000,0.678867,1,1,1,1.000000,4.800000,4.800000,1,C4,INV-001|INV-005
958.500000,5.000000,4.998000,4.980000,6.000000,0.046154,0.036383,0.036383,0.000000,0.683753,1,1,1,1.000000,4.800000,4.800000,1,C4,INV-001|INV-005
959.000000,5.000000,5.010000,5.000000,6.000000,0.046154,0.037237,0.037237,0.000000,0.688211,1,1,1,1.000000,4.800000,4.800000,1,C4,INV-001|INV-005
959.500000,5.000000,5.004000,4.980000,6.000000,0.046154,0.035894,0.035894,0.000000,0.693341,1,1,1,1.000000,4.800000,4.800000,1,C4,INV-001|INV-005
960.000000,5.000000,5.003000,5.000000,6.000000,0.046154,0.035488,0.035488,0.000000,0.698673,1,1,1,1.000000,4.800000,4.800000,1,C4,INV-001|INV-005
960.500000,5.000000,4.995000,5.010000,6.000000,0.046154,0.034581,0.034581,0.000000,0.704460,1,1,1,1.000000,4.800000,4.800000,1,C4,INV-001|INV-005
961.000000,5.000000,4.999000,4.990000,6.000000,0.046154,0.037075,0.037075,0.000000,0.708999,1,1,1,1.000000,4.800000,4.800000,1,C4,INV-001|INV-005
961.500000,5.000000,4.998000,5.010000,6.000000,0.046154,0.032824,0.032824,0.000000,0.715664,1,1,1,1.000000,4.800000,4.800000,1,C4,INV-001|INV-005
962.000000,5.000000,4.991000,5.010000,6.000000,0.046154,0.037597,0.037597,0.000000,0.719942,1,1,1,1.000000,4.800000,4.800000,1,C4,INV-001|INV-005
962.500000,5.000000,5.007000,5.010000,6.000000,0.046154,0.032320,0.032320,0.000000,0.726859,1,1,1,1.000000,4.800000,4.800000,1,C4,INV-001|INV-005
963.000000,5.000000,5.004000,5.020000,6.000000,0.046154,0.037687,0.037687,0.000000,0.731092,1,1,1,1.000000,4.800000,4.800000,1,C4,INV-001|INV-005
963.500000,5.000000,5.001000,5.010000,6.000000,0.046154,0.034308,0.034308,0.000000,0.737015,1,1,1,1.000000,4.800000,4.800000,1,C4,INV-001|INV-005
964.000000,5.000000,4.995000,5.020000,6.000000,0.046154,0.034053,0.034053,0.000000,0.743066,1,1,1,1.000000,4.800000,4.800000,1,C4,INV-001|INV-005
964.500000,5.000000,5.002000,4.980000,6.000000,0.046154,0.037560,0.037560,0.000000,0.747363,1,1,1,1.000000,4.800000,4.800000,1,C4,INV-001|INV-005
965.000000,5.000000,4.995000,5.010000,6.000000,0.046154,0.037628,0.037628,0.000000,0.751626,1,1,1,1.000000,4.800000,4.800000,1,C4,INV-001|INV-005
965.500000,5.000000,4.999000,5.000000,6.000000,0.046154,0.038208,0.038208,0.000000,0.755598,1,1,1,1.000000,4.800000,4.800000,1,C4,INV-001|INV-005
966.000000,5.000000,5.003000,4.990000,6.000000,0.046154,0.036996,0.036996,0.000000,0.760177,1,1,1,1.000000,4.800000,4.800000,1,C4,INV-001|INV-005
966.500000,5.000000,4.999000,5.010000,6.000000,0.046154,0.035172,0.035172,0.000000,0.765668,1,1,1,1.000000,4.800000,4.800000,1,C4,INV-001|INV-005
967.000000,5.000000,5.004000,5.000000,6.000000,0.046154,0.032090,0.032090,0.000000,0.772701,1,1,1,1.000000,4.800000,4.800000,1,C4,INV-001|INV-005
967.500000,5.000000,4.997000,4.990000,6.000000,0.046154,0.032094,0.032094,0.000000,0.779731,1,1,1,1.000000,4.800000,4.800000,1,C4,INV-001|INV-005
968.000000,5.000000,4.993000,5.000000,6.000000,0.046154,0.032531,0.032531,0.000000,0.786542,1,1,1,1.000000,4.800000,4.800000,1,C4,INV-001|INV-005
968.500000,5.000000,5.000000,4.990000,6.000000,0.046154,0.035216,0.035216,0.000000,0.792011,1,1,1,1.000000,4.800000,4.800000,1,C4,INV-001|INV-005
969.000000,5.000000,5.001000,5.020000,6.000000,0.046154,0.032500,0.032500,0.000000,0.798837,1,1,1,1.000000,4.800000,4.800000,1,C4,INV-001|INV-005
969.500000,5.000000,4.987000,5.000000,6.000000,0.046154,0.035594,0.035594,0.000000,0.804117,1,1,1,1.000000,4.800000,4.800000,1,C4,INV-001|INV-005
970.000000,5.000000,5.004000,4.990000,6.000000,0.046154,0.032663,0.032663,0.000000,0.810863,1,1,1,1.000000,4.800000,4.800000,1,C4,INV-001|INV-005
970.500000,5.000000,5.003000,5.010000,6.000000,0.046154,0.033341,0.033341,0.000000,0.817269,1,1,1,1.000000,4.800000,4.800000,1,C4,INV-001|INV-005
971.000000,5.000000,4.998000,5.000000,6.000000,0.046154,0.036829,0.036829,0.000000,0.821931,1,1,1,1.000000,4.800000,4.800000,1,C4,INV-001|INV-005
971.500000,5.000000,4.997000,5.000000,6.000000,0.046154,0.036331,0.036331,0.000000,0.826843,1,1,1,1.000000,4.800000,4.800000,1,C4,INV-001|INV-005
972.000000,5.000000,4.988000,5.010000,6.000000,0.046154,0.035278,0.035278,0.000000,0.832281,1,1,1,1.000000,4.800000,4.800000,1,C4,INV-001|INV-005
972.500000,5.000000,4.991000,5.000000,6.000000,0.046154,0.037562,0.037562,0.000000,0.836577,1,1,1,1.000000,4.800000,4.800000,1,C4,INV-001|INV-005
973.000000,5.000000,5.000000,5.010000,6.000000,0.046154,0.034573,0.034573,0.000000,0.842367,1,1,1,1.000000,4.800000,4.800000,1,C4,INV-001|INV-005
973.500000,5.000000,5.004000,5.000000,6.000000,0.046154,0.034716,0.034716,0.000000,0.848086,1,1,1,1.000000,4.800000,4.800000,1,C4,INV-001|INV-005
974.000000,5.000000,4.998000,5.010000,6.000000,0.046154,0.032148,0.032148,0.000000,0.855089,1,1,1,1.000000,4.800000,4.800000,1,C4,INV-001|INV-005
974.500000,5.000000,4.998000,4.990000,6.000000,0.046154,0.032061,0.032061,0.000000,0.862136,1,1,1,1.000000,4.800000,4.800000,1,C4,INV-001|INV-005
975.000000,5.000000,5.009000,5.000000,6.000000,0.046154,0.035328,0.035328,0.000000,0.867548,1,1,1,1.000000,4.800000,4.800000,1,C4,INV-001|INV-005
975.500000,5.000000,4.991000,5.010000,6.000000,0.046154,0.034597,0.034597,0.000000,0.873327,1,1,1,1.000000,4.800000,4.800000,1,C4,INV-001|INV-005
976.000000,5.000000,5.007000,5.000000,6.000000,0.046154,0.035356,0.035356,0.000000,0.878725,1,1,1,1.000000,4.800000,4.800000,1,C4,INV-001|INV-005
976.500000,5.000000,4.992000,5.010000,6.000000,0.046154,0.034908,0.034908,0.000000,0.884348,1,1,1,1.000000,4.800000,4.800000,1,C4,INV-001|INV-005
977.000000,5.000000,5.005000,4.990000,6.000000,0.046154,0.034860,0.034860,0.000000,0.889995,1,1,1,1.000000,4.800000,4.800000,1,C4,INV-001|INV-005
977.500000,5.000000,5.008000,5.000000,6.000000,0.046154,0.034282,0.034282,0.000000,0.895932,1,1,1,1.000000,4.800000,4.800000,1,C4,INV-001|INV-005
978.000000,5.000000,4.997000,5.000000,6.000000,0.046154,0.034190,0.034190,0.000000,0.901913,1,1,1,1.000000,4.800000,4.800000,1,C4,INV-001|INV-005
978.500000,5.000000,4.993000,5.000000,6.000000,0.046154,0.038265,0.038265,0.000000,0.905858,1,1,1,1.000000,4.800000,4.800000,1,C4,INV-001|INV-005
979.000000,5.000000,4.991000,5.010000,6.000000,0.046154,0.034491,0.034491,0.000000,0.911689,1,1,1,1.000000,4.800000,4.800000,1,C4,INV-001|INV-005
979.500000,5.000000,5.002000,5.000000,6.000000,0.046154,0.035698,0.035698,0.000000,0.916917,1,1,1,1.000000,4.800000,4.800000,1,C4,INV-001|INV-005
980.000000,5.000000,5.000000,5.000000,6.000000,0.046154,0.038179,0.038179,0.000000,0.920904,1,1,1,1.000000,4.800000,4.800000,1,C4,INV-001|INV-005
980.500000,5.000000,5.000000,5.010000,6.000000,0.046154,0.036737,0.036737,0.000000,0.925613,1,1,1,1.000000,4.800000,4.800000,1,C4,INV-001|INV-005
981.000000,5.000000,5.004000,4.980000,6.000000,0.046154,0.036938,0.036938,0.000000,0.930221,1,1,1,1.000000,4.800000,4.800000,1,C4,INV-001|INV-005
981.500000,5.000000,5.001000,5.010000,6.000000,0.046154,0.032909,0.032909,0.000000,0.936844,1,1,1,1.000000,4.800000,4.800000,1,C4,INV-001|INV-005
982.000000,5.000000,4.994000,5.010000,6.000000,0.046154,0.033504,0.033504,0.000000,0.943169,1,1,1,1.000000,4.800000,4.800000,1,C4,INV-001|INV-005
982.500000,5.000000,5.004000,5.000000,6.000000,0.046154,0.036991,0.036991,0.000000,0.947750,1,1,1,1.000000,4.800000,4.800000,1,C4,INV-001|INV-005
983.000000,5.000000,5.002000,5.000000,6.000000,0.046154,0.033234,0.033234,0.000000,0.954210,1,1,1,1.000000,4.800000,4.800000,1,C4,INV-001|INV-005
983.500000,5.000000,5.006000,5.010000,6.000000,0.046154,0.032159,0.032159,0.000000,0.961207,1,1,1,1.000000,4.800000,4.800000,1,C4,INV-001|INV-005
984.000000,5.000000,4.996000,5.000000,6.000000,0.046154,0.033281,0.033281,0.000000,0.967644,1,1,1,1.000000,4.800000,4.800000,1,C4,INV-001|INV-005
984.500000,5.000000,4.999000,5.010000,6.000000,0.046154,0.035163,0.035163,0.000000,0.973139,1,1,1,1.000000,4.800000,4.800000,1,C4,INV-001|INV-005
985.000000,5.000000,4.996000,5.000000,6.000000,0.046154,0.033890,0.033890,0.000000,0.979271,1,1,1,1.000000,4.800000,4.800000,1,C4,INV-001|INV-005
985.500000,5.000000,4.997000,5.010000,6.000000,0.046154,0.031850,0.031850,0.000000,0.986423,1,1,1,1.000000,4.800000,4.800000,1,C4,INV-001|INV-005
986.000000,5.000000,5.004000,4.990000,6.000000,0.046154,0.033550,0.033550,0.000000,0.992725,1,1,1,1.000000,4.800000,4.800000,1,C4,INV-001|INV-005
986.500000,5.000000,5.000000,5.000000,6.000000,0.046154,0.035703,0.035703,0.000000,0.997950,1,1,1,1.000000,4.800000,4.800000,1,C4,INV-001|INV-005
987.000000,5.000000,4.994000,5.020000,6.000000,0.046154,0.033173,0.033173,0.000000,1.004440,1,1,1,1.000000,4.800000,4.800000,1,C4,INV-001|INV-005
987.500000,5.000000,5.004000,5.010000,6.000000,0.046154,0.036507,0.036507,0.000000,1.009264,1,1,1,1.000000,4.800000,4.800000,1,C4,INV-001|INV-005
988.000000,5.000000,5.003000,5.020000,6.000000,0.046154,0.032115,0.032115,0.000000,1.016283,1,1,1,1.000000,4.800000,4.800000,1,C4,INV-001|INV-005
988.500000,5.000000,4.997000,5.020000,6.000000,0.046154,0.037809,0.037809,0.000000,1.020456,1,1,1,1.000000,4.800000,4.800000,1,C4,INV-001|INV-005
989.000000,5.000000,5.005000,5.000000,6.000000,0.046154,0.034271,0.034271,0.000000,1.026397,1,1,1,1.000000,4.800000,4.800000,1,C4,INV-001|INV-005
989.500000,5.000000,5.000000,5.020000,6.000000,0.046154,0.033539,0.033539,0.000000,1.032704,1,1,1,1.000000,4.800000,4.800000,1,C4,INV-001|INV-005
990.000000,5.000000,4.997000,5.000000,6.000000,0.046154,0.032879,0.032879,0.000000,1.039342,1,1,1,1.000000,4.800000,4.800000,1,C4,INV-001|INV-005
990.500000,5.000000,4.997000,5.020000,6.000000,0.046154,0.033788,0.033788,0.000000,1.045525,1,1,1,1.000000,4.800000,4.800000,1,C4,INV-001|INV-005
991.000000,5.000000,4.997000,4.990000,6.000000,0.046154,0.033577,0.033577,0.000000,1.051813,1,1,1,1.000000,4.800000,4.800000,1,C4,INV-001|INV-005
991.500000,5.000000,4.998000,4.990000,6.000000,0.046154,0.037849,0.037849,0.000000,1.055965,1,1,1,1.000000,4.800000,4.800000,1,C4,INV-001|INV-005
992.000000,5.000000,4.993000,5.000000,6.000000,0.046154,0.037204,0.037204,0.000000,1.060440,1,1,1,1.000000,4.800000,4.800000,1,C4,INV-001|INV-005
992.500000,5.000000,4.995000,5.010000,6.000000,0.046154,0.036611,0.036611,0.000000,1.065212,1,1,1,1.000000,4.800000,4.800000,1,C4,INV-001|INV-005
993.000000,5.000000,4.997000,5.000000,6.000000,0.046154,0.032253,0.032253,0.000000,1.072162,1,1,1,1.000000,4.800000,4.800000,1,C4,INV-001|INV-005
993.500000,5.000000,5.006000,5.000000,6.000000,0.046154,0.035827,0.035827,0.000000,1.077326,1,1,1,1.000000,4.800000,4.800000,1,C4,INV-001|INV-005
994.000000,5.000000,5.008000,5.010000,6.000000,0.046154,0.037994,0.037994,0.000000,1.081406,1,1,1,1.000000,4.800000,4.800000,1,C4,INV-001|INV-005
994.500000,5.000000,5.002000,5.010000,6.000000,0.046154,0.035536,0.035536,0.000000,1.086715,1,1,1,1.000000,4.800000,4.800000,1,C4,INV-001|INV-005
995.000000,5.000000,5.000000,5.010000,6.000000,0.046154,0.037022,0.037022,0.000000,1.091281,1,1,1,1.000000,4.800000,4.800000,1,C4,INV-001|INV-005
995.500000,5.000000,5.003000,5.010000,6.000000,0.046154,0.036637,0.036637,0.000000,1.096039,1,1,1,1.000000,4.800000,4.800000,1,C4,INV-001|INV-005
996.000000,5.000000,5.003000,5.010000,6.000000,0.046154,0.037003,0.037003,0.000000,1.100615,1,1,1,1.000000,4.800000,4.800000,1,C4,INV-001|INV-005
996.500000,5.000000,4.998000,5.000000,6.000000,0.046154,0.032446,0.032446,0.000000,1.107469,1,1,1,1.000000,4.800000,4.800000,1,C4,INV-001|INV-005
997.000000,5.000000,5.002000,5.020000,6.000000,0.046154,0.036745,0.036745,0.000000,1.112173,1,1,1,1.000000,4.800000,4.800000,1,C4,INV-001|INV-005
997.500000,5.000000,5.005000,4.990000,6.000000,0.046154,0.033115,0.033115,0.000000,1.118692,1,1,1,1.000000,4.800000,4.800000,1,C4,INV-001|INV-005
998.000000,5.000000,5.010000,5.000000,6.000000,0.046154,0.037965,0.037965,0.000000,1.122787,1,1,1,1.000000,4.800000,4.800000,1,C4,INV-001|INV-005
998.500000,5.000000,5.006000,5.000000,6.000000,0.046154,0.034973,0.034973,0.000000,1.128377,1,1,1,1.000000,4.800000,4.800000,1,C4,INV-001|INV-005
999.000000,5.000000,5.003000,5.010000,6.000000,0.046154,0.036870,0.036870,0.000000,1.133019,1,1,1,1.000000,4.800000,4.800000,1,C4,INV-001|INV-005
999.500000,5.000000,4.998000,4.990000,6.000000,0.046154,0.032451,0.032451,0.000000,1.139871,1,1,1,1.000000,4.800000,4.800000,1,C4,INV-001|INV-005
1000.000000,5.000000,4.993000,5.010000,6.000000,0.046154,0.035302,0.035302,0.000000,1.145296,1,1,1,1.000000,4.800000,4.800000,1,C4,INV-001|INV-005
1000.500000,5.000000,4.998000,5.020000,6.000000,0.046154,0.038108,0.038108,0.000000,1.149319,1,1,1,1.000000,4.800000,4.800000,1,C4,INV-001|INV-005
1001.000000,5.000000,4.997000,4.990000,6.000000,0.046154,0.035114,0.035114,0.000000,1.154839,1,1,1,1.000000,4.800000,4.800000,1,C4,INV-001|INV-005
1001.500000,5.000000,4.991000,5.010000,6.000000,0.046154,0.032174,0.032174,0.000000,1.161829,1,1,1,1.000000,4.800000,4.800000,1,C4,INV-001|INV-005
1002.000000,5.000000,4.993000,5.010000,6.000000,0.046154,0.034200,0.034200,0.000000,1.167806,1,1,1,1.000000,4.800000,4.800000,1,C4,INV-001|INV-005
1002.500000,5.000000,5.010000,4.990000,6.000000,0.046154,0.032864,0.032864,0.000000,1.174451,1,1,1,1.000000,4.800000,4.800000,1,C4,INV-001|INV-005
1003.000000,5.000000,5.000000,5.000000,6.000000,0.046154,0.033358,0.033358,0.000000,1.180849,1,1,1,1.000000,4.800000,4.800000,1,C4,INV-001|INV-005
1003.500000,5.000000,4.995000,5.010000,6.000000,0.046154,0.037707,0.037707,0.000000,1.185072,1,1,1,1.000000,4.800000,4.800000,1,C4,INV-001|INV-005
1004.000000,5.000000,4.998000,5.010000,6.000000,0.046154,0.031817,0.031817,0.000000,1.192241,1,1,1,1.000000,4.800000,4.800000,1,C4,INV-001|INV-005
1004.500000,5.000000,4.995000,5.000000,6.000000,0.046154,0.033789,0.033789,0.000000,1.198423,1,1,1,1.000000,4.800000,4.800000,1,C4,INV-001|INV-005
1005.000000,5.000000,5.002000,4.980000,6.000000,0.046154,0.031861,0.031861,0.000000,1.205569,1,1,1,1.000000,4.800000,4.800000,1,C4,INV-001|INV-005
1005.500000,5.000000,5.002000,5.020000,6.000000,0.046154,0.037710,0.037710,0.000000,1.209791,1,1,1,1.000000,4.800000,4.800000,1,C4,INV-001|INV-005
1006.000000,5.000000,5.009000,4.980000,6.000000,0.046154,0.035789,0.035789,0.000000,1.214974,1,1,1,1.000000,4.800000,4.800000,1,C4,INV-001|INV-005
1006.500000,5.000000,4.996000,4.990000,6.000000,0.046154,0.035675,0.035675,0.000000,1.220213,1,1,1,1.000000,4.800000,4.800000,1,C4,INV-001|INV-005
1007.000000,5.000000,5.003000,5.000000,6.000000,0.046154,0.037558,0.037558,0.000000,1.224511,1,1,1,1.000000,4.800000,4.800000,1,C4,INV-001|INV-005
1007.500000,5.000000,5.002000,5.010000,6.000000,0.046154,0.037802,0.037802,0.000000,1.228688,1,1,1,1.000000,4.800000,4.800000,1,C4,INV-001|INV-005
1008.000000,5.000000,5.003000,5.010000,6.000000,0.046154,0.034289,0.034289,0.000000,1.234620,1,1,1,1.000000,4.800000,4.800000,1,C4,INV-001|INV-005
1008.500000,5.000000,5.001000,4.980000,6.000000,0.046154,0.035786,0.035786,0.000000,1.239804,1,1,1,1.000000,4.800000,4.800000,1,C4,INV-001|INV-005
1009.000000,5.000000,5.004000,5.010000,6.000000,0.046154,0.033378,0.033378,0.000000,1.246192,1,1,1,1.000000,4.800000,4.800000,1,C4,INV-001|INV-005
1009.500000,5.000000,5.002000,4.990000,6.000000,0.046154,0.035718,0.035718,0.000000,1.251410,1,1,1,1.000000,4.800000,4.800000,1,C4,INV-001|INV-005
1010.000000,5.000000,5.002000,5.000000,6.000000,0.046154,0.031877,0.031877,0.000000,1.258549,1,1,1,1.000000,4.800000,4.800000,1,C4,INV-001|INV-005
1010.500000,5.000000,5.001000,5.020000,6.000000,0.046154,0.033344,0.033344,0.000000,1.264953,1,1,1,1.000000,4.800000,4.800000,1,C4,INV-001|INV-005
1011.000000,5.000000,4.998000,5.000000,6.000000,0.046154,0.033169,0.033169,0.000000,1.271446,1,1,1,1.000000,4.800000,4.800000,1,C4,INV-001|INV-005
1011.500000,5.000000,4.993000,4.980000,6.000000,0.046154,0.038354,0.038354,0.000000,1.275346,1,1,1,1.000000,4.800000,4.800000,1,C4,INV-001|INV-005
1012.000000,5.000000,5.001000,4.990000,6.000000,0.046154,0.037396,0.037396,0.000000,1.279725,1,1,1,1.000000,4.800000,4.800000,1,C4,INV-001|INV-005
1012.500000,5.000000,5.001000,5.000000,6.000000,0.046154,0.034655,0.034655,0.000000,1.285474,1,1,1,1.000000,4.800000,4.800000,1,C4,INV-001|INV-005
1013.000000,5.000000,5.004000,5.000000,6.000000,0.046154,0.031553,0.031553,0.000000,1.292774,1,1,1,1.000000,4.800000,4.800000,1,C4,INV-001|INV-005
1013.500000,5.000000,5.008000,5.010000,6.000000,0.046154,0.036319,0.036319,0.000000,1.297692,1,1,1,1.000000,4.800000,4.800000,1,C4,INV-001|INV-005
1014.000000,5.000000,4.996000,5.030000,6.000000,0.046154,0.037566,0.037566,0.000000,1.301986,1,1,1,1.000000,4.800000,4.800000,1,C4,INV-001|INV-005
1014.500000,5.000000,5.000000,5.000000,6.000000,0.046154,0.031555,0.031555,0.000000,1.309285,1,1,1,1.000000,4.800000,4.800000,1,C4,INV-001|INV-005
1015.000000,5.000000,4.994000,4.980000,6.000000,0.046154,0.036378,0.036378,0.000000,1.314173,1,1,1,1.000000,4.800000,4.800000,1,C4,INV-001|INV-005
1015.500000,5.000000,4.999000,5.000000,6.000000,0.046154,0.036380,0.036380,0.000000,1.319060,1,1,1,1.000000,4.800000,4.800000,1,C4,INV-001|INV-005
1016.000000,5.000000,4.998000,4.990000,6.000000,0.046154,0.036664,0.036664,0.000000,1.323805,1,1,1,1.000000,4.800000,4.800000,1,C4,INV-001|INV-005
1016.500000,5.000000,4.997000,5.010000,6.000000,0.046154,0.035856,0.035856,0.000000,1.328954,1,1,1,1.000000,4.800000,4.800000,1,C4,INV-001|INV-005
1017.000000,5.000000,4.999000,5.010000,6.000000,0.046154,0.031571,0.031571,0.000000,1.336246,1,1,1,1.000000,4.800000,4.800000,1,C4,INV-001|INV-005
1017.500000,5.000000,4.995000,4.980000,6.000000,0.046154,0.033282,0.033282,0.000000,1.342681,1,1,1,1.000000,4.800000,4.800000,1,C4,INV-001|INV-005
1018.000000,5.000000,4.992000,5.000000,6.000000,0.046154,0.033562,0.033562,0.000000,1.348977,1,1,1,1.000000,4.800000,4.800000,1,C4,INV-001|INV-005
1018.500000,5.000000,4.998000,4.990000,6.000000,0.046154,0.037890,0.037890,0.000000,1.353110,1,1,1,1.000000,4.800000,4.800000,1,C4,INV-001|INV-005
1019.000000,5.000000,4.999000,5.000000,6.000000,0.046154,0.034568,0.034568,0.000000,1.358902,1,1,1,1.000000,4.800000,4.800000,1,C4,INV-001|INV-005
1019.500000,5.000000,4.990000,5.000000,6.000000,0.046154,0.035984,0.035984,0.000000,1.363987,1,1,1,1.000000,4.800000,4.800000,1,C4,INV-001|INV-005
1020.000000,5.000000,5.000000,5.010000,6.000000,0.046154,0.037120,0.037120,0.000000,1.368504,1,1,1,1.000000,4.800000,4.800000,1,C4,INV-001|INV-005
1020.500000,5.000000,4.994000,4.990000,6.000000,0.046154,0.037698,0.037698,0.000000,1.372732,1,1,1,1.000000,4.800000,4.800000,1,C4,INV-001|INV-005
1021.000000,5.000000,5.007000,4.980000,6.000000,0.046154,0.035932,0.035932,0.000000,1.377843,1,1,1,1.000000,4.800000,4.800000,1,C4,INV-001|INV-005
1021.500000,5.000000,5.002000,4.990000,6.000000,0.046154,0.034455,0.034455,0.000000,1.383693,1,1,1,1.000000,4.800000,4.800000,1,C4,INV-001|INV-005
1022.000000,5.000000,5.001000,5.000000,6.000000,0.046154,0.033473,0.033473,0.000000,1.390033,1,1,1,1.000000,4.800000,4.800000,1,C4,INV-001|INV-005
1022.500000,5.000000,4.992000,5.010000,6.000000,0.046154,0.036290,0.036290,0.000000,1.394965,1,1,1,1.000000,4.800000,4.800000,1,C4,INV-001|INV-005
1023.000000,5.000000,5.003000,4.990000,6.000000,0.046154,0.036824,0.036824,0.000000,1.399630,1,1,1,1.000000,4.800000,4.800000,1,C4,INV-001|INV-005
1023.500000,5.000000,4.997000,5.000000,6.000000,0.046154,0.033459,0.033459,0.000000,1.405978,1,1,1,1.000000,4.800000,4.800000,1,C4,INV-001|INV-005
1024.000000,5.000000,4.996000,4.990000,6.000000,0.046154,0.032155,0.032155,0.000000,1.412977,1,1,1,1.000000,4.800000,4.800000,1,C4,INV-001|INV-005
1024.500000,5.000000,4.997000,4.990000,6.000000,0.046154,0.036771,0.036771,0.000000,1.417668,1,1,1,1.000000,4.800000,4.800000,1,C4,INV-001|INV-005
1025.000000,5.000000,5.007000,4.990000,6.000000,0.046154,0.032542,0.032542,0.000000,1.424474,1,1,1,1.000000,4.800000,4.800000,1,C4,INV-001|INV-005
1025.500000,5.000000,4.998000,5.000000,6.000000,0.046154,0.033923,0.033923,0.000000,1.430590,1,1,1,1.000000,4.800000,4.800000,1,C4,INV-001|INV-005
1026.000000,5.000000,5.014000,4.980000,6.000000,0.046154,0.037432,0.037432,0.000000,1.434950,1,1,1,1.000000,4.800000,4.800000,1,C4,INV-001|INV-005
1026.500000,5.000000,5.001000,5.000000,6.000000,0.046154,0.033409,0.033409,0.000000,1.441323,1,1,1,1.000000,4.800000,4.800000,1,C4,INV-001|INV-005
1027.000000,5.000000,4.999000,4.990000,6.000000,0.046154,0.034696,0.034696,0.000000,1.447052,1,1,1,1.000000,4.800000,4.800000,1,C4,INV-001|INV-005
1027.500000,5.000000,4.996000,5.010000,6.000000,0.046154,0.033334,0.033334,0.000000,1.453462,1,1,1,1.000000,4.800000,4.800000,1,C4,INV-001|INV-005
1028.000000,5.000000,4.993000,5.000000,6.000000,0.046154,0.036682,0.036682,0.000000,1.458198,1,1,1,1.000000,4.800000,4.800000,1,C4,INV-001|INV-005
1028.500000,5.000000,4.998000,4.990000,6.000000,0.046154,0.034903,0.034903,0.000000,1.463823,1,1,1,1.000000,4.800000,4.800000,1,C4,INV-001|INV-005
1029.000000,5.000000,5.011000,5.020000,6.000000,0.046154,0.036055,0.036055,0.000000,1.468873,1,1,1,1.000000,4.800000,4.800000,1,C4,INV-001|INV-005
1029.500000,5.000000,4.999000,5.000000,6.000000,0.046154,0.033392,0.033392,0.000000,1.475254,1,1,1,1.000000,4.800000,4.800000,1,C4,INV-001|INV-005
1030.000000,5.000000,5.006000,4.980000,6.000000,0.046154,0.032869,0.032869,0.000000,1.481896,1,1,1,1.000000,4.800000,4.800000,1,C4,INV-001|INV-005
1030.500000,5.000000,5.000000,4.990000,6.000000,0.046154,0.034115,0.034115,0.000000,1.487916,1,1,1,1.000000,4.800000,4.800000,1,C4,INV-001|INV-005
1031.000000,5.000000,5.001000,4.990000,6.000000,0.046154,0.032724,0.032724,0.000000,1.494631,1,1,1,1.000000,4.800000,4.800000,1,C4,INV-001|INV-005
1031.500000,5.000000,4.996000,4.990000,6.000000,0.046154,0.035700,0.035700,0.000000,1.499857,1,1,1,1.000000,4.800000,4.800000,1,C4,INV-001|INV-005
1032.000000,5.000000,4.997000,5.010000,6.000000,0.046154,0.034023,0.034023,0.000000,1.505923,1,1,1,1.000000,4.800000,4.800000,1,C4,INV-001|INV-005
1032.500000,5.000000,5.003000,5.000000,6.000000,0.046154,0.035697,0.035697,0.000000,1.511151,1,1,1,1.000000,4.800000,4.800000,1,C4,INV-001|INV-005
1033.000000,5.000000,4.997000,5.010000,6.000000,0.046154,0.034181,0.034181,0.000000,1.517137,1,1,1,1.000000,4.800000,4.800000,1,C4,INV-001|INV-005
1033.500000,5.000000,4.996000,5.010000,6.000000,0.046154,0.034327,0.034327,0.000000,1.523051,1,1,1,1.000000,4.800000,4.800000,1,C4,INV-001|INV-005
1034.000000,5.000000,5.003000,5.000000,6.000000,0.046154,0.037260,0.037260,0.000000,1.527498,1,1,1,1.000000,4.800000,4.800000,1,C4,INV-001|INV-005
1034.500000,5.000000,4.997000,5.010000,6.000000,0.046154,0.032459,0.032459,0.000000,1.534345,1,1,1,1.000000,4.800000,4.800000,1,C4,INV-001|INV-005
1035.000000,5.000000,5.005000,4.980000,6.000000,0.046154,0.034730,0.034730,0.000000,1.540057,1,1,1,1.000000,4.800000,4.800000,1,C4,INV-001|INV-005
1035.500000,5.000000,5.001000,5.010000,6.000000,0.046154,0.036892,0.036892,0.000000,1.544688,1,1,1,1.000000,4.800000,4.800000,1,C4,INV-001|INV-005
1036.000000,5.000000,5.001000,5.000000,6.000000,0.046154,0.034075,0.034075,0.000000,1.550728,1,1,1,1.000000,4.800000,4.800000,1,C4,INV-001|INV-005
1036.500000,5.000000,4.999000,5.010000,6.000000,0.046154,0.034892,0.034892,0.000000,1.556358,1,1,1,1.000000,4.800000,4.800000,1,C4,INV-001|INV-005
1037.000000,5.000000,4.998000,5.000000,6.000000,0.046154,0.035767,0.035767,0.000000,1.561552,1,1,1,1.000000,4.800000,4.800000,1,C4,INV-001|INV-005
1037.500000,5.000000,5.011000,5.000000,6.000000,0.046154,0.034992,0.034992,0.000000,1.567133,1,1,1,1.000000,4.800000,4.800000,1,C4,INV-001|INV-005
1038.000000,5.000000,5.003000,5.010000,6.000000,0.046154,0.036342,0.036342,0.000000,1.572039,1,1,1,1.000000,4.800000,4.800000,1,C4,INV-001|INV-005
1038.500000,5.000000,5.001000,4.990000,6.000000,0.046154,0.035481,0.035481,0.000000,1.577375,1,1,1,1.000000,4.800000,4.800000,1,C4,INV-001|INV-005
1039.000000,5.000000,5.002000,5.000000,6.000000,0.046154,0.035797,0.035797,0.000000,1.582554,1,1,1,1.000000,4.800000,4.800000,1,C4,INV-001|INV-005
1039.500000,5.000000,4.999000,4.990000,6.000000,0.046154,0.034579,0.034579,0.000000,1.588341,1,1,1,1.000000,4.800000,4.800000,1,C4,INV-001|INV-005
1040.000000,5.000000,5.005000,5.000000,6.000000,0.046154,0.035819,0.035819,0.000000,1.593509,1,1,1,1.000000,4.800000,4.800000,1,C4,INV-001|INV-005
1040.500000,5.000000,4.998000,5.000000,6.000000,0.046154,0.034107,0.034107,0.000000,1.599532,1,1,1,1.000000,4.800000,4.800000,1,C4,INV-001|INV-005
1041.000000,5.000000,5.002000,4.990000,6.000000,0.046154,0.033937,0.033937,0.000000,1.605640,1,1,1,1.000000,4.800000,4.800000,1,C4,INV-001|INV-005
1041.500000,5.000000,5.010000,5.010000,6.000000,0.046154,0.033005,0.033005,0.000000,1.612215,1,1,1,1.000000,4.800000,4.800000,1,C4,INV-001|INV-005
1042.000000,5.000000,5.001000,5.010000,6.000000,0.046154,0.038499,0.038499,0.000000,1.616043,1,1,1,1.000000,4.800000,4.800000,1,C4,INV-001|INV-005
1042.500000,5.000000,4.997000,5.000000,6.000000,0.046154,0.035680,0.035680,0.000000,1.621280,1,1,1,1.000000,4.800000,4.800000,1,C4,INV-001|INV-005
1043.000000,5.000000,5.003000,4.980000,6.000000,0.046154,0.036780,0.036780,0.000000,1.625967,1,1,1,1.000000,4.800000,4.800000,1,C4,INV-001|INV-005
1043.500000,5.000000,4.998000,4.990000,6.000000,0.046154,0.034359,0.034359,0.000000,1.631864,1,1,1,1.000000,4.800000,4.800000,1,C4,INV-001|INV-005
1044.000000,5.000000,5.001000,4.990000,6.000000,0.046154,0.037145,0.037145,0.000000,1.636368,1,1,1,1.000000,4.800000,4.800000,1,C4,INV-001|INV-005
1044.500000,5.000000,4.999000,5.000000,6.000000,0.046154,0.035634,0.035634,0.000000,1.641628,1,1,1,1.000000,4.800000,4.800000,1,C4,INV-001|INV-005
1045.000000,5.000000,5.003000,5.010000,6.000000,0.046154,0.035279,0.035279,0.000000,1.647066,1,1,1,1.000000,4.800000,4.800000,1,C4,INV-001|INV-005
1045.500000,5.000000,4.998000,4.980000,6.000000,0.046154,0.034946,0.034946,0.000000,1.652670,1,1,1,1.000000,4.800000,4.800000,1,C4,INV-001|INV-005
1046.000000,5.000000,5.000000,4.980000,6.000000,0.046154,0.036270,0.036270,0.000000,1.657612,1,1,1,1.000000,4.800000,4.800000,1,C4,INV-001|INV-005
1046.500000,5.000000,4.994000,4.990000,6.000000,0.046154,0.033766,0.033766,0.000000,1.663806,1,1,1,1.000000,4.800000,4.800000,1,C4,INV-001|INV-005
1047.000000,5.000000,5.009000,5.000000,6.000000,0.046154,0.032751,0.032751,0.000000,1.670507,1,1,1,1.000000,4.800000,4.800000,1,C4,INV-001|INV-005
1047.500000,5.000000,5.001000,5.000000,6.000000,0.046154,0.034208,0.034208,0.000000,1.676480,1,1,1,1.000000,4.800000,4.800000,1,C4,INV-001|INV-005
1048.000000,5.000000,5.007000,4.990000,6.000000,0.046154,0.037268,0.037268,0.000000,1.680923,1,1,1,1.000000,4.800000,4.800000,1,C4,INV-001|INV-005
1048.500000,5.000000,5.004000,5.010000,6.000000,0.046154,0.034709,0.034709,0.000000,1.686645,1,1,1,1.000000,4.800000,4.800000,1,C4,INV-001|INV-005
1049.000000,5.000000,5.002000,5.010000,6.000000,0.046154,0.037223,0.037223,0.000000,1.691110,1,1,1,1.000000,4.800000,4.800000,1,C4,INV-001|INV-005
1049.500000,5.000000,5.002000,5.010000,6.000000,0.046154,0.032348,0.032348,0.000000,1.698013,1,1,1,1.000000,4.800000,4.800000,1,C4,INV-001|INV-005
1050.000000,5.000000,4.995000,5.000000,6.000000,0.046154,0.037047,0.037047,0.000000,1.702566,1,1,1,1.000000,4.800000,4.800000,1,C4,INV-001|INV-005
1050.500000,5.000000,4.998000,5.010000,6.000000,0.046154,0.038089,0.038089,0.000000,1.706598,1,1,1,1.000000,4.800000,4.800000,1,C4,INV-001|INV-005
1051.000000,5.000000,5.002000,5.000000,6.000000,0.046154,0.034594,0.034594,0.000000,1.712378,1,1,1,1.000000,4.800000,4.800000,1,C4,INV-001|INV-005
1051.500000,5.000000,4.997000,4.980000,6.000000,0.046154,0.033110,0.033110,0.000000,1.718900,1,1,1,1.000000,4.800000,4.800000,1,C4,INV-001|INV-005
1052.000000,5.000000,4.999000,5.000000,6.000000,0.046154,0.035612,0.035612,0.000000,1.724171,1,1,1,1.000000,4.800000,4.800000,1,C4,INV-001|INV-005
1052.500000,5.000000,5.000000,5.010000,6.000000,0.046154,0.036000,0.036000,0.000000,1.729247,1,1,1,1.000000,4.800000,4.800000,1,C4,INV-001|INV-005
1053.000000,5.000000,5.001000,5.000000,6.000000,0.046154,0.034782,0.034782,0.000000,1.734933,1,1,1,1.000000,4.800000,4.800000,1,C4,INV-001|INV-005
1053.500000,5.000000,4.999000,5.000000,6.000000,0.046154,0.037909,0.037909,0.000000,1.739055,1,1,1,1.000000,4.800000,4.800000,1,C4,INV-001|INV-005
1054.000000,5.000000,4.998000,4.990000,6.000000,0.046154,0.037194,0.037194,0.000000,1.743535,1,1,1,1.000000,4.800000,4.800000,1,C4,INV-001|INV-005
1054.500000,5.000000,4.999000,5.010000,6.000000,0.046154,0.038386,0.038386,0.000000,1.747419,1,1,1,1.000000,4.800000,4.800000,1,C4,INV-001|INV-005
1055.000000,5.000000,5.001000,5.000000,6.000000,0.046154,0.034457,0.034457,0.000000,1.753268,1,1,1,1.000000,4.800000,4.800000,1,C4,INV-001|INV-005
1055.500000,5.000000,5.004000,5.000000,6.000000,0.046154,0.033105,0.033105,0.000000,1.759792,1,1,1,1.000000,4.800000,4.800000,1,C4,INV-001|INV-005
1056.000000,5.000000,5.001000,4.990000,6.000000,0.046154,0.036923,0.036923,0.000000,1.764408,1,1,1,1.000000,4.800000,4.800000,1,C4,INV-001|INV-005
1056.500000,5.000000,5.000000,5.010000,6.000000,0.046154,0.032984,0.032984,0.000000,1.770993,1,1,1,1.000000,4.800000,4.800000,1,C4,INV-001|INV-005
1057.000000,5.000000,5.001000,5.000000,6.000000,0.046154,0.034956,0.034956,0.000000,1.776592,1,1,1,1.000000,4.800000,4.800000,1,C4,INV-001|INV-005
1057.500000,5.000000,5.003000,5.000000,6.000000,0.046154,0.033729,0.033729,0.000000,1.782804,1,1,1,1.000000,4.800000,4.800000,1,C4,INV-001|INV-005
1058.000000,5.000000,4.999000,5.010000,6.000000,0.046154,0.036305,0.036305,0.000000,1.787729,1,1,1,1.000000,4.800000,4.800000,1,C4,INV-001|INV-005
1058.500000,5.000000,5.005000,5.000000,6.000000,0.046154,0.031637,0.031637,0.000000,1.794987,1,1,1,1.000000,4.800000,4.800000,1,C4,INV-001|INV-005
1059.000000,5.000000,5.006000,5.000000,6.000000,0.046154,0.038336,0.038336,0.000000,1.798896,1,1,1,1.000000,4.800000,4.800000,1,C4,INV-001|INV-005
1059.500000,5.000000,5.004000,5.000000,6.000000,0.046154,0.032245,0.032245,0.000000,1.805851,1,1,1,1.000000,4.800000,4.800000,1,C4,INV-001|INV-005
1060.000000,5.000000,4.991000,4.990000,6.000000,0.046154,0.034404,0.034404,0.000000,1.811725,1,1,1,1.000000,4.800000,4.800000,1,C4,INV-001|INV-005
1060.500000,5.000000,5.008000,5.020000,6.000000,0.046154,0.036462,0.036462,0.000000,1.816571,1,1,1,1.000000,4.800000,4.800000,1,C4,INV-001|INV-005
1061.000000,5.000000,4.998000,4.990000,6.000000,0.046154,0.038129,0.038129,0.000000,1.820584,1,1,1,1.000000,4.800000,4.800000,1,C4,INV-001|INV-005
1061.500000,5.000000,5.003000,5.010000,6.000000,0.046154,0.035628,0.035628,0.000000,1.825847,1,1,1,1.000000,4.800000,4.800000,1,C4,INV-001|INV-005
1062.000000,5.000000,4.993000,5.010000,6.000000,0.046154,0.032165,0.032165,0.000000,1.832841,1,1,1,1.000000,4.800000,4.800000,1,C4,INV-001|INV-005
1062.500000,5.000000,5.012000,5.010000,6.000000,0.046154,0.034242,0.034242,0.000000,1.838797,1,1,1,1.000000,4.800000,4.800000,1,C4,INV-001|INV-005
1063.000000,5.000000,5.002000,5.010000,6.000000,0.046154,0.035492,0.035492,0.000000,1.844128,1,1,1,1.000000,4.800000,4.800000,1,C4,INV-001|INV-005
1063.500000,5.000000,4.996000,4.990000,6.000000,0.046154,0.034609,0.034609,0.000000,1.849900,1,1,1,1.000000,4.800000,4.800000,1,C4,INV-001|INV-005
1064.000000,5.000000,4.996000,4.990000,6.000000,0.046154,0.034170,0.034170,0.000000,1.855892,1,1,1,1.000000,4.800000,4.800000,1,C4,INV-001|INV-005
1064.500000,5.000000,5.004000,5.000000,6.000000,0.046154,0.032759,0.032759,0.000000,1.862589,1,1,1,1.000000,4.800000,4.800000,1,C4,INV-001|INV-005
1065.000000,5.000000,4.996000,5.000000,6.000000,0.046154,0.035156,0.035156,0.000000,1.868088,1,1,1,1.000000,4.800000,4.800000,1,C4,INV-001|INV-005
1065.500000,5.000000,5.007000,5.010000,6.000000,0.046154,0.035775,0.035775,0.000000,1.873278,1,1,1,1.000000,4.800000,4.800000,1,C4,INV-001|INV-005
1066.000000,5.000000,5.002000,5.000000,6.000000,0.046154,0.033277,0.033277,0.000000,1.879716,1,1,1,1.000000,4.800000,4.800000,1,C4,INV-001|INV-005
1066.500000,5.000000,5.009000,5.010000,6.000000,0.046154,0.031932,0.031932,0.000000,1.886827,1,1,1,1.000000,4.800000,4.800000,1,C4,INV-001|INV-005
1067.000000,5.000000,5.004000,5.010000,6.000000,0.046154,0.035701,0.035701,0.000000,1.892053,1,1,1,1.000000,4.800000,4.800000,1,C4,INV-001|INV-005
1067.500000,5.000000,5.001000,5.010000,6.000000,0.046154,0.033511,0.033511,0.000000,1.898375,1,1,1,1.000000,4.800000,4.800000,1,C4,INV-001|INV-005
1068.000000,5.000000,5.006000,5.010000,6.000000,0.046154,0.034969,0.034969,0.000000,1.903968,1,1,1,1.000000,4.800000,4.800000,1,C4,INV-001|INV-005
1068.500000,5.000000,4.997000,5.010000,6.000000,0.046154,0.036872,0.036872,0.000000,1.908609,1,1,1,1.000000,4.800000,4.800000,1,C4,INV-001|INV-005
1069.000000,5.000000,5.009000,5.000000,6.000000,0.046154,0.035770,0.035770,0.000000,1.913800,1,1,1,1.000000,4.800000,4.800000,1,C4,INV-001|INV-005
1069.500000,5.000000,5.004000,5.000000,6.000000,0.046154,0.033419,0.033419,0.000000,1.920168,1,1,1,1.000000,4.800000,4.800000,1,C4,INV-001|INV-005
1070.000000,5.000000,5.013000,5.000000,6.000000,0.046154,0.032697,0.032697,0.000000,1.926897,1,1,1,1.000000,4.800000,4.800000,1,C4,INV-001|INV-005
1070.500000,5.000000,5.009000,5.000000,6.000000,0.046154,0.038112,0.038112,0.000000,1.930918,1,1,1,1.000000,4.800000,4.800000,1,C4,INV-001|INV-005
1071.000000,5.000000,5.002000,5.000000,6.000000,0.046154,0.034630,0.034630,0.000000,1.936679,1,1,1,1.000000,4.800000,4.800000,1,C4,INV-001|INV-005
1071.500000,5.000000,5.004000,5.000000,6.000000,0.046154,0.034884,0.034884,0.000000,1.942315,1,1,1,1.000000,4.800000,4.800000,1,C4,INV-001|INV-005
1072.000000,5.000000,5.002000,5.010000,6.000000,0.046154,0.032083,0.032083,0.000000,1.949350,1,1,1,1.000000,4.800000,4.800000,1,C4,INV-001|INV-005
1072.500000,5.000000,5.009000,4.990000,6.000000,0.046154,0.037896,0.037896,0.000000,1.953479,1,1,1,1.000000,4.800000,4.800000,1,C4,INV-001|INV-005
1073.000000,5.000000,5.012000,5.000000,6.000000,0.046154,0.037087,0.037087,0.000000,1.958012,1,1,1,1.000000,4.800000,4.800000,1,C4,INV-001|INV-005
1073.500000,5.000000,4.997000,5.010000,6.000000,0.046154,0.036160,0.036160,0.000000,1.963009,1,1,1,1.000000,4.800000,4.800000,1,C4,INV-001|INV-005
1074.000000,5.000000,4.996000,5.020000,6.000000,0.046154,0.038394,0.038394,0.000000,1.966889,1,1,1,1.000000,4.800000,4.800000,1,C4,INV-001|INV-005
1074.500000,5.000000,5.002000,5.020000,6.000000,0.046154,0.034937,0.034937,0.000000,1.972498,1,1,1,1.000000,4.800000,4.800000,1,C4,INV-001|INV-005
1075.000000,5.000000,4.990000,5.020000,6.000000,0.046154,0.033104,0.033104,0.000000,1.979023,1,1,1,1.000000,4.800000,4.800000,1,C4,INV-001|INV-005
1075.500000,5.000000,5.009000,5.000000,6.000000,0.046154,0.033380,0.033380,0.000000,1.985409,1,1,1,1.000000,4.800000,4.800000,1,C4,INV-001|INV-005
1076.000000,5.000000,5.003000,5.010000,6.000000,0.046154,0.037910,0.037910,0.000000,1.989531,1,1,1,1.000000,4.800000,4.800000,1,C4,INV-001|INV-005
1076.500000,5.000000,5.012000,5.020000,6.000000,0.046154,0.038344,0.038344,0.000000,1.993436,1,1,1,1.000000,4.800000,4.800000,1,C4,INV-001|INV-005
1077.000000,5.000000,4.995000,4.990000,6.000000,0.046154,0.038445,0.038445,0.000000,1.997290,1,1,1,1.000000,4.800000,4.800000,1,C4,INV-001|INV-005
1077.500000,5.000000,5.002000,4.990000,6.000000,0.046154,0.037779,0.037779,0.000000,2.001478,1,1,1,1.000000,4.800000,4.800000,1,C4,INV-001|INV-005
1078.000000,5.000000,5.002000,5.000000,6.000000,0.046154,0.037807,0.037807,0.000000,2.005651,1,1,1,1.000000,4.800000,4.800000,1,C4,INV-001|INV-005
1078.500000,5.000000,4.999000,5.000000,6.000000,0.046154,0.033582,0.033582,0.000000,2.011937,1,1,1,1.000000,4.800000,4.800000,1,C4,INV-001|INV-005
1079.000000,5.000000,4.997000,5.010000,6.000000,0.046154,0.033681,0.033681,0.000000,2.018173,1,1,1,1.000000,4.800000,4.800000,1,C4,INV-001|INV-005
1079.500000,5.000000,5.006000,5.000000,6.000000,0.046154,0.036778,0.036778,0.000000,2.022861,1,1,1,1.000000,4.800000,4.800000,1,C4,INV-001|INV-005
1080.000000,5.000000,5.003000,5.010000,6.000000,0.046154,0.037482,0.037482,0.000000,2.027197,1,1,1,1.000000,4.800000,4.800000,1,C4,INV-001|INV-005
1080.500000,5.000000,4.996000,5.000000,6.000000,0.046154,0.031628,0.031628,0.000000,2.034460,1,1,1,1.000000,4.800000,4.800000,1,C4,INV-001|INV-005
1081.000000,5.000000,4.999000,5.000000,6.000000,0.046154,0.032955,0.032955,0.000000,2.041060,1,1,1,1.000000,4.800000,4.800000,1,C4,INV-001|INV-005
1081.500000,5.000000,4.994000,5.000000,6.000000,0.046154,0.033238,0.033238,0.000000,2.047518,1,1,1,1.000000,4.800000,4.800000,1,C4,INV-001|INV-005
1082.000000,5.000000,5.006000,5.010000,6.000000,0.046154,0.032400,0.032400,0.000000,2.054395,1,1,1,1.000000,4.800000,4.800000,1,C4,INV-001|INV-005
1082.500000,5.000000,5.000000,4.990000,6.000000,0.046154,0.034116,0.034116,0.000000,2.060414,1,1,1,1.000000,4.800000,4.800000,1,C4,INV-001|INV-005
1083.000000,5.000000,4.992000,5.000000,6.000000,0.046154,0.035537,0.035537,0.000000,2.065722,1,1,1,1.000000,4.800000,4.800000,1,C4,INV-001|INV-005
1083.500000,5.000000,4.994000,5.000000,6.000000,0.046154,0.036983,0.036983,0.000000,2.070308,1,1,1,1.000000,4.800000,4.800000,1,C4,INV-001|INV-005
1084.000000,5.000000,4.998000,5.020000,6.000000,0.046154,0.036986,0.036986,0.000000,2.074892,1,1,1,1.000000,4.800000,4.800000,1,C4,INV-001|INV-005
1084.500000,5.000000,5.003000,5.000000,6.000000,0.046154,0.033319,0.033319,0.000000,2.081309,1,1,1,1.000000,4.800000,4.800000,1,C4,INV-001|INV-005
1085.000000,5.000000,4.994000,5.000000,6.000000,0.046154,0.037036,0.037036,0.000000,2.085868,1,1,1,1.000000,4.800000,4.800000,1,C4,INV-001|INV-005
1085.500000,5.000000,5.003000,5.020000,6.000000,0.046154,0.036625,0.036625,0.000000,2.090632,1,1,1,1.000000,4.800000,4.800000,1,C4,INV-001|INV-005
1086.000000,5.000000,4.994000,5.010000,6.000000,0.046154,0.035872,0.035872,0.000000,2.095773,1,1,1,1.000000,4.800000,4.800000,1,C4,INV-001|INV-005
1086.500000,5.000000,5.003000,5.010000,6.000000,0.046154,0.035168,0.035168,0.000000,2.101266,1,1,1,1.000000,4.800000,4.800000,1,C4,INV-001|INV-005
1087.000000,5.000000,5.004000,5.020000,6.000000,0.046154,0.037866,0.037866,0.000000,2.105410,1,1,1,1.000000,4.800000,4.800000,1,C4,INV-001|INV-005
1087.500000,5.000000,5.007000,4.990000,6.000000,0.046154,0.034168,0.034168,0.000000,2.111403,1,1,1,1.000000,4.800000,4.800000,1,C4,INV-001|INV-005
1088.000000,5.000000,4.991000,5.010000,6.000000,0.046154,0.034207,0.034207,0.000000,2.117377,1,1,1,1.000000,4.800000,4.800000,1,C4,INV-001|INV-005
1088.500000,5.000000,4.993000,5.010000,6.000000,0.046154,0.035643,0.035643,0.000000,2.122632,1,1,1,1.000000,4.800000,4.800000,1,C4,INV-001|INV-005
1089.000000,5.000000,5.009000,4.990000,6.000000,0.046154,0.037304,0.037304,0.000000,2.127057,1,1,1,1.000000,4.800000,4.800000,1,C4,INV-001|INV-005
1089.500000,5.000000,4.999000,5.000000,6.000000,0.046154,0.031793,0.031793,0.000000,2.134237,1,1,1,1.000000,4.800000,4.800000,1,C4,INV-001|INV-005
1090.000000,5.000000,5.007000,4.990000,6.000000,0.046154,0.032748,0.032748,0.000000,2.140940,1,1,1,1.000000,4.800000,4.800000,1,C4,INV-001|INV-005
1090.500000,5.000000,5.008000,4.990000,6.000000,0.046154,0.033117,0.033117,0.000000,2.147459,1,1,1,1.000000,4.800000,4.800000,1,C4,INV-001|INV-005
1091.000000,5.000000,4.992000,4.970000,6.000000,0.046154,0.037193,0.037193,0.000000,2.151939,1,1,1,1.000000,4.800000,4.800000,1,C4,INV-001|INV-005
1091.500000,5.000000,4.993000,5.010000,6.000000,0.046154,0.033388,0.033388,0.000000,2.158322,1,1,1,1.000000,4.800000,4.800000,1,C4,INV-001|INV-005
1092.000000,5.000000,4.998000,5.000000,6.000000,0.046154,0.038111,0.038111,0.000000,2.162344,1,1,1,1.000000,4.800000,4.800000,1,C4,INV-001|INV-005
1092.500000,5.000000,4.991000,5.000000,6.000000,0.046154,0.032893,0.032893,0.000000,2.168975,1,1,1,1.000000,4.800000,4.800000,1,C4,INV-001|INV-005
1093.000000,5.000000,5.000000,5.000000,6.000000,0.046154,0.038250,0.038250,0.000000,2.172926,1,1,1,1.000000,4.800000,4.800000,1,C4,INV-001|INV-005
1093.500000,5.000000,5.009000,5.000000,6.000000,0.046154,0.037634,0.037634,0.000000,2.177186,1,1,1,1.000000,4.800000,4.800000,1,C4,INV-001|INV-005
1094.000000,5.000000,5.000000,5.010000,6.000000,0.046154,0.036712,0.036712,0.000000,2.181907,1,1,1,1.000000,4.800000,4.800000,1,C4,INV-001|INV-005
1094.500000,5.000000,5.004000,5.010000,6.000000,0.046154,0.036200,0.036200,0.000000,2.186884,1,1,1,1.000000,4.800000,4.800000,1,C4,INV-001|INV-005
1095.000000,5.000000,5.002000,5.000000,6.000000,0.046154,0.033115,0.033115,0.000000,2.193404,1,1,1,1.000000,4.800000,4.800000,1,C4,INV-001|INV-005
1095.500000,5.000000,5.000000,5.000000,6.000000,0.046154,0.037034,0.037034,0.000000,2.197964,1,1,1,1.000000,4.800000,4.800000,1,C4,INV-001|INV-005
1096.000000,5.000000,5.001000,5.000000,6.000000,0.046154,0.033465,0.033465,0.000000,2.204308,1,1,1,1.000000,4.800000,4.800000,1,C4,INV-001|INV-005
1096.500000,5.000000,5.004000,5.000000,6.000000,0.046154,0.033441,0.033441,0.000000,2.210665,1,1,1,1.000000,4.800000,4.800000,1,C4,INV-001|INV-005
1097.000000,5.000000,4.992000,5.000000,6.000000,0.046154,0.033654,0.033654,0.000000,2.216915,1,1,1,1.000000,4.800000,4.800000,1,C4,INV-001|INV-005
1097.500000,5.000000,5.001000,5.010000,6.000000,0.046154,0.037016,0.037016,0.000000,2.221484,1,1,1,1.000000,4.800000,4.800000,1,C4,INV-001|INV-005
1098.000000,5.000000,4.994000,4.990000,6.000000,0.046154,0.031814,0.031814,0.000000,2.228654,1,1,1,1.000000,4.800000,4.800000,1,C4,INV-001|INV-005
1098.500000,5.000000,4.995000,5.010000,6.000000,0.046154,0.036264,0.036264,0.000000,2.233599,1,1,1,1.000000,4.800000,4.800000,1,C4,INV-001|INV-005
1099.000000,5.000000,5.005000,5.010000,6.000000,0.046154,0.036125,0.036125,0.000000,2.238613,1,1,1,1.000000,4.800000,4.800000,1,C4,INV-001|INV-005
1099.500000,5.000000,4.995000,5.000000,6.000000,0.046154,0.037742,0.037742,0.000000,2.242819,1,1,1,1.000000,4.800000,4.800000,1,C4,INV-001|INV-005
1100.000000,5.000000,4.999000,4.990000,6.000000,0.046154,0.033809,0.033809,0.000000,2.248991,1,1,1,1.000000,4.800000,4.800000,1,C4,INV-001|INV-005
1100.500000,5.000000,4.995000,5.010000,6.000000,0.046154,0.035656,0.035656,0.000000,2.254241,1,1,1,1.000000,4.800000,4.800000,1,C4,INV-001|INV-005
1101.000000,5.000000,5.008000,5.010000,6.000000,0.046154,0.032149,0.032149,0.000000,2.261243,1,1,1,1.000000,4.800000,4.800000,1,C4,INV-001|INV-005
1101.500000,5.000000,4.999000,5.020000,6.000000,0.046154,0.031992,0.031992,0.000000,2.268324,1,1,1,1.000000,4.800000,4.800000,1,C4,INV-001|INV-005
1102.000000,5.000000,4.999000,4.990000,6.000000,0.046154,0.035197,0.035197,0.000000,2.273803,1,1,1,1.000000,4.800000,4.800000,1,C4,INV-001|INV-005
1102.500000,5.000000,5.002000,4.990000,6.000000,0.046154,0.037258,0.037258,0.000000,2.278251,1,1,1,1.000000,4.800000,4.800000,1,C4,INV-001|INV-005
1103.000000,5.000000,5.004000,4.990000,6.000000,0.046154,0.037516,0.037516,0.000000,2.282570,1,1,1,1.000000,4.800000,4.800000,1,C4,INV-001|INV-005
1103.500000,5.000000,5.010000,4.990000,6.000000,0.046154,0.035475,0.035475,0.000000,2.287909,1,1,1,1.000000,4.800000,4.800000,1,C4,INV-001|INV-005
1104.000000,5.000000,5.004000,5.010000,6.000000,0.046154,0.036581,0.036581,0.000000,2.292696,1,1,1,1.000000,4.800000,4.800000,1,C4,INV-001|INV-005
1104.500000,5.000000,5.002000,5.020000,6.000000,0.046154,0.034455,0.034455,0.000000,2.298545,1,1,1,1.000000,4.800000,4.800000,1,C4,INV-001|INV-005
1105.000000,5.000000,5.002000,4.990000,6.000000,0.046154,0.033172,0.033172,0.000000,2.305036,1,1,1,1.000000,4.800000,4.800000,1,C4,INV-001|INV-005
1105.500000,5.000000,5.000000,5.000000,6.000000,0.046154,0.031533,0.031533,0.000000,2.312346,1,1,1,1.000000,4.800000,4.800000,1,C4,INV-001|INV-005
1106.000000,5.000000,4.998000,4.990000,6.000000,0.046154,0.033057,0.033057,0.000000,2.318895,1,1,1,1.000000,4.800000,4.800000,1,C4,INV-001|INV-005
1106.500000,5.000000,5.002000,5.020000,6.000000,0.046154,0.035015,0.035015,0.000000,2.324464,1,1,1,1.000000,4.800000,4.800000,1,C4,INV-001|INV-005
1107.000000,5.000000,5.005000,5.000000,6.000000,0.046154,0.033968,0.033968,0.000000,2.330557,1,1,1,1.000000,4.800000,4.800000,1,C4,INV-001|INV-005
1107.500000,5.000000,4.998000,5.020000,6.000000,0.046154,0.032917,0.032917,0.000000,2.337176,1,1,1,1.000000,4.800000,4.800000,1,C4,INV-001|INV-005
1108.000000,5.000000,4.999000,5.010000,6.000000,0.046154,0.032185,0.032185,0.000000,2.344161,1,1,1,1.000000,4.800000,4.800000,1,C4,INV-001|INV-005
1108.500000,5.000000,4.995000,5.020000,6.000000,0.046154,0.036367,0.036367,0.000000,2.349054,1,1,1,1.000000,4.800000,4.800000,1,C4,INV-001|INV-005
1109.000000,5.000000,5.012000,5.010000,6.000000,0.046154,0.035620,0.035620,0.000000,2.354321,1,1,1,1.000000,4.800000,4.800000,1,C4,INV-001|INV-005
1109.500000,5.000000,4.998000,5.000000,6.000000,0.046154,0.033298,0.033298,0.000000,2.360748,1,1,1,1.000000,4.800000,4.800000,1,C4,INV-001|INV-005
1110.000000,5.000000,4.999000,5.000000,6.000000,0.046154,0.032309,0.032309,0.000000,2.367671,1,1,1,1.000000,4.800000,4.800000,1,C4,INV-001|INV-005
1110.500000,5.000000,4.999000,5.000000,6.000000,0.046154,0.034276,0.034276,0.000000,2.373610,1,1,1,1.000000,4.800000,4.800000,1,C4,INV-001|INV-005
1111.000000,5.000000,4.995000,5.010000,6.000000,0.046154,0.034308,0.034308,0.000000,2.379533,1,1,1,1.000000,4.800000,4.800000,1,C4,INV-001|INV-005
1111.500000,5.000000,4.990000,4.990000,6.000000,0.046154,0.037636,0.037636,0.000000,2.383792,1,1,1,1.000000,4.800000,4.800000,1,C4,INV-001|INV-005
1112.000000,5.000000,4.997000,5.000000,6.000000,0.046154,0.036957,0.036957,0.000000,2.388390,1,1,1,1.000000,4.800000,4.800000,1,C4,INV-001|INV-005
1112.500000,5.000000,5.002000,5.000000,6.000000,0.046154,0.038325,0.038325,0.000000,2.392305,1,1,1,1.000000,4.800000,4.800000,1,C4,INV-001|INV-005
1113.000000,5.000000,5.001000,4.980000,6.000000,0.046154,0.036610,0.036610,0.000000,2.397076,1,1,1,1.000000,4.800000,4.800000,1,C4,INV-001|INV-005
1113.500000,5.000000,4.995000,4.990000,6.000000,0.046154,0.035889,0.035889,0.000000,2.402209,1,1,1,1.000000,4.800000,4.800000,1,C4,INV-001|INV-005
1114.000000,5.000000,4.999000,5.000000,6.000000,0.046154,0.038355,0.038355,0.000000,2.406108,1,1,1,1.000000,4.800000,4.800000,1,C4,INV-001|INV-005
1114.500000,5.000000,4.999000,5.000000,6.000000,0.046154,0.033181,0.033181,0.000000,2.412595,1,1,1,1.000000,4.800000,4.800000,1,C4,INV-001|INV-005
1115.000000,5.000000,5.003000,5.010000,6.000000,0.046154,0.032529,0.032529,0.000000,2.419408,1,1,1,1.000000,4.800000,4.800000,1,C4,INV-001|INV-005
1115.500000,5.000000,4.995000,5.020000,6.000000,0.046154,0.038132,0.038132,0.000000,2.423419,1,1,1,1.000000,4.800000,4.800000,1,C4,INV-001|INV-005
1116.000000,5.000000,5.004000,4.980000,6.000000,0.046154,0.033768,0.033768,0.000000,2.429612,1,1,1,1.000000,4.800000,4.800000,1,C4,INV-001|INV-005
1116.500000,5.000000,5.004000,5.000000,6.000000,0.046154,0.036498,0.036498,0.000000,2.434440,1,1,1,1.000000,4.800000,4.800000,1,C4,INV-001|INV-005
1117.000000,5.000000,5.000000,5.000000,6.000000,0.046154,0.032778,0.032778,0.000000,2.441128,1,1,1,1.000000,4.800000,4.800000,1,C4,INV-001|INV-005
1117.500000,5.000000,4.990000,5.010000,6.000000,0.046154,0.035643,0.035643,0.000000,2.446383,1,1,1,1.000000,4.800000,4.800000,1,C4,INV-001|INV-005
1118.000000,5.000000,5.005000,4.990000,6.000000,0.046154,0.035495,0.035495,0.000000,2.451712,1,1,1,1.000000,4.800000,4.800000,1,C4,INV-001|INV-005
1118.500000,5.000000,5.002000,5.010000,6.000000,0.046154,0.032842,0.032842,0.000000,2.458368,1,1,1,1.000000,4.800000,4.800000,1,C4,INV-001|INV-005
1119.000000,5.000000,4.999000,5.000000,6.000000,0.046154,0.037642,0.037642,0.000000,2.462624,1,1,1,1.000000,4.800000,4.800000,1,C4,INV-001|INV-005
1119.500000,5.000000,4.996000,5.010000,6.000000,0.046154,0.036743,0.036743,0.000000,2.467329,1,1,1,1.000000,4.800000,4.800000,1,C4,INV-001|INV-005
1120.000000,5.000000,5.014000,4.980000,6.000000,0.046154,0.034641,0.034641,0.000000,2.473086,1,1,1,1.000000,4.800000,4.800000,1,C4,INV-001|INV-005
1120.500000,5.000000,4.993000,5.000000,6.000000,0.046154,0.036684,0.036684,0.000000,2.477821,1,1,1,1.000000,4.800000,4.800000,1,C4,INV-001|INV-005
1121.000000,5.000000,4.994000,4.990000,6.000000,0.046154,0.035866,0.035866,0.000000,2.482965,1,1,1,1.000000,4.800000,4.800000,1,C4,INV-001|INV-005
1121.500000,5.000000,4.994000,4.980000,6.000000,0.046154,0.034274,0.034274,0.000000,2.488905,1,1,1,1.000000,4.800000,4.800000,1,C4,INV-001|INV-005
1122.000000,5.000000,5.004000,5.000000,6.000000,0.046154,0.035182,0.035182,0.000000,2.494391,1,1,1,1.000000,4.800000,4.800000,1,C4,INV-001|INV-005
1122.500000,5.000000,4.995000,5.020000,6.000000,0.046154,0.034238,0.034238,0.000000,2.500349,1,1,1,1.000000,4.800000,4.800000,1,C4,INV-001|INV-005
1123.000000,5.000000,4.995000,5.010000,6.000000,0.046154,0.036301,0.036301,0.000000,2.505275,1,1,1,1.000000,4.800000,4.800000,1,C4,INV-001|INV-005
1123.500000,5.000000,5.001000,5.000000,6.000000,0.046154,0.037158,0.037158,0.000000,2.509773,1,1,1,1.000000,4.800000,4.800000,1,C4,INV-001|INV-005
1124.000000,5.000000,4.992000,4.980000,6.000000,0.046154,0.036004,0.036004,0.000000,2.514848,1,1,1,1.000000,4.800000,4.800000,1,C4,INV-001|INV-005
1124.500000,5.000000,5.011000,5.010000,6.000000,0.046154,0.037183,0.037183,0.000000,2.519333,1,1,1,1.000000,4.800000,4.800000,1,C4,INV-001|INV-005
1125.000000,5.000000,5.003000,5.000000,6.000000,0.046154,0.035606,0.035606,0.000000,2.524607,1,1,1,1.000000,4.800000,4.800000,1,C4,INV-001|INV-005
1125.500000,5.000000,5.004000,5.000000,6.000000,0.046154,0.031512,0.031512,0.000000,2.531928,1,1,1,1.000000,4.800000,4.800000,1,C4,INV-001|INV-005
1126.000000,5.000000,5.005000,5.000000,6.000000,0.046154,0.035312,0.035312,0.000000,2.537349,1,1,1,1.000000,4.800000,4.800000,1,C4,INV-001|INV-005
1126.500000,5.000000,4.996000,5.000000,6.000000,0.046154,0.036054,0.036054,0.000000,2.542399,1,1,1,1.000000,4.800000,4.800000,1,C4,INV-001|INV-005
1127.000000,5.000000,4.998000,5.000000,6.000000,0.046154,0.032311,0.032311,0.000000,2.549321,1,1,1,1.000000,4.800000,4.800000,1,C4,INV-001|INV-005
1127.500000,5.000000,4.999000,5.000000,6.000000,0.046154,0.033443,0.033443,0.000000,2.555676,1,1,1,1.000000,4.800000,4.800000,1,C4,INV-001|INV-005
1128.000000,5.000000,5.005000,4.990000,6.000000,0.046154,0.037063,0.037063,0.000000,2.560222,1,1,1,1.000000,4.800000,4.800000,1,C4,INV-001|INV-005
1128.500000,5.000000,5.003000,5.010000,6.000000,0.046154,0.036502,0.036502,0.000000,2.565048,1,1,1,1.000000,4.800000,4.800000,1,C4,INV-001|INV-005
1129.000000,5.000000,4.998000,5.000000,6.000000,0.046154,0.038093,0.038093,0.000000,2.569078,1,1,1,1.000000,4.800000,4.800000,1,C4,INV-001|INV-005
1129.500000,5.000000,5.004000,5.010000,6.000000,0.046154,0.031583,0.031583,0.000000,2.576364,1,1,1,1.000000,4.800000,4.800000,1,C4,INV-001|INV-005
1130.000000,5.000000,4.994000,4.990000,6.000000,0.046154,0.034320,0.034320,0.000000,2.582281,1,1,1,1.000000,4.800000,4.800000,1,C4,INV-001|INV-005
1130.500000,5.000000,4.992000,5.010000,6.000000,0.046154,0.031997,0.031997,0.000000,2.589359,1,1,1,1.000000,4.800000,4.800000,1,C4,INV-001|INV-005
1131.000000,5.000000,5.008000,5.000000,6.000000,0.046154,0.033349,0.033349,0.000000,2.595761,1,1,1,1.000000,4.800000,4.800000,1,C4,INV-001|INV-005
1131.500000,5.000000,4.999000,5.020000,6.000000,0.046154,0.032326,0.032326,0.000000,2.602675,1,1,1,1.000000,4.800000,4.800000,1,C4,INV-001|INV-005
1132.000000,5.000000,4.989000,5.010000,6.000000,0.046154,0.035333,0.035333,0.000000,2.608086,1,1,1,1.000000,4.800000,4.800000,1,C4,INV-001|INV-005
1132.500000,5.000000,5.005000,4.990000,6.000000,0.046154,0.031989,0.031989,0.000000,2.615168,1,1,1,1.000000,4.800000,4.800000,1,C4,INV-001|INV-005
1133.000000,5.000000,4.992000,5.010000,6.000000,0.046154,0.033373,0.033373,0.000000,2.621558,1,1,1,1.000000,4.800000,4.800000,1,C4,INV-001|INV-005
1133.500000,5.000000,4.994000,5.010000,6.000000,0.046154,0.036626,0.036626,0.000000,2.626322,1,1,1,1.000000,4.800000,4.800000,1,C4,INV-001|INV-005
1134.000000,5.000000,5.000000,5.010000,6.000000,0.046154,0.031684,0.031684,0.000000,2.633557,1,1,1,1.000000,4.800000,4.800000,1,C4,INV-001|INV-005
1134.500000,5.000000,5.002000,5.000000,6.000000,0.046154,0.032750,0.032750,0.000000,2.640259,1,1,1,1.000000,4.800000,4.800000,1,C4,INV-001|INV-005
1135.000000,5.000000,5.006000,5.010000,6.000000,0.046154,0.031953,0.031953,0.000000,2.647359,1,1,1,1.000000,4.800000,4.800000,1,C4,INV-001|INV-005
1135.500000,5.000000,4.993000,5.000000,6.000000,0.046154,0.036719,0.036719,0.000000,2.652077,1,1,1,1.000000,4.800000,4.800000,1,C4,INV-001|INV-005
1136.000000,5.000000,4.998000,4.990000,6.000000,0.046154,0.035820,0.035820,0.000000,2.657244,1,1,1,1.000000,4.800000,4.800000,1,C4,INV-001|INV-005
1136.500000,5.000000,4.995000,4.980000,6.000000,0.046154,0.034836,0.034836,0.000000,2.662903,1,1,1,1.000000,4.800000,4.800000,1,C4,INV-001|INV-005
1137.000000,5.000000,5.003000,5.010000,6.000000,0.046154,0.032639,0.032639,0.000000,2.669660,1,1,1,1.000000,4.800000,4.800000,1,C4,INV-001|INV-005
1137.500000,5.000000,4.997000,4.980000,6.000000,0.046154,0.032669,0.032669,0.000000,2.676402,1,1,1,1.000000,4.800000,4.800000,1,C4,INV-001|INV-005
1138.000000,5.000000,5.003000,5.000000,6.000000,0.046154,0.037162,0.037162,0.000000,2.680898,1,1,1,1.000000,4.800000,4.800000,1,C4,INV-001|INV-005
1138.500000,5.000000,4.998000,5.020000,6.000000,0.046154,0.035254,0.035254,0.000000,2.686348,1,1,1,1.000000,4.800000,4.800000,1,C4,INV-001|INV-005
1139.000000,5.000000,4.998000,4.990000,6.000000,0.046154,0.037792,0.037792,0.000000,2.690529,1,1,1,1.000000,4.800000,4.800000,1,C4,INV-001|INV-005
1139.500000,5.000000,4.999000,5.010000,6.000000,0.046154,0.036239,0.036239,0.000000,2.695486,1,1,1,1.000000,4.800000,4.800000,1,C4,INV-001|INV-005
1140.000000,5.000000,4.993000,5.010000,6.000000,0.046154,0.031873,0.031873,0.000000,2.702627,1,1,1,1.000000,4.800000,4.800000,1,C4,INV-001|INV-005
1140.500000,5.000000,5.004000,5.020000,6.000000,0.046154,0.031792,0.031792,0.000000,2.709808,1,1,1,1.000000,4.800000,4.800000,1,C4,INV-001|INV-005
1141.000000,5.000000,4.996000,5.010000,6.000000,0.046154,0.034374,0.034374,0.000000,2.715698,1,1,1,1.000000,4.800000,4.800000,1,C4,INV-001|INV-005
1141.500000,5.000000,4.997000,5.000000,6.000000,0.046154,0.033037,0.033037,0.000000,2.722256,1,1,1,1.000000,4.800000,4.800000,1,C4,INV-001|INV-005
1142.000000,5.000000,5.003000,5.000000,6.000000,0.046154,0.032349,0.032349,0.000000,2.729158,1,1,1,1.000000,4.800000,4.800000,1,C4,INV-001|INV-005
1142.500000,5.000000,4.995000,5.000000,6.000000,0.046154,0.033475,0.033475,0.000000,2.735498,1,1,1,1.000000,4.800000,4.800000,1,C4,INV-001|INV-005
1143.000000,5.000000,4.994000,5.010000,6.000000,0.046154,0.033713,0.033713,0.000000,2.741718,1,1,1,1.000000,4.800000,4.800000,1,C4,INV-001|INV-005
1143.500000,5.000000,4.998000,5.010000,6.000000,0.046154,0.033367,0.033367,0.000000,2.748112,1,1,1,1.000000,4.800000,4.800000,1,C4,INV-001|INV-005
1144.000000,5.000000,5.006000,5.000000,6.000000,0.046154,0.034480,0.034480,0.000000,2.753948,1,1,1,1.000000,4.800000,4.800000,1,C4,INV-001|INV-005
1144.500000,5.000000,4.999000,5.000000,6.000000,0.046154,0.033449,0.033449,0.000000,2.760301,1,1,1,1.000000,4.800000,4.800000,1,C4,INV-001|INV-005
1145.000000,5.000000,5.004000,5.010000,6.000000,0.046154,0.031959,0.031959,0.000000,2.767398,1,1,1,1.000000,4.800000,4.800000,1,C4,INV-001|INV-005
1145.500000,5.000000,5.013000,5.000000,6.000000,0.046154,0.037044,0.037044,0.000000,2.771953,1,1,1,1.000000,4.800000,4.800000,1,C4,INV-001|INV-005
1146.000000,5.000000,5.000000,5.000000,6.000000,0.046154,0.036021,0.036021,0.000000,2.777020,1,1,1,1.000000,4.800000,4.800000,1,C4,INV-001|INV-005
1146.500000,5.000000,4.994000,5.000000,6.000000,0.046154,0.035607,0.035607,0.000000,2.782293,1,1,1,1.000000,4.800000,4.800000,1,C4,INV-001|INV-005
1147.000000,5.000000,5.005000,5.000000,6.000000,0.046154,0.036104,0.036104,0.000000,2.787318,1,1,1,1.000000,4.800000,4.800000,1,C4,INV-001|INV-005
1147.500000,5.000000,4.991000,5.010000,6.000000,0.046154,0.036964,0.036964,0.000000,2.791913,1,1,1,1.000000,4.800000,4.800000,1,C4,INV-001|INV-005
1148.000000,5.000000,4.996000,5.010000,6.000000,0.046154,0.032747,0.032747,0.000000,2.798616,1,1,1,1.000000,4.800000,4.800000,1,C4,INV-001|INV-005
1148.500000,5.000000,4.998000,5.010000,6.000000,0.046154,0.033034,0.033034,0.000000,2.805176,1,1,1,1.000000,4.800000,4.800000,1,C4,INV-001|INV-005
1149.000000,5.000000,5.013000,5.000000,6.000000,0.046154,0.033532,0.033532,0.000000,2.811487,1,1,1,1.000000,4.800000,4.800000,1,C4,INV-001|INV-005
1149.500000,5.000000,5.005000,5.000000,6.000000,0.046154,0.032425,0.032425,0.000000,2.818352,1,1,1,1.000000,4.800000,4.800000,1,C4,INV-001|INV-005
1150.000000,5.000000,5.002000,5.020000,6.000000,0.046154,0.033190,0.033190,0.000000,2.824833,1,1,1,1.000000,4.800000,4.800000,1,C4,INV-001|INV-005
1150.500000,5.000000,5.005000,5.010000,6.000000,0.046154,0.032462,0.032462,0.000000,2.831679,1,1,1,1.000000,4.800000,4.800000,1,C4,INV-001|INV-005
1151.000000,5.000000,5.002000,5.000000,6.000000,0.046154,0.035242,0.035242,0.000000,2.837135,1,1,1,1.000000,4.800000,4.800000,1,C4,INV-001|INV-005
1151.500000,5.000000,5.007000,5.000000,6.000000,0.046154,0.033752,0.033752,0.000000,2.843336,1,1,1,1.000000,4.800000,4.800000,1,C4,INV-001|INV-005
1152.000000,5.000000,5.001000,5.000000,6.000000,0.046154,0.034941,0.034941,0.000000,2.848942,1,1,1,1.000000,4.800000,4.800000,1,C4,INV-001|INV-005
1152.500000,5.000000,5.003000,5.000000,6.000000,0.046154,0.032035,0.032035,0.000000,2.856002,1,1,1,1.000000,4.800000,4.800000,1,C4,INV-001|INV-005
1153.000000,5.000000,4.997000,5.000000,6.000000,0.046154,0.033562,0.033562,0.000000,2.862298,1,1,1,1.000000,4.800000,4.800000,1,C4,INV-001|INV-005
1153.500000,5.000000,4.998000,4.990000,6.000000,0.046154,0.036148,0.036148,0.000000,2.867301,1,1,1,1.000000,4.800000,4.800000,1,C4,INV-001|INV-005
1154.000000,5.000000,4.990000,5.010000,6.000000,0.046154,0.034532,0.034532,0.000000,2.873112,1,1,1,1.000000,4.800000,4.800000,1,C4,INV-001|INV-005
1154.500000,5.000000,4.998000,4.980000,6.000000,0.046154,0.035909,0.035909,0.000000,2.878234,1,1,1,1.000000,4.800000,4.800000,1,C4,INV-001|INV-005
1155.000000,5.000000,5.005000,5.010000,6.000000,0.046154,0.034681,0.034681,0.000000,2.883971,1,1,1,1.000000,4.800000,4.800000,1,C4,INV-001|INV-005
1155.500000,5.000000,4.996000,4.990000,6.000000,0.046154,0.033480,0.033480,0.000000,2.890307,1,1,1,1.000000,4.800000,4.800000,1,C4,INV-001|INV-005
1156.000000,5.000000,4.993000,5.010000,6.000000,0.046154,0.032201,0.032201,0.000000,2.897284,1,1,1,1.000000,4.800000,4.800000,1,C4,INV-001|INV-005
1156.500000,5.000000,4.990000,5.000000,6.000000,0.046154,0.031826,0.031826,0.000000,2.904448,1,1,1,1.000000,4.800000,4.800000,1,C4,INV-001|INV-005
1157.000000,5.000000,5.001000,5.000000,6.000000,0.046154,0.036698,0.036698,0.000000,2.909175,1,1,1,1.000000,4.800000,4.800000,1,C4,INV-001|INV-005
1157.500000,5.000000,4.999000,4.990000,6.000000,0.046154,0.037674,0.037674,0.000000,2.913415,1,1,1,1.000000,4.800000,4.800000,1,C4,INV-001|INV-005
1158.000000,5.000000,5.001000,5.000000,6.000000,0.046154,0.034172,0.034172,0.000000,2.919406,1,1,1,1.000000,4.800000,4.800000,1,C4,INV-001|INV-005
1158.500000,5.000000,4.995000,5.010000,6.000000,0.046154,0.036488,0.036488,0.000000,2.924239,1,1,1,1.000000,4.800000,4.800000,1,C4,INV-001|INV-005
1159.000000,5.000000,4.999000,4.990000,6.000000,0.046154,0.034105,0.034105,0.000000,2.930264,1,1,1,1.000000,4.800000,4.800000,1,C4,INV-001|INV-005
1159.500000,5.000000,5.007000,4.990000,6.000000,0.046154,0.035222,0.035222,0.000000,2.935730,1,1,1,1.000000,4.800000,4.800000,1,C4,INV-001|INV-005
1160.000000,5.000000,4.998000,4.990000,6.000000,0.046154,0.034772,0.034772,0.000000,2.941420,1,1,1,1.000000,4.800000,4.800000,1,C4,INV-001|INV-005
1160.500000,5.000000,4.993000,4.980000,6.000000,0.046154,0.034842,0.034842,0.000000,2.947076,1,1,1,1.000000,4.800000,4.800000,1,C4,INV-001|INV-005
1161.000000,5.000000,5.000000,4.980000,6.000000,0.046154,0.031678,0.031678,0.000000,2.954314,1,1,1,1.000000,4.800000,4.800000,1,C4,INV-001|INV-005
1161.500000,5.000000,4.989000,4.980000,6.000000,0.046154,0.033368,0.033368,0.000000,2.960707,1,1,1,1.000000,4.800000,4.800000,1,C4,INV-001|INV-005
1162.000000,5.000000,4.995000,5.010000,6.000000,0.046154,0.031528,0.031528,0.000000,2.968020,1,1,1,1.000000,4.800000,4.800000,1,C4,INV-001|INV-005
1162.500000,5.000000,4.997000,5.000000,6.000000,0.046154,0.032382,0.032382,0.000000,2.974906,1,1,1,1.000000,4.800000,4.800000,1,C4,INV-001|INV-005
1163.000000,5.000000,5.001000,5.000000,6.000000,0.046154,0.033486,0.033486,0.000000,2.981240,1,1,1,1.000000,4.800000,4.800000,1,C4,INV-001|INV-005
1163.500000,5.000000,5.008000,5.010000,6.000000,0.046154,0.036318,0.036318,0.000000,2.986158,1,1,1,1.000000,4.800000,4.800000,1,C4,INV-001|INV-005
1164.000000,5.000000,4.995000,4.990000,6.000000,0.046154,0.035001,0.035001,0.000000,2.991735,1,1,1,1.000000,4.800000,4.800000,1,C4,INV-001|INV-005
1164.500000,5.000000,5.005000,5.000000,6.000000,0.046154,0.037269,0.037269,0.000000,2.996177,1,1,1,1.000000,4.800000,4.800000,1,C4,INV-001|INV-005
1165.000000,5.000000,5.000000,5.010000,6.000000,0.046154,0.037065,0.037065,0.000000,3.000721,1,1,1,1.000000,4.800000,4.800000,1,C4,INV-001|INV-005
1165.500000,5.000000,5.003000,4.990000,6.000000,0.046154,0.032347,0.032347,0.000000,3.007625,1,1,1,1.000000,4.800000,4.800000,1,C4,INV-001|INV-005
1166.000000,5.000000,5.006000,5.010000,6.000000,0.046154,0.035348,0.035348,0.000000,3.013028,1,1,1,1.000000,4.800000,4.800000,1,C4,INV-001|INV-005
1166.500000,5.000000,5.001000,4.980000,6.000000,0.046154,0.032536,0.032536,0.000000,3.019837,1,1,1,1.000000,4.800000,4.800000,1,C4,INV-001|INV-005
1167.000000,5.000000,4.996000,4.990000,6.000000,0.046154,0.033207,0.033207,0.000000,3.026311,1,1,1,1.000000,4.800000,4.800000,1,C4,INV-001|INV-005
1167.500000,5.000000,5.001000,5.000000,6.000000,0.046154,0.038493,0.038493,0.000000,3.030141,1,1,1,1.000000,4.800000,4.800000,1,C4,INV-001|INV-005
1168.000000,5.000000,5.001000,4.990000,6.000000,0.046154,0.035681,0.035681,0.000000,3.035377,1,1,1,1.000000,4.800000,4.800000,1,C4,INV-001|INV-005
1168.500000,5.000000,5.007000,5.000000,6.000000,0.046154,0.036852,0.036852,0.000000,3.040028,1,1,1,1.000000,4.800000,4.800000,1,C4,INV-001|INV-005
1169.000000,5.000000,4.995000,5.010000,6.000000,0.046154,0.035550,0.035550,0.000000,3.045330,1,1,1,1.000000,4.800000,4.800000,1,C4,INV-001|INV-005
1169.500000,5.000000,4.995000,5.020000,6.000000,0.046154,0.031817,0.031817,0.000000,3.052499,1,1,1,1.000000,4.800000,4.800000,1,C4,INV-001|INV-005
1170.000000,5.000000,4.998000,5.000000,6.000000,0.046154,0.034987,0.034987,0.000000,3.058082,1,1,1,1.000000,4.800000,4.800000,1,C4,INV-001|INV-005
1170.500000,5.000000,5.006000,5.000000,6.000000,0.046154,0.032886,0.032886,0.000000,3.064716,1,1,1,1.000000,4.800000,4.800000,1,C4,INV-001|INV-005
1171.000000,5.000000,5.004000,5.000000,6.000000,0.046154,0.036920,0.036920,0.000000,3.069332,1,1,1,1.000000,4.800000,4.800000,1,C4,INV-001|INV-005
1171.500000,5.000000,4.996000,5.000000,6.000000,0.046154,0.037630,0.037630,0.000000,3.073594,1,1,1,1.000000,4.800000,4.800000,1,C4,INV-001|INV-005
1172.000000,5.000000,5.003000,4.990000,6.000000,0.046154,0.035136,0.035136,0.000000,3.079103,1,1,1,1.000000,4.800000,4.800000,1,C4,INV-001|INV-005
1172.500000,5.000000,5.002000,5.010000,6.000000,0.046154,0.031666,0.031666,0.000000,3.086347,1,1,1,1.000000,4.800000,4.800000,1,C4,INV-001|INV-005
1173.000000,5.000000,4.996000,5.000000,6.000000,0.046154,0.034691,0.034691,0.000000,3.092078,1,1,1,1.000000,4.800000,4.800000,1,C4,INV-001|INV-005
1173.500000,5.000000,5.007000,5.000000,6.000000,0.046154,0.031779,0.031779,0.000000,3.099266,1,1,1,1.000000,4.800000,4.800000,1,C4,INV-001|INV-005
1174.000000,5.000000,4.997000,5.000000,6.000000,0.046154,0.037645,0.037645,0.000000,3.103520,1,1,1,1.000000,4.800000,4.800000,1,C4,INV-001|INV-005
1174.500000,5.000000,4.999000,4.990000,6.000000,0.046154,0.031928,0.031928,0.000000,3.110633,1,1,1,1.000000,4.800000,4.800000,1,C4,INV-001|INV-005
1175.000000,5.000000,5.003000,5.010000,6.000000,0.046154,0.031567,0.031567,0.000000,3.117927,1,1,1,1.000000,4.800000,4.800000,1,C4,INV-001|INV-005
1175.500000,5.000000,5.005000,5.000000,6.000000,0.046154,0.032155,0.032155,0.000000,3.124926,1,1,1,1.000000,4.800000,4.800000,1,C4,INV-001|INV-005
1176.000000,5.000000,5.003000,4.980000,6.000000,0.046154,0.038125,0.038125,0.000000,3.128940,1,1,1,1.000000,4.800000,4.800000,1,C4,INV-001|INV-005
1176.500000,5.000000,4.987000,4.990000,6.000000,0.046154,0.037570,0.037570,0.000000,3.133232,1,1,1,1.000000,4.800000,4.800000,1,C4,INV-001|INV-005
1177.000000,5.000000,4.991000,4.980000,6.000000,0.046154,0.033231,0.033231,0.000000,3.139694,1,1,1,1.000000,4.800000,4.800000,1,C4,INV-001|INV-005
1177.500000,5.000000,4.999000,5.000000,6.000000,0.046154,0.032021,0.032021,0.000000,3.146760,1,1,1,1.000000,4.800000,4.800000,1,C4,INV-001|INV-005
1178.000000,5.000000,4.995000,5.000000,6.000000,0.046154,0.037398,0.037398,0.000000,3.151138,1,1,1,1.000000,4.800000,4.800000,1,C4,INV-001|INV-005
1178.500000,5.000000,5.004000,4.990000,6.000000,0.046154,0.037240,0.037240,0.000000,3.155595,1,1,1,1.000000,4.800000,4.800000,1,C4,INV-001|INV-005
1179.000000,5.000000,4.999000,5.010000,6.000000,0.046154,0.036112,0.036112,0.000000,3.160616,1,1,1,1.000000,4.800000,4.800000,1,C4,INV-001|INV-005
1179.500000,5.000000,4.994000,4.990000,6.000000,0.046154,0.032834,0.032834,0.000000,3.167275,1,1,1,1.000000,4.800000,4.800000,1,C4,INV-001|INV-005
1180.000000,5.000000,5.001000,4.990000,6.000000,0.046154,0.034557,0.034557,0.000000,3.173074,1,1,1,1.000000,4.800000,4.800000,1,C4,INV-001|INV-005
1180.500000,5.000000,4.998000,5.000000,6.000000,0.046154,0.034452,0.034452,0.000000,3.178924,1,1,1,1.000000,4.800000,4.800000,1,C4,INV-001|INV-005
1181.000000,5.000000,5.005000,4.990000,6.000000,0.046154,0.034949,0.034949,0.000000,3.184527,1,1,1,1.000000,4.800000,4.800000,1,C4,INV-001|INV-005
1181.500000,5.000000,4.987000,4.990000,6.000000,0.046154,0.032397,0.032397,0.000000,3.191405,1,1,1,1.000000,4.800000,4.800000,1,C4,INV-001|INV-005
1182.000000,5.000000,4.995000,5.000000,6.000000,0.046154,0.034972,0.034972,0.000000,3.196997,1,1,1,1.000000,4.800000,4.800000,1,C4,INV-001|INV-005
1182.500000,5.000000,4.994000,5.010000,6.000000,0.046154,0.038230,0.038230,0.000000,3.200958,1,1,1,1.000000,4.800000,4.800000,1,C4,INV-001|INV-005
1183.000000,5.000000,4.996000,5.000000,6.000000,0.046154,0.032015,0.032015,0.000000,3.208028,1,1,1,1.000000,4.800000,4.800000,1,C4,INV-001|INV-005
1183.500000,5.000000,4.995000,5.000000,6.000000,0.046154,0.034960,0.034960,0.000000,3.213625,1,1,1,1.000000,4.800000,4.800000,1,C4,INV-001|INV-005
1184.000000,5.000000,5.002000,5.000000,6.000000,0.046154,0.035691,0.035691,0.000000,3.218856,1,1,1,1.000000,4.800000,4.800000,1,C4,INV-001|INV-005
1184.500000,5.000000,5.007000,5.000000,6.000000,0.046154,0.037631,0.037631,0.000000,3.223118,1,1,1,1.000000,4.800000,4.800000,1,C4,INV-001|INV-005
1185.000000,5.000000,5.000000,5.000000,6.000000,0.046154,0.038024,0.038024,0.000000,3.227183,1,1,1,1.000000,4.800000,4.800000,1,C4,INV-001|INV-005
1185.500000,5.000000,5.002000,5.020000,6.000000,0.046154,0.035314,0.035314,0.000000,3.232602,1,1,1,1.000000,4.800000,4.800000,1,C4,INV-001|INV-005
1186.000000,5.000000,5.000000,5.010000,6.000000,0.046154,0.037274,0.037274,0.000000,3.237042,1,1,1,1.000000,4.800000,4.800000,1,C4,INV-001|INV-005
1186.500000,5.000000,5.001000,5.010000,6.000000,0.046154,0.038238,0.038238,0.000000,3.241000,1,1,1,1.000000,4.800000,4.800000,1,C4,INV-001|INV-005
1187.000000,5.000000,5.005000,5.010000,6.000000,0.046154,0.032107,0.032107,0.000000,3.248024,1,1,1,1.000000,4.800000,4.800000,1,C4,INV-001|INV-005
1187.500000,5.000000,5.000000,5.010000,6.000000,0.046154,0.036418,0.036418,0.000000,3.252892,1,1,1,1.000000,4.800000,4.800000,1,C4,INV-001|INV-005
1188.000000,5.000000,5.001000,4.980000,6.000000,0.046154,0.033792,0.033792,0.000000,3.259072,1,1,1,1.000000,4.800000,4.800000,1,C4,INV-001|INV-005
1188.500000,5.000000,4.998000,5.000000,6.000000,0.046154,0.033685,0.033685,0.000000,3.265307,1,1,1,1.000000,4.800000,4.800000,1,C4,INV-001|INV-005
1189.000000,5.000000,5.010000,5.000000,6.000000,0.046154,0.038474,0.038474,0.000000,3.269146,1,1,1,1.000000,4.800000,4.800000,1,C4,INV-001|INV-005
1189.500000,5.000000,4.995000,5.010000,6.000000,0.046154,0.035655,0.035655,0.000000,3.274396,1,1,1,1.000000,4.800000,4.800000,1,C4,INV-001|INV-005
1190.000000,5.000000,5.000000,5.000000,6.000000,0.046154,0.035799,0.035799,0.000000,3.279573,1,1,1,1.000000,4.800000,4.800000,1,C4,INV-001|INV-005
1190.500000,5.000000,5.002000,5.000000,6.000000,0.046154,0.032355,0.032355,0.000000,3.286473,1,1,1,1.000000,4.800000,4.800000,1,C4,INV-001|INV-005
1191.000000,5.000000,4.999000,4.980000,6.000000,0.046154,0.034018,0.034018,0.000000,3.292541,1,1,1,1.000000,4.800000,4.800000,1,C4,INV-001|INV-005
1191.500000,5.000000,4.998000,4.980000,6.000000,0.046154,0.037396,0.037396,0.000000,3.296920,1,1,1,1.000000,4.800000,4.800000,1,C4,INV-001|INV-005
1192.000000,5.000000,5.004000,5.020000,6.000000,0.046154,0.034170,0.034170,0.000000,3.302912,1,1,1,1.000000,4.800000,4.800000,1,C4,INV-001|INV-005
1192.500000,5.000000,4.995000,5.010000,6.000000,0.046154,0.036376,0.036376,0.000000,3.307801,1,1,1,1.000000,4.800000,4.800000,1,C4,INV-001|INV-005
1193.000000,5.000000,4.997000,5.000000,6.000000,0.046154,0.036094,0.036094,0.000000,3.312831,1,1,1,1.000000,4.800000,4.800000,1,C4,INV-001|INV-005
1193.500000,5.000000,5.004000,4.990000,6.000000,0.046154,0.032953,0.032953,0.000000,3.319431,1,1,1,1.000000,4.800000,4.800000,1,C4,INV-001|INV-005
1194.000000,5.000000,5.001000,5.000000,6.000000,0.046154,0.036008,0.036008,0.000000,3.324504,1,1,1,1.000000,4.800000,4.800000,1,C4,INV-001|INV-005
1194.500000,5.000000,5.003000,5.000000,6.000000,0.046154,0.038270,0.038270,0.000000,3.328446,1,1,1,1.000000,4.800000,4.800000,1,C4,INV-001|INV-005
1195.000000,5.000000,5.009000,4.990000,6.000000,0.046154,0.038267,0.038267,0.000000,3.332390,1,1,1,1.000000,4.800000,4.800000,1,C4,INV-001|INV-005
1195.500000,5.000000,5.004000,5.010000,6.000000,0.046154,0.031892,0.031892,0.000000,3.339521,1,1,1,1.000000,4.800000,4.800000,1,C4,INV-001|INV-005
1196.000000,5.000000,5.000000,4.980000,6.000000,0.046154,0.037490,0.037490,0.000000,3.343853,1,1,1,1.000000,4.800000,4.800000,1,C4,INV-001|INV-005
1196.500000,5.000000,4.997000,5.010000,6.000000,0.046154,0.033392,0.033392,0.000000,3.350233,1,1,1,1.000000,4.800000,4.800000,1,C4,INV-001|INV-005
1197.000000,5.000000,5.000000,5.010000,6.000000,0.046154,0.034224,0.034224,0.000000,3.356198,1,1,1,1.000000,4.800000,4.800000,1,C4,INV-001|INV-005
1197.500000,5.000000,5.003000,5.000000,6.000000,0.046154,0.036581,0.036581,0.000000,3.360985,1,1,1,1.000000,4.800000,4.800000,1,C4,INV-001|INV-005
1198.000000,5.000000,4.999000,5.010000,6.000000,0.046154,0.032026,0.032026,0.000000,3.368049,1,1,1,1.000000,4.800000,4.800000,1,C4,INV-001|INV-005
1198.500000,5.000000,4.996000,5.020000,6.000000,0.046154,0.035302,0.035302,0.000000,3.373475,1,1,1,1.000000,4.800000,4.800000,1,C4,INV-001|INV-005
1199.000000,5.000000,5.004000,5.010000,6.000000,0.046154,0.036803,0.036803,0.000000,3.378150,1,1,1,1.000000,4.800000,4.800000,1,C4,INV-001|INV-005
1199.500000,5.000000,5.004000,4.990000,6.000000,0.046154,0.038315,0.038315,0.000000,3.382070,1,1,1,1.000000,4.800000,4.800000,1,C4,INV-001|INV-005
